idx,transcript,true_keywords,num_true,best_true_rank,worst_true_rank,recall_at_1,recall_at_3,recall_at_6,recall_at_12,cb_pool_recall,prompt_recall,rescore_recall,cb_pool_size,prompt_size,rescore_size,top12_keywords,prompt_keywords,rescore_keywords
0,国务院发展研究中心市场经济研究所副所长邓郁松认为,邓郁松,1,1,1,1.0,1.0,1.0,1.0,1.0,1.0,1.0,5,2,5,邓郁松|钟欣|吴雯|董某|邬雄|张春雨|渝蓉|渝武|瓯文|彼得|大禹村|王靖苏,邓郁松|钟欣,邓郁松|钟欣|吴雯|董某|重庆
1,本报记者王颖春国家发改委近日发出通知,王颖春,1,1,1,1.0,1.0,1.0,1.0,1.0,1.0,1.0,4,1,4,王颖春|吴雯|王婷|陈国强|黄榕|瓯文|董某|彼得|平阳|渝武|广安|李家,王颖春,王颖春|吴雯|陈国强|瓯文
2,新京报讯记者钟晶晶发改委昨日表示,新京报,1,2,2,0.0,1.0,1.0,1.0,1.0,1.0,1.0,4,2,4,金报讯|新京报|彼得|重庆|荆州|吴雯|瓯文|金陵晚报|董某|今久|朱某|金坛,金报讯|新京报,金报讯|新京报|彼得|瓯文
3,此次以一百六十七亿美元收购拓朗,拓朗,1,1,1,1.0,1.0,1.0,1.0,1.0,1.0,1.0,4,2,4,拓朗|马云|修哥|彼得|吴雯|渝武|瓯文|郎平|平阳|董某|南粤|玮甯,拓朗|马云,拓朗|马云|渝武|郎平
4,拓朗的主打产品是现场可编程门阵列芯片,拓朗,1,1,1,1.0,1.0,1.0,1.0,1.0,1.0,1.0,4,2,4,拓朗|常平|吴雯|彼得|董某|吉娜|渝武|瓯文|黄榕|朱某|平阳|名古屋,拓朗|常平,拓朗|常平|董某|渝武
5,英特尔首席执行官布赖恩克尔扎尼奇在一份声明中说,布赖恩克尔扎尼奇,1,1,1,1.0,1.0,1.0,1.0,1.0,1.0,1.0,6,1,6,布赖恩克尔扎尼奇|张林|吴雯|瓯文|哈立|董某|渝武|皮特|邦德|肯德尔|哈灵|彼得,布赖恩克尔扎尼奇,布赖恩克尔扎尼奇|张林|吴雯|瓯文|董某|皮特
6,合并拓朗之后将推出新的产品,拓朗,1,7,7,0.0,0.0,0.0,1.0,0.0,0.0,0.0,4,1,4,常平|彼得|吉娜|吴雯|哈灵|瓯文|拓朗|董某|渝武|奇冰|黄榕|平阳,常平,常平|彼得|瓯文|董某
7,高德纳咨询公司分析师马克黄说,马克黄,1,1,1,1.0,1.0,1.0,1.0,1.0,1.0,1.0,5,1,5,马克黄|玛卡|董某|马特里亚斯|黄榕|邦德|克里斯蒂娜斯|吴雯|瓯文|纳斯达克|皮特|彼得,马克黄,马克黄|玛卡|克里斯蒂娜斯|吴雯|瓯文
8,中国游戏公司纷纷忙着退市,中国游戏公司,1,1,1,1.0,1.0,1.0,1.0,1.0,1.0,1.0,4,1,4,中国游戏公司|吴雯|瓯文|渝武|麦德公司|彼得|董某|广安|敦煌|黄榕|平阳|玮甯,中国游戏公司,中国游戏公司|吴雯|瓯文|麦德公司
9,巨人网络盛大游戏以及完美世界均已选择了私有化,盛大游戏,1,1,1,1.0,1.0,1.0,1.0,1.0,1.0,1.0,4,1,4,盛大游戏|黄榕|渝武|权义|董某|吴雯|广安|瓯文|彼得|王晔君|朱某|孙大圣,盛大游戏,盛大游戏|黄榕|渝武|权义
10,北京商报讯记者王晔君日前,王晔君,1,1,1,1.0,1.0,1.0,1.0,1.0,1.0,1.0,5,2,5,王晔君|华商报讯|黄煜坤|金报讯|黄立坤|瓯文|彼得|王颖春|吴雯|北京站|董某|渝武,王晔君|华商报讯,王晔君|华商报讯|黄煜坤|金报讯|彼得
11,北京商报讯记者王晔君日前,王晔君,1,1,1,1.0,1.0,1.0,1.0,1.0,1.0,1.0,5,2,5,王晔君|华商报讯|金报讯|黄煜坤|黄立坤|瓯文|彼得|吴雯|王颖春|北京站|董某|渝武,王晔君|华商报讯,王晔君|华商报讯|金报讯|黄煜坤|彼得
12,美国东卡罗莱纳大学和维克森林大学的研究者认为,维克森林大学,1,1,1,1.0,1.0,1.0,1.0,1.0,1.0,1.0,4,1,4,维克森林大学|吴雯|斯利|瓯文|科林|哈立|彼得|波斯|董某|平阳|吉娜|哈灵,维克森林大学,维克森林大学|吴雯|瓯文|波斯
13,影片将在二零一五年一月在慕尼黑正式开机,慕尼黑,1,1,1,1.0,1.0,1.0,1.0,1.0,1.0,1.0,4,1,4,慕尼黑|张驰|郑女士|渝武|董某|邬迪|彼得|瓯文|吴雯|朱某|平阳|玮甯,慕尼黑,慕尼黑|张驰|渝武|董某
14,好莱坞当红明星之前曾被盛传将扮演斯诺登,好莱坞,1,1,1,1.0,1.0,1.0,1.0,1.0,1.0,1.0,5,1,5,好莱坞|吴雯|罗宾|敦煌|马来|贩婴|董某|渭镇|朱某|瓯文|彼得|渝武,好莱坞,好莱坞|吴雯|罗宾|敦煌|贩婴
15,好莱坞当红明星之前曾被盛传将扮演斯诺登,好莱坞,1,1,1,1.0,1.0,1.0,1.0,1.0,1.0,1.0,4,1,4,好莱坞|吴雯|彼得|贩婴|瓯文|敦煌|渝武|马来|董某|黄榕|朱某|赵宏,好莱坞,好莱坞|吴雯|贩婴|敦煌
16,对于姊弟恋也不排斥,姊弟恋,1,1,1,1.0,1.0,1.0,1.0,1.0,1.0,1.0,4,1,4,姊弟恋|吴雯|彼得|瓯文|渝武|斯利|玮甯|温岭|喻莉|平阳|黄榕|董某,姊弟恋,姊弟恋|瓯文|斯利|温岭
17,许玮甯最近到法国工作,玮甯|许玮甯,2,1,3,0.5,1.0,1.0,1.0,1.0,0.5,1.0,5,2,5,许玮甯|威灵|玮甯|卫张宁|吴雯|瑞银|德国|彼得|平阳|李伟豪|渝武|瓯文,许玮甯|威灵,许玮甯|威灵|玮甯|卫张宁|德国
18,阮经天和许玮甯交往八年屡传婚讯,玮甯|许玮甯,2,1,10,0.5,0.5,0.5,1.0,0.5,0.5,0.5,4,1,4,许玮甯|威灵|瓯文|哈灵|刘玮|吴雯|渝武|董某|彼得|玮甯|罗宾|卫张宁,许玮甯,许玮甯|威灵|哈灵|罗宾
19,但小天坚持玮甯依然是我的女人,玮甯,1,2,2,0.0,1.0,1.0,1.0,1.0,0.0,1.0,4,1,4,威灵|玮甯|卫张宁|彼得|吴雯|温岭|瓯文|瑞银|佟健|董某|渝武|许玮甯,威灵,威灵|玮甯|卫张宁|渭镇
20,对许玮甯单身说语气落寞表示我没有什么看法,玮甯|许玮甯,2,1,10,0.5,0.5,0.5,1.0,0.5,0.5,0.5,4,2,4,许玮甯|朱某|刘玮|吴雯|威灵|渝武|董某|卢加诺|彼得|玮甯|瓯文|黄榕,许玮甯|朱某,许玮甯|朱某|刘玮|威灵
21,因而痛斩情丝她除了拥有模特儿火辣身材,痛斩情丝,1,1,1,1.0,1.0,1.0,1.0,1.0,1.0,1.0,4,1,4,痛斩情丝|拓朗|杨扬|彼得|吴雯|瓯文|渝武|朱某|波斯|董某|平阳|玮甯,痛斩情丝,痛斩情丝|拓朗|朱某|波斯
22,按照国家邮政总局统一部署,国家邮政总局,1,3,3,0.0,1.0,1.0,1.0,1.0,0.0,1.0,4,1,4,赵伟国|吴雯|国家邮政总局|渝武|彼得|瓯文|邬雄|董某|宋芳|平阳|松本|玮甯,赵伟国,赵伟国|吴雯|国家邮政总局|朱某
23,京华时报讯记者任珊记者从北京市教育考试院获悉,任珊,1,1,1,1.0,1.0,1.0,1.0,1.0,1.0,1.0,5,1,5,任珊|吴雯|瓯文|胡琦|彼得|波斯|广西|奇冰|董某|信息时报讯|朱某|南沙,任珊,任珊|吴雯|瓯文|波斯|广西
24,朱圣祎爆王思聪女朋友被诉法官送达起诉书遇阻,朱圣祎,1,8,8,0.0,0.0,0.0,1.0,0.0,0.0,0.0,4,1,4,渝武|彼得|邬雄|瓯文|邓郁松|吴雯|董某|朱圣祎|波斯|奇冰|广安|平阳,渝武,渝武|彼得|董某|朱某
25,王思聪将朱圣祎诉至北京朝阳法院,朱圣祎|北京朝阳法院,2,1,5,0.5,0.5,1.0,1.0,0.5,0.5,0.5,4,1,4,北京朝阳法院|杨扬|荆州|吴雯|朱圣祎|彼得|瓯文|董某|马云|渝武|许绍洋|卫张宁,北京朝阳法院,北京朝阳法院|杨扬|荆州|吴雯
26,新京报记者从首都国际机场公安分局相关人员处获悉,新京报,1,1,1,1.0,1.0,1.0,1.0,1.0,1.0,1.0,4,1,4,新京报|金报讯|吴雯|广安|瓯文|彼得|董某|平阳|京城|今久|吉娜|渝武,新京报,新京报|金报讯|吴雯|瓯文
27,这些房产全由宋芳自己打理,宋芳,1,1,1,1.0,1.0,1.0,1.0,1.0,1.0,1.0,4,1,4,宋芳|渝武|吴雯|彼得|胡枫|哈立|瓯文|董某|哈灵|名古屋|朱某|平阳,宋芳,宋芳|渝武|吴雯|朱某
28,宋芳最近却有点烦恼,宋芳,1,1,1,1.0,1.0,1.0,1.0,1.0,1.0,1.0,4,1,4,宋芳|吴雯|渝武|瓯文|彼得|黄榕|胡枫|朱某|董某|周峰|名古屋|吉娜,宋芳,宋芳|吴雯|渝武|朱某
29,宋芳对北京银行私人银行的财富顾问说,宋芳,1,1,1,1.0,1.0,1.0,1.0,1.0,1.0,1.0,4,1,4,宋芳|吴雯|瓯文|颜妮|杨扬|人民银行|瑞银|彼得|董某|平昌|渝武|故宫,宋芳,宋芳|吴雯|瓯文|人民银行
30,该信托出资购入宋芳的房产,宋芳,1,1,1,1.0,1.0,1.0,1.0,1.0,1.0,1.0,5,1,5,宋芳|邦德|吴雯|彼得|胡枫|瓯文|渝武|朱某|董某|玛卡|平阳|玮甯,宋芳,宋芳|邦德|吴雯|胡枫|朱某
31,在了解宋芳的资产情况与需求之后,宋芳,1,1,1,1.0,1.0,1.0,1.0,1.0,1.0,1.0,5,1,5,宋芳|邦德|胡枫|李洁|吴雯|渝武|董某|彼得|瓯文|黄榕|平阳|渝蓉,宋芳,宋芳|邦德|胡枫|李洁|朱某
32,宋芳本人为信托的发起人和委托人,宋芳,1,1,1,1.0,1.0,1.0,1.0,1.0,1.0,1.0,4,1,4,宋芳|松本|吴雯|彼得|瓯文|渝武|董某|联合社|胡枫|平阳|周峰|玮甯,宋芳,宋芳|松本|吴雯|联合社
33,之后由该信托对宋芳指定的房产发出购买要约,宋芳,1,1,1,1.0,1.0,1.0,1.0,1.0,1.0,1.0,4,1,4,宋芳|渝武|彼得|吴雯|瓯文|董某|胡枫|黄榕|平阳|朱某|广西|故宫,宋芳,宋芳|渝武|彼得|朱某
34,宋芳必须再掏出完全属于自己的资金,宋芳,1,1,1,1.0,1.0,1.0,1.0,1.0,1.0,1.0,4,1,4,宋芳|胡枫|权义|吴雯|瓯文|周峰|吉娜|彼得|渝武|董某|宾虚|平阳,宋芳,宋芳|胡枫|权义|朱某
35,在宋芳的资金信托购买其房产时,宋芳,1,1,1,1.0,1.0,1.0,1.0,1.0,1.0,1.0,4,1,4,宋芳|邦德|胡枫|吴雯|瓯文|钟欣|彼得|渝武|大兴|董某|金报讯|平阳,宋芳,宋芳|胡枫|吴雯|朱某
36,这是因为宋芳购买其房产,宋芳,1,1,1,1.0,1.0,1.0,1.0,1.0,1.0,1.0,4,1,4,宋芳|胡枫|彼得|吴雯|周峰|瓯文|渝武|杨锋|黄榕|董某|玮甯|玛卡,宋芳,宋芳|胡枫|彼得|朱某
37,今久整合营销集团迎来了它的生日,今久|今久整合营销集团,2,1,2,0.5,1.0,1.0,1.0,1.0,1.0,1.0,5,2,5,今久整合营销集团|今久|喻莉|吴雯|瓯文|彼得|董某|渝武|平阳|朱某|名古屋|宾虚,今久整合营销集团|今久,今久整合营销集团|今久|瓯文|董某|朱某
38,北京科技大学教授刘澄表示,刘澄|北京科技大学,2,1,2,0.5,1.0,1.0,1.0,1.0,1.0,1.0,4,2,4,北京科技大学|刘澄|吴雯|吉娜|彼得|瓯文|董某|渝武|黄榕|玮甯|平阳|李子成,北京科技大学|刘澄,北京科技大学|刘澄|瓯文|李子成
39,中国证券报随着欧美等国主权债务危机陆续爆发,中国证券报,1,1,1,1.0,1.0,1.0,1.0,1.0,1.0,1.0,4,1,4,中国证券报|吴雯|渝武|瓯文|董某|平阳|朱某|彼得|刘玮|玮甯|金报讯|信息时报讯,中国证券报,中国证券报|吴雯|渝武|董某
40,国家审计署还专门组织力量,审计署,1,1,1,1.0,1.0,1.0,1.0,1.0,1.0,1.0,4,1,4,审计署|温岭|吴雯|彼得|瓯文|渝武|董某|杨扬|张萌|平阳|广安|名古屋,审计署,审计署|温岭|吴雯|瓯文
41,审计署的审计结论表明,审计署,1,1,1,1.0,1.0,1.0,1.0,1.0,1.0,1.0,4,1,4,审计署|陕西|吴雯|李洁|彼得|瓯文|董某|黄榕|渝武|朱某|平阳|玮甯,审计署,审计署|吴雯|瓯文|董某
42,其在纳斯达克上市时的发行价为一六美元,纳斯达克,1,1,1,1.0,1.0,1.0,1.0,1.0,1.0,1.0,4,1,4,纳斯达克|吉娜|吴雯|李斯达|马云|渝武|彼得|瓯文|张驰|张诗欢|哈灵|董某,纳斯达克,纳斯达克|吉娜|渝武|张诗欢
43,这些中国游戏公司大多成长于中国市场,中国游戏公司,1,1,1,1.0,1.0,1.0,1.0,1.0,1.0,1.0,4,1,4,中国游戏公司|渝武|吴雯|瓯文|彼得|董某|今久|朱某|故宫|关锡友|钟欣|西安,中国游戏公司,中国游戏公司|渝武|吴雯|朱某
44,根据陈昊芝在二零一四年八月提供的数据,陈昊芝,1,1,1,1.0,1.0,1.0,1.0,1.0,1.0,1.0,4,1,4,陈昊芝|徐濠|马云|吴雯|瓯文|彼得|董某|渝武|黄榕|程张昊|徐永昊|平阳,陈昊芝,陈昊芝|徐濠|瓯文|朱某
45,中国游戏公司纷纷忙着退市,中国游戏公司,1,1,1,1.0,1.0,1.0,1.0,1.0,1.0,1.0,4,1,4,中国游戏公司|麦德公司|吴雯|胡枫|瓯文|彼得|渝武|董某|敦煌|斯利|黄榕|周峰,中国游戏公司,中国游戏公司|麦德公司|吴雯|胡枫
46,每日经济新闻记者杨建江南嘉捷六万,杨建江南嘉捷,1,1,1,1.0,1.0,1.0,1.0,1.0,1.0,1.0,7,2,7,杨建江南嘉捷|佟健|钟欣|董某|渝武|吴雯|重庆|彼得|陕西|瓯文|湛江|朱某,杨建江南嘉捷|佟健,杨建江南嘉捷|佟健|钟欣|董某|渝武|吴雯|重庆
47,每日经济新闻记者杨建江南嘉捷六万一千一百三十一三,杨建江南嘉捷,1,1,1,1.0,1.0,1.0,1.0,1.0,1.0,1.0,4,1,4,杨建江南嘉捷|佟健|渝武|钟欣|吴雯|湛江|董某|瓯文|彼得|刘玮|重庆|黄榕,杨建江南嘉捷,杨建江南嘉捷|佟健|湛江|董某
48,成飞集成百二十一九十,成飞,1,1,1,1.0,1.0,1.0,1.0,1.0,1.0,1.0,4,1,4,成飞|吴雯|王巍|上集镇|彼得|瓯文|董某|渝武|陈露|许胚|朱某|黄榕,成飞,成飞|吴雯|王巍|朱某
49,取得这一突破的领军人就包括轮椅英雄叶乔波,叶乔波,1,1,1,1.0,1.0,1.0,1.0,1.0,1.0,1.0,4,1,4,叶乔波|彼得|董某|吴雯|蓝莹|瑞银|黄榕|权义|宾虚|瓯文|渝武|朱某,叶乔波,叶乔波|彼得|瓯文|朱某
50,杨扬拿到了五百米和一千米两项短道速的金牌,杨扬,1,1,1,1.0,1.0,1.0,1.0,1.0,1.0,1.0,5,1,5,杨扬|杨锋|金坛|吉娜|平阳|吴雯|杨幼萍|渝武|彼得|黄榕|董某|许绍洋,杨扬,杨扬|杨锋|金坛|吉娜|银联
51,以及拥有陈露的女单项目,陈露,1,1,1,1.0,1.0,1.0,1.0,1.0,1.0,1.0,4,1,4,陈露|彼得|吴雯|李洁|瓯文|渝武|董某|马云|平阳|玮甯|洪永城|朱某,陈露,陈露|彼得|瓯文|朱某
52,二零一八年冬奥会的主办地韩国平昌是一个绝好的例子,平昌|韩国平昌,2,1,2,0.5,1.0,1.0,1.0,1.0,1.0,1.0,5,2,5,韩国平昌|平昌|徐濠|刘玮|彼得|吴雯|威灵|瓯文|渝武|黄榕|哈灵|董某,韩国平昌|平昌,韩国平昌|平昌|徐濠|瓯文|李子成
53,平昌曾经三次申办冬奥会,平昌,1,1,1,1.0,1.0,1.0,1.0,1.0,1.0,1.0,4,1,4,平昌|彼得|刘澄|刘玮|瓯文|吴雯|渝武|赵宏|董某|平阳|玮甯|朱某,平昌,平昌|彼得|瓯文|朱某
54,几乎帮助了平昌拿下二零一八年冬奥会的主办权,平昌,1,1,1,1.0,1.0,1.0,1.0,1.0,1.0,1.0,4,1,4,平昌|刘玮|吴雯|瓯文|彼得|韩国平昌|董某|渝武|朱某|西安|平阳|赵宏,平昌,平昌|刘玮|瓯文|朱某
55,刚与阮经天传出情变不久的许玮甯近日接拍恐怖片,玮甯|许玮甯,2,1,20,0.5,0.5,0.5,0.5,0.5,0.5,0.5,5,1,5,许玮甯|刘玮|威灵|奇冰|陕西|吴雯|董某|富平|瓯文|彼得|广安|王巍,许玮甯,许玮甯|刘玮|威灵|奇冰|陕西
56,玩心大起的许绍洋与玩家一起比拼游戏,许绍洋,1,1,1,1.0,1.0,1.0,1.0,1.0,1.0,1.0,4,1,4,许绍洋|吉娜|彼得|吴雯|大兴|渝武|瓯文|董某|奇冰|黄榕|胡琦|杨扬,许绍洋,许绍洋|吉娜|大兴|朱某
57,金陵晚报八月十二日报道二零一四年,金陵晚报,1,1,1,1.0,1.0,1.0,1.0,1.0,1.0,1.0,4,1,4,金陵晚报|彼得|吴雯|龙湾|朱某|贵港|董某|渝武|谢依霖|温岭|瓯文|广安,金陵晚报,金陵晚报|彼得|龙湾|朱某
58,许茹芸与韩籍男友举行了婚礼,许茹芸|韩籍,2,1,2,0.5,1.0,1.0,1.0,1.0,1.0,1.0,9,3,9,许茹芸|韩籍|济南|渝蓉|富林愚|马云|吉娜|王晓宇|张春雨|渝武|董某|瑞银,许茹芸|韩籍|济南,许茹芸|韩籍|济南|渝蓉|富林愚|马云|吉娜|王晓宇|罗宾
59,许茹芸突然闪婚让当时的娱乐圈也惊起了一阵小波澜,许茹芸,1,1,1,1.0,1.0,1.0,1.0,1.0,1.0,1.0,4,3,4,许茹芸|拓朗|渭镇|渝蓉|科林|吴雯|叶乔波|彼得|喻莉|渝武|瓯文|朱某,许茹芸|拓朗|渭镇,许茹芸|拓朗|渭镇|渝蓉
60,在许茹芸看来,许茹芸,1,1,1,1.0,1.0,1.0,1.0,1.0,1.0,1.0,4,2,4,许茹芸|渝蓉|马来|朱某|渝武|瓯文|彼得|吴雯|董某|孔磊|瑞银|王晓宇,许茹芸|渝蓉,许茹芸|渝蓉|朱某|彼得
61,日前因为广东省高院作出的无罪判决,广东|广东省,2,1,7,0.5,0.5,0.5,1.0,0.5,0.5,0.5,4,1,4,广东|吴雯|瓯文|渝武|彼得|广西|广东省|董某|黄榕|故宫|邬迪|朱某,广东,广东|吴雯|瓯文|广西
62,陈传钧从东莞市第二看守所出来,陈传钧,1,1,1,1.0,1.0,1.0,1.0,1.0,1.0,1.0,5,1,5,陈传钧|广安|陈晟|吴雯|彼得|渝武|董某|重庆|瓯文|平阳|广西|朱某,陈传钧,陈传钧|广安|吴雯|渝武|重庆
63,他向广东省高院申诉,广东|广东省,2,1,2,0.5,1.0,1.0,1.0,1.0,0.5,1.0,4,1,4,广东|广东省|吴雯|瓯文|彼得|渝武|董某|朱某|广西|广安|甘肃|玮甯,广东,广东|广东省|吴雯|瓯文
64,广东高院审理后驳回了关某的申诉,广东,1,1,1,1.0,1.0,1.0,1.0,1.0,1.0,1.0,4,1,4,广东|吴雯|瓯文|广东省|董某|彼得|广西|渝武|广安|平阳|黄榕|朱某,广东,广东|吴雯|瓯文|广东省
65,京华时报记者蒲东峰摄二零零七年,蒲东峰,1,1,1,1.0,1.0,1.0,1.0,1.0,1.0,1.0,5,2,5,蒲东峰|哈灵|张林|胡枫|周峰|瓯文|吴雯|蚌飞市|威灵|谢依霖|杨锋|彼得,蒲东峰|哈灵,蒲东峰|哈灵|张林|周峰|张诗欢
66,视频截图新京报快讯记者杨锋昨日,杨锋|新京报,2,1,2,0.5,1.0,1.0,1.0,1.0,1.0,1.0,4,2,4,新京报|杨锋|金报讯|吴雯|彼得|成飞|瓯文|荆州|金陵晚报|杨扬|董某|王巍,新京报|杨锋,新京报|杨锋|金报讯|吴雯
67,李斯达表示自己跟周云露并没有深仇大恨,李斯达,1,1,1,1.0,1.0,1.0,1.0,1.0,1.0,1.0,5,1,5,李斯达|李氏|彼得|大韩|张林|徐云丽|渝武|吴雯|温岭|喻莉|董某|斯利,李斯达,李斯达|李氏|大韩|徐云丽|渝武
68,目前李斯达被关押在朝阳区看守所,李斯达,1,1,1,1.0,1.0,1.0,1.0,1.0,1.0,1.0,6,1,6,李斯达|彼得|斯利|李氏|皮特|李洁|广安|渝武|吴雯|董某|瓯文|朱某,李斯达,李斯达|彼得|斯利|李氏|广安|渝武
69,李斯达手持尖刀的自拍照,李斯达,1,1,1,1.0,1.0,1.0,1.0,1.0,1.0,1.0,5,1,5,李斯达|李氏|彼得|吴雯|斯利|瓯文|渝武|董某|皮特|黄榕|平阳|玮甯,李斯达,李斯达|李氏|斯利|瓯文|董某
70,新京报快讯记者杨锋凌晨今日下午,杨锋|新京报,2,1,2,0.5,1.0,1.0,1.0,1.0,0.5,1.0,4,1,4,新京报|杨锋|吴雯|赵书伶|金报讯|彼得|金陵晚报|董某|瓯文|威灵|成飞|张贵林,新京报,新京报|杨锋|吴雯|金报讯
71,在朝阳区百子湾阳光嘉园小区遇害,百子湾阳光嘉园,1,1,1,1.0,1.0,1.0,1.0,1.0,1.0,1.0,4,1,4,百子湾阳光嘉园|彼得|渝武|吴雯|黄榕|董某|杨扬|瓯文|平阳|朱某|徐濠|赵宏,百子湾阳光嘉园,百子湾阳光嘉园|彼得|黄榕|朱某
72,四川广安一一岁女孩的失踪,广安,1,1,1,1.0,1.0,1.0,1.0,1.0,1.0,1.0,4,1,4,广安|权义|吴雯|瓯文|彼得|斯利|广东|董某|渝武|谢依霖|朱某|朱圣祎,广安,广安|权义|瓯文|斯利
73,凶手在郫县安靖镇被抓,安靖镇,1,1,1,1.0,1.0,1.0,1.0,1.0,1.0,1.0,4,1,4,安靖镇|彼得|诏安县|邬雄|吴雯|韩籍|瓯文|渝武|董某|北仑站|曹志|平阳,安靖镇,安靖镇|彼得|诏安县|渭镇
74,应邀参加第二届天府古镇艺术节,天府古镇,1,1,1,1.0,1.0,1.0,1.0,1.0,1.0,1.0,4,1,4,天府古镇|吴雯|瓯文|彼得|渝武|瑞银|董某|平阳|玮甯|温岭|朱某|黄榕,天府古镇,天府古镇|吴雯|瓯文|瑞银
75,李嘉诚军师抛售马云一五亿买香港最贵单价豪宅,马云|李嘉诚,2,1,2,0.5,1.0,1.0,1.0,1.0,1.0,1.0,6,3,6,李嘉诚|马云|李家|渝武|吴雯|哈灵|董某|彼得|陈传钧|朱某|权义|平阳,李嘉诚|马云|李家,李嘉诚|马云|李家|渝武|吴雯|朱某
76,今久整合营销集团就是如此,今久|今久整合营销集团,2,1,2,0.5,1.0,1.0,1.0,1.0,1.0,1.0,5,2,5,今久整合营销集团|今久|吴雯|彼得|瓯文|许茹芸|黄榕|董某|渝武|名古屋|韦集村|金坛,今久整合营销集团|今久,今久整合营销集团|今久|瓯文|许茹芸|朱某
77,今久必须担当起引领时代潮流的重任,今久,1,1,1,1.0,1.0,1.0,1.0,1.0,1.0,1.0,4,1,4,今久|银联|吴雯|彼得|渝武|瓯文|董某|温岭|朱某|奇冰|平阳|胡琦,今久,今久|银联|渝武|董某
78,蓝色光标以几亿人民币收购今久,今久,1,1,1,1.0,1.0,1.0,1.0,1.0,1.0,1.0,4,1,4,今久|广安|瓯文|彼得|吴雯|罗宾|董某|渝武|平阳|韩籍|黄榕|修哥,今久,今久|广安|瓯文|罗宾
79,这成为今久转型的起点,今久,1,1,1,1.0,1.0,1.0,1.0,1.0,1.0,1.0,4,1,4,今久|吉娜|瓯文|吴雯|彼得|渝武|董某|陕西|今久整合营销集团|陈定|刘澄|胡琦,今久,今久|瓯文|董某|陕西
80,今久率先提出整合营销的概念,今久,1,1,1,1.0,1.0,1.0,1.0,1.0,1.0,1.0,4,1,4,今久|今久整合营销集团|彼得|吴雯|瓯文|董某|渝武|宾虚|吴显亭|平昌|朱某|温岭,今久,今久|瓯文|董某|朱某
81,今久正是在蓝色光标的技术支持下,今久,1,1,1,1.0,1.0,1.0,1.0,1.0,1.0,1.0,4,1,4,今久|彼得|审计署|广安|吴雯|瓯文|董某|渝武|黄榕|朱某|故宫|平阳,今久,今久|审计署|广安|瓯文
82,今久在大举创新的同时,今久,1,1,1,1.0,1.0,1.0,1.0,1.0,1.0,1.0,4,1,4,今久|彼得|吴雯|吉娜|瓯文|渝武|大禹村|董某|李氏|重庆|平阳|玮甯,今久,今久|瓯文|董某|重庆
83,今久上海分公司又悄无声息地开张了,今久|今久上海分公司,2,1,2,0.5,1.0,1.0,1.0,1.0,1.0,1.0,5,2,5,今久上海分公司|今久|渝武|彼得|瓯文|吴雯|董某|关锡友|黄榕|吉娜|玮甯|平阳,今久上海分公司|今久,今久上海分公司|今久|渝武|董某|朱某
84,今久又出高价,今久,1,1,1,1.0,1.0,1.0,1.0,1.0,1.0,1.0,4,1,4,今久|吴雯|瓯文|彼得|渝武|今久整合营销集团|董某|李家|朱某|黄榕|吉娜|平阳,今久,今久|瓯文|董某|朱某
85,收购了房地产互联网营销公司沈阳新维一半股份,沈阳新维一半股份,1,1,1,1.0,1.0,1.0,1.0,1.0,1.0,1.0,4,1,4,沈阳新维一半股份|广西|陕西|王颖春|吴雯|董某|西安|许绍洋|瓯文|彼得|故宫|钟欣,沈阳新维一半股份,沈阳新维一半股份|广西|王颖春|吴雯
86,今久又一次利用资本市场,今久,1,1,1,1.0,1.0,1.0,1.0,1.0,1.0,1.0,4,1,4,今久|彼得|吴雯|瓯文|渝武|董某|安良百货商场|温岭|黄榕|玮甯|平阳|名古屋,今久,今久|瓯文|董某|安良百货商场
87,今久成功实现了转型,今久,1,1,1,1.0,1.0,1.0,1.0,1.0,1.0,1.0,4,1,4,今久|陕西|吴雯|瓯文|彼得|渝武|董某|朱某|吉娜|陈晟|黄榕|济南,今久,今久|陕西|瓯文|董某
88,后今久时代正式到来,今久,1,1,1,1.0,1.0,1.0,1.0,1.0,1.0,1.0,4,1,4,今久|吴雯|瓯文|彼得|渝武|黄榕|渭镇|董某|玮甯|名古屋|朱某|奇冰,今久,今久|瓯文|黄榕|渭镇
89,转型后的今久整合营销集团,今久|今久整合营销集团,2,1,2,0.5,1.0,1.0,1.0,1.0,1.0,1.0,5,2,5,今久整合营销集团|今久|陕西|吴雯|瓯文|彼得|董某|渝武|宾虚|平阳|广西|玮甯,今久整合营销集团|今久,今久整合营销集团|今久|陕西|瓯文|董某
90,人民银行多次提高存款准备金率和存贷款基准利率,人民银行,1,1,1,1.0,1.0,1.0,1.0,1.0,1.0,1.0,4,1,4,人民银行|吴雯|喻莉|瓯文|彼得|董某|黎胜明|罗宾|黄榕|温岭|渝武|平阳,人民银行,人民银行|吴雯|瓯文|董某
91,中国证券报面对市场对城投债券风险的担忧,中国证券报,1,1,1,1.0,1.0,1.0,1.0,1.0,1.0,1.0,4,1,4,中国证券报|胡枫|金报讯|吴雯|渝武|信息时报讯|董某|瓯文|彼得|朱某|周峰|华商报讯,中国证券报,中国证券报|胡枫|金报讯|吴雯
92,梅姐待的已算够长了,梅姐,1,1,1,1.0,1.0,1.0,1.0,1.0,1.0,1.0,4,1,4,梅姐|吴雯|彼得|渝武|瓯文|玮甯|朱某|李洁|名古屋|董某|黄榕|平阳,梅姐,梅姐|吴雯|渝武|朱某
93,而梅姐则可以陪陪小孩或者去搞搞政治,梅姐,1,1,1,1.0,1.0,1.0,1.0,1.0,1.0,1.0,4,1,4,梅姐|彼得|杨扬|许胚|故宫|吴雯|黄榕|瓯文|张某某|渝武|董某|贵港,梅姐,梅姐|彼得|杨扬|张某某
94,成飞集成相关人士告诉每日经济新闻记者,成飞,1,1,1,1.0,1.0,1.0,1.0,1.0,1.0,1.0,4,1,4,成飞|钟欣|重庆|王巍|瓯文|吴雯|京津冀|广安|今久|彼得|董某|朱某,成飞,成飞|钟欣|重庆|吴雯
95,成飞集成的锂电池业务在前两年情况并不好,成飞,1,1,1,1.0,1.0,1.0,1.0,1.0,1.0,1.0,4,2,4,成飞|渝武|吴雯|瓯文|彼得|董某|朱某|银联|黄榕|温岭|平阳|王巍,成飞|渝武,成飞|渝武|吴雯|朱某
96,成飞集成相关人士告诉记者,成飞,1,1,1,1.0,1.0,1.0,1.0,1.0,1.0,1.0,4,1,4,成飞|王巍|吴雯|瓯文|彼得|广安|上集镇|董某|渝武|任珊|朱某|平阳,成飞,成飞|王巍|吴雯|朱某
97,成飞集成的其他主营业务中,成飞,1,1,1,1.0,1.0,1.0,1.0,1.0,1.0,1.0,4,1,4,成飞|渝武|王巍|吴雯|瓯文|彼得|董某|胡琦|黄榕|上集镇|平阳|玮甯,成飞,成飞|渝武|吴雯|皮特
98,允许布鲁诺马塞洛特代表德国,德国,1,1,1,1.0,1.0,1.0,1.0,1.0,1.0,1.0,4,1,4,德国|许胚|彼得|黄榕|邬雄|徐濠|瓯文|吴雯|朱某|董某|波斯|渝蓉,德国,德国|许胚|彼得|黄榕
99,在金牌搭档罗宾索尔科维退役之后,索尔科维|罗宾,2,1,2,0.5,1.0,1.0,1.0,1.0,1.0,1.0,4,2,4,罗宾|索尔科维|瓯文|彼得|吴雯|金坛|渝武|郎平|修哥|董某|平阳|朱祖儿,罗宾|索尔科维,罗宾|索尔科维|彼得|金坛
100,萨维申科宣布会再坚持一个冬奥会周期,萨维申|萨维申科,2,1,2,0.5,1.0,1.0,1.0,1.0,1.0,1.0,5,2,5,萨维申科|萨维申|刘玮|瓯文|吴雯|彼得|修哥|奇冰|董某|邓泽惠|赵宏|黄榕,萨维申科|萨维申,萨维申科|萨维申|刘玮|董某|朱某
101,恭喜他与萨维申科走上正确的道路,萨维申|萨维申科,2,1,2,0.5,1.0,1.0,1.0,1.0,1.0,1.0,5,2,5,萨维申|萨维申科|吴雯|瓯文|彼得|习友路|马云|故宫|渝武|钟欣|邬雄|修哥,萨维申|萨维申科,萨维申|萨维申科|吴雯|习友路|广西
102,我们的朋友将代表德国,德国,1,1,1,1.0,1.0,1.0,1.0,1.0,1.0,1.0,4,1,4,德国|吴雯|瓯文|彼得|德郭队|黄榕|孔磊|佟健|渝武|朱某|韩聪彭|胡枫,德国,德国|吴雯|瓯文|黄榕
103,对于隋文静韩聪彭程张昊领衔的中国双人滑军团,程张昊|韩聪彭,2,1,2,0.5,1.0,1.0,1.0,1.0,1.0,1.0,4,2,4,程张昊|韩聪彭|纪佳鹏|吴雯|黄榕|哈立|彼得|平昌|金坛|马云|渭镇|庞清,程张昊|韩聪彭,程张昊|韩聪彭|吴雯|黄榕
104,五度世锦赛冠军萨维申科联手年轻新搭档马塞洛特,萨维申|萨维申科,2,1,2,0.5,1.0,1.0,1.0,1.0,0.5,1.0,6,1,6,萨维申科|萨维申|科林|彼得|吴雯|瓯文|大兴|董某|钟欣|朱某|皮特|渝武,萨维申科,萨维申科|萨维申|科林|彼得|大兴|朱某
105,曾以分歧者星运里的错窜红的谢琳伍德蕾,谢琳伍德蕾,1,1,1,1.0,1.0,1.0,1.0,1.0,1.0,1.0,5,1,5,谢琳伍德蕾|谢依霖|哈灵|喻莉|好莱坞|彼得|董某|科林|吴雯|权义|武红利|哈立,谢琳伍德蕾,谢琳伍德蕾|谢依霖|哈灵|好莱坞|董某
106,与孙楠巫启贤共同起立鼓掌的许茹芸小腹凸起,许茹芸|孙楠巫启贤,2,1,2,0.5,1.0,1.0,1.0,1.0,1.0,1.0,5,3,5,孙楠巫启贤|许茹芸|胡琦|好莱坞|吴雯|渝蓉|奇冰|董某|吉娜|邬雄|张林|彼得,孙楠巫启贤|许茹芸|胡琦,孙楠巫启贤|许茹芸|胡琦|好莱坞|吴雯
107,许茹芸与韩国丈夫崔栽诚迎来结婚一周年纪念日,崔栽诚|许茹芸,2,1,2,0.5,1.0,1.0,1.0,1.0,1.0,1.0,6,3,6,崔栽诚|许茹芸|马云|富林愚|渝蓉|银联|蓝莹|渝武|吴雯|赵宏|瓯文|彼得,崔栽诚|许茹芸|马云,崔栽诚|许茹芸|马云|富林愚|渝蓉|银联
108,许茹芸特地发微博感谢婚姻带来的幸福,许茹芸,1,1,1,1.0,1.0,1.0,1.0,1.0,1.0,1.0,4,1,4,许茹芸|渝蓉|黄榕|罗宾|瑞银|吴雯|张林|哈特灵|徐云丽|瓯文|蓝莹|许绍洋,许茹芸,许茹芸|渝蓉|罗宾|吴雯
109,许茹芸重回舞台不做苦情女娱乐频道,许茹芸,1,1,1,1.0,1.0,1.0,1.0,1.0,1.0,1.0,4,1,4,许茹芸|黄榕|渝蓉|彼得|吴雯|渝武|徐云丽|富林愚|成飞|马云|胡琦|瓯文,许茹芸,许茹芸|渝蓉|彼得|朱某
110,许茹芸与韩籍男朋友举行了婚礼,许茹芸|韩籍,2,1,2,0.5,1.0,1.0,1.0,1.0,1.0,1.0,6,2,6,韩籍|许茹芸|济南|富林愚|罗宾|渝蓉|马云|吉娜|张春雨|瓯文|渝武|吴雯,韩籍|许茹芸,韩籍|许茹芸|济南|富林愚|罗宾|渝蓉
111,许茹芸突然闪婚让当时的娱乐圈也惊起了一阵小波澜,许茹芸,1,1,1,1.0,1.0,1.0,1.0,1.0,1.0,1.0,4,2,4,许茹芸|拓朗|渝蓉|渭镇|科林|吴雯|黄榕|瓯文|瑞银|彼得|喻莉|董某,许茹芸|拓朗,许茹芸|拓朗|渝蓉|渭镇
112,李嘉诚回应撤资不爱国指控完全不成立,李嘉诚,1,1,1,1.0,1.0,1.0,1.0,1.0,1.0,1.0,5,2,5,李嘉诚|李家|李子成|吴雯|瓯文|彼得|朱某|董某|陈嘉宝|渝武|卢加诺|张林,李嘉诚|李家,李嘉诚|李家|李子成|吴雯|瓯文
113,李嘉诚首次公开回应撤资不爱国等质疑,李嘉诚,1,1,1,1.0,1.0,1.0,1.0,1.0,1.0,1.0,5,2,5,李嘉诚|李家|纪佳鹏|李子成|吴雯|陈嘉宝|卢加诺|瓯文|彼得|渝武|董某|李洁,李嘉诚|李家,李嘉诚|李家|纪佳鹏|吴雯|瓯文
114,李嘉诚怎么回答与中央关系有变,李嘉诚,1,1,1,1.0,1.0,1.0,1.0,1.0,1.0,1.0,5,2,5,李嘉诚|李家|关锡友|广西|纪佳鹏|李子成|渝武|陈嘉宝|彼得|朱某|董某|刘家义,李嘉诚|李家,李嘉诚|李家|关锡友|广西|渝武
115,李嘉诚或再抛售内地地产项目拟出售上海办公楼,李嘉诚,1,1,1,1.0,1.0,1.0,1.0,1.0,1.0,1.0,5,2,5,李嘉诚|李家|李子成|李洁|吴雯|颜妮|故宫|纪佳鹏|渝武|陕西|彼得|黄榕,李嘉诚|李家,李嘉诚|李家|李子成|李洁|渝武
116,李嘉诚正式回应撤资指控不相信文革式思维复苏,李嘉诚,1,1,1,1.0,1.0,1.0,1.0,1.0,1.0,1.0,5,2,5,李嘉诚|李家|李子成|吴雯|龟趺|渭镇|纪佳鹏|瓯文|彼得|土桥镇|董某|陈嘉宝,李嘉诚|李家,李嘉诚|李家|李子成|吴雯|瓯文
117,李嘉诚首次对撤资做出回应,李嘉诚,1,1,1,1.0,1.0,1.0,1.0,1.0,1.0,1.0,5,2,5,李嘉诚|李家|吴雯|纪佳鹏|彼得|卢加诺|瓯文|陈嘉宝|渝武|李子成|刘家义|董某,李嘉诚|李家,李嘉诚|李家|吴雯|纪佳鹏|瓯文
118,李嘉诚首次回应撤资传闻对中国发展充满信心,李嘉诚,1,1,1,1.0,1.0,1.0,1.0,1.0,1.0,1.0,5,2,5,李嘉诚|李家|李子成|吴雯|董某|李洁|纪佳鹏|彼得|陈嘉宝|瓯文|渝武|陕西,李嘉诚|李家,李嘉诚|李家|李子成|吴雯|瓯文
119,长江商报消息本报记者张萌昨日,张萌,1,1,1,1.0,1.0,1.0,1.0,1.0,1.0,1.0,4,1,4,张萌|章某|瓯文|吴雯|彼得|黄榕|赵宏|重庆|渝武|董某|嵩山|平阳,张萌,张萌|章某|吴雯|黄榕
120,新京报快讯记者刘玮近日,刘玮|新京报,2,1,2,0.5,1.0,1.0,1.0,1.0,1.0,1.0,4,3,4,新京报|刘玮|金报讯|瓯文|彼得|荆州|吴雯|黄欣晨报|金陵晚报|董某|李晖|金坛,新京报|刘玮|金报讯,新京报|刘玮|金报讯|瓯文
121,由于电影王朝的女人杨贵妃中的一场激情戏,杨贵妃,1,1,1,1.0,1.0,1.0,1.0,1.0,1.0,1.0,4,1,4,杨贵妃|刘玮|龟趺|王巍|李晖|京城|瓯文|吴雯|彼得|董某|渝武|胡琦,杨贵妃,杨贵妃|刘玮|龟趺|王巍
122,李玉刚张学友黄琦雯入选一零大最涨姿势歌曲,黄琦雯,1,1,1,1.0,1.0,1.0,1.0,1.0,1.0,1.0,5,1,5,黄琦雯|马云|吴雯|张诗欢|胡琦|董某|彼得|陆骑麟|瓯文|南粤|张萌|谢依霖,黄琦雯,黄琦雯|马云|吴雯|张诗欢|胡琦
123,李玉刚新歌点击逾一亿网友李家每人只需半次,李家,1,1,1,1.0,1.0,1.0,1.0,1.0,1.0,1.0,4,1,4,李家|修哥|李嘉诚|吴雯|李洁|董某|瓯文|渝武|王亦菲|喻莉|黄榕|权义,李家,李家|修哥|瓯文|朱某
124,李玉刚饰演的杨贵妃被指芳华绝代说到神曲,杨贵妃,1,1,1,1.0,1.0,1.0,1.0,1.0,1.0,1.0,4,1,4,杨贵妃|黄榕|龟趺|吴雯|马云|奇高市|瓯文|刘玮|王巍|渝武|南粤|董某,杨贵妃,杨贵妃|黄榕|吴雯|瓯文
125,今久整合营销集团迎来了它的十岁生日,今久|今久整合营销集团,2,1,2,0.5,1.0,1.0,1.0,1.0,1.0,1.0,5,2,5,今久整合营销集团|今久|吴雯|彼得|瓯文|喻莉|董某|平阳|渝武|宾虚|朱某|邬雄,今久整合营销集团|今久,今久整合营销集团|今久|瓯文|董某|朱某
126,今久从最初的几十个人,今久,1,1,1,1.0,1.0,1.0,1.0,1.0,1.0,1.0,5,1,5,今久|任珊|吴雯|瓯文|彼得|渝武|黄榕|董某|朱某|吉娜|温岭|杨扬,今久,今久|任珊|瓯文|黄榕|朱某
127,今久商品房销售额首次上涨,今久,1,1,1,1.0,1.0,1.0,1.0,1.0,1.0,1.0,4,1,4,今久|吴雯|瓯文|彼得|董某|渝武|平阳|黄榕|安良百货商场|美的部品事业部|朱某|同策咨询研究部,今久,今久|瓯文|董某|安良百货商场
128,德佑链家市场研究部总监陆骑麟表示,陆骑麟,1,1,1,1.0,1.0,1.0,1.0,1.0,1.0,1.0,4,1,4,陆骑麟|吴雯|同策咨询研究部|瓯文|渝武|陈露|彼得|国家邮政总局|董某|赵书伶|奇冰|李洁,陆骑麟,陆骑麟|吴雯|同策咨询研究部|瓯文
129,中国证券报从您刚才的介绍中我们了解到,中国证券报,1,1,1,1.0,1.0,1.0,1.0,1.0,1.0,1.0,4,1,4,中国证券报|瓯文|吴雯|彼得|董某|新京报|李洁|晋吉岛|温州政协|朱某|同策咨询研究部|渝武,中国证券报,中国证券报|瓯文|吴雯|董某
130,本报记者曹志为王婷王颖春来源中国证券报,曹志|王颖春|王婷|中国证券报,4,1,4,0.25,0.75,1.0,1.0,1.0,1.0,1.0,7,4,7,中国证券报|曹志|王婷|王颖春|黄煜坤|郎平|渭镇|吴雯|王晔君|黄立坤|彼得|朱某,中国证券报|曹志|王婷|王颖春,中国证券报|曹志|王婷|王颖春|黄煜坤|郎平|王晔君
131,而苹果虽有可能卖出不少手表给忠实的粉丝,苹果,1,1,1,1.0,1.0,1.0,1.0,1.0,1.0,1.0,4,1,4,苹果|吴雯|彼得|瓯文|董某|邬雄|张驰|渝武|平阳|名古屋|朱某|乌守保,苹果,苹果|吴雯|瓯文|董某
132,成飞机成业绩增长主要是由于锂电需求增长,成飞,1,1,1,1.0,1.0,1.0,1.0,1.0,1.0,1.0,4,1,4,成飞|吴雯|渝武|董某|章某|今久|瓯文|彼得|喻莉|黄榕|李洁|张萌,成飞,成飞|吴雯|渝武|张萌
133,上述成飞集成人士表示,成飞,1,1,1,1.0,1.0,1.0,1.0,1.0,1.0,1.0,4,1,4,成飞|陈势安|重庆|彼得|李尚洙|吴雯|瓯文|陈露|董某|黄榕|陈昊芝|陈晟,成飞,成飞|重庆|彼得|瓯文
134,上述成飞集成人士告诉记者,成飞,1,1,1,1.0,1.0,1.0,1.0,1.0,1.0,1.0,4,1,4,成飞|吴雯|陈露|渝蓉高速|董某|瓯文|渝武|彼得|吉娜|程张昊|朱某|陈势安,成飞,成飞|吴雯|渝蓉高速|朱某
135,成飞集成与常州市金坛区政府合作的项目将分三期完成,成飞|金坛,2,1,2,0.5,1.0,1.0,1.0,1.0,1.0,1.0,5,2,5,金坛|成飞|兰州市|章某|吴雯|渝武|荆州|董某|瓯文|彼得|朱某|济南,金坛|成飞,金坛|成飞|兰州市|章某|吴雯
136,上述成飞集成人士告诉记者,成飞,1,1,1,1.0,1.0,1.0,1.0,1.0,1.0,1.0,4,1,4,成飞|彼得|吴雯|瓯文|陈势安|陈露|董某|朱某|渝武|黄榕|平阳|京城,成飞,成飞|彼得|瓯文|朱某
137,同詹姆斯昔年头号强敌卡梅隆安东尼如出一辙,安东尼,1,1,1,1.0,1.0,1.0,1.0,1.0,1.0,1.0,5,1,5,安东尼|陈定|吴雯|彼得|瓯文|陕西|董某|波斯|黄榕|渝武|朱某|哈立,安东尼,安东尼|陈定|吴雯|瓯文|董某
138,展示出了如同其偶像安东尼一样的全面犀利,安东尼,1,1,1,1.0,1.0,1.0,1.0,1.0,1.0,1.0,4,1,4,安东尼|张林|胡琦|吴雯|朱某|奇冰|彼得|瓯文|渝蓉|钟欣|哈立|陕西,安东尼,安东尼|张林|胡琦|黄榕
139,冠军皆由麦格理集团获得,麦格理集团,1,1,1,1.0,1.0,1.0,1.0,1.0,1.0,1.0,4,1,4,麦格理集团|李洁|吴雯|瓯文|彼得|马克黄|渝武|董某|哈立|平阳|科林|麦德公司,麦格理集团,麦格理集团|李洁|瓯文|麦德公司
140,她就是因伤未能随队参加本次赛事的徐云丽,徐云丽,1,1,1,1.0,1.0,1.0,1.0,1.0,1.0,1.0,5,1,5,徐云丽|张林|温岭|银联|吴雯|颜妮|瓯文|李氏|彼得|张锦麟|董某|赵书伶,徐云丽,徐云丽|张林|温岭|银联|瓯文
141,那就是姑娘们高举起惠若琪徐云丽和杨方旭的球衣,徐云丽|惠若琪,2,1,2,0.5,1.0,1.0,1.0,1.0,1.0,1.0,7,2,7,徐云丽|惠若琪|李银河|张林|温岭|杨锋|银联|杨德合|威灵|吴雯|胡琦|权义,徐云丽|惠若琪,徐云丽|惠若琪|李银河|张林|温岭|杨锋|银联
142,徐云丽透露在赛前队友曾经给自己发了一条短信,徐云丽,1,1,1,1.0,1.0,1.0,1.0,1.0,1.0,1.0,5,1,5,徐云丽|温岭|陕西|渝武|重庆|喻莉|吴雯|彼得|拓朗|朱某|银联|瓯文,徐云丽,徐云丽|温岭|陕西|渝武|喻莉
143,徐云丽最后动情地说,徐云丽,1,1,1,1.0,1.0,1.0,1.0,1.0,1.0,1.0,5,1,5,徐云丽|温岭|银联|彼得|瓯文|吴雯|项锐|张林|喻莉|吉娜|马云|渝武,徐云丽,徐云丽|温岭|银联|彼得|瓯文
144,徐永昊的站立打击技术在该级别中堪称翘楚,徐永昊,1,1,1,1.0,1.0,1.0,1.0,1.0,1.0,1.0,4,1,4,徐永昊|审计署|渝蓉|吴雯|李伟豪|董某|瓯文|平阳|朱某|彼得|张林|渝武,徐永昊,徐永昊|审计署|渝蓉|董某
145,最终又确定为科林哈迪,科林|科林哈迪,2,1,2,0.5,1.0,1.0,1.0,1.0,1.0,1.0,6,4,6,科林哈迪|科林|哈立|哈灵|吴雯|萨维申科|瓯文|海信科龙|哈特灵|索尔科维|彼得|渝武,科林哈迪|科林|哈立|哈灵,科林哈迪|科林|哈立|哈灵|董某|陈定
146,科林也退出了剧组,科林,1,1,1,1.0,1.0,1.0,1.0,1.0,1.0,1.0,4,1,4,科林|哈灵|吴雯|彼得|瓯文|威灵|哈立|黄榕|董某|渝武|玮甯|平阳,科林,科林|哈灵|威灵|朱某
147,柯震东去年经历吸毒风波,柯震东,1,2,2,0.0,1.0,1.0,1.0,1.0,1.0,1.0,4,2,4,柯振东|柯震东|吴雯|彼得|黄榕|瓯文|董某|渝武|陕西|胡枫|朱某|波斯,柯振东|柯震东,柯振东|柯震东|吴雯|黄榕
148,诸葛紫岐十日晚出席活动时表示,诸葛紫岐,1,1,1,1.0,1.0,1.0,1.0,1.0,1.0,1.0,4,1,4,诸葛紫岐|广安|黄榕|瓯文|吴雯|黄宗泽|董某|胡琦|王颖春|紫各庄|彼得|张驰,诸葛紫岐,诸葛紫岐|广安|吴雯|黄宗泽
149,谢依霖穿着白色吊带裙,谢依霖,1,1,1,1.0,1.0,1.0,1.0,1.0,1.0,1.0,4,1,4,谢依霖|威灵|哈灵|银联|科林|哈立|张林|钟欣|孝陵驮碑|许玮甯|赵书伶|彼得,谢依霖,谢依霖|威灵|哈灵|银联
150,也有网友发出疑问若是李玉刚演唱李的话,李的话,1,1,1,1.0,1.0,1.0,1.0,1.0,1.0,1.0,4,1,4,李的话|吴雯|瓯文|彼得|广安|黄榕|渝武|李氏|平阳|刘玮|董某|故宫,李的话,李的话|吴雯|瓯文|朱某
151,更有全球李氏宗亲大会将其列为祭祖主题曲,李氏,1,1,1,1.0,1.0,1.0,1.0,1.0,1.0,1.0,4,1,4,李氏|吴雯|吉娜|瓯文|董某|彼得|祖耶夫|渝武|韦集村|钟欣|重庆|赛后主,李氏,李氏|瓯文|董某|重庆
152,大兴灭门案的凶犯李磊被执行死刑后,大兴,1,1,1,1.0,1.0,1.0,1.0,1.0,1.0,1.0,4,1,4,大兴|喻莉|温岭|瓯文|彼得|吴雯|银联|董某|张林|渝武|刘玮|威灵,大兴,大兴|喻莉|瓯文|银联
153,市二中院终审认定李家遗产共计八零零多万元,李家,1,1,1,1.0,1.0,1.0,1.0,1.0,1.0,1.0,6,4,6,李家|哈灵|园中园|张林|威灵|董某|龙湾永强中学|渝武|李氏|故宫|吴雯|李洁,李家|哈灵|园中园|张林,李家|哈灵|园中园|张林|威灵|渝武
154,李谷一曾怒揭东方歌舞团腐败事后被调离岗位,揭东方歌舞团,1,1,1,1.0,1.0,1.0,1.0,1.0,1.0,1.0,5,1,5,揭东方歌舞团|渝武|吴雯|胡琦|朱某|刘家义|彼得|董某|瑞银|瓯文|王巍|马云,揭东方歌舞团,揭东方歌舞团|渝武|吴雯|朱某|董某
155,东方演艺集团大门口戒备森严,东方演艺集团,1,1,1,1.0,1.0,1.0,1.0,1.0,1.0,1.0,4,1,4,东方演艺集团|颜妮|瓯文|吴雯|龙湾|彼得|李洁|董某|渝武|胡枫|杨扬|朱某,东方演艺集团,东方演艺集团|颜妮|瓯文|吴雯
156,新京报快讯记者林野记者今天傍晚获悉,新京报,1,1,1,1.0,1.0,1.0,1.0,1.0,1.0,1.0,4,2,4,新京报|金报讯|瓯文|金陵晚报|彼得|吴雯|胡琦|董某|荆州|今久|渝武|黄欣晨报,新京报|金报讯,新京报|金报讯|瓯文|彼得
157,李银河的文学梦将出版虐恋小说三卷本,李银河,1,1,1,1.0,1.0,1.0,1.0,1.0,1.0,1.0,5,1,5,李银河|张林|威灵|吴雯|瑞银|瓯文|彼得|董某|渝武|联合社|哈灵|朱某,李银河,李银河|张林|威灵|瓯文|联合社
158,权义澎湃资料李银河在现实中是柔软的,权义|李银河,2,1,10,0.5,0.5,0.5,1.0,0.5,0.5,0.5,4,1,4,权义|哈灵|彼得|吴雯|瓯文|威灵|孔磊|董某|渝武|李银河|滕女士|黄榕,权义,权义|瓯文|威灵|孔磊
159,李银河写虐恋不会伤害小波,李银河,1,1,1,1.0,1.0,1.0,1.0,1.0,1.0,1.0,4,1,4,李银河|联合社|威灵|吴雯|彼得|叶乔波|瓯文|渝武|胡琦|董某|罗宾|王晓飞,李银河,李银河|联合社|吴雯|瓯文
160,六三岁的李银河拿着钥匙袋走了进来,李银河,1,1,1,1.0,1.0,1.0,1.0,1.0,1.0,1.0,4,1,4,李银河|渝武|吴雯|张林|彼得|威灵|瓯文|联合社|银联|董某|哈灵|平阳,李银河,李银河|渝武|吴雯|联合社
161,高新区钓渭镇疙瘩沟村村民称,渭镇,1,1,1,1.0,1.0,1.0,1.0,1.0,1.0,1.0,5,1,5,渭镇|钟落潭竹一村民|大禹村|韦集村|广西|紫各庄村|王颖春|狼垡三村|一村一品强村|钟落潭竹一村|平昌|崂山景区,渭镇,渭镇|钟落潭竹一村民|大禹村|韦集村|广西
162,华商报商洛讯记者白鹏飞近日,白鹏飞,1,1,1,1.0,1.0,1.0,1.0,1.0,1.0,1.0,5,2,5,白鹏飞|华商报讯|彼得|胡枫|吴雯|保山市|瓯文|董某|渝武|罗宾|邱宝昌|崂山景区,白鹏飞|华商报讯,白鹏飞|华商报讯|彼得|胡枫|董某
163,京华时报讯记者王晓飞在农村,王晓飞,1,1,1,1.0,1.0,1.0,1.0,1.0,1.0,1.0,4,2,4,王晓飞|张小飞|王亦菲|彼得|瓯文|信息时报讯|吴雯|董某|金报讯|黄榕|张晓雅|张诗欢,王晓飞|张小飞,王晓飞|张小飞|信息时报讯|张诗欢
164,中国证券报报道,中国证券报,1,1,1,1.0,1.0,1.0,1.0,1.0,1.0,1.0,4,1,4,中国证券报|吴雯|彼得|德国|瓯文|重庆|渝武|广安|新京报|钟欣|黄欣晨报|渭镇,中国证券报,中国证券报|吴雯|瓯文|广安
165,新京报讯记者张徐报道,新京报,1,1,1,1.0,1.0,1.0,1.0,1.0,1.0,1.0,5,2,5,新京报|金报讯|金陵晚报|华商报讯|赵宏|信息时报讯|荆州|吴雯|张驰|彼得|董某|瓯文,新京报|金报讯,新京报|金报讯|金陵晚报|华商报讯|吴雯
166,丰台区域潘家村危改三号地成为今年的收官地质块,丰台区域潘家村,1,1,1,1.0,1.0,1.0,1.0,1.0,1.0,1.0,4,1,4,丰台区域潘家村|吴雯|彼得|银联|瓯文|董某|陈定|陈昊芝|威灵|广安|王巍|渝武,丰台区域潘家村,丰台区域潘家村|银联|瓯文|董某
167,通州新城彩虹之门用地挂出三十日,新城,1,1,1,1.0,1.0,1.0,1.0,1.0,1.0,1.0,4,1,4,新城|赵继宏|吴雯|陕西|瓯文|渝武|彼得|广西|钟欣|京城|董某|朱某,新城,新城|赵继宏|吴雯|董某
168,该地块位于通州新城五河交汇处东南角,新城,1,1,1,1.0,1.0,1.0,1.0,1.0,1.0,1.0,4,1,4,新城|今久|荆州|吴雯|钟欣|董某|彼得|大兴|南粤|西安|瓯文|陕西,新城,新城|今久|荆州|钟欣
169,国家审计署还专门组织力量,审计署,1,1,1,1.0,1.0,1.0,1.0,1.0,1.0,1.0,4,1,4,审计署|瓯文|吴雯|温岭|彼得|董某|渝武|张萌|章某|平阳|甘肃|胡琦,审计署,审计署|瓯文|吴雯|温岭
170,审计署的审计结论表明,审计署,1,1,1,1.0,1.0,1.0,1.0,1.0,1.0,1.0,4,1,4,审计署|李洁|吴雯|瓯文|虞一杰|董某|王靖苏|彼得|渝武|陈定|梅姐|孙永杰,审计署,审计署|李洁|瓯文|董某
171,美商务部与国际贸易委员会都需作出肯定性终裁,美商务部,1,1,1,1.0,1.0,1.0,1.0,1.0,1.0,1.0,5,2,5,美商务部|美国商务部|刘玮|吴雯|董某|袁两|马云|李晖|彼得|玮甯|陈定|荆州,美商务部|美国商务部,美商务部|美国商务部|刘玮|董某|袁两
172,根据美国商务部去年十二月份终裁确定的幅度,美国商务部,1,1,1,1.0,1.0,1.0,1.0,1.0,1.0,1.0,5,2,5,美国商务部|美商务部|吴雯|董某|陈定|瓯文|胡枫|彼得|姊弟恋|颜妮|渝武|章某,美国商务部|美商务部,美国商务部|美商务部|吴雯|董某|瓯文
173,据新华社电美国商务部二十一日宣布初裁结果,美国商务部,1,1,1,1.0,1.0,1.0,1.0,1.0,1.0,1.0,5,1,5,美国商务部|美商务部|李洁|吴雯|渝武|广安|瓯文|朱某|董某|赵伟国|彼得|黄榕,美国商务部,美国商务部|美商务部|李洁|渝武|广安
174,美商务部当天发表声明说,美商务部,1,1,1,1.0,1.0,1.0,1.0,1.0,1.0,1.0,5,1,5,美商务部|美国商务部|彼得|董某|瓯文|邬雄|吴雯|朱某|美的部品事业部|渝武|喻莉|任珊,美商务部,美商务部|美国商务部|彼得|董某|瓯文
175,成飞集成百二十一九十,成飞,1,1,1,1.0,1.0,1.0,1.0,1.0,1.0,1.0,4,1,4,成飞|陈嘉宝|王巍|吴雯|今久|渝武|董某|彼得|瓯文|杨锋|奇冰|胡枫,成飞,成飞|王巍|吴雯|白鹏飞
176,决定由麦德公司的技术部门研发静默插件,麦德公司,1,1,1,1.0,1.0,1.0,1.0,1.0,1.0,1.0,4,1,4,麦德公司|章某|彼得|吴雯|瓯文|董某|德国|渝武|平阳|吉娜|朱某|黄榕,麦德公司,麦德公司|章某|彼得|董某
177,三百六十软件识别出了麦德公司的插件,麦德公司,1,1,1,1.0,1.0,1.0,1.0,1.0,1.0,1.0,4,1,4,麦德公司|故宫|奇冰|吴雯|瓯文|董某|朱某|德国|渝武|彼得|黄榕|平阳,麦德公司,麦德公司|故宫|奇冰|瓯文
178,警方在麦德公司数据库中发现,麦德公司,1,1,1,1.0,1.0,1.0,1.0,1.0,1.0,1.0,4,1,4,麦德公司|彼得|吴雯|瓯文|董某|甘肃|渝武|平阳|黄榕|玮甯|胡枫|德国,麦德公司,麦德公司|彼得|瓯文|董某
179,徐永昊以雷霆万钧之势缔造了一场震撼的秒杀之作,徐永昊,1,1,1,1.0,1.0,1.0,1.0,1.0,1.0,1.0,4,1,4,徐永昊|美芝|徐濠|吴雯|瓯文|董某|彼得|平阳|渝武|李伟豪|陈定|黄榕,徐永昊,徐永昊|美芝|董某|陈定
180,徐永昊的地面技术无疑是其格斗体系中的一块短板,徐永昊,1,1,1,1.0,1.0,1.0,1.0,1.0,1.0,1.0,5,1,5,徐永昊|渝蓉|西安|吴雯|李伟豪|钟欣|瓯文|董某|邬雄|彼得|渝武|黄榕,徐永昊,徐永昊|渝蓉|西安|董某|朱某
181,上一场同包尔江的比赛之后,包尔江,1,1,1,1.0,1.0,1.0,1.0,1.0,1.0,1.0,4,1,4,包尔江|瓯文|朱圣祎|佟健|吴雯|孔磊|彼得|董某|渝武|纪佳鹏|陕西|黄榕,包尔江,包尔江|瓯文|孔磊|董某
182,此次昆罗决中俄对抗赛上,昆罗决中俄,1,1,1,1.0,1.0,1.0,1.0,1.0,1.0,1.0,4,1,4,昆罗决中俄|温岭|吴雯|瓯文|黄榕|孔磊|董某|李洁|昆仑决雄霸山城|彼得|朱某|渝武,昆罗决中俄,昆罗决中俄|温岭|瓯文|孔磊
183,对于代表中国战队略先出阵的徐永昊来讲,徐永昊,1,1,1,1.0,1.0,1.0,1.0,1.0,1.0,1.0,7,1,7,徐永昊|渝蓉|吉娜|德郭队|韩国队|渝武|麻丽贤|西安|吴雯|黄榕|彼得|好莱坞,徐永昊,徐永昊|渝蓉|吉娜|德郭队|韩国队|渝武|麻丽贤
184,近日德郭队公布了参加此次世锦赛的六六人大名单,德郭队,1,1,1,1.0,1.0,1.0,1.0,1.0,1.0,1.0,5,2,5,德郭队|德国|韩国队|董某|渝武|吴雯|彼得|瓯文|温岭|刘玮|蚌飞市|杨扬,德郭队|德国,德郭队|德国|韩国队|董某|渝武
185,包括前秋运动员维斯多尔,维斯多尔,1,1,1,1.0,1.0,1.0,1.0,1.0,1.0,1.0,5,2,5,维斯多尔|达维斯多尔|瓯文|吴雯|董某|彼得|波斯|王巍|迈克尔斯齐莱德尔|威灵|肯德尔|广安,维斯多尔|达维斯多尔,维斯多尔|达维斯多尔|瓯文|吴雯|肯德尔
186,撑杆跳选手拉斐尔霍尔泽德佩,拉斐尔|霍尔泽德佩,2,1,2,0.5,1.0,1.0,1.0,1.0,1.0,1.0,5,3,5,拉斐尔|霍尔泽德佩|霍尔泽德斯佩|邬雄|邦德|吴雯|黄宗泽|西安|瓯文|彼得|董某|德国,拉斐尔|霍尔泽德佩|霍尔泽德斯佩,拉斐尔|霍尔泽德佩|霍尔泽德斯佩|邬雄|吴雯
187,哈特灵今年饱受十字韧带伤势困扰,哈特灵,1,1,1,1.0,1.0,1.0,1.0,1.0,1.0,1.0,5,1,5,哈特灵|吴雯|科林|皮特|董某|科林哈迪|渝武|哈灵|保山市|瓯文|哈立|黄榕,哈特灵,哈特灵|吴雯|科林|皮特|董某
188,德国队此次以老带新,德国,1,2,2,0.0,1.0,1.0,1.0,1.0,1.0,1.0,5,3,5,德郭队|德国|韩国队|大兴|吴雯|渝武|瓯文|彼得|黄榕|平阳|钟欣|玮甯,德郭队|德国|韩国队,德郭队|德国|韩国队|大兴|渝武
189,附二零一五田径世锦赛德国队名单,德国,1,2,2,0.0,1.0,1.0,1.0,1.0,1.0,1.0,5,3,5,德郭队|德国|韩国队|渝武|吴雯|谢依霖|董某|瓯文|彼得|朱某|李氏|平阳,德郭队|德国|韩国队,德郭队|德国|韩国队|渝武|董某
190,二百米罗宾埃尔瓦,罗宾,1,1,1,1.0,1.0,1.0,1.0,1.0,1.0,1.0,5,2,5,罗宾|郎平|龙湾|彼得|董某|玛卡|吴雯|二瓦特|朱某|渝武|广安|刘玮,罗宾|郎平,罗宾|郎平|龙湾|彼得|渝武
191,八百米罗宾斯切姆贝拉,罗宾,1,1,1,1.0,1.0,1.0,1.0,1.0,1.0,1.0,5,1,5,罗宾|郎平|吴雯|渝武|朱某|波斯|彼得|皮特|黄榕|瓯文|林斐然|全能里科费雷姆斯,罗宾,罗宾|郎平|吴雯|渝武|波斯
192,五千米理查德灵格,理查德灵格,1,1,1,1.0,1.0,1.0,1.0,1.0,1.0,1.0,4,1,4,理查德灵格|哈特灵|吴雯|谢琳伍德蕾|胡琦|德国|瓯文|渝武|董某|罗伯特哈特灵|平阳|科林哈迪,理查德灵格,理查德灵格|哈特灵|德国|董某
193,一万米阿尔恩加比乌斯,阿尔恩加比乌斯,1,1,1,1.0,1.0,1.0,1.0,1.0,1.0,1.0,4,1,4,阿尔恩加比乌斯|渝武|吴雯|胡琦|二瓦特|平阳|乌守保|彼得|李氏|斯利|瓯文|董某,阿尔恩加比乌斯,阿尔恩加比乌斯|渝武|吴雯|斯利
194,一百一十米栏马特里亚斯布赫雷尔,布赫雷尔|马特里亚斯,2,1,2,0.5,1.0,1.0,1.0,1.0,1.0,1.0,5,2,5,马特里亚斯|布赫雷尔|克里斯蒂娜|克里斯蒂娜斯|温岭|克里斯丁胡宋|吴雯|全能里科费雷姆斯|斯利|马来|克里斯丁吉尔奇|李氏,马特里亚斯|布赫雷尔,马特里亚斯|布赫雷尔|克里斯蒂娜|克里斯蒂娜斯|瓯文
195,格里格尔特拉贝尔,格里格尔特拉贝尔,1,4,4,0.0,0.0,1.0,1.0,1.0,1.0,1.0,8,4,8,科林|哈灵|哈立|格里格尔特拉贝尔|威灵|张林|麦格理集团|马来|孔磊|颜妮|拓朗|修哥,科林|哈灵|哈立|格里格尔特拉贝尔,科林|哈灵|哈立|格里格尔特拉贝尔|威灵|张林|麦格理集团|孔磊
196,撑杆跳拉斐尔霍尔泽德斯佩,霍尔泽德斯佩|拉斐尔,2,1,2,0.5,1.0,1.0,1.0,1.0,1.0,1.0,7,3,7,拉斐尔|霍尔泽德斯佩|德国|霍尔泽德佩|邦德|许胚|吴雯|董某|德郭队|彼得|朱某|黄榕,拉斐尔|霍尔泽德斯佩|德国,拉斐尔|霍尔泽德斯佩|德国|霍尔泽德佩|邦德|许胚|吴雯
197,铅球达维斯多尔,达维斯多尔|维斯多尔,2,1,2,0.5,1.0,1.0,1.0,1.0,1.0,1.0,4,2,4,维斯多尔|达维斯多尔|斯利|高桥大辅|波斯|高桥大辅丝|渝武|吴雯|霍尔泽德斯佩|瓯文|彼得|今久,维斯多尔|达维斯多尔,维斯多尔|达维斯多尔|斯利|吴雯
198,铁饼克里斯托弗哈特灵,克里斯托弗哈特灵|哈特灵,2,1,2,0.5,1.0,1.0,1.0,1.0,1.0,1.0,8,3,8,哈特灵|克里斯托弗哈特灵|克里斯蒂娜斯|克里斯蒂娜|罗伯特哈特灵|李氏|科林|克里斯丁胡宋|哈立|科林哈迪|克里斯丁吉尔奇|马特里亚斯,哈特灵|克里斯托弗哈特灵|克里斯蒂娜斯,哈特灵|克里斯托弗哈特灵|克里斯蒂娜斯|克里斯蒂娜|罗伯特哈特灵|李氏|科林|克里斯丁胡宋
199,全能里科费雷姆斯,全能里科费雷姆斯,1,1,1,1.0,1.0,1.0,1.0,1.0,1.0,1.0,4,1,4,全能里科费雷姆斯|波斯|吴雯|董某|李氏|喻莉|斯利|渝武|朱某|威灵|瓯文|普鲁申科,全能里科费雷姆斯,全能里科费雷姆斯|波斯|斯利|渝武
200,迈克尔斯齐莱德尔,迈克尔斯齐莱德尔,1,1,1,1.0,1.0,1.0,1.0,1.0,1.0,1.0,6,2,6,迈克尔斯齐莱德尔|玛卡|萨莱兹奇|马特里亚斯|肯德尔|波斯|奇高市|胡琦|马克黄|皮特|吴雯|马云,迈克尔斯齐莱德尔|玛卡,迈克尔斯齐莱德尔|玛卡|萨莱兹奇|马特里亚斯|肯德尔|奇高市
201,四乘一百米接力罗伯特哈特灵,哈特灵|罗伯特哈特灵,2,1,2,0.5,1.0,1.0,1.0,1.0,1.0,1.0,6,2,6,哈特灵|罗伯特哈特灵|克里斯托弗哈特灵|吴雯|科林哈迪|朱某|波斯|哈立|科林|银联|渝武|邦德,哈特灵|罗伯特哈特灵,哈特灵|罗伯特哈特灵|克里斯托弗哈特灵|吴雯|朱某|波斯
202,雅莱克斯欧帕拉迪尼门格,欧帕拉迪尼,1,1,1,1.0,1.0,1.0,1.0,1.0,1.0,1.0,5,3,5,欧帕拉迪尼|马来|马特里亚斯|哈立|雅桑克莱|吴雯|邦德|颜妮|波斯|克里斯蒂娜斯|哈灵|渝武,欧帕拉迪尼|马来|马特里亚斯,欧帕拉迪尼|马来|马特里亚斯|哈立|克里斯蒂娜斯
203,吉娜卢克肯科姆普尔,吉娜|卢克肯科姆普尔,2,1,3,0.5,1.0,1.0,1.0,1.0,1.0,1.0,5,3,5,吉娜|济南|卢克肯科姆普尔|吴雯|瓯文|拓朗|彼得|广安|黄榕|朱某|萨维申科|渝武,吉娜|济南|卢克肯科姆普尔,吉娜|济南|卢克肯科姆普尔|瓯文|朱某
204,八百米克里斯蒂娜哈灵,哈灵|克里斯蒂娜,2,1,4,0.5,0.5,1.0,1.0,1.0,0.5,1.0,7,3,7,哈灵|哈立|克里斯蒂娜斯|克里斯蒂娜|科林|斯利|哈特灵|克里斯丁胡宋|克里斯托弗哈特灵|李氏|马特里亚斯|吉娜,哈灵|哈立|克里斯蒂娜斯,哈灵|哈立|克里斯蒂娜斯|克里斯蒂娜|科林|斯利|哈特灵
205,科林之前已经积极的支持影片拍摄,科林,1,1,1,1.0,1.0,1.0,1.0,1.0,1.0,1.0,5,3,5,科林|哈灵|哈立|威灵|彼得|晋吉岛|吴雯|瓯文|银联|哈特灵|黄榕|董某,科林|哈灵|哈立,科林|哈灵|哈立|威灵|银联
206,艺人谢婷婷出席活动时,谢婷婷,1,1,1,1.0,1.0,1.0,1.0,1.0,1.0,1.0,4,1,4,谢婷婷|陈定|彼得|谢依霖|吴雯|李氏|瓯文|董某|陈晟|希饭|渝武|西安,谢婷婷,谢婷婷|陈定|彼得|谢依霖
207,京华时报讯记者迟名常鑫前天中午近一一点半,迟名常鑫,1,1,1,1.0,1.0,1.0,1.0,1.0,1.0,1.0,4,1,4,迟名常鑫|吴雯|信息时报讯|董某|彼得|瓯文|黄榕|谢依霖|渝武|名古屋|平阳|权义,迟名常鑫,迟名常鑫|吴雯|信息时报讯|朱某
208,大兴区礼贤镇紫各庄村,紫各庄|紫各庄村|大兴|礼贤镇,4,1,4,0.25,0.75,1.0,1.0,1.0,1.0,1.0,5,4,5,紫各庄村|礼贤镇|紫各庄|大兴|吴雯|王颖春|麻丽贤|渝武|董某|诸葛紫岐|瓯文|彼得,紫各庄村|礼贤镇|紫各庄|大兴,紫各庄村|礼贤镇|紫各庄|大兴|吴雯
209,肇事者为紫各庄村民乔某,紫各庄|紫各庄村,2,1,2,0.5,1.0,1.0,1.0,1.0,1.0,1.0,5,2,5,紫各庄村|紫各庄|诸葛紫岐|张驰|吴雯|钟落潭竹一村民|瓯文|董某|王颖春|张诗欢|彼得|渝武,紫各庄村|紫各庄,紫各庄村|紫各庄|张驰|董某|张诗欢
210,大兴警方以涉嫌交通肇事罪将肇事者刑事拘留,大兴,1,1,1,1.0,1.0,1.0,1.0,1.0,1.0,1.0,4,1,4,大兴|吴雯|吉娜|张驰|董某|瓯文|彼得|张女士|荆州|渝武|曹志|黄榕,大兴,大兴|吴雯|瓯文|张女士
211,新京报讯记者王巍利用村里遭受泥石流灾害后,王巍|新京报,2,1,2,0.5,1.0,1.0,1.0,1.0,1.0,1.0,5,3,5,王巍|新京报|金报讯|李氏|渝武|今久|吴雯|哈立|董某|瓯文|荆州|信息时报讯,王巍|新京报|金报讯,王巍|新京报|金报讯|李氏|渝武
212,延庆县永宁镇偏坡峪村原党支部书记钱某,偏坡峪村|永宁镇,2,1,2,0.5,1.0,1.0,1.0,1.0,1.0,1.0,5,2,5,永宁镇|偏坡峪村|渝武|吴雯|吉娜|邬雄|董某|瓯文|彼得|安靖镇|钟落潭竹一村|云林县,永宁镇|偏坡峪村,永宁镇|偏坡峪村|渝武|吴雯|云林县
213,信息时报讯记者陈子玉近日,信息时报讯,1,1,1,1.0,1.0,1.0,1.0,1.0,1.0,1.0,5,1,5,信息时报讯|李子成|吴雯|成志教育|瓯文|金报讯|董某|喻莉|陈露|马云|渝武|彼得,信息时报讯,信息时报讯|李子成|吴雯|成志教育|瓯文
214,白云区钟落潭竹一村民白云区钟落潭竹一村的村民跟记者报料,钟落潭竹一村|钟落潭竹一村民,2,1,2,0.5,1.0,1.0,1.0,1.0,1.0,1.0,23,3,12,钟落潭竹一村民|钟落潭竹一村|马云|蓝莹|胡琦|袁两|温岭|贩婴|大禹村|陕西|拓朗|韦集村,钟落潭竹一村民|钟落潭竹一村|马云,钟落潭竹一村民|钟落潭竹一村|马云|蓝莹|胡琦|袁两|温岭|贩婴|大禹村|陕西|拓朗|韦集村
215,明着是大兴区黄村镇狼垡三村的医师,狼垡三村|大兴,2,1,2,0.5,1.0,1.0,1.0,1.0,1.0,1.0,4,2,4,大兴|狼垡三村|兰州市|彼得|吴雯|董某|瓯文|渝武|渭镇|李氏|美芝|平阳,大兴|狼垡三村,大兴|狼垡三村|兰州市|彼得
216,张绵跃当选村委会主任,张绵跃,1,2,2,0.0,1.0,1.0,1.0,1.0,0.0,1.0,5,1,5,刘玮|张绵跃|吴雯|董某|瓯文|李晖|渝武|彼得|平阳|朱某|张锦麟|广安,刘玮,刘玮|张绵跃|董某|瓯文|朱某
217,该地块即为通州新城核心地标彩虹之门用地,新城,1,1,1,1.0,1.0,1.0,1.0,1.0,1.0,1.0,4,1,4,新城|吴雯|瓯文|今久|董某|广西|黄榕|彼得|渝武|赵继宏|荆州|陕西,新城,新城|吴雯|瓯文|董某
218,北京通州新城投资公司网站显示,新城,1,1,1,1.0,1.0,1.0,1.0,1.0,1.0,1.0,5,1,5,新城|麦德公司|吴雯|北京站|瓯文|陕西|中国游戏公司|彼得|董某|广西|故宫|黄榕,新城,新城|麦德公司|吴雯|瓯文|中国游戏公司
219,新京报讯记者张旭报道,新京报,1,2,2,0.0,1.0,1.0,1.0,1.0,1.0,1.0,5,2,5,金报讯|新京报|荆州|金陵晚报|彼得|今久|吴雯|张春雨|信息时报讯|华商报讯|政协|瓯文,金报讯|新京报,金报讯|新京报|荆州|金陵晚报|彼得
220,瑞银分析师丁晓预测,瑞银,1,1,1,1.0,1.0,1.0,1.0,1.0,1.0,1.0,4,2,4,瑞银|王晓宇|威灵|吴雯|渝武|彼得|董某|瓯文|玮甯|张晓雅|李氏|黄榕,瑞银|王晓宇,瑞银|王晓宇|吴雯|朱某
221,人民银行多次提高存款准备金率和存贷款基准利率,人民银行,1,1,1,1.0,1.0,1.0,1.0,1.0,1.0,1.0,4,1,4,人民银行|喻莉|吴雯|董某|瓯文|朱某|渝武|彼得|黄榕|平阳|广安|玮甯,人民银行,人民银行|喻莉|董某|瓯文
222,中国证券报面对市场对城投债券风险的担忧,中国证券报,1,1,1,1.0,1.0,1.0,1.0,1.0,1.0,1.0,5,1,5,中国证券报|渝武|瓯文|吴雯|胡枫|彼得|广安|董某|朱某|平阳|杨扬|名古屋,中国证券报,中国证券报|渝武|瓯文|吴雯|广安
223,苹果设备的用户应当注意,苹果,1,1,1,1.0,1.0,1.0,1.0,1.0,1.0,1.0,4,1,4,苹果|彼得|吴雯|渝武|名古屋|瓯文|董某|黄榕|玮甯|平阳|皮特|朱某,苹果,苹果|彼得|渝武|名古屋
224,苹果公司也在第一时间发布官方声明,苹果,1,1,1,1.0,1.0,1.0,1.0,1.0,1.0,1.0,4,1,4,苹果|中国游戏公司|吴雯|广安|彼得|故宫|瓯文|名古屋|龟趺|麦德公司|渝武|董某,苹果,苹果|中国游戏公司|吴雯|瓯文
225,苹果设备的用户应当注意,苹果,1,1,1,1.0,1.0,1.0,1.0,1.0,1.0,1.0,4,1,4,苹果|彼得|吴雯|名古屋|渝武|瓯文|董某|玮甯|黄榕|皮特|平阳|朱某,苹果,苹果|彼得|名古屋|渝武
226,改由设在印度本加卢鲁的一家美印合资公司生产,印度本加卢鲁,1,1,1,1.0,1.0,1.0,1.0,1.0,1.0,1.0,4,1,4,印度本加卢鲁|陈露|吴雯|美芝|黄榕|渝蓉|渝武|波斯|董某|故宫|赵宏|瓯文,印度本加卢鲁,印度本加卢鲁|陈露|美芝|朱某
227,肯德尔定于二月二十三日访问印度,肯德尔,1,1,1,1.0,1.0,1.0,1.0,1.0,1.0,1.0,4,1,4,肯德尔|彼得|吴雯|瓯文|皮特|渝武|董某|陈定|黄榕|朱某|平阳|玮甯,肯德尔,肯德尔|彼得|瓯文|董某
228,虽然工信部很快就删除了后半句话,工信部,1,1,1,1.0,1.0,1.0,1.0,1.0,1.0,1.0,4,1,4,工信部|广西|黄榕|彼得|吴雯|董某|渝武|瓯文|同策咨询研究部|朱某|西安|平阳,工信部,工信部|黄榕|彼得|渝武
229,一百米栏辛迪罗勒德尔,辛迪罗勒德尔,1,1,1,1.0,1.0,1.0,1.0,1.0,1.0,1.0,5,1,5,辛迪罗勒德尔|肯德尔|西安|马来|吴雯|维斯多尔|陕西|彼得|渝武|董某|大兴|黄榕,辛迪罗勒德尔,辛迪罗勒德尔|肯德尔|西安|马来|吴雯
230,三千米障碍吉萨费里欣塔斯卡鲁塞,欣塔斯卡鲁塞,1,1,1,1.0,1.0,1.0,1.0,1.0,1.0,1.0,4,1,4,欣塔斯卡鲁塞|金坛|吴雯|吉娜|渝武|董某|瓯文|朱某|胡琦|平阳|玛卡|全能里科费雷姆斯,欣塔斯卡鲁塞,欣塔斯卡鲁塞|金坛|吴雯|朱某
231,撑杆跳丽萨莱兹奇,萨莱兹奇,1,1,1,1.0,1.0,1.0,1.0,1.0,1.0,1.0,4,1,4,萨莱兹奇|李家|诸葛紫岐|哈立|奇冰|渝武|彼得|吴雯|董某|马来|瓯文|喻莉,萨莱兹奇,萨莱兹奇|李家|哈立|朱某
232,三级跳克里斯丁吉尔奇,克里斯丁吉尔奇,1,1,1,1.0,1.0,1.0,1.0,1.0,1.0,1.0,8,4,8,克里斯丁吉尔奇|克里斯丁胡宋|克里斯蒂娜|哈立|克里斯蒂娜斯|李氏|科林|李斯达|奇冰|哈灵|斯利|吴雯,克里斯丁吉尔奇|克里斯丁胡宋|克里斯蒂娜|哈立,克里斯丁吉尔奇|克里斯丁胡宋|克里斯蒂娜|哈立|克里斯蒂娜斯|李氏|科林|李斯达
233,铅球克里斯蒂娜斯齐万兹,克里斯蒂娜|克里斯蒂娜斯,2,1,2,0.5,1.0,1.0,1.0,1.0,1.0,1.0,7,3,7,克里斯蒂娜|克里斯蒂娜斯|哈立|克里斯丁胡宋|斯利|科林|吴雯|哈灵|马特里亚斯|彼得|李氏|董某,克里斯蒂娜|克里斯蒂娜斯|哈立,克里斯蒂娜|克里斯蒂娜斯|哈立|克里斯丁胡宋|斯利|科林|吴雯
234,链球贝蒂海德尔,贝蒂海德尔,1,1,1,1.0,1.0,1.0,1.0,1.0,1.0,1.0,5,2,5,贝蒂海德尔|肯德尔|彼得|维斯多尔|董某|吴雯|许胚|渝武|哈立|胡琦|一村一品强村|瓯文,贝蒂海德尔|肯德尔,贝蒂海德尔|肯德尔|彼得|维斯多尔|许胚
235,标枪克里斯丁胡宋,克里斯丁胡宋,1,1,1,1.0,1.0,1.0,1.0,1.0,1.0,1.0,7,1,7,克里斯丁胡宋|克里斯蒂娜|科林|哈立|克里斯蒂娜斯|彼得|克里斯丁吉尔奇|哈灵|拓朗|马特里亚斯|邬雄|吴雯,克里斯丁胡宋,克里斯丁胡宋|克里斯蒂娜|科林|哈立|克里斯蒂娜斯|彼得|克里斯丁吉尔奇
236,克里斯蒂娜奥伯福尔,克里斯蒂娜,1,1,1,1.0,1.0,1.0,1.0,1.0,1.0,1.0,5,2,5,克里斯蒂娜|克里斯蒂娜斯|科林|马特里亚斯|哈灵|李氏|克里斯丁胡宋|斯利|哈立|李斯达|波斯|彼得,克里斯蒂娜|克里斯蒂娜斯,克里斯蒂娜|克里斯蒂娜斯|科林|马特里亚斯|哈灵
237,全能詹妮弗奥赛尔,詹妮弗奥赛尔,1,1,1,1.0,1.0,1.0,1.0,1.0,1.0,1.0,4,1,4,詹妮弗奥赛尔|全能里科费雷姆斯|拉斐尔|黄榕|李氏|名古屋|颜妮|董某|龟趺|瓯文|张林|德国,詹妮弗奥赛尔,詹妮弗奥赛尔|全能里科费雷姆斯|拉斐尔|黄榕
238,安娜莱纳法拉塞,莱纳法拉塞,1,2,2,0.0,1.0,1.0,1.0,1.0,0.0,1.0,5,1,5,马来|莱纳法拉塞|拉斐尔|孔磊|吉娜|哈立|哈灵|渝武|黄榕|许胚|成飞|刘玮,马来,马来|莱纳法拉塞|拉斐尔|吉娜|渝武
239,吉娜卢克肯科姆普尔,吉娜|卢克肯科姆普尔,2,1,3,0.5,1.0,1.0,1.0,1.0,0.5,1.0,5,1,5,吉娜|济南|卢克肯科姆普尔|普鲁申科|纳斯达克|萨维申科|垦区|皮特|彼得|肯德尔|黄榕|习友路,吉娜,吉娜|济南|卢克肯科姆普尔|萨维申科|垦区
240,记者从浙江省游泳协会了解到,浙江省游泳协会,1,1,1,1.0,1.0,1.0,1.0,1.0,1.0,1.0,5,1,5,浙江省游泳协会|政协|彼得|吴雯|瓯文|晋吉岛|渝武|董某|李洁|杨建江南嘉捷|同策咨询研究部|吉娜,浙江省游泳协会,浙江省游泳协会|政协|彼得|瓯文|董某
241,谢霆锋妹妹谢婷婷在微博晒出与父亲合影,谢婷婷,1,1,1,1.0,1.0,1.0,1.0,1.0,1.0,1.0,4,1,4,谢婷婷|渝武|吴雯|董某|瓯文|吴显亭|陈定|哈灵|朱某|彼得|杨扬|王婷,谢婷婷,谢婷婷|渝武|吴雯|陈定
242,谢婷婷将头挨着父亲的头,谢婷婷,1,1,1,1.0,1.0,1.0,1.0,1.0,1.0,1.0,4,1,4,谢婷婷|吉娜|陈定|吴雯|吴显亭|付敬懿|董某|瓯文|彼得|谢依霖|渝武|哈灵,谢婷婷,谢婷婷|吉娜|陈定|瓯文
243,艺人谢婷婷从小就成为媒体焦点,谢婷婷,1,1,1,1.0,1.0,1.0,1.0,1.0,1.0,1.0,4,1,4,谢婷婷|吴雯|彼得|谢依霖|瓯文|陈晟|陈定|董某|吴显亭|西安|银联|渝武,谢婷婷,谢婷婷|吴雯|谢依霖|陈定
244,谢婷婷为服装拍摄时装宣传照,谢婷婷,1,1,1,1.0,1.0,1.0,1.0,1.0,1.0,1.0,4,1,4,谢婷婷|瓯文|龟趺|陈定|吴雯|渝武|董某|彼得|杨扬|紫各庄|平阳|吴显亭,谢婷婷,谢婷婷|瓯文|陈定|吴雯
245,施王祥被陆丰市纪委立案调查,施王祥,1,1,1,1.0,1.0,1.0,1.0,1.0,1.0,1.0,4,1,4,施王祥|李晖|瓯文|李伟豪|彼得|董某|刘玮|吴雯|罗宾|宋芳|王晓飞|嵩山,施王祥,施王祥|李晖|瓯文|罗宾
246,陆丰市纪委决定给予施王祥开除党籍处分,施王祥,1,1,1,1.0,1.0,1.0,1.0,1.0,1.0,1.0,4,1,4,施王祥|宋芳|晋吉岛|吴雯|瓯文|邬雄|罗宾|胡枫|董某|王晓飞|吉娜|彼得,施王祥,施王祥|晋吉岛|瓯文|罗宾
247,南粤清风网通报该案详情,南粤,1,1,1,1.0,1.0,1.0,1.0,1.0,1.0,1.0,4,1,4,南粤|马云|吴雯|瓯文|彼得|广安|渝武|董某|刘庆红|胡枫|朱某|胡琦,南粤,南粤|马云|瓯文|朱某
248,从金堂县城驱车一个半小时至土桥镇的大禹村,大禹村|土桥镇,2,1,2,0.5,1.0,1.0,1.0,1.0,1.0,1.0,5,4,5,土桥镇|大禹村|金坛|马云|曹志|吴雯|瓯文|董某|彼得|桥下镇|吉娜|佟健,土桥镇|大禹村|金坛|马云,土桥镇|大禹村|金坛|马云|瓯文
249,村干部大闹天宫孙大圣口碑爆棚,孙大圣,1,1,1,1.0,1.0,1.0,1.0,1.0,1.0,1.0,4,1,4,孙大圣|吉娜|吴雯|瓯文|彼得|孔磊|渝武|董某|高桥大辅|赵宏|黄榕|平阳,孙大圣,孙大圣|吉娜|瓯文|孔磊
250,村庄晴天降奇冰十几斤重来历不明,奇冰,1,1,1,1.0,1.0,1.0,1.0,1.0,1.0,1.0,4,1,4,奇冰|吴雯|瓯文|董某|今久|荆州|彼得|朱某|渝武|黄榕|马来|平阳,奇冰,奇冰|瓯文|董某|朱某
251,这块天降奇冰究竟是何物,奇冰,1,1,1,1.0,1.0,1.0,1.0,1.0,1.0,1.0,4,1,4,奇冰|吴雯|彼得|瓯文|渝武|董某|邬迪|胡琦|朱某|玮甯|黄榕|联合社,奇冰,奇冰|瓯文|董某|朱某
252,该村村民黎胜明向楚天快报求助,黎胜明,1,1,1,1.0,1.0,1.0,1.0,1.0,1.0,1.0,4,2,4,黎胜明|钟落潭竹一村民|大禹村|邱宝昌|刘玮|韦集村|吴雯|瓯文|王颖春|彼得|李洁|渝武,黎胜明|钟落潭竹一村民,黎胜明|钟落潭竹一村民|大禹村|郎平
253,淅川县上集镇一名村支书被指将年龄改小一零岁,淅川县|上集镇,2,1,5,0.5,0.5,1.0,1.0,0.5,0.5,0.5,4,1,4,上集镇|银联|吴雯|瓯文|淅川县|彼得|渝武|董某|朱某|平阳|奇冰|哈灵,上集镇,上集镇|银联|吴雯|瓯文
254,图为时上集镇派出所,上集镇,1,1,1,1.0,1.0,1.0,1.0,1.0,1.0,1.0,4,1,4,上集镇|吴雯|瓯文|朱祖儿|彼得|平阳|孔磊|董某|渝武|玮甯|黄榕|甘肃,上集镇,上集镇|吴雯|瓯文|孔磊
255,村民多次向温岭市有关部门投诉反映,温岭,1,4,4,0.0,0.0,1.0,1.0,0.0,0.0,0.0,4,1,4,威灵|贩婴|李氏|温岭|朱某|吴雯|科林|门头沟|渝武|彼得|滕女士|瓯文,威灵,威灵|贩婴|李氏|朱某
256,灵璧县韦集镇韦集村原村支书石某,韦集村,1,1,1,1.0,1.0,1.0,1.0,1.0,1.0,1.0,5,1,5,韦集村|麻丽贤|瓯文|吴雯|彼得|云林县|董某|北京站|平阳|渝武|渭镇|奇冰,韦集村,韦集村|麻丽贤|瓯文|吴雯|云林县
257,华江瑶族乡十四届人大代表会第五次会议会务材料上,人大代表会,1,1,1,1.0,1.0,1.0,1.0,1.0,1.0,1.0,4,1,4,人大代表会|渝武|吴雯|杨扬|施王祥|董某|瓯文|黄榕|彼得|瑞银|名古屋|平阳,人大代表会,人大代表会|渝武|吴雯|施王祥
258,也在厦门拿下几宗商住用地和济南几宗居住用地,济南,1,1,1,1.0,1.0,1.0,1.0,1.0,1.0,1.0,4,1,4,济南|吉娜|吴雯|彼得|董某|渝武|瓯文|嵩山|朱某|邬迪|黄榕|李尚洙,济南,济南|吉娜|渝武|朱某
259,标普信用分析师孔磊说道,孔磊,1,1,1,1.0,1.0,1.0,1.0,1.0,1.0,1.0,4,1,4,孔磊|彼得|武红利|波斯|吴雯|李氏|西安|赵宏|渝武|瓯文|董某|施王祥,孔磊,孔磊|彼得|武红利|波斯
260,对于苹果公司来说这是很关键的一年,苹果,1,1,1,1.0,1.0,1.0,1.0,1.0,1.0,1.0,5,1,5,苹果|银联|吴雯|故宫|董某|中国游戏公司|广安|平阳|彼得|麦德公司|瓯文|渝武,苹果,苹果|银联|吴雯|故宫|瓯文
261,有着较为丰富志愿服务经历的九零后吴雯的话,吴雯,1,2,2,0.0,1.0,1.0,1.0,1.0,0.0,1.0,4,1,4,李的话|吴雯|彼得|渝武|龟趺|董某|谢依霖|胡枫|黄榕|哈灵|富平|吉娜,李的话,李的话|吴雯|渝武|朱某
262,张锦麟将为自己称为鸟巢新一代志愿者,张锦麟,1,1,1,1.0,1.0,1.0,1.0,1.0,1.0,1.0,6,2,6,张锦麟|张林|张贵林|吴雯|瓯文|新城|董某|赵书伶|彼得|重庆|陆骑麟|渝武,张锦麟|张林,张锦麟|张林|张贵林|瓯文|新城|董某
263,著名双人滑运动员庞清和董健虽未正式宣布退役,庞清,1,1,1,1.0,1.0,1.0,1.0,1.0,1.0,1.0,6,2,6,庞清|渭镇|佟健|吴雯|重庆|渝武|瑞银|瓯文|董某|李洁|黄榕|彼得,庞清|渭镇,庞清|渭镇|佟健|吴雯|渝武|瑞银
264,佟健已经完成了第一个学模块的学习,佟健,1,4,4,0.0,0.0,1.0,1.0,1.0,0.0,1.0,5,1,5,朱某|董某|政协|佟健|章某|奇冰|吴雯|彼得|瓯文|龙湾|广安|渝武,朱某,朱某|董某|政协|佟健|章某
265,早到了退役年龄的庞清和佟健克服了伤病困难,佟健|庞清,2,1,7,0.5,0.5,0.5,1.0,0.5,0.5,0.5,5,1,5,庞清|济南|重庆|吴雯|瑞银|银联|佟健|董某|彼得|李焜染|渝武|瓯文,庞清,庞清|济南|重庆|吴雯|渝武
266,庞清和佟健没有马上退役,佟健|庞清,2,1,3,0.5,1.0,1.0,1.0,1.0,0.5,1.0,5,1,5,庞清|梅姐|佟健|重庆|吴雯|李洁|董某|瓯文|彼得|渝武|朱某|胡琦,庞清,庞清|梅姐|佟健|重庆|瓯文
267,也是中国双人滑在申雪赵宏退役后,赵宏,1,1,1,1.0,1.0,1.0,1.0,1.0,1.0,1.0,6,1,6,赵宏|赵继宏|黄榕|周峰|吴雯|瑞银|张萌|渝武|彼得|敦煌|邬雄|朱某,赵宏,赵宏|赵继宏|黄榕|周峰|吴雯|张萌
268,庞清和佟健仍肩负着扛起中国双人滑大旗的重任,佟健|庞清,2,1,3,0.5,1.0,1.0,1.0,1.0,0.5,1.0,7,1,7,庞清|吉娜|佟健|吴雯|重庆|彼得|董某|广安|邬雄|韩籍|瓯文|朱某,庞清,庞清|吉娜|佟健|吴雯|重庆|董某|邬雄
269,庞清和佟健终于可以放心地考虑退役的事情了,佟健|庞清,2,1,3,0.5,1.0,1.0,1.0,1.0,0.5,1.0,5,1,5,庞清|重庆|佟健|董某|瑞银|吉娜|吴雯|黄榕|彼得|朱某|章某|渝武,庞清,庞清|重庆|佟健|董某|章某
270,佟健又将国内部分优秀的单人滑和冰舞运动员集合起来,佟健,1,1,1,1.0,1.0,1.0,1.0,1.0,1.0,1.0,6,1,6,佟健|黄榕|渝武|敦煌|吴雯|彼得|广安|名古屋|董某|瓯文|章某|玮甯,佟健,佟健|黄榕|渝武|敦煌|吴雯|朱某
271,但庞清和佟健并不愿意随遇而安地安排自己的后半生,佟健|庞清,2,1,3,0.5,1.0,1.0,1.0,1.0,0.5,1.0,7,2,7,庞清|重庆|佟健|彼得|吉娜|吴雯|渝武|胡琦|董某|王婷|瓯文|广安,庞清|重庆,庞清|重庆|佟健|彼得|吉娜|渝武|董某
272,自己和庞清曾在赛场上努力地追求优秀更优秀,庞清,1,1,1,1.0,1.0,1.0,1.0,1.0,1.0,1.0,4,1,4,庞清|重庆|彼得|吴雯|董某|渝武|瓯文|黄榕|胡琦|朱某|刘澄|奇冰,庞清,庞清|重庆|董某|渝武
273,佟健给自己定下了要做就做到最好,佟健,1,1,1,1.0,1.0,1.0,1.0,1.0,1.0,1.0,4,1,4,佟健|吴雯|董某|渝武|彼得|瓯文|朱某|胡琦|黄榕|陈定|平阳|重庆,佟健,佟健|董某|渝武|朱某
274,佟健的解决办法就只能努力提高自己,佟健,1,1,1,1.0,1.0,1.0,1.0,1.0,1.0,1.0,4,1,4,佟健|李洁|吴雯|梅姐|彼得|渝武|董某|瓯文|黄榕|喻莉|平阳|朱某,佟健,佟健|梅姐|渝武|朱某
275,佟健报考了北大光华管理学院,佟健|北大光华管理学院,2,1,2,0.5,1.0,1.0,1.0,1.0,1.0,1.0,6,2,6,北大光华管理学院|佟健|彼得|广安|皮特|吴雯|渝武|董某|李洁|瓯文|黄榕|北京科技大学,北大光华管理学院|佟健,北大光华管理学院|佟健|彼得|广安|皮特|渝武
276,佟健做好了考不上的思想准备,佟健,1,1,1,1.0,1.0,1.0,1.0,1.0,1.0,1.0,4,1,4,佟健|黄榕|瓯文|吴雯|彼得|董某|渝武|邬雄|哈立|平阳|朱某|名古屋,佟健,佟健|黄榕|瓯文|朱某
277,佟健因此顺利通过了入学考试,佟健,1,1,1,1.0,1.0,1.0,1.0,1.0,1.0,1.0,4,1,4,佟健|吴雯|瓯文|彼得|李洁|董某|佟继萍|渝武|拓朗|重庆|平阳|胡琦,佟健,佟健|瓯文|董某|重庆
278,佟健是同班同学里唯一运动员出身的,佟健,1,1,1,1.0,1.0,1.0,1.0,1.0,1.0,1.0,5,1,5,佟健|吴雯|董某|瓯文|彼得|龙湾永强中学|渝武|李洁|朱某|黄榕|哈立|刘玮,佟健,佟健|吴雯|董某|瓯文|朱某
279,只有姚明和刘国梁等少数几个人,刘国梁,1,1,1,1.0,1.0,1.0,1.0,1.0,1.0,1.0,4,1,4,刘国梁|渝武|吴雯|瓯文|杨爱明|彼得|刘玮|杨扬|黄榕|董某|拓朗|郎平,刘国梁,刘国梁|渝武|黄榕|郎平
280,佟健希望自己能真的学到管理知识,佟健,1,1,1,1.0,1.0,1.0,1.0,1.0,1.0,1.0,4,1,4,佟健|广安|吴雯|瓯文|董某|彼得|渝武|黄榕|玮甯|平阳|朱某|西安,佟健,佟健|广安|瓯文|朱某
281,佟健更希望能有实实在在的发展,佟健,1,1,1,1.0,1.0,1.0,1.0,1.0,1.0,1.0,4,1,4,佟健|吴雯|瓯文|彼得|渝武|董某|李洁|黄榕|胡琦|吉娜|平阳|朱某,佟健,佟健|瓯文|董某|朱某
282,搜狐娱乐赛文耷子备受关注重拍版乌鸦,赛文耷子,1,1,1,1.0,1.0,1.0,1.0,1.0,1.0,1.0,4,1,4,赛文耷子|吴雯|广安|杨扬|彼得|董某|渝武|黄榕|胡琦|瓯文|平阳|温岭,赛文耷子,赛文耷子|吴雯|广安|朱某
283,谢婷婷九月七日三十三岁生日,谢婷婷,1,1,1,1.0,1.0,1.0,1.0,1.0,1.0,1.0,4,1,4,谢婷婷|陈定|董某|谢依霖|瓯文|吴雯|胡琦|彼得|吴显亭|渝武|喻莉|朱某,谢婷婷,谢婷婷|陈定|谢依霖|吴雯
284,网友纷纷留言祝谢婷婷生日快乐,谢婷婷,1,1,1,1.0,1.0,1.0,1.0,1.0,1.0,1.0,4,1,4,谢婷婷|陈定|吴雯|谢依霖|彼得|黄榕|吴显亭|刘晏含|董某|陈晟|渝武|政协,谢婷婷,谢婷婷|陈定|吴雯|谢依霖
285,曾江谢贤四哥及胡枫修哥大谈往日情时,修哥|胡枫,2,1,2,0.5,1.0,1.0,1.0,1.0,0.5,1.0,4,1,4,胡枫|修哥|大韩|吴雯|湛江|瓯文|故宫|龟趺|政协|彼得|渝武|董某,胡枫,胡枫|修哥|大韩|故宫
286,杨爱明被兴安警方刑事拘留,杨爱明,1,1,1,1.0,1.0,1.0,1.0,1.0,1.0,1.0,5,1,5,杨爱明|西安|安靖镇|刘艾林|彼得|吴雯|渝武|董某|瓯文|崂山景区|刘玮|马云,杨爱明,杨爱明|西安|安靖镇|刘艾林|崂山景区
287,兴安县法院判杨爱明拘役四个月,杨爱明,1,1,1,1.0,1.0,1.0,1.0,1.0,1.0,1.0,5,2,5,杨爱明|西安|马云|诏安县|杨幼萍|斯利|董某|吴雯|渝武|谢依霖|彼得|名古屋,杨爱明|西安,杨爱明|西安|马云|斯利|吴雯
288,杨爱明却参加了兴安县第十五届人大五次会议,杨爱明,1,1,1,1.0,1.0,1.0,1.0,1.0,1.0,1.0,5,2,5,杨爱明|西安|刘艾林|吴雯|渝武|董某|彼得|瓯文|诏安县|平阳|杨幼萍|黎胜明,杨爱明|西安,杨爱明|西安|刘艾林|董某|朱某
289,这事发生在福建省漳州市诏安县林头村,诏安县,1,1,1,1.0,1.0,1.0,1.0,1.0,1.0,1.0,4,1,4,诏安县|荆州|兰州市|张女士|今久|吴雯|渝武|彼得|云林县|董某|卫张宁|谢依霖,诏安县,诏安县|荆州|兰州市|今久
290,华商报讯记者张林实习生邓泽惠一夜之间,张林|邓泽惠|华商报讯,3,1,3,0.3333333333333333,1.0,1.0,1.0,1.0,1.0,1.0,5,3,5,华商报讯|张林|邓泽惠|张贵林|吴雯|张锦麟|赵书伶|黄榕|董某|西安|卫张宁|渝武,华商报讯|张林|邓泽惠,华商报讯|张林|邓泽惠|张贵林|黄榕
291,门头沟雁翅镇村民李冬梅因不服行政批复,门头沟,1,1,1,1.0,1.0,1.0,1.0,1.0,1.0,1.0,4,1,4,门头沟|董某|彼得|吴雯|渝武|胡枫|胡琦|龟趺|玮甯|瓯文|瑞银|吉娜,门头沟,门头沟|董某|彼得|渝武
292,门头沟区长张贵林出庭应诉,张贵林|门头沟,2,1,2,0.5,1.0,1.0,1.0,1.0,1.0,1.0,6,3,6,门头沟|张贵林|张锦麟|赵书伶|章某|蓝莹|威灵|张林|张萌|刘艾林|吴雯|张小飞,门头沟|张贵林|张锦麟,门头沟|张贵林|张锦麟|赵书伶|章某|蓝莹
293,门头沟雁翅镇村民李冬梅向市政府提起了行政复议,门头沟,1,1,1,1.0,1.0,1.0,1.0,1.0,1.0,1.0,5,1,5,门头沟|付敬懿|吴雯|大禹村|董某|吉娜|渝武|瓯文|钟落潭竹一村民|项锐|胡琦|彼得,门头沟,门头沟|付敬懿|吴雯|董某|渝武
294,实习生郭杨雪通讯员耿万志现代快报记者李伟豪,李伟豪,1,1,1,1.0,1.0,1.0,1.0,1.0,1.0,1.0,4,1,4,李伟豪|广安|陕西|刘玮|钟欣|吴雯|徐永昊|龙湾|徐濠|瓯文|彼得|董某,李伟豪,李伟豪|广安|陕西|钟欣
295,据伟嘉安捷数据统计显示,伟嘉安捷,1,1,1,1.0,1.0,1.0,1.0,1.0,1.0,1.0,4,1,4,伟嘉安捷|许玮甯|韩籍|赵伟国|吴雯|彼得|佟继萍|李家|西安|刘玮|瓯文|董某,伟嘉安捷,伟嘉安捷|许玮甯|韩籍|重庆
296,据伟嘉安捷提供的数据显示,伟嘉安捷,1,1,1,1.0,1.0,1.0,1.0,1.0,1.0,1.0,5,2,5,伟嘉安捷|韩籍|许玮甯|李家|赵伟国|吴雯|瓯文|彼得|李洁|陕西|渝武|黄榕,伟嘉安捷|韩籍,伟嘉安捷|韩籍|许玮甯|李家|陕西
297,伟嘉安捷对中新网房产频道表示,伟嘉安捷,1,1,1,1.0,1.0,1.0,1.0,1.0,1.0,1.0,5,3,5,伟嘉安捷|钟欣|李家|彼得|常平|重庆|吴雯|韩籍|瓯文|董某|皮特|杨建江南嘉捷,伟嘉安捷|钟欣|李家,伟嘉安捷|钟欣|李家|彼得|常平
298,想了解苹果最初的事,苹果,1,1,1,1.0,1.0,1.0,1.0,1.0,1.0,1.0,4,1,4,苹果|吴雯|瓯文|彼得|广安|名古屋|黄榕|李氏|皮特|董某|平阳|苹果晋身道指,苹果,苹果|吴雯|瓯文|广安
299,原创张驰乔布斯逝世已久,张驰,1,1,1,1.0,1.0,1.0,1.0,1.0,1.0,1.0,9,1,9,张驰|李氏|兰州市|波斯|曹志|平昌|奇高市|保山市|蚌飞市|张诗欢|张女士|胡琦,张驰,张驰|李氏|兰州市|波斯|曹志|平昌|奇高市|保山市|蚌飞市
300,而苹果的另一位联合创始人沃兹尼亚克还活跃在科技圈,苹果,1,1,1,1.0,1.0,1.0,1.0,1.0,1.0,1.0,7,1,7,苹果|常平|皮特|吴雯|彼得|平昌|郎平|杨扬|朱某|瓯文|故宫|董某,苹果,苹果|常平|皮特|吴雯|彼得|平昌|杨扬
301,乔帮主在首批苹果产品的开发中,苹果,1,1,1,1.0,1.0,1.0,1.0,1.0,1.0,1.0,6,2,6,苹果|常平|富平|彼得|郎平|吴雯|董某|瓯文|名古屋|邱宝昌|皮特|渝武,苹果|常平,苹果|常平|富平|彼得|董某|瓯文
302,苹果股价下跌百分之五分析师出现重大分歧搜狐科技,苹果,1,1,1,1.0,1.0,1.0,1.0,1.0,1.0,1.0,4,1,4,苹果|大分港|胡琦|吴雯|蚌飞市|彼得|佟健|赵宏|广西|故宫|敦煌|曹志,苹果,苹果|大分港|胡琦|故宫
303,本报记者纪佳鹏北京报道北京时间八月十二日,纪佳鹏,1,1,1,1.0,1.0,1.0,1.0,1.0,1.0,1.0,5,1,5,纪佳鹏|李家|李嘉诚|董某|吴雯|李洁|皮特|瓯文|孔磊|胡琦|朱某|广东,纪佳鹏,纪佳鹏|李家|李嘉诚|吴雯|瓯文
304,作为科技股领头羊的苹果股份当天下挫百分之二,苹果,1,1,1,1.0,1.0,1.0,1.0,1.0,1.0,1.0,4,1,4,苹果|董某|瓯文|吴雯|富平|彼得|韩国平昌|杨幼萍|郎平|名古屋|渝武|平阳,苹果,苹果|董某|瓯文|吴雯
305,人民币的贬值很可能会增加苹果设备进口的费用,苹果,1,1,1,1.0,1.0,1.0,1.0,1.0,1.0,1.0,4,1,4,苹果|彼得|董某|故宫|吴雯|朱某|黄榕|名古屋|罗宾|渝武|广安|平阳,苹果,苹果|彼得|董某|渝武
306,苹果股价的这轮连续下跌,苹果,1,1,1,1.0,1.0,1.0,1.0,1.0,1.0,1.0,4,1,4,苹果|彼得|银联|名古屋|瓯文|吴雯|渝武|朱某|董某|平阳|黄榕|故宫,苹果,苹果|彼得|名古屋|瓯文
307,苹果股价已下挫了百分之七十九,苹果,1,1,1,1.0,1.0,1.0,1.0,1.0,1.0,1.0,4,1,4,苹果|拓朗|彼得|瓯文|胡琦|吴雯|渝武|名古屋|董某|故宫|刘家义|李尚洙,苹果,苹果|拓朗|瓯文|名古屋
308,根据近期公布的苹果第三财季业业绩,苹果,1,1,1,1.0,1.0,1.0,1.0,1.0,1.0,1.0,4,1,4,苹果|梅姐|吴雯|富平|彼得|权义|瓯文|付敬懿|李洁|钟欣|重庆|韩籍,苹果,苹果|梅姐|吴雯|瓯文
309,该季度苹果大中华区营收为一百三十二点三亿美元,苹果,1,1,1,1.0,1.0,1.0,1.0,1.0,1.0,1.0,4,1,4,苹果|马云|吴雯|瓯文|彼得|董某|贩婴|黄榕|名古屋|渝武|胡琦|平阳,苹果,苹果|马云|吴雯|瓯文
310,赵伟国并未透露更多内容,赵伟国,1,1,1,1.0,1.0,1.0,1.0,1.0,1.0,1.0,4,1,4,赵伟国|王巍|拓朗|广安|彼得|瓯文|吴雯|故宫|奇冰|董某|平阳|吉娜,赵伟国,赵伟国|拓朗|广安|陈国强
311,沈阳机床董事长关锡友认为,关锡友,1,1,1,1.0,1.0,1.0,1.0,1.0,1.0,1.0,4,2,4,关锡友|广西|陕西|许绍洋|杨扬|瑞银|广安|朱某|京城|陈观鑫|吴雯|彼得,关锡友|广西,关锡友|广西|许绍洋|瑞银
312,中国的中高端嵌入式芯片全部从德国日本进口,德国,1,1,1,1.0,1.0,1.0,1.0,1.0,1.0,1.0,4,1,4,德国|彼得|陕西|吴雯|瓯文|吉娜|董某|广西|渝武|今久|朱某|西安,德国,德国|彼得|瓯文|董某
313,德国制造业最核心的技术就是嵌入式系统,德国,1,1,1,1.0,1.0,1.0,1.0,1.0,1.0,1.0,4,1,4,德国|瓯文|彼得|吴雯|京津冀|审计署|朱某|渝武|董某|广安|吉娜|黄榕,德国,德国|瓯文|彼得|董某
314,医生此次将对惠若琪的心脏进行微创手术,惠若琪,1,1,1,1.0,1.0,1.0,1.0,1.0,1.0,1.0,4,1,4,惠若琪|今久|吴雯|彼得|吉娜|邬雄|瓯文|黄榕|刘玮|大兴|朱某|董某,惠若琪,惠若琪|今久|邬雄|黄榕
315,惠若琪将在微创手术后回到南京调养,惠若琪,1,1,1,1.0,1.0,1.0,1.0,1.0,1.0,1.0,5,1,5,惠若琪|杨扬|郎平|韩籍|邬雄|彼得|吴雯|瓯文|董某|北京朝阳法院|胡琦|渝蓉,惠若琪,惠若琪|杨扬|郎平|韩籍|彼得
316,张蓉芳主持排管中心,张蓉芳,1,1,1,1.0,1.0,1.0,1.0,1.0,1.0,1.0,5,2,5,张蓉芳|钟欣|滕灵方|张林|赵宏|彼得|吴雯|张萌|重庆|周峰|广安|董某,张蓉芳|钟欣,张蓉芳|钟欣|滕灵方|张萌|周峰
317,明年春天普鲁申科将再次进行手术,普鲁申科,1,1,1,1.0,1.0,1.0,1.0,1.0,1.0,1.0,4,2,4,普鲁申科|银联|吴雯|拓朗|瓯文|彼得|邬雄|董某|渝武|修哥|黄榕|哈灵,普鲁申科|银联,普鲁申科|银联|吴雯|瓯文
318,普鲁申科的职业生涯却堪称多灾多难,普鲁申科,1,1,1,1.0,1.0,1.0,1.0,1.0,1.0,1.0,4,1,4,普鲁申科|吴雯|彼得|渝武|董某|瓯文|波斯|修哥|邬雄|名古屋|黄榕|朱某,普鲁申科,普鲁申科|吴雯|渝武|朱某
319,照片中看到普鲁申科的背部肌肉伤痕累累,普鲁申科,1,1,1,1.0,1.0,1.0,1.0,1.0,1.0,1.0,4,1,4,普鲁申科|孔磊|杨扬|垦区|吴雯|彼得|瓯文|胡琦|董某|马来|拓朗|黄榕,普鲁申科,普鲁申科|孔磊|杨扬|吴雯
320,普鲁申科出人意料地宣布复出,普鲁申科,1,1,1,1.0,1.0,1.0,1.0,1.0,1.0,1.0,4,1,4,普鲁申科|彼得|吴雯|胡琦|瓯文|龟趺|邬雄|渝武|修哥|董某|权义|平阳,普鲁申科,普鲁申科|彼得|胡琦|罗宾
321,普鲁申科被诊断患上了一种新的脊椎疾病,普鲁申科,1,3,3,0.0,1.0,1.0,1.0,1.0,0.0,1.0,4,1,4,奇冰|渭镇|普鲁申科|钟欣|大兴|上集镇|彼得|渝蓉|吴雯|瓯文|韦集村|美的集团,奇冰,奇冰|渭镇|普鲁申科|钟欣
322,普鲁申科将错过整个二零一五二零一六季一六赛季的比赛,普鲁申科,1,1,1,1.0,1.0,1.0,1.0,1.0,1.0,1.0,4,1,4,普鲁申科|彼得|渝武|温岭|吴雯|波斯|谢依霖|任珊|董某|黄榕|哈灵|瓯文,普鲁申科,普鲁申科|彼得|渝武|陕西
323,普鲁申科丝毫没有隐退的打算,普鲁申科,1,1,1,1.0,1.0,1.0,1.0,1.0,1.0,1.0,4,1,4,普鲁申科|彼得|波斯|吴雯|瓯文|修哥|渝武|皮特|黄榕|董某|邬雄|玮甯,普鲁申科,普鲁申科|彼得|瓯文|皮特
324,他还在积极地为二零一八年韩国平昌冬奥会进行着准备,平昌|韩国平昌,2,1,2,0.5,1.0,1.0,1.0,1.0,1.0,1.0,5,2,5,韩国平昌|平昌|朱某|彼得|吴雯|董某|瓯文|胡琦|刘玮|韩籍|黄榕|渝武,韩国平昌|平昌,韩国平昌|平昌|朱某|彼得|瓯文
325,朴泰桓无法加入海外先进的训练团队进行训练,朴泰桓,1,1,1,1.0,1.0,1.0,1.0,1.0,1.0,1.0,4,1,4,朴泰桓|渝武|吴雯|胡枫|邬雄|胡琦|赵宏|巴西队|彼得|朱某|董某|大韩,朴泰桓,朴泰桓|渝武|吴雯|巴西队
326,韩国媒体报道称朴泰桓确实人在日本,朴泰桓,1,11,11,0.0,0.0,0.0,1.0,0.0,0.0,0.0,4,1,4,德国|广安|彼得|吴雯|黄榕|瓯文|邱宝昌|渝武|敦煌|董某|朴泰桓|大韩,德国,德国|广安|彼得|瓯文
327,二十一日抵达日本的朴泰桓目前确实在东京,朴泰桓,1,1,1,1.0,1.0,1.0,1.0,1.0,1.0,1.0,4,1,4,朴泰桓|彼得|重庆|黄榕|吴雯|吉娜|瓯文|朱某|董某|荆州|桃太郎|渝武,朴泰桓,朴泰桓|彼得|重庆|瓯文
328,首先要跨过大韩体育会这一关,大韩,1,1,1,1.0,1.0,1.0,1.0,1.0,1.0,1.0,5,1,5,大韩|刘玮|广安|李晖|瓯文|黄榕|彼得|吴雯|苹果|渝武|北京市体育局|平阳,大韩,大韩|刘玮|广安|李晖|瓯文
329,朴泰桓的禁期禁赛期将在明年三月期满,朴泰桓,1,88,88,0.0,0.0,0.0,0.0,0.0,0.0,0.0,5,1,5,银联|黄榕|皮特|彼得|董某|瓯文|吴雯|胡琦|朱某|渝武|李的话|陕西,银联,银联|黄榕|皮特|彼得|瓯文
330,义不容辞地想拯救运动生涯在绝境中的朴泰桓,朴泰桓,1,35,35,0.0,0.0,0.0,0.0,0.0,0.0,0.0,4,1,4,荆州|黄榕|吴雯|彼得|广安|瓯文|董某|张保仔|朱某|渝武|平阳|名古屋,荆州,荆州|吴雯|瓯文|朱某
331,大韩体育会这一计划的顺利实施,大韩,1,1,1,1.0,1.0,1.0,1.0,1.0,1.0,1.0,4,1,4,大韩|刘玮|李晖|彼得|吴雯|黄榕|瓯文|平阳|李的话|温岭|渝武|董某,大韩,大韩|刘玮|黄榕|瓯文
332,民众自然会支持大韩体育会给他一个人修改规则,大韩,1,1,1,1.0,1.0,1.0,1.0,1.0,1.0,1.0,4,1,4,大韩|彼得|吴雯|瓯文|黄榕|董某|渭镇|刘玮|李晖|渝武|平阳|贵港,大韩,大韩|彼得|瓯文|黄榕
333,朴泰桓会面临更加严峻的舆论环境,朴泰桓,1,16,16,0.0,0.0,0.0,0.0,0.0,0.0,0.0,4,1,4,黄榕|李晖|刘玮|敦煌|彼得|吴雯|佟健|银联|渝蓉|皮特|邓泽惠|董某,黄榕,黄榕|李晖|银联|渝蓉
334,朴泰桓和美容院都互不相让,朴泰桓,1,2,2,0.0,1.0,1.0,1.0,1.0,0.0,1.0,5,1,5,黄榕|朴泰桓|彼得|大韩|吴雯|桃太郎|董某|敦煌|瓯文|广安|赵宏|龙湾,黄榕,黄榕|朴泰桓|彼得|大韩|桃太郎
335,退役之后的高桥大辅并未远离公众视线,高桥大辅,1,1,1,1.0,1.0,1.0,1.0,1.0,1.0,1.0,6,2,6,高桥大辅|高桥大辅丝|故宫|吴雯|彼得|瓯文|董某|莒溪大峡谷|渝武|平阳|朱某|玮甯,高桥大辅|高桥大辅丝,高桥大辅|高桥大辅丝|故宫|吴雯|瓯文|朱某
336,其首脑恩斯特布鲁菲尔是邦德的最终敌人,邦德,1,1,1,1.0,1.0,1.0,1.0,1.0,1.0,1.0,4,1,4,邦德|吴雯|彼得|格里格尔特拉贝尔|皮特|蚌飞市|黄榕|董某|瓯文|李氏|拓朗|朱某,邦德,邦德|吴雯|格里格尔特拉贝尔|皮特
337,这个角色拥有一只白色的波斯猫作为自己的宠物,波斯,1,1,1,1.0,1.0,1.0,1.0,1.0,1.0,1.0,4,1,4,波斯|乔致庸|朱某|吴雯|彼得|董某|瓯文|拓朗|邬雄|胡琦|刘玮|杨扬,波斯,波斯|乔致庸|吴雯|瓯文
338,清华附小昨迎百年校庆校长诠释成志教育理念,成志教育,1,1,1,1.0,1.0,1.0,1.0,1.0,1.0,1.0,5,1,5,成志教育|吴雯|黄榕|彼得|邬雄|朱某|董某|曹志|瓯文|张驰|渝武|敦煌,成志教育,成志教育|吴雯|黄榕|邬雄|朱某
339,清华附小校长窦桂海诠释成志教育理念,成志教育,1,1,1,1.0,1.0,1.0,1.0,1.0,1.0,1.0,4,1,4,成志教育|吴雯|邬雄|王晓宇|朱某|瓯文|陈势安|喻莉|彼得|董某|渝武|陈昊芝,成志教育,成志教育|邬雄|朱某|陈势安
340,清晨飘来辣眼白雾济南八名村民中毒入院,济南,1,1,1,1.0,1.0,1.0,1.0,1.0,1.0,1.0,5,2,5,济南|吉娜|京城|西安|新城|吴雯|彼得|哈灵|蓝莹|董某|胡琦|黎胜明,济南|吉娜,济南|吉娜|京城|西安|新城
341,记者李焜染摄十三日早晨,李焜染,1,1,1,1.0,1.0,1.0,1.0,1.0,1.0,1.0,4,1,4,李焜染|黄立坤|彼得|孔磊|罗宾|董某|吴雯|李晖|朱某|杨扬|科林|平阳,李焜染,李焜染|黄立坤|董某|杨扬
342,十四日开宝马来上班重庆晨报记者罗伟雷罗伟雷键摄,罗伟雷罗伟雷|马来|重庆,3,1,28,0.3333333333333333,0.3333333333333333,0.6666666666666666,0.6666666666666666,0.6666666666666666,0.3333333333333333,0.6666666666666666,6,2,6,重庆|刘玮|孔磊|李晖|王巍|马来|威灵|新京报|彼得|瓯文|李洁|吴雯,重庆|刘玮,重庆|刘玮|孔磊|李晖|王巍|马来
343,制图黄欣晨报记者佟继萍王亦菲实习生张诗欢,佟继萍|王亦菲|黄欣晨报|张诗欢,4,1,5,0.25,0.75,1.0,1.0,1.0,0.75,1.0,14,4,12,佟继萍|张诗欢|王亦菲|王晓飞|黄欣晨报|王婷|张小飞|纪佳鹏|广安|蚌飞市|张驰|成飞,佟继萍|张诗欢|王亦菲|王晓飞,佟继萍|张诗欢|王亦菲|王晓飞|黄欣晨报|王婷|张小飞|纪佳鹏|广安|蚌飞市|张驰|成飞
344,据伟嘉安捷提供的数据显示,伟嘉安捷,1,1,1,1.0,1.0,1.0,1.0,1.0,1.0,1.0,4,1,4,伟嘉安捷|韩籍|李家|西安|吴雯|彼得|瓯文|许玮甯|皮特|渝武|董某|李嘉诚,伟嘉安捷,伟嘉安捷|韩籍|西安|皮特
345,伟嘉安捷对中新网房产频道表示,伟嘉安捷,1,1,1,1.0,1.0,1.0,1.0,1.0,1.0,1.0,5,2,5,伟嘉安捷|钟欣|李家|韩籍|吴雯|彼得|瓯文|重庆|董某|渝武|吉娜|李洁,伟嘉安捷|钟欣,伟嘉安捷|钟欣|李家|韩籍|重庆
346,推动苹果柑橘等优势园艺产品生产,苹果,1,1,1,1.0,1.0,1.0,1.0,1.0,1.0,1.0,5,1,5,苹果|权义|常平|颜妮|吴雯|瓯文|徐云丽|彼得|名古屋|渝武|董某|平阳,苹果,苹果|权义|常平|颜妮|瓯文
347,苹果的股价有一定的波动规律,苹果,1,1,1,1.0,1.0,1.0,1.0,1.0,1.0,1.0,4,1,4,苹果|渝武|彼得|吴雯|瓯文|名古屋|天府古镇|董某|玮甯|贵港|黄榕|平阳,苹果,苹果|渝武|彼得|名古屋
348,孙永杰对二十一世纪报道记者表示,孙永杰,1,1,1,1.0,1.0,1.0,1.0,1.0,1.0,1.0,4,1,4,孙永杰|吴雯|董某|李洁|渝武|平阳|玮甯|韩籍|黄榕|彼得|胡琦|瓯文,孙永杰,孙永杰|董某|渝武|韩国队
349,苹果的股价会随着销量相反,苹果,1,1,1,1.0,1.0,1.0,1.0,1.0,1.0,1.0,4,1,4,苹果|彼得|吴雯|瓯文|名古屋|黄榕|董某|渝武|天府古镇|朱某|平阳|广安,苹果,苹果|彼得|瓯文|名古屋
350,苹果在二零一四年营收为二百二十二亿美元,苹果,1,1,1,1.0,1.0,1.0,1.0,1.0,1.0,1.0,4,1,4,苹果|马云|彼得|吴雯|董某|瓯文|渝武|名古屋|朱某|平阳|玮甯|二瓦特,苹果,苹果|马云|彼得|瓯文
351,苹果高端市场已经确立了一个独一无二的地位,苹果,1,1,1,1.0,1.0,1.0,1.0,1.0,1.0,1.0,4,1,4,苹果|吴雯|名古屋|瓯文|彼得|邬雄|胡枫|渝武|修哥|董某|黄榕|朱某,苹果,苹果|吴雯|名古屋|瓯文
352,苹果有两个竞争对手,苹果,1,1,1,1.0,1.0,1.0,1.0,1.0,1.0,1.0,4,1,4,苹果|吴雯|瓯文|彼得|名古屋|渝武|董某|安靖镇|广安|黄榕|苹果晋身道指|渭镇,苹果,苹果|吴雯|瓯文|名古屋
353,苹果在高端市场击溃了对手,苹果,1,1,1,1.0,1.0,1.0,1.0,1.0,1.0,1.0,4,1,4,苹果|名古屋|吴雯|彼得|瓯文|渝武|董某|拓朗|黄榕|常平|玮甯|奇冰,苹果,苹果|名古屋|吴雯|瓯文
354,而这对于未来苹果保持高利润和利润率至关重要,苹果,1,1,1,1.0,1.0,1.0,1.0,1.0,1.0,1.0,4,1,4,苹果|喻莉|彼得|曹志|广安|温岭|李银河|吴雯|郎平|徐云丽|富平|名古屋,苹果,苹果|喻莉|广安|杨扬
355,这对苹果是一个利好,苹果,1,1,1,1.0,1.0,1.0,1.0,1.0,1.0,1.0,4,2,4,苹果|李伟豪|吴雯|瓯文|彼得|名古屋|渝武|黄榕|董某|平阳|朱某|温岭,苹果|李伟豪,苹果|李伟豪|瓯文|名古屋
356,苹果已然可以单点突破,苹果,1,1,1,1.0,1.0,1.0,1.0,1.0,1.0,1.0,4,1,4,苹果|名古屋|彼得|吴雯|瓯文|渝武|朱某|董某|皮特|平阳|银联|渝蓉,苹果,苹果|名古屋|彼得|瓯文
357,来自广西的苏女士说家长对孩子安全的关心,广西,1,1,1,1.0,1.0,1.0,1.0,1.0,1.0,1.0,5,1,5,广西|滕女士|张女士|关锡友|重庆|广东|彼得|陕西|陈观鑫|郑女士|吴雯|李氏,广西,广西|滕女士|张女士|关锡友|广东
358,称高桥大辅可能在一段时间里出柜,高桥大辅,1,1,1,1.0,1.0,1.0,1.0,1.0,1.0,1.0,5,2,5,高桥大辅|高桥大辅丝|黄榕|彼得|胡琦|吴雯|董某|瓯文|邬雄|朱某|贵港|龟趺,高桥大辅|高桥大辅丝,高桥大辅|高桥大辅丝|彼得|胡琦|朱某
359,高桥大辅堪称日本花样滑冰男单领域的领军人物,高桥大辅,1,1,1,1.0,1.0,1.0,1.0,1.0,1.0,1.0,7,2,7,高桥大辅|高桥大辅丝|彼得|黄榕|吴雯|奇冰|喻莉|哈灵|胡琦|董某|富林愚|瓯文,高桥大辅|高桥大辅丝,高桥大辅|高桥大辅丝|彼得|黄榕|吴雯|胡琦|罗宾
360,高桥大辅丝毫不加掩饰,高桥大辅|高桥大辅丝,2,1,2,0.5,1.0,1.0,1.0,1.0,1.0,1.0,5,2,5,高桥大辅|高桥大辅丝|吴雯|瓯文|彼得|渝武|李氏|邬雄|黄榕|张驰|董某|胡琦,高桥大辅|高桥大辅丝,高桥大辅|高桥大辅丝|吴雯|瓯文|朱某
361,高桥大辅则是噘着嘴做出索吻的动作,高桥大辅,1,1,1,1.0,1.0,1.0,1.0,1.0,1.0,1.0,5,2,5,高桥大辅|高桥大辅丝|彼得|吴雯|董某|胡琦|瓯文|朱某|松本|平阳|渝武|邬雄,高桥大辅|高桥大辅丝,高桥大辅|高桥大辅丝|彼得|胡琦|朱某
362,而对于他的好友小林尊,小林尊,1,1,1,1.0,1.0,1.0,1.0,1.0,1.0,1.0,4,1,4,小林尊|吴雯|瓯文|渝武|彼得|孝陵驮碑|董某|徐濠|瑞银|平阳|朱某|黄榕,小林尊,小林尊|吴雯|瓯文|朱某
363,高桥大辅因为其比赛风格的妖娆多变,高桥大辅,1,1,1,1.0,1.0,1.0,1.0,1.0,1.0,1.0,5,2,5,高桥大辅|高桥大辅丝|瓯文|吴雯|彼得|胡枫|董某|黄榕|奇冰|胡琦|张驰|朱某,高桥大辅|高桥大辅丝,高桥大辅|高桥大辅丝|瓯文|吴雯|朱某
364,退役前高桥大辅曾与花滑女神浅田真央传出恋情,高桥大辅,1,1,1,1.0,1.0,1.0,1.0,1.0,1.0,1.0,5,2,5,高桥大辅|高桥大辅丝|彼得|胡琦|权义|吴雯|邬雄|付敬懿|黄榕|朴泰桓|董某|瓯文,高桥大辅|高桥大辅丝,高桥大辅|高桥大辅丝|彼得|胡琦|陈定
365,如今和小林尊出双入对,小林尊,1,1,1,1.0,1.0,1.0,1.0,1.0,1.0,1.0,4,1,4,小林尊|吴雯|邬雄|瓯文|渝武|彼得|罗宾|董某|胡琦|孝陵驮碑|朱某|张蓉芳,小林尊,小林尊|吴雯|邬雄|罗宾
366,高桥大辅应该是他的新欢,高桥大辅,1,1,1,1.0,1.0,1.0,1.0,1.0,1.0,1.0,5,2,5,高桥大辅|高桥大辅丝|邬雄|吴雯|瓯文|胡琦|彼得|黄榕|希饭|渝武|朱某|董某,高桥大辅|高桥大辅丝,高桥大辅|高桥大辅丝|邬雄|吴雯|朱某
367,来自中国的赛艇选手崔帅豪说,崔帅豪,1,1,1,1.0,1.0,1.0,1.0,1.0,1.0,1.0,4,1,4,崔帅豪|邬雄|彼得|董某|吴雯|瓯文|渝武|大禹村|哈灵|德国|一村一品强村|钟落潭竹一村民,崔帅豪,崔帅豪|邬雄|董某|德国
368,将在本届美国电影学会影展中进行秘密放映,美国电影学会,1,1,1,1.0,1.0,1.0,1.0,1.0,1.0,1.0,4,1,4,美国电影学会|贩婴|董某|吴雯|彼得|渝武|美芝|梅姐|瓯文|朱某|黄榕|刘玮,美国电影学会,美国电影学会|贩婴|董某|吴雯
369,陈冠希前女友嫩模黄榕在香港书展出席写真宣传活动,黄榕,1,3,3,0.0,1.0,1.0,1.0,1.0,1.0,1.0,6,3,6,陈观鑫|广西|黄榕|陕西|西安|陈妍希|董某|朱某|吴雯|彼得|瓯文|广安,陈观鑫|广西|黄榕,陈观鑫|广西|黄榕|陕西|西安|吴雯
370,黄榕坦言可能他做了太多运动,黄榕,1,1,1,1.0,1.0,1.0,1.0,1.0,1.0,1.0,4,1,4,黄榕|董某|哈灵|彼得|吴雯|朱某|邬雄|渝武|瓯文|拓朗|温岭|威灵,黄榕,黄榕|哈灵|朱某|邬雄
371,黄宗泽绯闻女友等女星,黄宗泽,1,1,1,1.0,1.0,1.0,1.0,1.0,1.0,1.0,4,1,4,黄宗泽|吴雯|黄榕|彼得|瓯文|渝武|广东|董某|荆州|吉娜|成飞|胡枫,黄宗泽,黄宗泽|吴雯|黄榕|瓯文
372,目前正在根据海事部门的要求开往盐城大分港,大分港,1,1,1,1.0,1.0,1.0,1.0,1.0,1.0,1.0,4,1,4,大分港|大兴|吴雯|瓯文|朱某|广安|董某|贵港|彼得|渝武|故宫|颜妮,大分港,大分港|大兴|瓯文|朱某
373,快报讯通讯员李欢乐记者王晓宇八月二六日,王晓宇,1,1,1,1.0,1.0,1.0,1.0,1.0,1.0,1.0,7,1,7,王晓宇|钟欣|王晓飞|渝武|李晖|张春雨|广安|马云|彼得|张晓雅|李银河|邬雄,王晓宇,王晓宇|钟欣|王晓飞|渝武|李晖|张春雨|工信部
374,渝武高速武胜段发生追尾事故已造成六死九伤,渝武,1,1,1,1.0,1.0,1.0,1.0,1.0,1.0,1.0,5,1,5,渝武|渝蓉高速|吴雯|甘肃|彼得|邬雄|胡枫|董某|邬迪|瓯文|奇高市|好莱坞,渝武,渝武|渝蓉高速|吴雯|甘肃|董某
375,记者从广安消防部门获悉,广安,1,1,1,1.0,1.0,1.0,1.0,1.0,1.0,1.0,4,1,4,广安|吴雯|彼得|胡琦|瓯文|吉娜|温岭|渝武|奇冰|西安|拓朗|波斯,广安,广安|吴雯|胡琦|皮特
376,渝蓉高速四川段计划明年通车被称最拖沓高速,渝蓉|渝蓉高速,2,1,2,0.5,1.0,1.0,1.0,1.0,1.0,1.0,5,3,5,渝蓉高速|渝蓉|银联|甘肃|奇高市|彼得|吴雯|渝武|董某|吉娜|瓯文|斯利,渝蓉高速|渝蓉|银联,渝蓉高速|渝蓉|银联|奇高市|董某
377,渝蓉高速四川段因烂尾被称为最拖沓高速,渝蓉|渝蓉高速,2,1,2,0.5,1.0,1.0,1.0,1.0,1.0,1.0,5,2,5,渝蓉高速|渝蓉|吴雯|甘肃|奇高市|蓝莹|彼得|赖慰玲|渝武|威灵|瓯文|朱某,渝蓉高速|渝蓉,渝蓉高速|渝蓉|吴雯|甘肃|蓝莹
378,渝蓉高速四川段资金断裂烂尾已修了六年,渝蓉|渝蓉高速,2,11,26,0.0,0.0,0.0,0.5,0.0,0.0,0.0,4,1,4,赖慰玲|奇高市|渝武|吴雯|李氏|瓯文|董某|彼得|波斯|斯利|渝蓉|拓朗,赖慰玲,赖慰玲|奇高市|董某|斯利
379,蚌飞市发生一起惨剧,蚌飞市,1,1,1,1.0,1.0,1.0,1.0,1.0,1.0,1.0,4,1,4,蚌飞市|王巍|吴雯|朱圣祎|彼得|瓯文|渝武|垦区|董某|朱某|平阳|玮甯,蚌飞市,蚌飞市|吴雯|垦区|董某
380,山水湾小区斜对面的一处工地旁,山水湾,1,1,1,1.0,1.0,1.0,1.0,1.0,1.0,1.0,5,1,5,山水湾|政协|故宫|吴雯|邬雄|瓯文|渝武|王晓宇|彼得|广安|董某|黄榕,山水湾,山水湾|政协|故宫|吴雯|邬雄
381,长沙县湘龙西路一处十字路口,湘龙西路,1,1,1,1.0,1.0,1.0,1.0,1.0,1.0,1.0,4,1,4,湘龙西路|云林县|保山市|项锐|瓯文|吴雯|董某|朱某|渝武|彼得|任珊|施王祥,湘龙西路,湘龙西路|云林县|项锐|吴雯
382,省城政务区习友路与怀宁路交叉口,习友路,1,1,1,1.0,1.0,1.0,1.0,1.0,1.0,1.0,4,1,4,习友路|黄榕|渭镇|京城|哈灵|贩婴|章某|董某|吴雯|西安|希饭|瓯文,习友路,习友路|渭镇|京城|贩婴
383,唐山乐亭一船队在渤海与一山东渔船发生纠纷,唐山乐亭一船队,1,1,1,1.0,1.0,1.0,1.0,1.0,1.0,1.0,5,1,5,唐山乐亭一船队|嵩山|渝蓉|渝武|董某|彼得|付敬懿|吴雯|瓯文|喻莉|虞一杰|任珊,唐山乐亭一船队,唐山乐亭一船队|嵩山|渝蓉|渝武|董某
384,与韩国西海相连的中国渤海湾由于垃圾堆积,渤海湾,1,1,1,1.0,1.0,1.0,1.0,1.0,1.0,1.0,4,1,4,渤海湾|哈立|德国|广西|彼得|渝武|瓯文|吴雯|叶乔波|黄榕|西安|董某,渤海湾,渤海湾|哈立|渝武|叶乔波
385,有人忧虑渤海湾的污染会直接影响到韩国西部海域,渤海湾,1,1,1,1.0,1.0,1.0,1.0,1.0,1.0,1.0,4,1,4,渤海湾|马云|西安|黄榕|彼得|吴雯|董某|渝武|陕西|奇冰|希饭|广西,渤海湾,渤海湾|马云|西安|彼得
386,渤海湾溢油事故赔偿案宣判康菲公司被判赔一六八万,渤海湾,1,1,1,1.0,1.0,1.0,1.0,1.0,1.0,1.0,4,1,4,渤海湾|彼得|成飞|瓯文|吴雯|龙湾|渝武|董某|西安|黄榕|故宫|王巍,渤海湾,渤海湾|彼得|成飞|瓯文
387,温岭倒塌厂房系违章建筑涉事负责人已被控制,温岭,1,4,4,0.0,0.0,1.0,1.0,0.0,0.0,0.0,4,1,4,威灵|科林|吴雯|温岭|希饭|陕西|许玮甯|瓯文|渭镇|彼得|银联|董某,威灵,威灵|科林|吴雯|陕西
388,浙江温岭市大溪镇发生鞋厂厂房倒塌事故,温岭,1,7,7,0.0,0.0,0.0,1.0,0.0,0.0,0.0,4,1,4,威灵|渝武|李氏|科林|大兴|吴雯|温岭|彼得|瓯文|成飞|常平|礼贤镇,威灵,威灵|渝武|李氏|常平
389,温岭医院助理殴打女病人五年后提拔为副院长,温岭,1,16,16,0.0,0.0,0.0,0.0,0.0,0.0,0.0,4,1,4,威灵|科林|彼得|章某|奇冰|吴雯|谢依霖|哈灵|邬迪|董某|张林|今久,威灵,威灵|科林|彼得|朱某
390,此关于滕灵方此后晋升为副院长一事,滕灵方,1,1,1,1.0,1.0,1.0,1.0,1.0,1.0,1.0,4,1,4,滕灵方|李氏|京城|吴雯|瓯文|科林|广安|董某|渝武|今久|哈灵|彼得,滕灵方,滕灵方|李氏|广安|孔磊
391,该医院党委书记杨幼萍向晚报记者表示,杨幼萍,1,1,1,1.0,1.0,1.0,1.0,1.0,1.0,1.0,4,1,4,杨幼萍|金陵晚报|董某|彼得|渝武|龙湾|吴雯|南粤|银联|郎平|平阳|广安,杨幼萍,杨幼萍|董某|彼得|银联
392,这个数据不及苹果的一个季度,苹果,1,1,1,1.0,1.0,1.0,1.0,1.0,1.0,1.0,4,1,4,苹果|吴雯|彼得|平阳|瓯文|名古屋|玮甯|胡琦|董某|渝武|广安|朱某,苹果,苹果|吴雯|平阳|瓯文
393,因此不能表示苹果没有新的业务增长点,苹果,1,1,1,1.0,1.0,1.0,1.0,1.0,1.0,1.0,4,1,4,苹果|渝武|吉娜|吴雯|彼得|名古屋|瓯文|平昌|董某|苹果晋身道指|富平|张驰,苹果,苹果|渝武|吉娜|名古屋
394,本报记者纪佳鹏北京报道北京时间八月十二日,纪佳鹏,1,1,1,1.0,1.0,1.0,1.0,1.0,1.0,1.0,5,1,5,纪佳鹏|李家|李嘉诚|董某|吴雯|朱某|瓯文|金报讯|彼得|新京报|胡琦|哈立,纪佳鹏,纪佳鹏|李家|李嘉诚|吴雯|瓯文
395,作为科技股领头羊的苹果股价当天下挫百分之二,苹果,1,1,1,1.0,1.0,1.0,1.0,1.0,1.0,1.0,4,1,4,苹果|杨幼萍|瓯文|吴雯|郎平|富平|董某|彼得|渝武|黄榕|故宫|朱某,苹果,苹果|杨幼萍|吴雯|董某
396,苹果股票每分钟交易量已超过六百七十万股,苹果,1,1,1,1.0,1.0,1.0,1.0,1.0,1.0,1.0,4,1,4,苹果|故宫|吴雯|瓯文|名古屋|奇冰|彼得|广安|渝武|董某|胡琦|德国,苹果,苹果|故宫|吴雯|瓯文
397,瞬间将苹果估价拉低了至少百分之六,苹果,1,1,1,1.0,1.0,1.0,1.0,1.0,1.0,1.0,4,1,4,苹果|渝武|包尔江|湛江|彼得|吴雯|瓯文|邬雄|哈立|名古屋|温岭|常平,苹果,苹果|渝武|包尔江|名古屋
398,成为苹果近三个月以来股价下跌最严重的一次,苹果,1,1,1,1.0,1.0,1.0,1.0,1.0,1.0,1.0,4,1,4,苹果|吴雯|董某|黄榕|瓯文|朱某|彼得|苹果晋身道指|渝武|名古屋|广安|常平,苹果,苹果|吴雯|董某|瓯文
399,苹果股价一度每分钟跌幅已破百分之三,苹果,1,1,1,1.0,1.0,1.0,1.0,1.0,1.0,1.0,4,1,4,苹果|吴雯|瓯文|广安|彼得|董某|朱某|名古屋|平阳|渝武|黄榕|斯利,苹果,苹果|吴雯|瓯文|广安
400,此举或与摩根士丹利下调苹果股票持股比例有关,苹果,1,1,1,1.0,1.0,1.0,1.0,1.0,1.0,1.0,4,1,4,苹果|广安|故宫|吴雯|关锡友|彼得|哈立|富平|董某|马云|渝武|斯利,苹果,苹果|广安|吴雯|渝武
401,同时将苹果持股比例由百分之四下调至百分之三,苹果,1,1,1,1.0,1.0,1.0,1.0,1.0,1.0,1.0,4,2,4,苹果|曹志|彼得|董某|瓯文|吴雯|乔致庸|名古屋|故宫|渝武|黄榕|斯利,苹果|曹志,苹果|曹志|董某|瓯文
402,苹果领头的股价闪崩原因可能比想象中的更为复杂,苹果,1,1,1,1.0,1.0,1.0,1.0,1.0,1.0,1.0,4,1,4,苹果|龟趺|施王祥|彼得|项锐|吴雯|邬雄|渝武|颜妮|瓯文|董某|湛江,苹果,苹果|龟趺|彼得|邬雄
403,苹果股价闪崩只是正常股票套利的表现,苹果,1,1,1,1.0,1.0,1.0,1.0,1.0,1.0,1.0,4,1,4,苹果|彼得|吴雯|名古屋|哈灵|哈立|瓯文|故宫|董某|广安|黄榕|渝武,苹果,苹果|彼得|名古屋|瓯文
404,苹果股价相较十月份低点已经上涨约百分之二十五,苹果,1,1,1,1.0,1.0,1.0,1.0,1.0,1.0,1.0,4,1,4,苹果|邬迪|吴雯|董某|彼得|瓯文|章某|渝武|朱某|故宫|广安|平阳,苹果,苹果|邬迪|吴雯|董某
405,纳斯达克在此期间只涨了百分之十,纳斯达克,1,1,1,1.0,1.0,1.0,1.0,1.0,1.0,1.0,4,2,4,纳斯达克|李斯达|皮特|波斯|维斯多尔|吴雯|玛卡|彼得|朱某|瓯文|渝武|董某,纳斯达克|李斯达,纳斯达克|李斯达|皮特|瓯文
406,苹果股票每分钟交易量已超过六十七万股,苹果,1,1,1,1.0,1.0,1.0,1.0,1.0,1.0,1.0,4,1,4,苹果|故宫|胡琦|瓯文|彼得|奇冰|吴雯|渝武|名古屋|德国|广安|董某,苹果,苹果|故宫|胡琦|彼得
407,这不仅创下苹果公司自二零一四年,苹果,1,1,1,1.0,1.0,1.0,1.0,1.0,1.0,1.0,4,1,4,苹果|名古屋|吴雯|彼得|中国游戏公司|瓯文|董某|重庆|谢依霖|付敬懿|渝武|玮甯,苹果,苹果|名古屋|吴雯|瓯文
408,苹果背后那行字应该在每个中国人心里搜狐科技,苹果,1,1,1,1.0,1.0,1.0,1.0,1.0,1.0,1.0,4,1,4,苹果|吴雯|董某|赵宏|渝武|彼得|黄榕|瓯文|平阳|大韩|美芝|玮甯,苹果,苹果|吴雯|董某|赵宏
409,翻译过来就是加利福尼亚苹果公司设计,苹果,1,1,1,1.0,1.0,1.0,1.0,1.0,1.0,1.0,6,2,6,苹果|哈立|哈灵|麻丽贤|贩婴|广安|科林|故宫|吉娜|张林|吴雯|李家,苹果|哈立,苹果|哈立|哈灵|麻丽贤|贩婴|广安
410,像苹果这样在产品上强调在本国设计的很少,苹果,1,1,1,1.0,1.0,1.0,1.0,1.0,1.0,1.0,5,2,5,苹果|常平|吴雯|彼得|名古屋|吉娜|朱某|董某|瓯文|郎平|奇冰|陈定,苹果|常平,苹果|常平|吴雯|名古屋|瓯文
411,意大利选手弗菜戈也说我们在来里约之前,弗菜戈,1,1,1,1.0,1.0,1.0,1.0,1.0,1.0,1.0,6,1,6,弗菜戈|彼得|哈立|邬雄|吴雯|皮特|董某|渝武|瓯文|哈灵|黄榕|龟趺,弗菜戈,弗菜戈|彼得|哈立|邬雄|皮特|董某
412,北京市体育局副局长孙学才宣布比赛开幕,北京市体育局,1,1,1,1.0,1.0,1.0,1.0,1.0,1.0,1.0,4,1,4,北京市体育局|渝武|朱某|吴雯|董某|彼得|瓯文|黄榕|邬雄|今久|杨扬|名古屋,北京市体育局,北京市体育局|渝武|朱某|吴雯
413,并邀请京城排球界全部媒体参加报道,京城,1,1,1,1.0,1.0,1.0,1.0,1.0,1.0,1.0,4,1,4,京城|新城|彼得|权义|吴雯|瓯文|朱某|陈嘉宝|今久|胡琦|董某|金坛,京城,京城|新城|瓯文|陈嘉宝
414,因参演剧集殭而与陈嘉宝及赖慰玲成为好姐妹,赖慰玲|陈嘉宝,2,1,2,0.5,1.0,1.0,1.0,1.0,1.0,1.0,5,3,5,赖慰玲|陈嘉宝|威灵|许玮甯|李嘉诚|李伟豪|贩婴|成志教育|陈露|瓯文|吴雯|张贵林,赖慰玲|陈嘉宝|威灵,赖慰玲|陈嘉宝|威灵|李伟豪|陈定
415,陈嘉宝昨天六月二十三日将大合照上传个人主页,陈嘉宝,1,1,1,1.0,1.0,1.0,1.0,1.0,1.0,1.0,5,1,5,陈嘉宝|祖耶夫|赵宏|吴雯|董某|瓯文|彼得|大韩|渝武|新京报|平阳|李嘉诚,陈嘉宝,陈嘉宝|祖耶夫|赵宏|吴雯|大韩
416,除了看见陈嘉宝及赖慰玲外,赖慰玲|陈嘉宝,2,1,2,0.5,1.0,1.0,1.0,1.0,1.0,1.0,5,3,5,陈嘉宝|赖慰玲|威灵|吴雯|重庆|瓯文|吉娜|陈定|朱某|张贵林|李伟豪|渝武,陈嘉宝|赖慰玲|威灵,陈嘉宝|赖慰玲|威灵|吴雯|重庆
417,亮点正是与陈凯琳互相了解中郑嘉颖也有出席,郑嘉颖,1,1,1,1.0,1.0,1.0,1.0,1.0,1.0,1.0,9,2,9,郑嘉颖|邬雄|李洁|吴雯|科林|张贵林|哈灵|刘家义|张锦麟|董某|哈立|颜妮,郑嘉颖|邬雄,郑嘉颖|邬雄|李洁|吴雯|科林|张贵林|哈灵|董某|渭镇
418,陈凯琳田心妮等出席新剧开机机仪式,田心妮,1,1,1,1.0,1.0,1.0,1.0,1.0,1.0,1.0,8,1,8,田心妮|张贵林|科林|李氏|钟欣|张锦麟|哈灵|哈立|陈观鑫|彼得|吴雯|陕西,田心妮,田心妮|张贵林|科林|李氏|钟欣|张锦麟|陈观鑫|陕西
419,谈及此前她曾到横店探班郑嘉颖,郑嘉颖,1,1,1,1.0,1.0,1.0,1.0,1.0,1.0,1.0,4,2,4,郑嘉颖|韩籍|佟健|吴雯|颜妮|黄榕|哈灵|温岭|渝武|银联|瓯文|朱某,郑嘉颖|韩籍,郑嘉颖|韩籍|佟健|银联
420,昨晚张保仔播映大结局故演员齐集饭局以及庆祝,张保仔,1,1,1,1.0,1.0,1.0,1.0,1.0,1.0,1.0,4,1,4,张保仔|袁两|马云|瓯文|吴雯|董某|龙湾|渝蓉|南粤|广安|杨扬|贩婴,张保仔,张保仔|袁两|马云|银联
421,一直传他跟洪永城不和,洪永城,1,1,1,1.0,1.0,1.0,1.0,1.0,1.0,1.0,5,1,5,洪永城|平昌|彼得|黄榕|京城|渝武|龙湾|吴雯|王颖春|孔磊|大禹村|瓯文,洪永城,洪永城|平昌|彼得|黄榕|孔磊
422,温岭鞋厂倒塌事故已一四人遇难鞋厂老板被控制,温岭,1,3,3,0.0,1.0,1.0,1.0,0.0,0.0,0.0,4,1,4,威灵|科林|温岭|孔磊|哈灵|张林|吴雯|吉娜|黄榕|董某|瓯文|王婷,威灵,威灵|科林|孔磊|哈灵
423,新京报快讯记者杨锋七月四日下午四时零八分,杨锋|新京报,2,1,2,0.5,1.0,1.0,1.0,1.0,1.0,1.0,5,3,5,杨锋|新京报|金报讯|金陵晚报|彼得|吴雯|金坛|董某|成飞|杨扬|渝武|瓯文,杨锋|新京报|金报讯,杨锋|新京报|金报讯|金陵晚报|彼得
424,浙江台州温岭市一一零指挥中心接警称,温岭,1,10,10,0.0,0.0,0.0,1.0,0.0,0.0,0.0,5,2,5,钟欣|威灵|谢依霖|李氏|吴雯|京城|董某|银联|湛江|温岭|彼得|温州市域,钟欣|威灵,钟欣|威灵|谢依霖|李氏|银联
425,新京报记者从温岭市政府新闻办获悉,温岭|新京报,2,1,7,0.5,0.5,0.5,1.0,0.5,0.5,0.5,5,3,5,新京报|威灵|金报讯|金陵晚报|李氏|胡琦|温岭|奇冰|西安|吉娜|吴雯|黄欣晨报,新京报|威灵|金报讯,新京报|威灵|金报讯|金陵晚报|李氏
426,前往温州龙湾万达广场游玩的市民,龙湾,1,1,1,1.0,1.0,1.0,1.0,1.0,1.0,1.0,4,1,4,龙湾|吴雯|渝武|广安|彼得|黎胜明|瓯文|二瓦特|荆州|渤海湾|王巍|董某,龙湾,龙湾|吴雯|渝武|渤海湾
427,温州网八月二十七日讯记者项锐见习记者黄梦思,项锐,1,1,1,1.0,1.0,1.0,1.0,1.0,1.0,1.0,6,2,6,项锐|荆州|彼得|黄榕|徐建德|张萌|吴雯|董某|王靖苏|广安|马云|渝武,项锐|荆州,项锐|荆州|彼得|黄榕|徐建德|王靖苏
428,金报讯记者蓝莹九月一一日上午,蓝莹|金报讯,2,1,2,0.5,1.0,1.0,1.0,1.0,1.0,1.0,5,2,5,金报讯|蓝莹|谢依霖|瓯文|董某|彼得|新京报|吴雯|马云|郎平|章某|黄榕,金报讯|蓝莹,金报讯|蓝莹|谢依霖|彼得|新京报
429,温州一住持被免政协委员遭准儿媳举报娶妻开路虎,政协,1,1,1,1.0,1.0,1.0,1.0,1.0,1.0,1.0,4,1,4,政协|荆州|董某|吴雯|胡琦|朱某|瓯文|温州政协|渭镇|渝武|礼贤镇|徐濠,政协,政协|荆州|吴雯|胡琦
430,关于中国嵩山少林寺方丈齐永信的举报风波尚未停歇,嵩山,1,1,1,1.0,1.0,1.0,1.0,1.0,1.0,1.0,5,1,5,嵩山|胡琦|广安|吴雯|胡枫|朱某|钟欣|周峰|瓯文|重庆|奇高市|渝蓉,嵩山,嵩山|胡琦|广安|吴雯|朱某
431,位于温州苍南龙港镇水门村的一个仓库发生火灾,苍南龙港镇,1,1,1,1.0,1.0,1.0,1.0,1.0,1.0,1.0,5,1,5,苍南龙港镇|黄榕|永宁镇|马云|荆州|吴雯|彼得|瓯文|渝武|董某|邬雄|温岭,苍南龙港镇,苍南龙港镇|黄榕|永宁镇|吴雯|渭镇
432,温州永嘉县桥下镇吴山村的潘老伯一家六口,桥下镇,1,1,1,1.0,1.0,1.0,1.0,1.0,1.0,1.0,6,1,6,桥下镇|土桥镇|邬雄|渝武|吴雯|王颖春|荆州|李家|瓯文|拓朗|董某|彼得,桥下镇,桥下镇|土桥镇|邬雄|渝武|吴雯|王颖春
433,伟嘉安捷提供数据显示,伟嘉安捷,1,1,1,1.0,1.0,1.0,1.0,1.0,1.0,1.0,5,1,5,伟嘉安捷|李家|韩籍|吴雯|玮甯|彼得|瓯文|李洁|银联|黄榕|渝武|温岭,伟嘉安捷,伟嘉安捷|李家|韩籍|玮甯|银联
434,在自愿基础上组建联合社,联合社,1,1,1,1.0,1.0,1.0,1.0,1.0,1.0,1.0,4,1,4,联合社|吴雯|瓯文|彼得|银联|玮甯|黄榕|颜妮|董某|温岭|渝武|威灵,联合社,联合社|吴雯|瓯文|黄榕
435,实施一村一品强村富民工程,一村一品强村,1,1,1,1.0,1.0,1.0,1.0,1.0,1.0,1.0,4,1,4,一村一品强村|彼得|吴雯|平昌|瓯文|董某|杨扬|渝武|平阳|大禹村|邬雄|钟落潭竹一村民,一村一品强村,一村一品强村|平昌|瓯文|朱某
436,苹果市场价值达到七千亿美元刚刚过去几个月,苹果,1,1,1,1.0,1.0,1.0,1.0,1.0,1.0,1.0,4,1,4,苹果|名古屋|马云|瓯文|彼得|吴雯|胡琦|朱某|董某|渝武|黄榕|李氏,苹果,苹果|名古屋|瓯文|彼得
437,那么苹果能突破一万亿大关吗,苹果,1,1,1,1.0,1.0,1.0,1.0,1.0,1.0,1.0,4,1,4,苹果|彼得|广安|平阳|郎平|瓯文|黄榕|名古屋|皮特|吴雯|吉娜|故宫,苹果,苹果|彼得|广安|瓯文
438,苹果公司上次发布全新产品是在五年以前,苹果,1,1,1,1.0,1.0,1.0,1.0,1.0,1.0,1.0,5,2,5,苹果|常平|故宫|彼得|吴雯|瓯文|名古屋|波斯|德国|邬迪|董某|麦德公司,苹果|常平,苹果|常平|故宫|彼得|瓯文
439,苹果的目标股价也开始相应地上涨,苹果,1,1,1,1.0,1.0,1.0,1.0,1.0,1.0,1.0,4,1,4,苹果|彼得|名古屋|吴雯|瓯文|董某|渝武|黄榕|今久|吉娜|平阳|邬迪,苹果,苹果|彼得|名古屋|瓯文
440,苹果的市值可能将突破万亿美元,苹果,1,1,1,1.0,1.0,1.0,1.0,1.0,1.0,1.0,4,1,4,苹果|彼得|马云|名古屋|吴雯|瓯文|贩婴|黄榕|李氏|董某|渝武|平阳,苹果,苹果|彼得|马云|瓯文
441,中国电力科学研究院高级工程师邬雄表示,邬雄,1,1,1,1.0,1.0,1.0,1.0,1.0,1.0,1.0,5,2,5,邬雄|科林|吴雯|陈势安|董某|渝蓉|彼得|瓯文|朱某|胡枫|渝武|故宫,邬雄|科林,邬雄|科林|吴雯|陈势安|朱某
442,高清图女排凯旋郎平受热捧,郎平,1,1,1,1.0,1.0,1.0,1.0,1.0,1.0,1.0,4,1,4,郎平|彼得|吴雯|平阳|胡琦|王婷|渝武|瓯文|朱某|董某|土桥镇|垦区,郎平,郎平|彼得|平阳|胡琦
443,主教练郎平训练结束后通知她的,郎平,1,1,1,1.0,1.0,1.0,1.0,1.0,1.0,1.0,4,1,4,郎平|袁两|吴雯|姊弟恋|彼得|董某|渝武|瓯文|宾虚|平阳|佟健|佟继萍,郎平,郎平|袁两|吴雯|董某
444,虽然知道惠若琪的心脏不太好,惠若琪,1,1,1,1.0,1.0,1.0,1.0,1.0,1.0,1.0,4,1,4,惠若琪|吉娜|今久|朴泰桓|荆州|吴雯|彼得|重庆|瓯文|黄榕|渝蓉|陕西,惠若琪,惠若琪|吉娜|朴泰桓|瓯文
445,洪永城还主动跟陈展鹏碰杯,洪永城,1,1,1,1.0,1.0,1.0,1.0,1.0,1.0,1.0,4,1,4,洪永城|黄榕|许胚|吴雯|渝武|彼得|平昌|陈势安|瓯文|今久|白鹏飞|董某,洪永城,洪永城|黄榕|吴雯|白鹏飞
446,问及男友郑嘉颖会不会介意这么性感,郑嘉颖,1,1,1,1.0,1.0,1.0,1.0,1.0,1.0,1.0,4,2,4,郑嘉颖|济南|湛江|张锦麟|陈嘉宝|张贵林|王晓宇|张林|哈灵|刘家义|瓯文|颜妮,郑嘉颖|济南,郑嘉颖|济南|湛江|张锦麟
447,她透露有些不懂的会问男友郑嘉颖,郑嘉颖,1,1,1,1.0,1.0,1.0,1.0,1.0,1.0,1.0,4,1,4,郑嘉颖|陈嘉宝|刘家义|瓯文|钟欣|彼得|吴雯|颜妮|哈灵|拓朗|董某|渝武,郑嘉颖,郑嘉颖|陈嘉宝|刘家义|湛江
448,温州一网友造谣苏迪罗登陆期间水库崩塌被拘,苏迪罗,1,1,1,1.0,1.0,1.0,1.0,1.0,1.0,1.0,6,1,6,苏迪罗|荆州|陆骑麟|李洁|彼得|罗宾|邬迪|渝武|吴雯|习友路|朱某|胡琦,苏迪罗,苏迪罗|荆州|陆骑麟|李洁|罗宾|邬迪
449,澎湃新闻八月一零日从浙江温州平阳警方获悉,平阳,1,19,19,0.0,0.0,0.0,0.0,0.0,0.0,0.0,5,1,5,谢依霖|吉娜|胡琦|朱某|渝武|董某|彼得|吴雯|今久|波斯|奇冰|荆州,谢依霖,谢依霖|吉娜|胡琦|朱某|董某
450,因在台风苏迪罗登陆期间在网络散布水库崩塌谣言,苏迪罗,1,1,1,1.0,1.0,1.0,1.0,1.0,1.0,1.0,4,1,4,苏迪罗|黄榕|吴雯|朱某|彼得|胡枫|宋芳|颜妮|陆骑麟|陈露|瓯文|董某,苏迪罗,苏迪罗|吴雯|朱某|胡枫
451,此前温州政协委员连续两届提出要求整治垃圾污染问题,温州政协|政协,2,1,2,0.5,1.0,1.0,1.0,1.0,1.0,1.0,5,2,5,政协|温州政协|刘澄|吴雯|董某|渝武|渭镇|彼得|黄榕|朱某|瓯文|马云,政协|温州政协,政协|温州政协|刘澄|吴雯|渝武
452,本报讯记者范跃红通讯员瓯文为了卖相好,瓯文|范跃红,2,1,2,0.5,1.0,1.0,1.0,1.0,1.0,1.0,6,2,6,范跃红|瓯文|钟欣|吴雯|王巍|刘玮|威灵|彼得|黄榕|马云|孔磊|董某,范跃红|瓯文,范跃红|瓯文|钟欣|吴雯|威灵|孔磊
453,浙江温州乐清七五岁的企业家虞一杰退休之后,虞一杰,1,1,1,1.0,1.0,1.0,1.0,1.0,1.0,1.0,4,1,4,虞一杰|李洁|银联|梅姐|吴雯|彼得|庞清|董某|瓯文|邬雄|渝武|荆州,虞一杰,虞一杰|李洁|银联|梅姐
454,这是富林愚老人发自内心的一句话,富林愚,1,1,1,1.0,1.0,1.0,1.0,1.0,1.0,1.0,4,1,4,富林愚|贩婴|彼得|渝蓉|渝武|吴雯|董某|瑞银|科林|大兴|威灵|哈立,富林愚,富林愚|贩婴|董某|孔磊
455,当事水产摊贩已退还郑女士一零零元购虾款,郑女士,1,1,1,1.0,1.0,1.0,1.0,1.0,1.0,1.0,8,4,8,郑女士|哈灵|张林|威灵|张女士|李氏|谢依霖|滕女士|彼得|西安|吴雯|渝武,郑女士|哈灵|张林|威灵,郑女士|哈灵|张林|威灵|张女士|李氏|谢依霖|滕女士
456,温州医生夫妇贩婴被批捕女儿欲捐款替父赎罪,贩婴,1,1,1,1.0,1.0,1.0,1.0,1.0,1.0,1.0,4,1,4,贩婴|龟趺|希饭|吴雯|瓯文|彼得|李洁|蓝莹|董某|黄榕|渝武|荆州,贩婴,贩婴|龟趺|希饭|朱某
457,继陕西富平妇产科医生张淑侠因贩卖婴儿被判刑之后,富平|张淑侠|陕西,3,1,3,0.3333333333333333,1.0,1.0,1.0,1.0,1.0,1.0,5,3,5,陕西|张淑侠|富平|邬雄|贩婴|广西|彼得|平阳|瓯文|甘肃|吴雯|朱圣祎,陕西|张淑侠|富平,陕西|张淑侠|富平|邬雄|平阳
458,满堂红链家市场研究部高级经理周峰透露,周峰,1,1,1,1.0,1.0,1.0,1.0,1.0,1.0,1.0,4,1,4,周峰|黄榕|吴雯|赵宏|董某|胡枫|瓯文|同策咨询研究部|彼得|朱某|武红利|渝武,周峰,周峰|吴雯|赵宏|同策咨询研究部
459,提升垦区现代农业发展水平,垦区,1,1,1,1.0,1.0,1.0,1.0,1.0,1.0,1.0,4,1,4,垦区|平昌|平阳|吴雯|渝武|彼得|董某|瓯文|朱某|黄榕|苹果|南粤,垦区,垦区|平昌|吴雯|渝武
460,业界首次开始认真讨论苹果市值晋升万亿大关的潜力,苹果,1,1,1,1.0,1.0,1.0,1.0,1.0,1.0,1.0,4,1,4,苹果|彼得|吴雯|瓯文|名古屋|董某|李洁|王颖春|渝武|平阳|广安|黄榕,苹果,苹果|彼得|瓯文|名古屋
461,苹果股票价格创下历史新高,苹果,1,1,1,1.0,1.0,1.0,1.0,1.0,1.0,1.0,4,1,4,苹果|陕西|广西|名古屋|吴雯|彼得|瓯文|渝武|董某|钟欣|李氏|迟名常鑫,苹果,苹果|名古屋|吴雯|瓯文
462,苹果市值超过七千亿美元,苹果,1,1,1,1.0,1.0,1.0,1.0,1.0,1.0,1.0,4,1,4,苹果|马云|瓯文|吴雯|名古屋|彼得|朱某|董某|平阳|渝武|袁两|广安,苹果,苹果|马云|瓯文|吴雯
463,那么苹果市价约为七四四十亿美元,苹果,1,1,1,1.0,1.0,1.0,1.0,1.0,1.0,1.0,6,1,6,苹果|马云|保山市|奇高市|董某|兰州市|渝武|郎平|吴雯|瓯文|奇冰|胡琦,苹果,苹果|马云|保山市|奇高市|董某|渝武
464,苹果对电动汽车表现出的浓厚兴趣,苹果,1,1,1,1.0,1.0,1.0,1.0,1.0,1.0,1.0,6,1,6,苹果|韩国队|吴雯|德郭队|瓯文|董某|彼得|陈定|黄榕|广安|平阳|朱某,苹果,苹果|韩国队|吴雯|德郭队|瓯文|董某
465,苹果将继续向股东返还现金,苹果,1,1,1,1.0,1.0,1.0,1.0,1.0,1.0,1.0,4,1,4,苹果|吴雯|名古屋|瓯文|彼得|故宫|黄榕|董某|平阳|朱某|渝武|玮甯,苹果,苹果|吴雯|名古屋|瓯文
466,这些力量的结合将会推动苹果的市盈率大幅上正,苹果,1,1,1,1.0,1.0,1.0,1.0,1.0,1.0,1.0,4,1,4,苹果|吴雯|喻莉|徐云丽|彼得|瓯文|西安|董某|渝武|名古屋|广安|陕西,苹果,苹果|吴雯|徐云丽|瓯文
467,苹果公司的市价将突破一万亿美金大关,苹果,1,1,1,1.0,1.0,1.0,1.0,1.0,1.0,1.0,4,1,4,苹果|彼得|吴雯|湛江|广安|中国游戏公司|包尔江|瓯文|蚌飞市|麦德公司|奇高市|名古屋,苹果,苹果|彼得|广安|瓯文
468,苹果在成长为万亿美元市场的巨无霸之前,苹果,1,1,1,1.0,1.0,1.0,1.0,1.0,1.0,1.0,4,1,4,苹果|吴雯|马云|瓯文|彼得|名古屋|董某|渝武|乌守保|朱某|胡枫|今久,苹果,苹果|吴雯|马云|瓯文
469,苹果公司现在已将约三百万的原始订单削减了一半,苹果,1,1,1,1.0,1.0,1.0,1.0,1.0,1.0,1.0,4,1,4,苹果|吴雯|故宫|彼得|瓯文|渝武|董某|麦德公司|中国游戏公司|黄榕|朱某|苹果晋身道指,苹果,苹果|吴雯|故宫|瓯文
470,苹果作为消费数码产品的公司是否具备造车能力,苹果,1,1,1,1.0,1.0,1.0,1.0,1.0,1.0,1.0,5,2,5,苹果|常平|李氏|王晓飞|吴雯|彼得|温岭|董某|朱某|麦德公司|瓯文|平阳,苹果|常平,苹果|常平|李氏|王晓飞|温岭
471,目前大部分华尔街分析师们都对苹果的未来保持乐观,苹果,1,1,1,1.0,1.0,1.0,1.0,1.0,1.0,1.0,4,1,4,苹果|龙湾|广安|吴雯|名古屋|彼得|渝武|胡琦|瓯文|董某|故宫|黄榕,苹果,苹果|龙湾|吴雯|渝武
472,苹果市场价值达到七千亿美元刚刚过去几个月,苹果,1,1,1,1.0,1.0,1.0,1.0,1.0,1.0,1.0,4,1,4,苹果|马云|瓯文|吴雯|彼得|董某|渝武|朱某|李氏|吉娜|名古屋|黄榕,苹果,苹果|马云|瓯文|吴雯
473,苹果能否摆脱王者魔咒,苹果,1,1,1,1.0,1.0,1.0,1.0,1.0,1.0,1.0,4,1,4,苹果|吴雯|彼得|名古屋|瓯文|董某|朱某|渝武|广安|平阳|邦德|黄榕,苹果,苹果|吴雯|名古屋|瓯文
474,苹果晋身道指固属众望所归,苹果晋身道指|苹果,2,1,2,0.5,1.0,1.0,1.0,1.0,1.0,1.0,4,2,4,苹果晋身道指|苹果|吴雯|彼得|瓯文|名古屋|董某|韩国平昌|今久|广安|渝武|平阳,苹果晋身道指|苹果,苹果晋身道指|苹果|吴雯|名古屋
475,而苹果得以顺利跻身道指,苹果,1,1,1,1.0,1.0,1.0,1.0,1.0,1.0,1.0,4,1,4,苹果|苹果晋身道指|郎导|吴雯|晋吉岛|瓯文|名古屋|董某|华商报讯|彼得|渝武|朱某,苹果,苹果|苹果晋身道指|吴雯|名古屋
476,苹果固然不会因此而升格,苹果,1,1,1,1.0,1.0,1.0,1.0,1.0,1.0,1.0,4,1,4,苹果|彼得|吴雯|瓯文|萨维申科|名古屋|董某|渝武|朱某|广安|普鲁申科|黄榕,苹果,苹果|彼得|瓯文|名古屋
477,老毕于跟苹果押注太阳能一文问过大家,苹果,1,1,1,1.0,1.0,1.0,1.0,1.0,1.0,1.0,4,1,4,苹果|吴雯|罗宾|渝武|董某|彼得|温岭|瓯文|广安|平阳|朱某|黄榕,苹果,苹果|吴雯|渝武|董某
478,苹果股价在说不准的时间内有望上升三成,苹果,1,1,1,1.0,1.0,1.0,1.0,1.0,1.0,1.0,4,1,4,苹果|渝武|瓯文|吴雯|名古屋|彼得|董某|平阳|朱某|广安|玮甯|胡琦,苹果,苹果|渝武|吴雯|名古屋
479,若定苹果第三期发育的立场已呼之欲出,苹果,1,1,1,1.0,1.0,1.0,1.0,1.0,1.0,1.0,6,1,6,苹果|罗宾|郎平|马云|喻莉|贩婴|吴雯|常平|瓯文|彼得|哈立|胡琦,苹果,苹果|罗宾|郎平|马云|喻莉|贩婴
480,手机辐射的比吸收率最高限值为二瓦特每千克,二瓦特,1,1,1,1.0,1.0,1.0,1.0,1.0,1.0,1.0,4,1,4,二瓦特|吴雯|维斯多尔|渝武|董某|瓯文|黄榕|广安|邬雄|彼得|胡琦|朱某,二瓦特,二瓦特|吴雯|渝武|朱某
481,小天才电话手表辐射远小于国家标准二瓦特每千克,二瓦特,1,1,1,1.0,1.0,1.0,1.0,1.0,1.0,1.0,4,1,4,二瓦特|王晓宇|吴雯|瓯文|渝武|董某|广安|邦德|马克黄|彼得|富平|黄榕,二瓦特,二瓦特|王晓宇|吴雯|拉斐尔
482,由郎平挂帅的中国女排在名古屋赛区,名古屋|郎平,2,1,3,0.5,1.0,1.0,1.0,1.0,1.0,1.0,7,3,7,郎平|王婷|名古屋|常平|吴雯|罗宾|渝武|张林|邬雄|苹果|张保仔|瓯文,郎平|王婷|名古屋,郎平|王婷|名古屋|常平|吴雯|罗宾|渝武
483,而主教练郎平则在全面性方面对大家做了更多要求,郎平,1,1,1,1.0,1.0,1.0,1.0,1.0,1.0,1.0,6,2,6,郎平|王婷|杨幼萍|常平|罗宾|吴雯|宋芳|瓯文|董某|彼得|渝武|黄榕,郎平|王婷,郎平|王婷|杨幼萍|常平|罗宾|吴雯
484,以前接触比较多的巴西队速度也很快,巴西队,1,1,1,1.0,1.0,1.0,1.0,1.0,1.0,1.0,5,1,5,巴西队|李洁|波斯|广西|吴雯|瓯文|彼得|哈灵|陕西|哈立|董某|朱某,巴西队,巴西队|李洁|波斯|广西|瓯文
485,接下来中国女排将转战名古屋,名古屋,1,1,1,1.0,1.0,1.0,1.0,1.0,1.0,1.0,4,1,4,名古屋|吴雯|瓯文|张林|德国|渝武|彼得|朱某|广安|董某|许胚|故宫,名古屋,名古屋|吴雯|瓯文|德国
486,广州日报社记者许胚日前,许胚,1,1,1,1.0,1.0,1.0,1.0,1.0,1.0,1.0,4,2,4,许胚|广东|吴雯|瓯文|彼得|广西|渝武|审计署|董某|玮甯|黄榕|平阳,许胚|广东,许胚|广东|吴雯|广西
487,在英格兰多塞特群的波维顿坦克博物馆,波维顿坦克博物馆,1,1,1,1.0,1.0,1.0,1.0,1.0,1.0,1.0,5,1,5,波维顿坦克博物馆|瓯文|吴雯|渝武|广安|刘玮|波斯|董某|达维斯多尔|威灵|彼得|王巍,波维顿坦克博物馆,波维顿坦克博物馆|瓯文|吴雯|渝武|广安
488,陈凯琳的心被郑嘉颖成功俘虏,郑嘉颖,1,1,1,1.0,1.0,1.0,1.0,1.0,1.0,1.0,5,2,5,郑嘉颖|渭镇|张贵林|张锦麟|科林|吴雯|湛江|刘家义|哈灵|朱某|哈立|大兴,郑嘉颖|渭镇,郑嘉颖|渭镇|张贵林|张锦麟|大兴
489,更是郑嘉颖愿意公开承认的女友,郑嘉颖,1,1,1,1.0,1.0,1.0,1.0,1.0,1.0,1.0,4,1,4,郑嘉颖|吴雯|彼得|渝武|陈嘉宝|哈灵|瓯文|董某|郑女士|张锦麟|故宫|刘家义,郑嘉颖,郑嘉颖|吴雯|陈嘉宝|郑女士
490,不过二人因给陈嘉宝把生日合照在网上公开才泄露恋情,陈嘉宝,1,1,1,1.0,1.0,1.0,1.0,1.0,1.0,1.0,5,1,5,陈嘉宝|瑞银|瓯文|朱某|渝武|彼得|李嘉诚|吴雯|故宫|董某|广安|平阳,陈嘉宝,陈嘉宝|瑞银|瓯文|朱某|彼得
491,对此陈凯琳没有怪责陈嘉宝,陈嘉宝,1,1,1,1.0,1.0,1.0,1.0,1.0,1.0,1.0,7,1,7,陈嘉宝|哈立|科林|张贵林|李嘉诚|张锦麟|哈灵|吴雯|李子成|瓯文|董某|渝武,陈嘉宝,陈嘉宝|哈立|科林|张贵林|李嘉诚|张锦麟|李子成
492,东越花苑不少商铺都关门转租记者谢国林摄,东越花苑,1,1,1,1.0,1.0,1.0,1.0,1.0,1.0,1.0,4,1,4,东越花苑|吴雯|瓯文|南粤|广安|邬雄|渝武|彼得|董某|马云|叶乔波|李氏,东越花苑,东越花苑|瓯文|广安|朱某
493,金报讯记者蓝莹还记得小温吗,蓝莹|金报讯,2,1,2,0.5,1.0,1.0,1.0,1.0,1.0,1.0,5,2,5,金报讯|蓝莹|彼得|郎平|董某|吴雯|马云|吉娜|瓯文|渝武|马来|平阳,金报讯|蓝莹,金报讯|蓝莹|彼得|郎平|瓯文
494,温州一四岁少年小温迷失莒溪大峡谷,莒溪大峡谷,1,1,1,1.0,1.0,1.0,1.0,1.0,1.0,1.0,4,1,4,莒溪大峡谷|董某|故宫|吴雯|荆州|渝武|彼得|杨扬|西安|吉娜|平阳|瓯文,莒溪大峡谷,莒溪大峡谷|董某|吴雯|朱某
495,温州市民郑女士在农贸市场购买了三只大虾,郑女士,1,1,1,1.0,1.0,1.0,1.0,1.0,1.0,1.0,7,3,7,郑女士|张女士|董某|朱某|兰州市|李氏|滕女士|吴雯|彼得|瓯文|吉娜|渝武,郑女士|张女士|董某,郑女士|张女士|董某|朱某|兰州市|李氏|滕女士
496,生活经验让郑女士起了疑心,郑女士,1,1,1,1.0,1.0,1.0,1.0,1.0,1.0,1.0,5,3,5,郑女士|张女士|滕女士|李氏|吴雯|彼得|吉娜|瓯文|胡琦|渝武|董某|平阳,郑女士|张女士|滕女士,郑女士|张女士|滕女士|李氏|董某
497,温州市域铁路将成为全国第一条城市交通铁路,温州市域,1,2,2,0.0,1.0,1.0,1.0,1.0,1.0,1.0,6,2,6,兰州市|温州市域|荆州|温州市治堵办|成志教育|吴雯|滕女士|马云|渝武|陈势安|喻莉|北京市体育局,兰州市|温州市域,兰州市|温州市域|荆州|温州市治堵办|成志教育|吴雯
498,温州市治堵办的负责人表示,温州市治堵办,1,1,1,1.0,1.0,1.0,1.0,1.0,1.0,1.0,5,3,5,温州市治堵办|兰州市|温州市域|吴雯|曹志|荆州|渝武|彼得|董某|瓯文|平阳|张女士,温州市治堵办|兰州市|温州市域,温州市治堵办|兰州市|温州市域|吴雯|荆州
499,开水淋顾客的火锅店服务员朱某被依法批准逮捕,朱某,1,1,1,1.0,1.0,1.0,1.0,1.0,1.0,1.0,4,1,4,朱某|彼得|董某|张萌|吴雯|瓯文|黄榕|渝武|章某|平阳|玮甯|杨扬,朱某,朱某|彼得|董某|瓯文
500,温州昆明出现注胶虾产地均指向广东湛江,广东|湛江,2,1,2,0.5,1.0,1.0,1.0,1.0,1.0,1.0,5,3,5,广东|湛江|陈定|科林|广东省|吴雯|董某|渝武|广安|彼得|柯振东|朱某,广东|湛江|陈定,广东|湛江|陈定|科林|吴雯
501,且产地均指向广东省湛江市,广东|广东省|湛江,3,1,3,0.3333333333333333,1.0,1.0,1.0,1.0,1.0,1.0,6,4,6,广东|湛江|广东省|陈定|吴雯|永宁镇|彼得|渝武|瓯文|董某|朱某|云南省,广东|湛江|广东省|陈定,广东|湛江|广东省|陈定|吴雯|渝武
502,火锅店服务员朱某被温州市鹿城区检察院依法批准逮捕,朱某,1,1,1,1.0,1.0,1.0,1.0,1.0,1.0,1.0,4,1,4,朱某|张萌|彼得|吴雯|兰州市|董某|希饭|渝武|瓯文|平阳|温州市域|黄榕,朱某,朱某|彼得|董某|渝武
503,上海易居研究院研究院严跃进认为,易居研究院,1,1,1,1.0,1.0,1.0,1.0,1.0,1.0,1.0,5,1,5,易居研究院|同策咨询研究部|园中园|董某|黄榕|李洁|吴雯|渝武|彼得|韩籍|今久|瓯文,易居研究院,易居研究院|同策咨询研究部|董某|李洁|渝武
504,同策咨询研究部总监张宏伟认为,同策咨询研究部,1,1,1,1.0,1.0,1.0,1.0,1.0,1.0,1.0,5,2,5,同策咨询研究部|赵宏|孔磊|赵继宏|吴雯|黄榕|董某|彼得|瓯文|国家邮政总局|王巍|渝武,同策咨询研究部|赵宏,同策咨询研究部|赵宏|孔磊|吴雯|黄榕
505,加强京津风沙源区草地治理,京津风沙源区,1,1,1,1.0,1.0,1.0,1.0,1.0,1.0,1.0,6,1,6,京津风沙源区|京津冀|重庆|嵩山|吴雯|胡枫|瓯文|渝武|喻莉|董某|周峰|陈定,京津风沙源区,京津风沙源区|京津冀|重庆|嵩山|胡枫|董某
506,苹果市盈率仅一五倍,苹果,1,1,1,1.0,1.0,1.0,1.0,1.0,1.0,1.0,4,1,4,苹果|名古屋|彼得|吴雯|瓯文|吉娜|徐云丽|朱某|银联|渝武|董某|广安,苹果,苹果|名古屋|彼得|瓯文
507,苹果早晚将步之前过气股王的后尘,苹果,1,1,1,1.0,1.0,1.0,1.0,1.0,1.0,1.0,4,1,4,苹果|名古屋|吴雯|郎导|广安|彼得|瓯文|黄榕|渝武|朱某|故宫|董某,苹果,苹果|名古屋|吴雯|瓯文
508,苹果的拿手好戏是把市场上原霸主拉下马,苹果,1,1,1,1.0,1.0,1.0,1.0,1.0,1.0,1.0,4,1,4,苹果|彼得|董某|吴雯|名古屋|渝武|胡琦|瓯文|庞清|朱某|平阳|玮甯,苹果,苹果|彼得|董某|渝武
509,快速建立以苹果产品服务为核心的生态系统,苹果,1,1,1,1.0,1.0,1.0,1.0,1.0,1.0,1.0,5,2,5,苹果|常平|富平|吴雯|瓯文|董某|彼得|佟健|吉娜|渝武|朱某|玮甯,苹果|常平,苹果|常平|富平|瓯文|董某
510,消费者贪新忘旧虽亦可能适用于苹果,苹果,1,1,1,1.0,1.0,1.0,1.0,1.0,1.0,1.0,4,1,4,苹果|吴雯|渝蓉|名古屋|董某|瓯文|斯利|故宫|刘玮|黄榕|彼得|朱某,苹果,苹果|吴雯|渝蓉|名古屋
511,苹果能否第三期发育,苹果,1,1,1,1.0,1.0,1.0,1.0,1.0,1.0,1.0,4,1,4,苹果|彼得|吴雯|瓯文|贩婴|名古屋|马云|渝武|喻莉|黄榕|董某|平阳,苹果,苹果|彼得|瓯文|名古屋
512,从市场始终不愿给予苹果较高估值可见,苹果,1,1,1,1.0,1.0,1.0,1.0,1.0,1.0,1.0,4,1,4,苹果|吴雯|瓯文|名古屋|吉娜|彼得|韩籍|董某|胡琦|济南|富平|朱某,苹果,苹果|吴雯|瓯文|名古屋
513,苹果有意进军汽车产业,苹果,1,1,1,1.0,1.0,1.0,1.0,1.0,1.0,1.0,4,1,4,苹果|吴雯|彼得|名古屋|奇冰|瓯文|郎平|付敬懿|皮特|平阳|董某|德国,苹果,苹果|吴雯|名古屋|瓯文
514,汽车是苹果下一个颠复目标,苹果,1,1,1,1.0,1.0,1.0,1.0,1.0,1.0,1.0,4,1,4,苹果|常平|郎平|吴雯|彼得|朱某|瓯文|董某|平阳|富平|平昌|胡枫,苹果,苹果|吴雯|瓯文|董某
515,三藩市纪事报指此君曾与库克碰头,三藩市,1,1,1,1.0,1.0,1.0,1.0,1.0,1.0,1.0,4,1,4,三藩市|吴雯|渝武|故宫|宋芳|保山市|刘澄|科林|董某|黄榕|曹志|滕女士,三藩市,三藩市|渝武|故宫|保山市
516,哈立以争议性的点数优势宣告获胜,哈立,1,1,1,1.0,1.0,1.0,1.0,1.0,1.0,1.0,5,2,5,哈立|哈灵|科林|渝武|黄榕|吴雯|马来|彼得|董某|瓯文|银联|邬雄,哈立|哈灵,哈立|哈灵|科林|黄榕|银联
517,昆仑决雄霸山城在重庆江南体育馆重装上阵,昆仑决雄霸山城|重庆,2,1,2,0.5,1.0,1.0,1.0,1.0,1.0,1.0,5,2,5,重庆|昆仑决雄霸山城|广安|佟健|钟欣|黄榕|吴雯|庞清|董某|荆州|渝武|刘澄,重庆|昆仑决雄霸山城,重庆|昆仑决雄霸山城|广安|佟健|钟欣
518,雅桑克莱并没有采取矮个子拳手惯用的闪击式打法,雅桑克莱,1,1,1,1.0,1.0,1.0,1.0,1.0,1.0,1.0,6,2,6,雅桑克莱|陕西|广安|审计署|彼得|韩籍|吴雯|兰州市|李斯达|董某|渝武|瓯文,雅桑克莱|陕西,雅桑克莱|陕西|广安|审计署|彼得|渝武
519,雅桑克莱的优势继续在扩大,雅桑克莱,1,1,1,1.0,1.0,1.0,1.0,1.0,1.0,1.0,4,1,4,雅桑克莱|科林|渝武|彼得|吴雯|邦德|刘澄|萨维申科|拓朗|瓯文|广安|纳斯达克,雅桑克莱,雅桑克莱|科林|彼得|皮特
520,祖耶夫的右肋很快便被踢出大片鲜红的淤血斑痕,祖耶夫,1,1,1,1.0,1.0,1.0,1.0,1.0,1.0,1.0,6,1,6,祖耶夫|渝武|邬雄|吴雯|邬迪|西安|李洁|彼得|赵宏|董某|瓯文|敦煌,祖耶夫,祖耶夫|渝武|邬雄|吴雯|董某|政协
521,经验丰富的雅桑克莱开始刻意放缓节奏,雅桑克莱,1,1,1,1.0,1.0,1.0,1.0,1.0,1.0,1.0,4,1,4,雅桑克莱|科林|敦煌|胡枫|黄榕|彼得|贩婴|龙湾|吴雯|赵宏|拓朗|银联,雅桑克莱,雅桑克莱|科林|彼得|银联
522,此时的祖耶夫右眼已经肿胀得完全封闭,祖耶夫,1,1,1,1.0,1.0,1.0,1.0,1.0,1.0,1.0,4,1,4,祖耶夫|彼得|权义|渝武|吴雯|今久|朱某|胡枫|罗宾|瓯文|奇冰|董某,祖耶夫,祖耶夫|彼得|朱某|董某
523,雅桑克莱的组合拳将祖耶夫重重击倒然而,祖耶夫|雅桑克莱,2,1,2,0.5,1.0,1.0,1.0,1.0,1.0,1.0,5,2,5,雅桑克莱|祖耶夫|晋吉岛|渝武|吴雯|科林|彼得|瓯文|吉娜|董某|西安|胡琦,雅桑克莱|祖耶夫,雅桑克莱|祖耶夫|晋吉岛|渝武|朱某
524,布拉德皮特新片狂怒接受了宣传媒体拍照,皮特,1,1,1,1.0,1.0,1.0,1.0,1.0,1.0,1.0,4,1,4,皮特|彼得|吴雯|广安|黄榕|瓯文|董某|渝武|郎平|拓朗|章某|李洁,皮特,皮特|彼得|广安|瓯文
525,我们可以清晰看到皮特的结婚戒指,皮特,1,1,1,1.0,1.0,1.0,1.0,1.0,1.0,1.0,5,1,5,皮特|彼得|李洁|垦区|吴雯|瓯文|梅姐|重庆|董某|郎导|朱某|吉娜,皮特,皮特|彼得|李洁|瓯文|梅姐
526,看来郑嘉颖是她的初恋,郑嘉颖,1,1,1,1.0,1.0,1.0,1.0,1.0,1.0,1.0,4,1,4,郑嘉颖|吴雯|瓯文|彼得|哈灵|渝武|马云|威灵|李氏|颜妮|朱某|黄榕,郑嘉颖,郑嘉颖|吴雯|马云|朱某
527,陈势安两天一夜没洗澡刷牙,陈势安,1,1,1,1.0,1.0,1.0,1.0,1.0,1.0,1.0,4,1,4,陈势安|西安|彼得|吴雯|瓯文|渝武|董某|黄榕|嵩山|杨扬|平阳|颜妮,陈势安,陈势安|西安|彼得|朱某
528,执法人员将王靖苏押解回温州,王靖苏,1,1,1,1.0,1.0,1.0,1.0,1.0,1.0,1.0,4,1,4,王靖苏|温岭|刘玮|吴雯|瓯文|董某|彼得|佟健|荆州|朱某|渝武|广安,王靖苏,王靖苏|温岭|刘玮|朱某
529,温州美女学霸将赴非洲支教教当地小学生汉语,温州美女,1,1,1,1.0,1.0,1.0,1.0,1.0,1.0,1.0,4,1,4,温州美女|马云|吴雯|黄榕|荆州|渝武|董某|包尔江|瓯文|喻莉|邬迪|陈定,温州美女,温州美女|马云|吴雯|渝武
530,麻丽贤等一七位志愿者将远赴非洲支教,麻丽贤,1,1,1,1.0,1.0,1.0,1.0,1.0,1.0,1.0,5,2,5,麻丽贤|哈立|李洁|美芝|皮特|德国|渝武|龟趺|曹志|李晖|荆州|董某,麻丽贤|哈立,麻丽贤|哈立|李洁|美芝|皮特
531,二九岁的章某被控洗钱一二二万元,章某,1,3,3,0.0,1.0,1.0,1.0,1.0,0.0,1.0,4,1,4,张萌|二瓦特|章某|朱某|瓯文|张某某|吴雯|胡琦|颜妮|刘玮|彼得|董某,张萌,张萌|二瓦特|章某|吴雯
532,陆续有人从乐清赶往平阳法院,平阳,1,2,2,0.0,1.0,1.0,1.0,1.0,0.0,1.0,5,1,5,马云|平阳|王婷|北京朝阳法院|彼得|胡琦|邬雄|吴雯|罗宾|瓯文|董某|渝武,马云,马云|平阳|北京朝阳法院|彼得|胡琦
533,平阳法院内外已聚集了三零零多人等待开庭,平阳,1,1,1,1.0,1.0,1.0,1.0,1.0,1.0,1.0,5,1,5,平阳|张林|哈灵|马云|彼得|威灵|董某|平昌|吴雯|渝武|朱某|瓯文,平阳,平阳|张林|哈灵|渝武|朱某
534,龙湾永强中学一名高三男生从宿舍楼五楼楼顶坠楼身亡,龙湾永强中学|龙湾,2,1,2,0.5,1.0,1.0,1.0,1.0,1.0,1.0,5,2,5,龙湾永强中学|龙湾|吴雯|政协|瓯文|王巍|任珊|朱某|彼得|邬雄|黄榕|广安,龙湾永强中学|龙湾,龙湾永强中学|龙湾|吴雯|政协|瓯文
535,龙湾警方已对此事展开调查,龙湾,1,1,1,1.0,1.0,1.0,1.0,1.0,1.0,1.0,4,1,4,龙湾|广安|宋芳|吴雯|黄榕|王巍|瓯文|彼得|庞清|胡枫|董某|张蓉芳,龙湾,龙湾|吴雯|王巍|朱某
536,一辆货车在金丽温高速温州段发生事故,金丽温高速,1,1,1,1.0,1.0,1.0,1.0,1.0,1.0,1.0,5,1,5,金丽温高速|袁两|吴雯|渝武|荆州|渝蓉高速|温岭|温州市域|喻莉|彼得|今久|邬雄,金丽温高速,金丽温高速|袁两|吴雯|荆州|银联
537,永嘉县人谢某女,谢某女,1,2,2,0.0,1.0,1.0,1.0,1.0,0.0,1.0,4,1,4,任珊|谢某女|云林县|诏安县|吴雯|淅川县|瓯文|董某|渝武|彼得|朱某|马云,任珊,任珊|谢某女|云林县|董某
538,建立健全以工促农以城带乡的长效机制,工促农以城带乡,1,1,1,1.0,1.0,1.0,1.0,1.0,1.0,1.0,5,1,5,工促农以城带乡|权义|吴雯|董某|彼得|瓯文|渝武|朱某|奇冰|颜妮|名古屋|黄榕,工促农以城带乡,工促农以城带乡|权义|董某|瓯文|朱某
539,谁是苹果进军汽车市场的合作伙伴收购对象,苹果,1,1,1,1.0,1.0,1.0,1.0,1.0,1.0,1.0,4,1,4,苹果|吴雯|瓯文|董某|彼得|奇冰|名古屋|平阳|苹果晋身道指|广安|奇高市|渝武,苹果,苹果|吴雯|瓯文|董某
540,在苹果发布靓丽的第四财季业绩报告后,苹果,1,1,1,1.0,1.0,1.0,1.0,1.0,1.0,1.0,4,1,4,苹果|彼得|袁两|吴雯|董某|温岭|威灵电机|平阳|韩籍|京津冀|喻莉|瓯文,苹果,苹果|彼得|袁两|董某
541,苹果正在全力以赴出售尽可能多的智能手机,苹果,1,1,1,1.0,1.0,1.0,1.0,1.0,1.0,1.0,4,1,4,苹果|吴雯|瓯文|彼得|董某|渝武|朱某|名古屋|黄榕|邬雄|平阳|银联,苹果,苹果|吴雯|瓯文|董某
542,乔斯维亚克还谈及了苹果涉足可穿戴设备市场的问题,苹果,1,1,1,1.0,1.0,1.0,1.0,1.0,1.0,1.0,4,1,4,苹果|彼得|吴雯|奇冰|马特里亚斯|董某|皮特|韩籍|名古屋|瓯文|西安|平阳,苹果,苹果|彼得|马特里亚斯|瓯文
543,乔斯维亚克还为苹果平板电脑业务做了辩护,苹果,1,1,1,1.0,1.0,1.0,1.0,1.0,1.0,1.0,4,1,4,苹果|渝武|韩国平昌|皮特|吴雯|彼得|瓯文|张驰|马特里亚斯|董某|玛卡|名古屋,苹果,苹果|渝武|韩国平昌|吴雯
544,不过苹果官方很快澄清了这个事情,苹果,1,1,1,1.0,1.0,1.0,1.0,1.0,1.0,1.0,4,1,4,苹果|富平|重庆|苹果晋身道指|瓯文|吴雯|彼得|皮特|常平|广安|杨幼萍|韩国平昌,苹果,苹果|富平|苹果晋身道指|广安
545,根据苹果官方的支持页面显示,苹果,1,1,1,1.0,1.0,1.0,1.0,1.0,1.0,1.0,4,1,4,苹果|广安|吴雯|瓯文|彼得|佟继萍|银联|平阳|渝武|皮特|董某|胡琦,苹果,苹果|广安|吴雯|瓯文
546,乌云网合伙人邬迪接受第一财经日报记者采访时称,邬迪,1,1,1,1.0,1.0,1.0,1.0,1.0,1.0,1.0,4,1,4,邬迪|吴雯|喻莉|李洁|新京报|董某|金陵晚报|瓯文|渝武|邬雄|彼得|广安,邬迪,邬迪|吴雯|新京报|董某
547,正是得益于我国女子散打名将鄂美蝶的惊艳一击,鄂美蝶,1,1,1,1.0,1.0,1.0,1.0,1.0,1.0,1.0,4,1,4,鄂美蝶|吴雯|权义|平阳|瓯文|郑女士|董某|彼得|渝武|黄榕|马云|付敬懿,鄂美蝶,鄂美蝶|吴雯|瓯文|郑女士
548,鄂美蝶便毫无保留地将炮火轰向对手,鄂美蝶,1,1,1,1.0,1.0,1.0,1.0,1.0,1.0,1.0,4,1,4,鄂美蝶|彼得|瓯文|好莱坞|赵宏|吴雯|董某|朱某|邬迪|渝武|吉娜|奇冰,鄂美蝶,鄂美蝶|彼得|瓯文|好莱坞
549,三十三岁的大滨芳美在面对强大的火力下,大滨芳美,1,1,1,1.0,1.0,1.0,1.0,1.0,1.0,1.0,4,1,4,大滨芳美|王巍|吉娜|胡枫|彼得|吴雯|瓯文|张驰|孔磊|大兴|董某|杨扬,大滨芳美,大滨芳美|王巍|孔磊|大兴
550,鄂美蝶继续将自己所学到的新搏击技能尽情展现,鄂美蝶,1,1,1,1.0,1.0,1.0,1.0,1.0,1.0,1.0,4,1,4,鄂美蝶|吴雯|黄榕|吉娜|董某|济南|瓯文|彼得|今久|朱某|京津冀|胡琦,鄂美蝶,鄂美蝶|吴雯|瓯文|朱某
551,面对兵行诡道的波斯弯刀,波斯,1,1,1,1.0,1.0,1.0,1.0,1.0,1.0,1.0,4,1,4,波斯|贵港|彼得|吴雯|皮特|巴西队|董某|龙湾|瓯文|渝武|胡琦|广西,波斯,波斯|贵港|彼得|皮特
552,张春雨选择了加强压迫对手的力度,张春雨,1,1,1,1.0,1.0,1.0,1.0,1.0,1.0,1.0,4,1,4,张春雨|彼得|权义|吴雯|董某|黄榕|瓯文|大禹村|渝武|李家|杨扬|王颖春,张春雨,张春雨|彼得|瓯文|朱某
553,张春雨被对手的一记肘击打破了右侧眉弓,张春雨,1,1,1,1.0,1.0,1.0,1.0,1.0,1.0,1.0,5,1,5,张春雨|渝武|王颖春|拓朗|吴雯|李洁|瓯文|董某|彼得|马云|王晓宇|韩籍,张春雨,张春雨|渝武|王颖春|拓朗|朱某
554,张春雨在全场观众的喝彩声中再次投入比赛,张春雨,1,1,1,1.0,1.0,1.0,1.0,1.0,1.0,1.0,4,1,4,张春雨|彼得|吴雯|瓯文|马云|广东|董某|渝武|张绵跃|王颖春|权义|黄煜坤,张春雨,张春雨|彼得|瓯文|朱某
555,伊萨的眉弓同样被张春雨以牙还牙的肘法击破,张春雨,1,1,1,1.0,1.0,1.0,1.0,1.0,1.0,1.0,4,1,4,张春雨|彼得|渭镇|黄榕|渝武|吴雯|黄煜坤|周峰|玛卡|杨扬|董某|吉娜,张春雨,张春雨|彼得|渭镇|渝武
556,文本报记者刘艾林,刘艾林,1,1,1,1.0,1.0,1.0,1.0,1.0,1.0,1.0,4,1,4,刘艾林|哈立|瓯文|杨爱明|吴雯|张贵林|董某|彼得|刘玮|哈灵|贩婴|威灵,刘艾林,刘艾林|瓯文|董某|银联
557,黄煜坤被警方送到附近医院接受检查,黄煜坤,1,2,2,0.0,1.0,1.0,1.0,1.0,1.0,1.0,7,2,7,黄立坤|黄煜坤|付敬懿|武红利|王晔君|张林|麻丽贤|温岭|李洁|彼得|孔磊|吴雯,黄立坤|黄煜坤,黄立坤|黄煜坤|付敬懿|武红利|王晔君|张林|麻丽贤
558,广东惠州惊爆港商杀情妇碎尸凶案,广东,1,1,1,1.0,1.0,1.0,1.0,1.0,1.0,1.0,4,1,4,广东|南沙|贵港|荆州|吴雯|瓯文|董某|渝武|黄榕|京城|彼得|新京报,广东,广东|南沙|贵港|新京报
559,港媒关注马云回应被逼捐花钱比挣钱难,马云,1,1,1,1.0,1.0,1.0,1.0,1.0,1.0,1.0,4,1,4,马云|黄立坤|彼得|吴雯|董某|哈灵|广安|济南|黄榕|朱某|渝武|王巍,马云,马云|黄立坤|彼得|渝武
560,易居研究院智库中心研究总监严跃进认为,易居研究院,1,1,1,1.0,1.0,1.0,1.0,1.0,1.0,1.0,4,2,4,易居研究院|钟欣|吴雯|董某|同策咨询研究部|彼得|张绵跃|颜妮|瓯文|渝武|黄榕|平阳,易居研究院|钟欣,易居研究院|钟欣|吴雯|董某
561,苹果此举是为了节约用电量,苹果,1,1,1,1.0,1.0,1.0,1.0,1.0,1.0,1.0,4,1,4,苹果|姊弟恋|吴雯|李洁|名古屋|董某|瓯文|彼得|苹果晋身道指|胡琦|韩国平昌|朱某,苹果,苹果|姊弟恋|名古屋|瓯文
562,苹果表这么火爆微软也该出智能手表吗,苹果,1,1,1,1.0,1.0,1.0,1.0,1.0,1.0,1.0,4,1,4,苹果|章某|吴雯|王巍|彼得|黄榕|平阳|瓯文|名古屋|威灵|渝武|董某,苹果,苹果|章某|吴雯|黄榕
563,在谷歌与苹果相机推出智能手表后,苹果,1,1,1,1.0,1.0,1.0,1.0,1.0,1.0,1.0,4,2,4,苹果|故宫|吴雯|董某|韩籍|吉娜|渝武|济南|彼得|瓯文|陕西|广西,苹果|故宫,苹果|故宫|吴雯|渝武
564,苹果通过发布不必要的软件升级包,苹果,1,1,1,1.0,1.0,1.0,1.0,1.0,1.0,1.0,4,1,4,苹果|吴雯|名古屋|彼得|瓯文|平阳|渝武|董某|审计署|黄榕|萨维申|新京报,苹果,苹果|吴雯|名古屋|瓯文
565,一起针对苹果的集体反垄断案两名原告的律师称,苹果,1,1,1,1.0,1.0,1.0,1.0,1.0,1.0,1.0,5,1,5,苹果|渝武|袁两|吴雯|董某|黄榕|瓯文|胡琦|广安|平阳|彼得|朱某,苹果,苹果|渝武|袁两|吴雯|董某
566,由于苹果要打压竞争对手,苹果,1,1,1,1.0,1.0,1.0,1.0,1.0,1.0,1.0,4,1,4,苹果|广安|吴雯|彼得|瓯文|渝武|名古屋|今久|苹果晋身道指|董某|渭镇|平阳,苹果,苹果|广安|吴雯|瓯文
567,苹果打压了市场竞争,苹果,1,1,1,1.0,1.0,1.0,1.0,1.0,1.0,1.0,4,1,4,苹果|吴雯|安靖镇|瓯文|彼得|名古屋|董某|渝武|安良百货商场|朱某|李氏|京城,苹果,苹果|吴雯|安靖镇|瓯文
568,苹果担忧这会蚕食其市场份额,苹果,1,1,1,1.0,1.0,1.0,1.0,1.0,1.0,1.0,4,1,4,苹果|奇高市|渝武|名古屋|彼得|吴雯|董某|瓯文|平阳|李氏|朱某|胡琦,苹果,苹果|奇高市|渝武|名古屋
569,苹果没有危害消费者利益,苹果,1,1,1,1.0,1.0,1.0,1.0,1.0,1.0,1.0,4,1,4,苹果|吴雯|王晓飞|瓯文|彼得|董某|斯利|渝武|喻莉|黄榕|名古屋|皮特,苹果,苹果|吴雯|王晓飞|董某
570,海信科龙和惠而浦则是营收增,海信科龙,1,1,1,1.0,1.0,1.0,1.0,1.0,1.0,1.0,5,2,5,海信科龙|科林|哈灵|雅桑克莱|朱某|吴雯|董某|陕西|银联|贩婴|拓朗|渝武,海信科龙|科林,海信科龙|科林|哈灵|雅桑克莱|朱某
571,海信科龙一季报营收为六十四点三亿元,海信科龙,1,1,1,1.0,1.0,1.0,1.0,1.0,1.0,1.0,5,2,5,海信科龙|科林|吴雯|董某|彼得|哈灵|李洁|渝武|银联|朱某|哈立|拓朗,海信科龙|科林,海信科龙|科林|吴雯|董某|银联
572,张晓雅的人气肯定在前三名,张晓雅,1,1,1,1.0,1.0,1.0,1.0,1.0,1.0,1.0,5,1,5,张晓雅|许绍洋|张淑侠|垦区|彼得|王晓宇|吴雯|董某|平阳|朱某|渝武|瓯文,张晓雅,张晓雅|许绍洋|张淑侠|垦区|董某
573,张晓雅最大的优点是有想法,张晓雅,1,1,1,1.0,1.0,1.0,1.0,1.0,1.0,1.0,5,1,5,张晓雅|许绍洋|王晓宇|渝武|张淑侠|邬迪|吴雯|彼得|董某|施王祥|朱某|邬雄,张晓雅,张晓雅|许绍洋|王晓宇|董某|朱某
574,张晓雅这个娃娃训练很自觉,张晓雅,1,1,1,1.0,1.0,1.0,1.0,1.0,1.0,1.0,5,1,5,张晓雅|吴雯|瓯文|王晓宇|张淑侠|平阳|桥下镇|彼得|渝武|董某|黄榕|龙湾,张晓雅,张晓雅|吴雯|瓯文|平阳|桥下镇
575,中国最帅的竞走冠军陈定将亮相苏州吴中,陈定,1,1,1,1.0,1.0,1.0,1.0,1.0,1.0,1.0,4,1,4,陈定|瓯文|吴雯|董某|乌守保|渝武|彼得|胡枫|荆州|德国|平阳|朱某,陈定,陈定|瓯文|吴雯|董某
576,一九九二年八月五日出生于云南省保山市龙陵县,云南省|保山市,2,1,2,0.5,1.0,1.0,1.0,1.0,0.5,1.0,5,1,5,云南省|保山市|瓯文|渝武|吴雯|云林县|渝蓉|南沙|今久|彼得|董某|马云,云南省,云南省|保山市|瓯文|渝武|吴雯
577,取得瑞士卢加诺竞走挑战赛男子二十公里竞走银牌,卢加诺,1,1,1,1.0,1.0,1.0,1.0,1.0,1.0,1.0,4,1,4,卢加诺|李家|荆州|彼得|吴雯|今久|赛文耷子|西安|李洁|董某|渝武|波斯,卢加诺,卢加诺|李家|赛文耷子|朱某
578,欧米茄计时管理委员会成员彼得许尔泽勒介绍说,彼得,1,2,2,0.0,1.0,1.0,1.0,1.0,1.0,1.0,5,2,5,皮特|彼得|刘玮|吴雯|徐建德|董某|李洁|胡琦|朱某|渝武|瓯文|黄榕,皮特|彼得,皮特|彼得|刘玮|董某|胡琦
579,现年十八岁的莎宾娜身高达一百八十二厘米,莎宾娜,1,1,1,1.0,1.0,1.0,1.0,1.0,1.0,1.0,4,1,4,莎宾娜|奇冰|彼得|渝武|吴雯|南沙|吉娜|哈灵|瓯文|董某|朱某|颜妮,莎宾娜,莎宾娜|奇冰|董某|朱某
580,莎宾娜也凭借兼具清纯和性感气质的漂亮外形走红日本,莎宾娜,1,1,1,1.0,1.0,1.0,1.0,1.0,1.0,1.0,6,1,6,莎宾娜|奇冰|吴雯|彼得|罗宾|董某|平阳|渝武|瓯文|吉娜|朱某|黄榕,莎宾娜,莎宾娜|奇冰|吴雯|彼得|罗宾|董某
581,莎宾娜透露目前单身理想型是喜欢运动,莎宾娜,1,1,1,1.0,1.0,1.0,1.0,1.0,1.0,1.0,5,1,5,莎宾娜|奇冰|彼得|张诗欢|哈灵|吴雯|瓯文|董某|哈立|吉娜|渝武|郎平,莎宾娜,莎宾娜|奇冰|彼得|张诗欢|董某
582,莎宾娜已经在今年八月秘密抵达日本,莎宾娜,1,1,1,1.0,1.0,1.0,1.0,1.0,1.0,1.0,5,1,5,莎宾娜|奇冰|彼得|吴雯|皮特|郎平|吉娜|渝武|瓯文|董某|黄榕|马云,莎宾娜,莎宾娜|奇冰|彼得|皮特|董某
583,她的母亲在采访中表示莎宾娜为了提升自己的实力,莎宾娜,1,1,1,1.0,1.0,1.0,1.0,1.0,1.0,1.0,6,1,6,莎宾娜|吉娜|彼得|吴雯|奇冰|罗宾|斯利|胡琦|渝武|董某|瓯文|郎平,莎宾娜,莎宾娜|吉娜|彼得|吴雯|罗宾|董某
584,对此莎宾娜已经做好了吃苦的心理准备,莎宾娜,1,1,1,1.0,1.0,1.0,1.0,1.0,1.0,1.0,4,1,4,莎宾娜|奇冰|斯利|吴雯|渝武|董某|瓯文|彼得|黄榕|吉娜|朱某|张驰,莎宾娜,莎宾娜|奇冰|斯利|董某
585,家人和哈排协也表明了全力支持她的态度,哈排协,1,1,1,1.0,1.0,1.0,1.0,1.0,1.0,1.0,4,1,4,哈排协|彼得|吴雯|渝武|董某|朱某|黄榕|瓯文|马云|哈灵|权义|平阳,哈排协,哈排协|渝武|董某|朱某
586,因此不得不放弃宾虚的演出,宾虚,1,1,1,1.0,1.0,1.0,1.0,1.0,1.0,1.0,4,1,4,宾虚|胡枫|彼得|瓯文|董某|渝武|朱某|吴雯|罗宾|奇冰|平阳|美的部品事业部,宾虚,宾虚|胡枫|董某|朱某
587,不开心时会找太太徐濠所倾诉,徐濠,1,1,1,1.0,1.0,1.0,1.0,1.0,1.0,1.0,5,1,5,徐濠|徐永昊|刘玮|吴雯|瓯文|渝武|董某|李晖|黄榕|朱某|彼得|甘肃,徐濠,徐濠|徐永昊|瓯文|董某|朱某
588,港媒称马云向浙江商人发出警告永远不要行贿,马云,1,1,1,1.0,1.0,1.0,1.0,1.0,1.0,1.0,4,1,4,马云|吴雯|董某|瓯文|渝武|刘玮|彼得|王巍|朱某|吉娜|黄榕|湛江,马云,马云|吴雯|瓯文|朱某
589,东莞常平一地盘两日两度地陷,常平,1,1,1,1.0,1.0,1.0,1.0,1.0,1.0,1.0,5,1,5,常平|平昌|富平|郎平|吴雯|平阳|渝武|韩国平昌|苹果|陈国强|瓯文|董某,常平,常平|平昌|富平|郎平|渝武
590,东莞常平住宅大厦联邦花园旁边发生大面积地陷,常平,1,1,1,1.0,1.0,1.0,1.0,1.0,1.0,1.0,5,1,5,常平|郎平|董某|吴雯|瓯文|彼得|龙湾|渝武|朱某|马云|黄榕|吉娜,常平,常平|郎平|董某|吴雯|瓯文
591,港媒中国成访日第一大客源国还会持续增加,日第一大客源国,1,1,1,1.0,1.0,1.0,1.0,1.0,1.0,1.0,4,1,4,日第一大客源国|吴雯|陈国强|渝武|董某|瓯文|彼得|王巍|黄榕|邬迪|平阳|朱某,日第一大客源国,日第一大客源国|陈国强|渝武|董某
592,审计署审计长刘家义受国务院委托,刘家义|审计署,2,1,2,0.5,1.0,1.0,1.0,1.0,1.0,1.0,4,2,4,审计署|刘家义|李家|广安|哈立|吴雯|彼得|渝武|卢加诺|董某|瓯文|韩籍,审计署|刘家义,审计署|刘家义|李家|渝武
593,刘家义在报告中指出,刘家义,1,1,1,1.0,1.0,1.0,1.0,1.0,1.0,1.0,5,1,5,刘家义|李家|卢加诺|李嘉诚|吴雯|马云|陈嘉宝|瓯文|彼得|王晓宇|张保仔|郑嘉颖,刘家义,刘家义|李家|卢加诺|瓯文|朱某
594,审计署审计长刘家义受国务院委托,刘家义|审计署,2,1,2,0.5,1.0,1.0,1.0,1.0,1.0,1.0,5,2,5,审计署|刘家义|李家|吴雯|广安|修哥|瓯文|哈立|嵩山|董某|彼得|邬雄,审计署|刘家义,审计署|刘家义|李家|吴雯|瓯文
595,由此可见苹果现在的业务确实比汽车行业更加赚钱,苹果,1,1,1,1.0,1.0,1.0,1.0,1.0,1.0,1.0,5,2,5,苹果|渝武|黄榕|郑嘉颖|吴雯|董某|瓯文|平阳|胡琦|朱某|彼得|名古屋,苹果|渝武,苹果|渝武|黄榕|郑嘉颖|吴雯
596,他表示他肯定会与苹果展开合作,苹果,1,1,1,1.0,1.0,1.0,1.0,1.0,1.0,1.0,4,1,4,苹果|名古屋|吴雯|彼得|朱某|董某|瓯文|渝武|广安|平阳|故宫|陈定,苹果,苹果|名古屋|吴雯|瓯文
597,苹果公司一直在秘密从事电汽汽车的研发,苹果,1,1,1,1.0,1.0,1.0,1.0,1.0,1.0,1.0,5,1,5,苹果|威灵电器|吴雯|彼得|朱某|瓯文|黄榕|董某|美芝|渝武|故宫|玮甯,苹果,苹果|威灵电器|吴雯|瓯文|黄榕
598,苹果已为汽车项目招募了数百名员工,苹果,1,1,1,1.0,1.0,1.0,1.0,1.0,1.0,1.0,4,1,4,苹果|吴雯|彼得|瓯文|章某|名古屋|平阳|故宫|朱某|皮特|董某|黄榕,苹果,苹果|吴雯|瓯文|名古屋
599,苹果涉足汽车行业并不是一个好主意,苹果,1,1,1,1.0,1.0,1.0,1.0,1.0,1.0,1.0,4,1,4,苹果|吴雯|彼得|瓯文|黄榕|平阳|董某|渝武|刘晏含|名古屋|朱圣祎|胡琦,苹果,苹果|吴雯|瓯文|黄榕
600,除了苹果上周公布的选定合作伙伴,苹果,1,1,1,1.0,1.0,1.0,1.0,1.0,1.0,1.0,4,1,4,苹果|瓯文|吴雯|工信部|李尚洙|彼得|郎平|董某|朱某|美的部品事业部|平阳|渝武,苹果,苹果|瓯文|吴雯|董某
601,有报道称苹果计划在二零一四年秋季推出其可穿戴设备,苹果,1,1,1,1.0,1.0,1.0,1.0,1.0,1.0,1.0,4,1,4,苹果|邱宝昌|吴雯|瓯文|平昌|彼得|董某|朱某|奇冰|渝武|平阳|胡琦,苹果,苹果|邱宝昌|吴雯|瓯文
602,这将是苹果零售店采用的全新模式,苹果,1,1,1,1.0,1.0,1.0,1.0,1.0,1.0,1.0,4,1,4,苹果|董某|朱某|吴雯|彼得|名古屋|苹果晋身道指|瓯文|湛江|渝武|常平|富平,苹果,苹果|董某|吴雯|苹果晋身道指
603,美的集团总裁方洪波提出了上述三个问题,美的集团,1,1,1,1.0,1.0,1.0,1.0,1.0,1.0,1.0,4,1,4,美的集团|黄榕|吴雯|瓯文|李尚洙|董某|麦格理集团|范跃红|朱某|平阳|彼得|渝武,美的集团,美的集团|吴雯|瓯文|朱某
604,七月成立了美的部品事业部,美的部品事业部,1,1,1,1.0,1.0,1.0,1.0,1.0,1.0,1.0,4,1,4,美的部品事业部|富平|常平|彼得|吴雯|张林|叶乔波|郎平|渝武|梅姐|瓯文|董某,美的部品事业部,美的部品事业部|富平|常平|叶乔波
605,威灵电机将有可能兼并美芝压缩机,美芝|威灵|威灵电机,3,1,3,0.3333333333333333,1.0,1.0,1.0,1.0,1.0,1.0,5,4,5,威灵电机|美芝|威灵|威灵电器|吴雯|科林|赖慰玲|奇冰|渝武|瓯文|董某|朱某,威灵电机|美芝|威灵|威灵电器,威灵电机|美芝|威灵|威灵电器|吴雯
606,这一点对于京津冀一带的居民来说是才最重要的,京津冀,1,1,1,1.0,1.0,1.0,1.0,1.0,1.0,1.0,5,2,5,京津冀|金坛|重庆|安靖镇|吴雯|今久|朱某|京城|董某|荆州|彼得|渝武,京津冀|金坛,京津冀|金坛|重庆|吴雯|渝武
607,崇礼县发展较成熟的万龙滑雪场和云顶滑雪场,万龙滑雪场,1,1,1,1.0,1.0,1.0,1.0,1.0,1.0,1.0,6,2,6,万龙滑雪场|孔磊|麻丽贤|张林|龙湾|黄榕|吴雯|云林县|银联|威灵|渝武|瓯文,万龙滑雪场|孔磊,万龙滑雪场|孔磊|麻丽贤|张林|龙湾|渝武
608,小海坨山是位于延庆境内的海坨山主峰,小海坨山|海坨山,2,1,2,0.5,1.0,1.0,1.0,1.0,1.0,1.0,4,3,4,小海坨山|海坨山|重庆|安靖镇|彼得|王靖苏|吉娜|吴雯|渝武|董某|瓯文|荆州,小海坨山|海坨山|重庆,小海坨山|海坨山|重庆|安靖镇
609,经历过北京站和上海站两次比赛,北京站,1,1,1,1.0,1.0,1.0,1.0,1.0,1.0,1.0,4,1,4,北京站|瓯文|吴雯|彼得|董某|北仑站|广西|温岭|渝武|黄榕|平阳|德国,北京站,北京站|瓯文|吴雯|董某
610,尤为引人瞩目的莫过于李子成,李子成,1,1,1,1.0,1.0,1.0,1.0,1.0,1.0,1.0,4,2,4,李子成|刘玮|吴雯|瓯文|李嘉诚|董某|彼得|朱某|平昌|李氏|渝武|平阳,李子成|刘玮,李子成|刘玮|瓯文|李嘉诚
611,而十公里女子组由刘庆红以三十四分十秒夺得冠军,刘庆红,1,1,1,1.0,1.0,1.0,1.0,1.0,1.0,1.0,5,1,5,刘庆红|刘玮|保山市|吴雯|董某|瓯文|彼得|刘晏含|渝武|赵宏|平阳|孔磊,刘庆红,刘庆红|刘玮|保山市|董某|瓯文
612,新京报报道思维发散表情与肢体语言丰富,新京报,1,1,1,1.0,1.0,1.0,1.0,1.0,1.0,1.0,4,3,4,新京报|金报讯|金陵晚报|吴雯|黄欣晨报|信息时报讯|渝武|瓯文|彼得|董某|平阳|龟趺,新京报|金报讯|金陵晚报,新京报|金报讯|金陵晚报|吴雯
613,朱祖儿操刀灰色调封面,朱祖儿,1,1,1,1.0,1.0,1.0,1.0,1.0,1.0,1.0,4,1,4,朱祖儿|邬雄|吴雯|彼得|胡枫|瓯文|渝武|董某|赵宏|李氏|甘肃|平阳,朱祖儿,朱祖儿|邬雄|董某|甘肃
614,袁两半一人歌词包办,袁两,1,1,1,1.0,1.0,1.0,1.0,1.0,1.0,1.0,4,1,4,袁两|温岭|吴雯|彼得|渝武|瓯文|董某|玮甯|平阳|银联|渝蓉|黄榕,袁两,袁两|温岭|吴雯|银联
615,好友陈妍希晒与潘玮柏搞怪合影为他庆生,陈妍希,1,1,1,1.0,1.0,1.0,1.0,1.0,1.0,1.0,4,1,4,陈妍希|瓯文|吴雯|渝武|西安|朱某|任珊|董某|彼得|陕西|黄榕|马云,陈妍希,陈妍希|瓯文|吴雯|董某
616,二十七日深夜终于在云林县一家废弃空屋中救出了黄立坤,黄立坤|云林县,2,1,2,0.5,1.0,1.0,1.0,1.0,1.0,1.0,7,3,7,云林县|黄立坤|黄煜坤|武红利|吴雯|王晔君|银联|麻丽贤|颜妮|王颖春|董某|敦煌,云林县|黄立坤|黄煜坤,云林县|黄立坤|黄煜坤|武红利|吴雯|王晔君|银联
617,港报评上海迪尼士不意味着香港迪尼士的没落,上海迪尼士|香港迪尼士,2,1,2,0.5,1.0,1.0,1.0,1.0,1.0,1.0,6,2,6,上海迪尼士|香港迪尼士|吴雯|波斯|朱某|黄榕|克里斯蒂娜斯|瓯文|颜妮|董某|李氏|平阳,上海迪尼士|香港迪尼士,上海迪尼士|香港迪尼士|吴雯|波斯|朱某|瓯文
618,港报内地医院仍控制处方药销售电商盼网售解禁,港报内地医院,1,1,1,1.0,1.0,1.0,1.0,1.0,1.0,1.0,4,1,4,港报内地医院|吴雯|渝武|彼得|董某|瓯文|邬迪|朱某|黄榕|平阳|广安|杨扬,港报内地医院,港报内地医院|吴雯|渝武|董某
619,南都讯记者王睦广发自香港今年四月初,王睦广发,1,1,1,1.0,1.0,1.0,1.0,1.0,1.0,1.0,4,1,4,王睦广发|广安|董某|吴雯|黄榕|瓯文|邬雄|平阳|朱某|彼得|广西|章某,王睦广发,王睦广发|广安|吴雯|朱某
620,游客偷走雷峰塔砖块想供奉起来做药给老人喝,雷峰塔,1,1,1,1.0,1.0,1.0,1.0,1.0,1.0,1.0,4,1,4,雷峰塔|奇冰|胡枫|渝武|吴雯|彼得|修哥|瓯文|故宫|董某|龟趺|吉娜,雷峰塔,雷峰塔|奇冰|胡枫|故宫
621,南京市民张女士化姓去无锡旅游时,张女士,1,1,1,1.0,1.0,1.0,1.0,1.0,1.0,1.0,5,2,5,张女士|郑女士|刘玮|黎胜明|胡琦|李氏|兰州市|吴雯|张绵跃|瓯文|渝武|滕女士,张女士|郑女士,张女士|郑女士|刘玮|黎胜明|胡琦
622,这让张女士哭笑不得,张女士,1,1,1,1.0,1.0,1.0,1.0,1.0,1.0,1.0,5,2,5,张女士|郑女士|滕女士|张林|李氏|彼得|张诗欢|瓯文|张小飞|吴雯|章某|渝武,张女士|郑女士,张女士|郑女士|滕女士|张林|黄榕
623,现代快报记者赵书伶,赵书伶,1,1,1,1.0,1.0,1.0,1.0,1.0,1.0,1.0,4,1,4,赵书伶|张锦麟|张淑侠|瓯文|张贵林|吴雯|彼得|渝武|董某|科林|朱某|平阳,赵书伶,赵书伶|张锦麟|董某|朱某
624,京华时报讯记者武红利与家人来京旅游,武红利,1,1,1,1.0,1.0,1.0,1.0,1.0,1.0,1.0,4,1,4,武红利|孔磊|信息时报讯|吴雯|金报讯|马来|哈灵|黄榕|董某|彼得|渝武|李家,武红利,武红利|孔磊|信息时报讯|吴雯
625,中房指数研究所院长陈晟表示,陈晟,1,11,11,0.0,0.0,0.0,1.0,0.0,0.0,0.0,4,1,4,同策咨询研究部|周峰|易居研究院|宋芳|胡枫|吴雯|董某|彼得|任珊|瓯文|陈晟|陈露,同策咨询研究部,同策咨询研究部|周峰|胡枫|吴雯
626,这样可以加深苹果和消费者之间的关系,苹果,1,1,1,1.0,1.0,1.0,1.0,1.0,1.0,1.0,5,1,5,苹果|苹果晋身道指|广西|瓯文|吴雯|彼得|王晓飞|西安|董某|名古屋|黄榕|李家,苹果,苹果|苹果晋身道指|广西|吴雯|董某
627,为提高苹果零售商店的服务质量,苹果,1,1,1,1.0,1.0,1.0,1.0,1.0,1.0,1.0,4,1,4,苹果|吴雯|平昌|彼得|瓯文|董某|奇高市|喻莉|名古屋|渝武|黄榕|曹志,苹果,苹果|吴雯|平昌|瓯文
628,苹果将引入这样一套顾客接待系统,苹果,1,39,39,0.0,0.0,0.0,0.0,0.0,0.0,0.0,4,1,4,吴雯|董某|朱某|瓯文|李洁|故宫|黄榕|彼得|修哥|胡琦|湛江|渝武,吴雯,吴雯|董某|朱某|瓯文
629,前往苹果零售店的顾客将比餐厅订餐叫号还方便,苹果,1,1,1,1.0,1.0,1.0,1.0,1.0,1.0,1.0,4,1,4,苹果|董某|吴雯|朱某|陈定|名古屋|瓯文|渝武|平阳|黄榕|彼得|修哥,苹果,苹果|董某|吴雯|瓯文
630,苹果零售店实行先到先服务的原则,苹果,1,1,1,1.0,1.0,1.0,1.0,1.0,1.0,1.0,5,1,5,苹果|彼得|富平|吴雯|瓯文|名古屋|张林|董某|平阳|朱某|渝武|广安,苹果,苹果|彼得|富平|瓯文|名古屋
631,此时客户可以选择离开苹果零售店,苹果,1,1,1,1.0,1.0,1.0,1.0,1.0,1.0,1.0,4,1,4,苹果|吴雯|名古屋|瓯文|董某|彼得|渝武|黄榕|广安|平阳|德国|朱某,苹果,苹果|吴雯|名古屋|瓯文
632,客户回到苹果零售店后,苹果,1,1,1,1.0,1.0,1.0,1.0,1.0,1.0,1.0,4,1,4,苹果|苹果晋身道指|彼得|吴雯|瓯文|黄榕|董某|刘玮|名古屋|郎平|平昌|广安,苹果,苹果|苹果晋身道指|彼得|黄榕
633,为提高苹果零售商店的服务质量,苹果,1,1,1,1.0,1.0,1.0,1.0,1.0,1.0,1.0,4,1,4,苹果|广安|吴雯|瓯文|彼得|平昌|董某|科林|渝武|安良百货商场|名古屋|曹志,苹果,苹果|广安|吴雯|瓯文
634,苹果靠什么颠复移动支付市场,苹果,1,1,1,1.0,1.0,1.0,1.0,1.0,1.0,1.0,4,1,4,苹果|彼得|吴雯|名古屋|付敬懿|瓯文|朱某|渝武|平阳|董某|常平|黄榕,苹果,苹果|彼得|名古屋|瓯文
635,苹果一口气召开了两次新品发布会,苹果,1,1,1,1.0,1.0,1.0,1.0,1.0,1.0,1.0,4,1,4,苹果|彼得|吴雯|名古屋|瓯文|渝武|朱某|广安|董某|平阳|黄榕|权义,苹果,苹果|彼得|名古屋|瓯文
636,科技经济社会金融全都是苹果的消息,苹果,1,1,1,1.0,1.0,1.0,1.0,1.0,1.0,1.0,5,1,5,苹果|京津冀|名古屋|彼得|吴雯|奇冰|瓯文|董某|黄榕|故宫|平阳|渝武,苹果,苹果|京津冀|名古屋|彼得|瓯文
637,而是统一地认为苹果开了有史以来最烂的发布会,苹果,1,1,1,1.0,1.0,1.0,1.0,1.0,1.0,1.0,4,1,4,苹果|彼得|名古屋|吴雯|瓯文|黄榕|胡琦|渝武|董某|吉娜|朱某|刘玮,苹果,苹果|彼得|名古屋|瓯文
638,但这些口水式的讨伐并没有影响苹果前进的脚步,苹果,1,1,1,1.0,1.0,1.0,1.0,1.0,1.0,1.0,4,1,4,苹果|渝武|名古屋|彼得|吴雯|李氏|瓯文|朱某|董某|滕女士|故宫|西安,苹果,苹果|渝武|名古屋|彼得
639,已获任美的部品事业部的总裁,美的部品事业部,1,1,1,1.0,1.0,1.0,1.0,1.0,1.0,1.0,4,2,4,美的部品事业部|富平|叶乔波|吴雯|董某|渝武|吉娜|彼得|胡枫|邬迪|黄榕|平阳,美的部品事业部|富平,美的部品事业部|富平|叶乔波|朱某
640,而威灵电器七月九日下午也公告透露,威灵|威灵电器,2,1,2,0.5,1.0,1.0,1.0,1.0,1.0,1.0,5,3,5,威灵电器|威灵|威灵电机|赖慰玲|银联|吴雯|科林|奇冰|故宫|瓯文|董某|邬迪,威灵电器|威灵|威灵电机,威灵电器|威灵|威灵电机|赖慰玲|吴雯
641,于一九九一年加盟美的集团,美的集团,1,4,4,0.0,0.0,1.0,1.0,0.0,0.0,0.0,4,1,4,麦格理集团|纪佳鹏|今久|美的集团|东方演艺集团|吴雯|渝武|章某|金坛|银联|瓯文|董某,麦格理集团,麦格理集团|纪佳鹏|今久|渝武
642,美芝压缩机已是全球最大空调压缩机企业,美芝,1,1,1,1.0,1.0,1.0,1.0,1.0,1.0,1.0,4,1,4,美芝|李氏|董某|吴雯|故宫|彼得|惠若琪|瓯文|朱某|吉娜|黄榕|渝武,美芝,美芝|李氏|董某|惠若琪
643,美的将美芝压缩机威灵电机合并,美芝|威灵|威灵电机,3,1,3,0.3333333333333333,1.0,1.0,1.0,1.0,1.0,1.0,6,4,6,威灵电机|美芝|威灵|威灵电器|赖慰玲|吴雯|李家|平阳|彼得|吉娜|温岭|李洁,威灵电机|美芝|威灵|威灵电器,威灵电机|美芝|威灵|威灵电器|赖慰玲|吴雯
644,美的部品事业部建立后,美的部品事业部,1,1,1,1.0,1.0,1.0,1.0,1.0,1.0,1.0,4,1,4,美的部品事业部|彼得|李伟豪|吴雯|李洁|董某|黄榕|平阳|瓯文|皮特|鄂美蝶|李氏,美的部品事业部,美的部品事业部|彼得|董某|皮特
645,美的集团公关部的相关人士告诉第一财经日报记者,美的集团,1,1,1,1.0,1.0,1.0,1.0,1.0,1.0,1.0,5,1,5,美的集团|工信部|金陵晚报|新京报|彼得|董某|吴雯|瓯文|朱某|广安|喻莉|贵港,美的集团,美的集团|工信部|金陵晚报|新京报|彼得
646,目前美芝与威灵的合并,美芝|威灵,2,1,2,0.5,1.0,1.0,1.0,1.0,1.0,1.0,4,2,4,美芝|威灵|哈灵|吴雯|赖慰玲|许玮甯|彼得|瓯文|瑞银|威灵电器|梅姐|渝武,美芝|威灵,美芝|威灵|哈灵|威灵电器
647,仅处于美的集团内部管理架构调整的阶段,美的集团,1,4,4,0.0,0.0,1.0,1.0,0.0,0.0,0.0,5,1,5,广安|李家|金坛|美的集团|彼得|吴雯|董某|今久|瓯文|土桥镇|朱某|李洁,广安,广安|李家|彼得|瓯文|土桥镇
648,还没体现在香港上市公司威灵电器的业务层面,威灵|威灵电器,2,1,2,0.5,1.0,1.0,1.0,1.0,1.0,1.0,5,4,5,威灵电器|威灵|威灵电机|渝武|吴雯|赖慰玲|银联|黄榕|温岭|董某|瓯文|彼得,威灵电器|威灵|威灵电机|渝武,威灵电器|威灵|威灵电机|渝武|吴雯
649,由于向为民已获任威灵电机的董事会主席,威灵|威灵电机,2,1,2,0.5,1.0,1.0,1.0,1.0,1.0,1.0,5,2,5,威灵电机|威灵|威灵电器|吴雯|赖慰玲|项锐|董某|温岭|钟欣|彼得|刘玮|瓯文,威灵电机|威灵,威灵电机|威灵|威灵电器|吴雯|赖慰玲
650,威灵电机今后兼并美芝压缩机,美芝|威灵|威灵电机,3,1,3,0.3333333333333333,1.0,1.0,1.0,1.0,1.0,1.0,5,4,5,威灵电机|美芝|威灵|威灵电器|吴雯|赖慰玲|瓯文|许玮甯|董某|渝武|科林|彼得,威灵电机|美芝|威灵|威灵电器,威灵电机|美芝|威灵|威灵电器|吴雯
651,美芝压缩机是隶属于美的集团旗下的业务,美芝|美的集团,2,1,10,0.5,0.5,0.5,1.0,0.5,0.5,0.5,5,1,5,美芝|渝武|董某|朱某|吴雯|吉娜|黄榕|胡琦|瓯文|美的集团|彼得|杨扬,美芝,美芝|渝武|董某|朱某|吴雯
652,由于美的集团本身就是威灵电机的大股东,威灵|威灵电机|美的集团,3,1,4,0.3333333333333333,0.6666666666666666,1.0,1.0,1.0,0.6666666666666666,1.0,7,3,7,威灵电机|威灵|威灵电器|美的集团|赖慰玲|许玮甯|吴雯|科林|渝武|麦格理集团|董某|瓯文,威灵电机|威灵|威灵电器,威灵电机|威灵|威灵电器|美的集团|赖慰玲|许玮甯|吴雯
653,即使今后美芝压缩机被威灵电器兼并,美芝|威灵|威灵电器,3,1,3,0.3333333333333333,1.0,1.0,1.0,1.0,1.0,1.0,5,3,5,美芝|威灵电器|威灵|银联|威灵电机|吴雯|渝武|赖慰玲|奇冰|彼得|董某|李氏,美芝|威灵电器|威灵,美芝|威灵电器|威灵|银联|吴雯
654,也对美的集团的总体业绩影响不大,美的集团,1,1,1,1.0,1.0,1.0,1.0,1.0,1.0,1.0,4,1,4,美的集团|金坛|麦格理集团|吴雯|瓯文|彼得|董某|渝武|平阳|东方演艺集团|杨扬|黄榕,美的集团,美的集团|吴雯|瓯文|东方演艺集团
655,而威灵电器二零一四年的营业额约九十二点七三亿港元,威灵|威灵电器,2,1,2,0.5,1.0,1.0,1.0,1.0,1.0,1.0,5,3,5,威灵电器|威灵|威灵电机|吴雯|胡琦|董某|黄榕|瓯文|彼得|朱某|马云|渝武,威灵电器|威灵|威灵电机,威灵电器|威灵|威灵电机|吴雯|胡琦
656,如果威灵电器兼并美芝压缩机,美芝|威灵|威灵电器,3,1,3,0.3333333333333333,1.0,1.0,1.0,1.0,1.0,1.0,6,4,6,威灵电器|美芝|威灵|威灵电机|赖慰玲|吴雯|许玮甯|董某|瓯文|大滨芳美|平阳|朱某,威灵电器|美芝|威灵|威灵电机,威灵电器|美芝|威灵|威灵电机|赖慰玲|吴雯
657,将有利于增加威灵电器的收入和利润,威灵|威灵电器,2,1,2,0.5,1.0,1.0,1.0,1.0,1.0,1.0,5,3,5,威灵电器|威灵|威灵电机|赖慰玲|吴雯|许玮甯|彼得|瓯文|马云|董某|渝武|贩婴,威灵电器|威灵|威灵电机,威灵电器|威灵|威灵电机|赖慰玲|吴雯
658,除了威灵电器与美芝压缩机合并成为美的部品事业部之外,美的部品事业部|美芝|威灵|威灵电器,4,1,4,0.25,0.75,1.0,1.0,1.0,1.0,1.0,7,4,7,威灵电器|威灵|美的部品事业部|美芝|富平|威灵电机|渝武|吴雯|彼得|董某|陈定|哈灵,威灵电器|威灵|美的部品事业部|美芝,威灵电器|威灵|美的部品事业部|美芝|富平|威灵电机|渝武
659,美丽的丁香湖公园成为跑步爱好者的狂欢圣地,丁香湖公园,1,1,1,1.0,1.0,1.0,1.0,1.0,1.0,1.0,5,2,5,丁香湖公园|海珠湖公园|彼得|龙湾|吴雯|广安|陈定|邬迪|渝武|黄榕|董某|敦煌,丁香湖公园|海珠湖公园,丁香湖公园|海珠湖公园|彼得|龙湾|邬迪
660,中新网成都九月十五日电付敬懿十五日,付敬懿,1,2,2,0.0,1.0,1.0,1.0,1.0,1.0,1.0,4,2,4,钟欣|付敬懿|吴雯|董某|瓯文|彼得|重庆|黄榕|吉娜|陈定|邬迪|朱某,钟欣|付敬懿,钟欣|付敬懿|董某|重庆
661,而排名第三位的李尚洙,李尚洙,1,1,1,1.0,1.0,1.0,1.0,1.0,1.0,1.0,4,1,4,李尚洙|朱圣祎|李的话|韩国队|巴西队|德郭队|吴雯|彼得|哈立|瓯文|渝武|刘玮,李尚洙,李尚洙|李的话|韩国队|瓯文
662,本报讯记者李晖经过两天转场,李晖,1,1,1,1.0,1.0,1.0,1.0,1.0,1.0,1.0,5,2,5,李晖|刘玮|吴雯|彼得|金报讯|瓯文|苹果|广安|董某|渝武|皮特|李洁,李晖|刘玮,李晖|刘玮|金报讯|瓯文|苹果
663,与陈妍希分别看向对方,陈妍希,1,1,1,1.0,1.0,1.0,1.0,1.0,1.0,1.0,4,1,4,陈妍希|吴雯|西安|渝武|彼得|瓯文|董某|朱某|渭镇|垦区|淅川县|政协,陈妍希,陈妍希|吴雯|西安|董某
664,陈妍希今天五月二日下午出席公益活动,陈妍希,1,1,1,1.0,1.0,1.0,1.0,1.0,1.0,1.0,4,1,4,陈妍希|故宫|西安|陈观鑫|政协|胡琦|重庆|陕西|钟欣|吴雯|董某|瓯文,陈妍希,陈妍希|故宫|西安|吴雯
665,陈妍希一直努力让自己的脸圆圆脸变瘦,陈妍希,1,1,1,1.0,1.0,1.0,1.0,1.0,1.0,1.0,6,1,6,陈妍希|西安|陕西|吴雯|杨扬|陈观鑫|彼得|诏安县|董某|政协|渝武|黄榕,陈妍希,陈妍希|西安|陕西|吴雯|杨扬|陈观鑫
666,曝出陈妍希拍戏时突然干呕,陈妍希,1,1,1,1.0,1.0,1.0,1.0,1.0,1.0,1.0,4,1,4,陈妍希|李氏|瓯文|许胚|胡琦|西安|哈排协|吴雯|信息时报讯|政协|彼得|渝武,陈妍希,陈妍希|李氏|瓯文|信息时报讯
667,陈妍希公司官方账号发表微博辟谣,陈妍希,1,1,1,1.0,1.0,1.0,1.0,1.0,1.0,1.0,4,1,4,陈妍希|龟趺|程张昊|杨扬|平阳|吴雯|彼得|政协|陕西|中国游戏公司|瓯文|韩籍,陈妍希,陈妍希|龟趺|程张昊|吴雯
668,否认了陈妍希疑似怀孕的传闻,陈妍希,1,1,1,1.0,1.0,1.0,1.0,1.0,1.0,1.0,4,1,4,陈妍希|吴雯|瓯文|陕西|李氏|彼得|钟欣|政协|陈观鑫|西安|吴文新|诏安县,陈妍希,陈妍希|吴雯|瓯文|陈观鑫
669,称陈妍希目前还在剧组拍戏,陈妍希,1,1,1,1.0,1.0,1.0,1.0,1.0,1.0,1.0,4,1,4,陈妍希|刘澄|陈晟|陈露|西安|吴雯|陈昊芝|张驰|董某|渝武|新城|彼得,陈妍希,陈妍希|刘澄|陈晟|西安
670,并感谢了各界对于陈妍希公开与陈晓恋情的祝福,陈妍希,1,1,1,1.0,1.0,1.0,1.0,1.0,1.0,1.0,4,1,4,陈妍希|彼得|西安|渝武|吴雯|瓯文|朱某|董某|陕西|徐云丽|诏安县|今久,陈妍希,陈妍希|彼得|西安|董某
671,陈妍希在微博发布跳绳视频,陈妍希,1,1,1,1.0,1.0,1.0,1.0,1.0,1.0,1.0,4,1,4,陈妍希|西安|彼得|瓯文|政协|吴雯|陕西|张驰|嵩山|黄榕|平阳|董某,陈妍希,陈妍希|西安|彼得|黄榕
672,京汇佳律师事务所律师邱宝昌表示,京汇佳律师事务所|邱宝昌,2,1,2,0.5,1.0,1.0,1.0,1.0,1.0,1.0,12,4,12,京汇佳律师事务所|邱宝昌|滕女士|郑女士|张女士|兰州市|李氏|陈势安|张诗欢|蚌飞市|奇高市|保山市,京汇佳律师事务所|邱宝昌|滕女士|郑女士,京汇佳律师事务所|邱宝昌|滕女士|郑女士|张女士|兰州市|李氏|陈势安|张诗欢|蚌飞市|奇高市|保山市
673,园中园收费超景区大门票,园中园,1,1,1,1.0,1.0,1.0,1.0,1.0,1.0,1.0,4,1,4,园中园|海珠湖公园|渝武|吴雯|崂山景区|董某|彼得|吉娜|朱某|黄榕|瓯文|玛卡磨成粉景区,园中园,园中园|海珠湖公园|渝武|吴雯
674,信息时报讯记者周伟龙八月一零日下午,信息时报讯,1,1,1,1.0,1.0,1.0,1.0,1.0,1.0,1.0,6,2,6,信息时报讯|谢依霖|威灵|金报讯|项锐|刘玮|瓯文|李氏|彼得|吴雯|董某|哈灵,信息时报讯|谢依霖,信息时报讯|谢依霖|威灵|金报讯|刘玮|朱某
675,六名游客在海珠湖公园凉亭内躲雨,海珠湖公园,1,1,1,1.0,1.0,1.0,1.0,1.0,1.0,1.0,6,3,6,海珠湖公园|丁香湖公园|郎平|故宫|哈灵|杨幼萍|袁两|渝武|董某|吴雯|威灵|赵宏,海珠湖公园|丁香湖公园|郎平,海珠湖公园|丁香湖公园|郎平|故宫|哈灵|杨幼萍
676,记者回访海珠湖公园发现,海珠湖公园,1,2,2,0.0,1.0,1.0,1.0,1.0,1.0,1.0,4,2,4,丁香湖公园|海珠湖公园|赵宏|彼得|吴雯|瓯文|龟趺|渝武|董某|颜妮|渝蓉|胡枫,丁香湖公园|海珠湖公园,丁香湖公园|海珠湖公园|赵宏|彼得
677,夏先生带太太跟团去新马泰旅游,新马泰,1,1,1,1.0,1.0,1.0,1.0,1.0,1.0,1.0,6,1,6,新马泰|吉娜|刘玮|马来|渝武|大兴|李氏|彼得|吴雯|董某|广安|西安,新马泰,新马泰|吉娜|刘玮|马来|渝武|郑女士
678,河南籍游客张某某手部受伤及表皮损伤,张某某,1,1,1,1.0,1.0,1.0,1.0,1.0,1.0,1.0,7,1,7,张某某|富平|张萌|朱某|嵩山|黄榕|董某|吴雯|瓯文|渝武|吉娜|彼得,张某某,张某某|富平|张萌|朱某|嵩山|黄榕|瓯文
679,游客在济南景区水池许愿观赏莲被砸成马蜂窝,济南,1,1,1,1.0,1.0,1.0,1.0,1.0,1.0,1.0,5,1,5,济南|吴雯|吉娜|瓯文|西安|渝武|朱某|广安|董某|彼得|修哥|黄榕,济南,济南|吴雯|吉娜|瓯文|朱某
680,华商报讯记者杨德合买了两个肉夹馍,杨德合|华商报讯,2,1,2,0.5,1.0,1.0,1.0,1.0,1.0,1.0,4,2,4,华商报讯|杨德合|瓯文|邦德|彼得|吴雯|渝武|董某|金报讯|黄榕|皮特|郎导,华商报讯|杨德合,华商报讯|杨德合|邦德|彼得
681,但这也让首次来到陕西游玩的孙女士感到憋屈,陕西,1,1,1,1.0,1.0,1.0,1.0,1.0,1.0,1.0,4,1,4,陕西|滕女士|彼得|广安|刘玮|李氏|吴雯|董某|瓯文|渝武|郑女士|朱某,陕西,陕西|滕女士|彼得|广安
682,游客大铜缸刻字警察喊话故宫刻字者请自首,故宫,1,1,1,1.0,1.0,1.0,1.0,1.0,1.0,1.0,4,1,4,故宫|渝武|吴雯|大分港|瓯文|董某|黄榕|修哥|朱某|皮特|彼得|平阳,故宫,故宫|渝武|吴雯|朱某
683,图片由胡先生提供本报讯记者喻莉出门旅游,喻莉,1,1,1,1.0,1.0,1.0,1.0,1.0,1.0,1.0,4,1,4,喻莉|渝武|邬雄|松本|吴雯|刘玮|董某|彼得|皮特|马云|金报讯|杨扬,喻莉,喻莉|渝武|董某|皮特
684,武汉网友胡琦的一条短信微博引起众人关注,胡琦,1,1,1,1.0,1.0,1.0,1.0,1.0,1.0,1.0,6,1,6,胡琦|黄榕|蚌飞市|王晓飞|吴雯|成飞|吉娜|敦煌|张小飞|彼得|奇冰|广安,胡琦,胡琦|黄榕|蚌飞市|王晓飞|吴雯|甘肃
685,中国房地产学会副会长陈国强也认为,陈国强,1,1,1,1.0,1.0,1.0,1.0,1.0,1.0,1.0,4,1,4,陈国强|叶乔波|吴雯|瓯文|彼得|刘玮|董某|朱某|渝武|程张昊|黄榕|平阳,陈国强,陈国强|叶乔波|吴雯|瓯文
686,将其纳入旧城改造和新城建设规划,新城,1,1,1,1.0,1.0,1.0,1.0,1.0,1.0,1.0,4,1,4,新城|吉娜|朱某|吴雯|佟健|马云|瓯文|黄榕|哈立|董某|彼得|今久,新城,新城|吉娜|马云|瓯文
687,而且这也可以看作是苹果利用硬件优势,苹果,1,1,1,1.0,1.0,1.0,1.0,1.0,1.0,1.0,4,1,4,苹果|渝武|吴雯|董某|瓯文|黄榕|彼得|广安|胡琦|佟健|玮甯|平阳,苹果,苹果|渝武|吴雯|董某
688,苹果靠什么颠复移动支付,苹果,1,1,1,1.0,1.0,1.0,1.0,1.0,1.0,1.0,4,1,4,苹果|吴雯|彼得|名古屋|瓯文|广安|胡琦|董某|富平|渝武|平阳|付敬懿,苹果,苹果|吴雯|名古屋|瓯文
689,苹果推出的每一款新产品都不免要引发大讨论,苹果,1,1,1,1.0,1.0,1.0,1.0,1.0,1.0,1.0,5,1,5,苹果|常平|吴雯|平阳|彼得|黄榕|朱某|瓯文|董某|富平|渝武|吉娜,苹果,苹果|常平|吴雯|平阳|瓯文
690,这种状态是苹果颠复现有市场格局的根基,苹果,1,1,1,1.0,1.0,1.0,1.0,1.0,1.0,1.0,4,1,4,苹果|吴雯|彼得|董某|瓯文|名古屋|李氏|朱某|邬迪|天府古镇|渝武|黄榕,苹果,苹果|吴雯|董某|瓯文
691,苹果积累了海量的绑定信息卡用户,苹果,1,1,1,1.0,1.0,1.0,1.0,1.0,1.0,1.0,4,1,4,苹果|钟欣|渝武|胡枫|邦德|吴雯|彼得|瓯文|名古屋|广西|吉娜|富平,苹果,苹果|钟欣|邦德|吴雯
692,而且苹果最早一批的用户积累,苹果,1,1,1,1.0,1.0,1.0,1.0,1.0,1.0,1.0,4,2,4,苹果|彼得|胡琦|吴雯|渝武|瓯文|常平|杨幼萍|郎平|济南|皮特|吉娜,苹果|彼得,苹果|彼得|胡琦|济南
693,柯振东入狱期间的囚服都能在淘宝上热卖,柯振东,1,2,2,0.0,1.0,1.0,1.0,1.0,1.0,1.0,4,2,4,柯震东|柯振东|胡琦|胡枫|吴雯|龟趺|渝武|瓯文|彼得|董某|黄榕|邱宝昌,柯震东|柯振东,柯震东|柯振东|吴雯|龟趺
694,苹果就公布了合作伙伴,苹果,1,1,1,1.0,1.0,1.0,1.0,1.0,1.0,1.0,4,1,4,苹果|彼得|吴雯|瓯文|平阳|渝武|董某|龟趺|黄榕|常平|皮特|郎平,苹果,苹果|彼得|瓯文|平阳
695,美的家用空调事业部制造副总裁乌守保对记者表示,乌守保,1,1,1,1.0,1.0,1.0,1.0,1.0,1.0,1.0,6,2,6,乌守保|邬雄|吴雯|彼得|渝武|美的部品事业部|美芝|邬迪|瓯文|董某|皮特|曹志,乌守保|邬雄,乌守保|邬雄|吴雯|彼得|董某|皮特
696,中国女排昨天下午在松本迎战韩国队,松本|韩国队,2,1,2,0.5,1.0,1.0,1.0,1.0,1.0,1.0,4,2,4,松本|韩国队|德郭队|渝武|瓯文|吴雯|黄榕|董某|彼得|德国|平阳|许胚,松本|韩国队,松本|韩国队|德郭队|黄榕
697,最终中国队以三比一力战韩国队全取三分,韩国队,1,1,1,1.0,1.0,1.0,1.0,1.0,1.0,1.0,4,1,4,韩国队|德郭队|李家|黄榕|吴雯|瓯文|三比二力克美国队|彼得|董某|渝武|李洁|中国移动,韩国队,韩国队|德郭队|李家|瓯文
698,二传丁霞和主攻刘晏含取代了沈静思和张常宁的位置,刘晏含,1,2,2,0.0,1.0,1.0,1.0,1.0,1.0,1.0,14,4,12,成飞|刘晏含|常平|渭镇|张林|张锦麟|卫张宁|陈晟|陈定|平昌|章某|审计署,成飞|刘晏含|常平|渭镇,成飞|刘晏含|常平|渭镇|张林|张锦麟|卫张宁|陈晟|陈定|平昌|章某|审计署
699,而看到了希望的韩国队也趁机拼命反击,韩国队,1,1,1,1.0,1.0,1.0,1.0,1.0,1.0,1.0,4,1,4,韩国队|德郭队|彼得|吴雯|瓯文|渝武|黄榕|董某|德国|朱某|希饭|三比二力克美国队,韩国队,韩国队|德郭队|瓯文|黄榕
700,见此情景韩国队的信心受到了打击,韩国队,1,1,1,1.0,1.0,1.0,1.0,1.0,1.0,1.0,4,2,4,韩国队|德郭队|钟欣|吴雯|瓯文|大兴|新城|广西|陕西|彼得|德国|董某,韩国队|德郭队,韩国队|德郭队|钟欣|大兴
701,本赛季调进张常宁就是郎平为朱婷解压的一个表现,郎平,1,1,1,1.0,1.0,1.0,1.0,1.0,1.0,1.0,7,4,7,郎平|王婷|张林|吉娜|常平|杨幼萍|卫张宁|罗宾|李洁|吴雯|平昌|张锦麟,郎平|王婷|张林|吉娜,郎平|王婷|张林|吉娜|常平|杨幼萍|卫张宁
702,加上惠若琪因伤缺席本届世界杯,惠若琪,1,1,1,1.0,1.0,1.0,1.0,1.0,1.0,1.0,4,1,4,惠若琪|瑞银|彼得|奇冰|瓯文|成飞|吴雯|黄榕|贩婴|吉娜|宾虚|董某,惠若琪,惠若琪|瑞银|彼得|瓯文
703,郎平也认为这样去打世界高水平的球队是不够的,郎平,1,1,1,1.0,1.0,1.0,1.0,1.0,1.0,1.0,5,2,5,郎平|王婷|常平|彼得|刘玮|吴雯|罗宾|瓯文|张林|杨幼萍|董某|平阳,郎平|王婷,郎平|王婷|常平|彼得|瓯文
704,在队长惠若琪缺阵的情况下,惠若琪,1,1,1,1.0,1.0,1.0,1.0,1.0,1.0,1.0,4,1,4,惠若琪|彼得|吉娜|董某|吴雯|黄榕|渝武|瓯文|奇冰|杨扬|贵港|银联,惠若琪,惠若琪|彼得|董某|渝武
705,陈妍希晒出一组攀岩照,陈妍希,1,1,1,1.0,1.0,1.0,1.0,1.0,1.0,1.0,4,1,4,陈妍希|吴雯|西安|董某|瓯文|章某|渝武|彼得|徐云丽|朱某|钟落潭竹一村|礼贤镇,陈妍希,陈妍希|吴雯|西安|董某
706,希饭快来接住我,希饭,1,1,1,1.0,1.0,1.0,1.0,1.0,1.0,1.0,4,1,4,希饭|吴雯|瓯文|马来|董某|彼得|渝武|黄榕|朱某|李洁|西安|平阳,希饭,希饭|瓯文|马来|朱某
707,陈妍希穿着粉色上衣,陈妍希,1,1,1,1.0,1.0,1.0,1.0,1.0,1.0,1.0,4,1,4,陈妍希|朱圣祎|吴雯|西安|韩籍|颜妮|彼得|瓯文|渝武|董某|徐云丽|诏安县,陈妍希,陈妍希|朱圣祎|西安|韩籍
708,搜狐娱乐讯近日频频传出陈晓向陈妍希求婚成功的消息,陈妍希,1,1,1,1.0,1.0,1.0,1.0,1.0,1.0,1.0,6,1,6,陈妍希|郎平|吴雯|彼得|董某|常平|渝武|瓯文|施王祥|奇冰|陈晟|重庆,陈妍希,陈妍希|郎平|吴雯|彼得|董某|渝武
709,陈妍希回应现在真的很享受快乐恋爱的喜悦,陈妍希,1,1,1,1.0,1.0,1.0,1.0,1.0,1.0,1.0,4,1,4,陈妍希|李晖|西安|云林县|彼得|诏安县|胡琦|陕西|吴雯|徐云丽|瓯文|杨扬,陈妍希,陈妍希|李晖|西安|徐云丽
710,陈妍希曾在新版神鵰侠侣中演小龙女,陈妍希,1,1,1,1.0,1.0,1.0,1.0,1.0,1.0,1.0,4,1,4,陈妍希|西安|陈观鑫|瓯文|吴雯|彼得|今久|新城|渝武|陕西|颜妮|哈立,陈妍希,陈妍希|西安|陈观鑫|吴雯
711,京华时报讯记者卫张宁昨天上午,卫张宁,1,1,1,1.0,1.0,1.0,1.0,1.0,1.0,1.0,8,3,8,卫张宁|张林|信息时报讯|张锦麟|张贵林|吴雯|渭镇|刘玮|金报讯|常平|郎平|董某,卫张宁|张林|信息时报讯,卫张宁|张林|信息时报讯|张锦麟|张贵林|吴雯|渭镇|贵港
712,游客晋吉岛乘船颠骨折诉旅社索赔二零馀万元,晋吉岛,1,2,2,0.0,1.0,1.0,1.0,1.0,1.0,1.0,9,3,9,富林愚|晋吉岛|李氏|重庆|陈晟|渝武|陈传钧|吴雯|彼得|平昌|京城|董某,富林愚|晋吉岛|李氏,富林愚|晋吉岛|李氏|重庆|陈晟|渝武|陈传钧|吴雯|彼得
713,崔先生带家人随团前往泰国晋吉岛游玩,晋吉岛,1,1,1,1.0,1.0,1.0,1.0,1.0,1.0,1.0,5,1,5,晋吉岛|吴雯|渝武|瓯文|董某|吉娜|京津冀|广安|朱某|彼得|黄榕|今久,晋吉岛,晋吉岛|吴雯|渝武|董某|京津冀
714,滕女士在云南购买的石斛,滕女士,1,1,1,1.0,1.0,1.0,1.0,1.0,1.0,1.0,5,2,5,滕女士|李氏|张女士|郑女士|云南省|张林|吴雯|彼得|瓯文|吉娜|黄榕|田心妮,滕女士|李氏,滕女士|李氏|张女士|郑女士|云南省
715,新京报讯记者林斐然近日,林斐然|新京报,2,1,90,0.5,0.5,0.5,0.5,0.5,0.5,0.5,4,2,4,新京报|金报讯|金陵晚报|黄欣晨报|今久|董某|佟健|彼得|吴雯|喻莉|刘玮|瓯文,新京报|金报讯,新京报|金报讯|金陵晚报|今久
716,游客突破八万人限流大关故宫首次提前禁止售票,故宫,1,1,1,1.0,1.0,1.0,1.0,1.0,1.0,1.0,4,1,4,故宫|渝武|瓯文|吴雯|广安|彼得|董某|贵港|西安|平阳|朱某|黄榕,故宫,故宫|渝武|吴雯|朱某
717,新京报讯记者黄颖自七月六日进入暑期以来,新京报,1,1,1,1.0,1.0,1.0,1.0,1.0,1.0,1.0,7,2,7,新京报|金报讯|荆州|金陵晚报|今久|黄榕|彼得|吴雯|渝武|瓯文|董某|邬雄,新京报|金报讯,新京报|金报讯|荆州|金陵晚报|今久|黄榕|彼得
718,故宫博物院接待的观众量也日益攀升,故宫,1,1,1,1.0,1.0,1.0,1.0,1.0,1.0,1.0,5,2,5,故宫|广东|广安|吴雯|瓯文|贵港|喻莉|董某|彼得|瑞银|黄榕|吉娜,故宫|广东,故宫|广东|吴雯|瓯文|朱某
719,故宫首次启动了起流起票限流措施,故宫,1,1,1,1.0,1.0,1.0,1.0,1.0,1.0,1.0,4,1,4,故宫|陆骑麟|胡琦|奇冰|胡枫|吴雯|邬雄|董某|彼得|渝武|瓯文|朱某,故宫,故宫|胡琦|奇冰|朱某
720,崂山景区勒令该农家宴停止停止营业,崂山景区,1,1,1,1.0,1.0,1.0,1.0,1.0,1.0,1.0,4,1,4,崂山景区|吴显亭|颜妮|吴雯|董某|邬雄|科林|瓯文|谢婷婷|平阳|渝武|王婷,崂山景区,崂山景区|吴显亭|颜妮|邬雄
721,游客西安遭天价玛卡商家四零零零元一价合理,西安|玛卡,2,1,3,0.5,1.0,1.0,1.0,1.0,0.5,1.0,6,1,6,玛卡|云林县|西安|张林|谢依霖|哈灵|吴雯|哈立|彼得|渝武|科林|李家,玛卡,玛卡|云林县|西安|张林|谢依霖|哈灵
722,张先生购买的四零零元玛卡,玛卡,1,1,1,1.0,1.0,1.0,1.0,1.0,1.0,1.0,4,1,4,玛卡|谢依霖|诏安县|马云|哈灵|张林|富林愚|威灵|云林县|科林|麻丽贤|陆骑麟,玛卡,玛卡|谢依霖|哈灵|云林县
723,这一斤玛卡其实价格只有一零零多元,玛卡,1,1,1,1.0,1.0,1.0,1.0,1.0,1.0,1.0,8,3,8,玛卡|谢依霖|哈灵|威灵|张林|云林县|赖慰玲|陆骑麟|科林|赵书伶|滕灵方|胡琦,玛卡|谢依霖|哈灵,玛卡|谢依霖|哈灵|威灵|张林|云林县|赖慰玲|陆骑麟
724,一捧玛卡磨成粉景区商家要四零零零元,玛卡磨成粉景区|玛卡,2,1,2,0.5,1.0,1.0,1.0,1.0,1.0,1.0,5,2,5,玛卡|玛卡磨成粉景区|谢依霖|云林县|哈灵|滕灵方|银联|吴雯|渝武|陆骑麟|董某|吉娜,玛卡|玛卡磨成粉景区,玛卡|玛卡磨成粉景区|谢依霖|云林县|哈灵
725,兰州市中心城区的一些楼盘,兰州市,1,1,1,1.0,1.0,1.0,1.0,1.0,1.0,1.0,6,3,6,兰州市|钟欣|新城|温州市域|政协|彼得|重庆|温州市治堵办|张女士|朱某|吴雯|董某,兰州市|钟欣|新城,兰州市|钟欣|新城|温州市域|彼得|董某
726,而在兰州市新开楼盘集中的城郊区域,兰州市,1,1,1,1.0,1.0,1.0,1.0,1.0,1.0,1.0,4,1,4,兰州市|陕西|渝武|吴雯|彼得|瓯文|广西|韩籍|荆州|董某|钟欣|西安,兰州市,兰州市|渝武|吴雯|韩籍
727,在兰州市北岸由广东房企开发的一个大型楼盘里,广东|兰州市,2,2,3,0.0,1.0,1.0,1.0,1.0,1.0,1.0,7,3,7,大兴|兰州市|广东|广安|吉娜|奇冰|荆州|保山市|蓝莹|彼得|吴雯|西安,大兴|兰州市|广东,大兴|兰州市|广东|广安|吉娜|奇冰|西安
728,今兰州市商品房销售面积同比上涨超过百分之三十,兰州市,1,1,1,1.0,1.0,1.0,1.0,1.0,1.0,1.0,4,1,4,兰州市|荆州|彼得|吴雯|章某|平昌|瓯文|张驰|董某|渝武|常平|保山市,兰州市,兰州市|荆州|彼得|章某
729,吴显亭称将加强和证监会等相关部门的配合和协作,吴显亭,1,1,1,1.0,1.0,1.0,1.0,1.0,1.0,1.0,5,1,5,吴显亭|王婷|平昌|邬雄|彼得|朱某|吴雯|项锐|陈晟|联合社|李嘉诚|瓯文,吴显亭,吴显亭|王婷|平昌|邬雄|朱某
730,而针对浙江广东民间借贷丰沛的特点,广东,1,1,1,1.0,1.0,1.0,1.0,1.0,1.0,1.0,4,1,4,广东|李洁|吴雯|胡枫|彼得|董某|佟健|冥界警局|渝武|瓯文|周峰|科林,广东,广东|李洁|胡枫|冥界警局
731,或许是受好莱坞艳照门的影响,好莱坞,1,1,1,1.0,1.0,1.0,1.0,1.0,1.0,1.0,4,1,4,好莱坞|马来|李氏|吴雯|蚌飞市|彼得|董某|瓯文|奇高市|渝武|陈势安|朱某,好莱坞,好莱坞|马来|李氏|蚌飞市
732,就让业界讨论它会带给中国移动支付市场怎样的影响,中国移动,1,1,1,1.0,1.0,1.0,1.0,1.0,1.0,1.0,4,1,4,中国移动|蓝莹|黄榕|贩婴|吴雯|彼得|瓯文|董某|渝武|李氏|银联|曹志,中国移动,中国移动|蓝莹|贩婴|吴雯
733,苹果要想在中国本土化,苹果,1,1,1,1.0,1.0,1.0,1.0,1.0,1.0,1.0,4,1,4,苹果|彼得|吴雯|平阳|瓯文|名古屋|渝武|黄榕|朱某|德国|董某|玮甯,苹果,苹果|彼得|平阳|瓯文
734,这对于苹果来说不是件容易的事儿,苹果,1,1,1,1.0,1.0,1.0,1.0,1.0,1.0,1.0,4,1,4,苹果|黄榕|彼得|名古屋|吴雯|董某|瓯文|朱某|故宫|渝武|马来|平阳,苹果,苹果|黄榕|彼得|瓯文
735,最终促使苹果成为主流标准但中国市场有其特殊性,苹果,1,1,1,1.0,1.0,1.0,1.0,1.0,1.0,1.0,4,1,4,苹果|胡琦|吴雯|渝武|皮特|奇冰|董某|习友路|瓯文|彼得|刘玮|德国,苹果,苹果|胡琦|吴雯|董某
736,首先银联和苹果的合作谈判不会顺利,银联|苹果,2,1,2,0.5,1.0,1.0,1.0,1.0,1.0,1.0,5,2,5,银联|苹果|彼得|吴雯|瓯文|李银河|温岭|董某|平阳|金坛|渝武|苹果晋身道指,银联|苹果,银联|苹果|彼得|瓯文|李银河
737,这个在美的空调的南沙工厂武汉工厂已全面试点,南沙,1,1,1,1.0,1.0,1.0,1.0,1.0,1.0,1.0,5,2,5,南沙|任珊|修哥|吴雯|故宫|彼得|渝武|董某|黄榕|朱某|瓯文|李洁,南沙|任珊,南沙|任珊|故宫|渝武|朱某
738,广东东莞顺德等城市已经掀起大量机器换人计划,广东,1,1,1,1.0,1.0,1.0,1.0,1.0,1.0,1.0,5,1,5,广东|董某|胡琦|奇冰|广西|黄榕|吴雯|彼得|审计署|吉娜|渝武|西安,广东,广东|董某|胡琦|奇冰|广西
739,美的集团对项目在一定年限内有投入产出的规定,美的集团,1,1,1,1.0,1.0,1.0,1.0,1.0,1.0,1.0,4,1,4,美的集团|美芝|吴雯|董某|项锐|韦集村|朱某|瓯文|渝武|彼得|黄榕|马云,美的集团,美的集团|美芝|吴雯|朱某
740,高工机器人董事长张小飞表示,张小飞,1,1,1,1.0,1.0,1.0,1.0,1.0,1.0,1.0,4,1,4,张小飞|故宫|赵宏|吴雯|彼得|瓯文|章某|王晓飞|成飞|胡琦|嵩山|张锦麟,张小飞,张小飞|故宫|赵宏|朱某
741,在队长惠若琪因为身体原因无缘世界杯的情况下,惠若琪,1,1,1,1.0,1.0,1.0,1.0,1.0,1.0,1.0,5,2,5,惠若琪|彼得|吴雯|许茹芸|邦德|董某|胡琦|瓯文|佟健|李洁|胡枫|今久,惠若琪|彼得,惠若琪|彼得|吴雯|许茹芸|胡琦
742,徐建德统领的中国青年队八战全胜夺得冠军,徐建德,1,1,1,1.0,1.0,1.0,1.0,1.0,1.0,1.0,5,1,5,徐建德|孔磊|吴雯|彼得|董某|李洁|渝武|奇冰|广安|瓯文|巴西队|黄榕,徐建德,徐建德|孔磊|吴雯|董某|渝武
743,还与巴西队的加比一起入选最佳主攻,巴西队,1,1,1,1.0,1.0,1.0,1.0,1.0,1.0,1.0,5,1,5,巴西队|广西|波斯|哈立|彼得|奇冰|故宫|吴雯|黄榕|渝武|邬雄|瓯文,巴西队,巴西队|广西|波斯|哈立|渝武
744,去年六月下旬举行的中国国际精英赛北仑站,北仑站,1,1,1,1.0,1.0,1.0,1.0,1.0,1.0,1.0,5,2,5,北仑站|德国|北京站|威灵|吴雯|董某|永宁镇|科林|渝武|瓯文|皮特|陈国强,北仑站|德国,北仑站|德国|北京站|威灵|科林
745,当时郎平率队三战全胜名列第一,郎平,1,1,1,1.0,1.0,1.0,1.0,1.0,1.0,1.0,8,2,8,郎平|王婷|罗宾|常平|董某|温岭|吴雯|唐山乐亭一船队|黄榕|哈灵|杨幼萍|朱某,郎平|王婷,郎平|王婷|罗宾|常平|董某|温岭|吴雯|杨幼萍
746,中国队三比二力克美国队收获分站赛九连胜,三比二力克美国队,1,1,1,1.0,1.0,1.0,1.0,1.0,1.0,1.0,5,2,5,三比二力克美国队|韩国队|德郭队|渝武|彼得|瓯文|朱某|吴雯|皮特|董某|喻莉|张保仔,三比二力克美国队|韩国队,三比二力克美国队|韩国队|德郭队|渝武|董某
747,赛后主攻朱婷获最有价值球员和最受欢迎球员,赛后主,1,2,2,0.0,1.0,1.0,1.0,1.0,1.0,1.0,4,2,4,贩婴|赛后主|苹果|吴雯|李银河|黄榕|彼得|董某|瓯文|故宫|渝武|颜妮,贩婴|赛后主,贩婴|赛后主|吴雯|李银河
748,主教练郎平获得最佳教练,郎平,1,1,1,1.0,1.0,1.0,1.0,1.0,1.0,1.0,4,2,4,郎平|王婷|吴雯|罗宾|苹果|瓯文|董某|彼得|渝武|常平|杨幼萍|黄榕,郎平|王婷,郎平|王婷|吴雯|瓯文
749,由郎平挂帅的中国女排在名古屋赛区,名古屋|郎平,2,1,2,0.5,1.0,1.0,1.0,1.0,1.0,1.0,5,3,5,郎平|名古屋|王婷|渝武|罗宾|吴雯|彼得|董某|苹果|常平|瓯文|平阳,郎平|名古屋|王婷,郎平|名古屋|王婷|渝武|吴雯
750,搜狐娱乐讯陈妍希传出和陈晓的恋情之后,陈妍希,1,1,1,1.0,1.0,1.0,1.0,1.0,1.0,1.0,4,1,4,陈妍希|彼得|新城|吴雯|今久|瓯文|渝武|董某|颜妮|西安|黄榕|赵宏,陈妍希,陈妍希|彼得|瓯文|董某
751,陈妍希回到台北代言悠游卡,陈妍希,1,1,1,1.0,1.0,1.0,1.0,1.0,1.0,1.0,4,1,4,陈妍希|杨扬|李晖|刘玮|渝武|彼得|西安|吴雯|董某|贩婴|陕西|颜妮,陈妍希,陈妍希|杨扬|李晖|董某
752,但陈妍希在出席活动时,陈妍希,1,1,1,1.0,1.0,1.0,1.0,1.0,1.0,1.0,4,1,4,陈妍希|陈定|政协|黄榕|陈晟|彼得|吴雯|重庆|渝武|董某|刘澄|瓯文,陈妍希,陈妍希|黄榕|彼得|渝武
753,贵州都市报十月二十九日报道据台湾媒体报道艺人陈妍希认爱小四岁的大陆小生陈晓,陈妍希,1,1,1,1.0,1.0,1.0,1.0,1.0,1.0,1.0,6,2,6,陈妍希|兰州市|荆州|乌守保|陈晟|陈观鑫|广东|彼得|广西|任珊|陕西|瓯文,陈妍希|兰州市,陈妍希|兰州市|荆州|乌守保|陈晟|瓯文
754,游客踩敦煌千年古城遗址拍照反问踩了会掉吗,敦煌,1,1,1,1.0,1.0,1.0,1.0,1.0,1.0,1.0,4,1,4,敦煌|吴雯|黄榕|董某|彼得|渝武|瓯文|曹志|胡琦|邓泽惠|朱某|陈晟,敦煌,敦煌|吴雯|渝武|朱某
755,在甘肃敦煌大方盘城遗址,敦煌|甘肃,2,1,28,0.5,0.5,0.5,0.5,0.5,0.5,0.5,4,1,4,甘肃|渝武|瓯文|彼得|吴雯|广西|广安|董某|大分港|邬雄|玮甯|朱某,甘肃,甘肃|渝武|彼得|广安
756,游客铜缸刻字秀恩爱故宫已报警,故宫,1,1,1,1.0,1.0,1.0,1.0,1.0,1.0,1.0,4,1,4,故宫|西安|吴雯|渝武|瓯文|苹果|彼得|吉娜|广安|董某|孔磊|朱某,故宫,故宫|西安|吴雯|苹果
757,法制晚报讯记者李洁今天傍晚,李洁,1,1,1,1.0,1.0,1.0,1.0,1.0,1.0,1.0,4,1,4,李洁|彼得|金陵晚报|瓯文|李家|吴雯|龙湾|董某|西安|哈立|渝武|朱某,李洁,李洁|金陵晚报|李家|朱某
758,并称故宫博物院已就此事件向公安机关报案,故宫,1,1,1,1.0,1.0,1.0,1.0,1.0,1.0,1.0,5,1,5,故宫|平昌|彼得|瓯文|广安|吴雯|龙湾|孔磊|董某|西安|京城|邬雄,故宫,故宫|平昌|彼得|瓯文|孔磊
759,游客骑着明孝陵驮碑龟趺拍照市民大煞风景,孝陵驮碑|龟趺,2,1,12,0.5,0.5,0.5,1.0,0.5,0.5,0.5,4,1,4,孝陵驮碑|吴雯|奇冰|渝武|威灵|罗宾|彼得|胡琦|董某|瓯文|胡枫|龟趺,孝陵驮碑,孝陵驮碑|渝武|威灵|罗宾
760,游客骑在龟趺身上报料人供图,龟趺,1,31,31,0.0,0.0,0.0,0.0,0.0,0.0,0.0,4,1,4,拓朗|瓯文|吴雯|渝武|胡琦|彼得|乌守保|新京报|董某|朱某|温岭|皮特,拓朗,拓朗|瓯文|新京报|董某
761,贵港民警追凶未言弃嫌犯一五年后落法网,贵港,1,41,41,0.0,0.0,0.0,0.0,0.0,0.0,0.0,4,1,4,渝武|吴雯|彼得|瑞银|梅姐|瓯文|董某|拓朗|玮甯|奇冰|希饭|朱某,渝武,渝武|吴雯|瑞银|朱某
762,信息时报讯记者周伟龙天上不会掉馅饼,信息时报讯,1,1,1,1.0,1.0,1.0,1.0,1.0,1.0,1.0,5,1,5,信息时报讯|威灵|瓯文|吴雯|刘玮|彼得|西安|赵伟国|平阳|张女士|吉娜|董某,信息时报讯,信息时报讯|威灵|瓯文|吴雯|张女士
763,凶手被抓捕归案钟欣摄,钟欣,1,1,1,1.0,1.0,1.0,1.0,1.0,1.0,1.0,4,1,4,钟欣|邬雄|重庆|彼得|吴雯|瓯文|渝武|董某|黄榕|广安|政协|奇冰,钟欣,钟欣|重庆|彼得|董某
764,记者昨日第一时间从江苏省交通运输厅获悉,江苏省交通运输厅,1,1,1,1.0,1.0,1.0,1.0,1.0,1.0,1.0,4,1,4,江苏省交通运输厅|吴雯|瓯文|甘肃|彼得|奇冰|渝武|董某|吉娜|西安|朱某|广西,江苏省交通运输厅,江苏省交通运输厅|吴雯|瓯文|甘肃
765,本报记者蔡宗琦中国证券报记者获悉,中国证券报,1,1,1,1.0,1.0,1.0,1.0,1.0,1.0,1.0,4,1,4,中国证券报|吴雯|彼得|胡琦|瓯文|西安|奇冰|张驰|董某|重庆|平阳|希饭,中国证券报,中国证券报|吴雯|胡琦|董某
766,作风向来无耻加强势苹果也因强势出名,苹果,1,1,1,1.0,1.0,1.0,1.0,1.0,1.0,1.0,6,2,6,苹果|胡琦|好莱坞|宋芳|周峰|彼得|吴雯|名古屋|瓯文|渝武|赵宏|朱某,苹果|胡琦,苹果|胡琦|好莱坞|宋芳|周峰|彼得
767,可参照中国移动和苹果的合作传闻中,苹果|中国移动,2,1,2,0.5,1.0,1.0,1.0,1.0,1.0,1.0,5,2,5,中国移动|苹果|彼得|吴雯|董某|瓯文|渝武|荆州|名古屋|平阳|朱某|奇冰,中国移动|苹果,中国移动|苹果|彼得|董某|瓯文
768,但却鲜有人会像苹果的服务付费,苹果,1,1,1,1.0,1.0,1.0,1.0,1.0,1.0,1.0,4,1,4,苹果|彼得|富平|名古屋|吴雯|瓯文|董某|习友路|渝武|朱某|故宫|奇冰,苹果,苹果|彼得|名古屋|瓯文
769,慈禧太后就因乔致庸创办了票号,乔致庸,1,1,1,1.0,1.0,1.0,1.0,1.0,1.0,1.0,4,2,4,乔致庸|曹志|吴雯|彼得|董某|赵继宏|瓯文|斯利|西安|新马泰|黄榕|奇冰,乔致庸|曹志,乔致庸|曹志|董某|赵继宏
770,何况是一个来自美帝的小苹果呢,苹果,1,1,1,1.0,1.0,1.0,1.0,1.0,1.0,1.0,4,1,4,苹果|彼得|名古屋|吴雯|瓯文|朱某|黄榕|董某|渝武|朱圣祎|李氏|广安,苹果,苹果|彼得|名古屋|瓯文
771,苹果一口气召开了两次新品发布会,苹果,1,1,1,1.0,1.0,1.0,1.0,1.0,1.0,1.0,4,1,4,苹果|彼得|吴雯|平阳|瓯文|渝武|郎平|富平|董某|常平|名古屋|胡琦,苹果,苹果|彼得|平阳|瓯文
772,艾维表示尽管苹果智能手表拥有诸多功能,苹果,1,1,1,1.0,1.0,1.0,1.0,1.0,1.0,1.0,4,1,4,苹果|广安|吴雯|苹果晋身道指|董某|威灵|彼得|瓯文|韩国平昌|渝武|黄榕|平阳,苹果,苹果|广安|吴雯|苹果晋身道指
773,艾维现为苹果主管设计业务的高级副总裁,苹果,1,1,1,1.0,1.0,1.0,1.0,1.0,1.0,1.0,4,1,4,苹果|渝武|广安|项锐|吴雯|平阳|彼得|瓯文|董某|萨维申|沈阳新维一半股份|名古屋,苹果,苹果|渝武|广安|吴雯
774,帮助设计了苹果多项产品的外观和用户体验,苹果,1,1,1,1.0,1.0,1.0,1.0,1.0,1.0,1.0,5,1,5,苹果|常平|吴雯|彼得|瓯文|董某|苹果晋身道指|渝武|名古屋|佟继萍|富平|郎平,苹果,苹果|常平|吴雯|瓯文|董某
775,苹果计划于明年初开始销售其智能手表,苹果,1,1,1,1.0,1.0,1.0,1.0,1.0,1.0,1.0,5,2,5,苹果|银联|瓯文|朱某|吴雯|彼得|渝武|董某|黄榕|吉娜|名古屋|胡琦,苹果|银联,苹果|银联|瓯文|吴雯|董某
776,苹果没有透露更昂贵智能手表的具体售价,苹果,1,1,1,1.0,1.0,1.0,1.0,1.0,1.0,1.0,4,1,4,苹果|吴雯|彼得|平阳|朱某|瓯文|董某|广安|名古屋|渝武|常平|黄榕,苹果,苹果|吴雯|平阳|瓯文
777,美的家用空调事业部总裁吴文新表示,吴文新,1,1,1,1.0,1.0,1.0,1.0,1.0,1.0,1.0,5,2,5,吴文新|吴雯|美的部品事业部|瓯文|彼得|陕西|董某|叶乔波|广西|李家|瑞银|温岭,吴文新|吴雯,吴文新|吴雯|美的部品事业部|陕西|董某
778,美的家用空调事业部制造副总裁乌守保对记者,乌守保,1,1,1,1.0,1.0,1.0,1.0,1.0,1.0,1.0,5,2,5,乌守保|邬雄|吴雯|瓯文|美的部品事业部|董某|彼得|渝武|黄榕|故宫|邬迪|胡枫,乌守保|邬雄,乌守保|邬雄|吴雯|董某|朱某
779,多年来保持奇高市占率的老板电器,奇高市,1,1,1,1.0,1.0,1.0,1.0,1.0,1.0,1.0,4,1,4,奇高市|胡琦|彼得|吴雯|瓯文|董某|奇冰|渝武|平阳|朱某|黄榕|故宫,奇高市,奇高市|胡琦|董某|朱某
780,赵继宏老板电器做厨电已经三十多年了,赵继宏,1,1,1,1.0,1.0,1.0,1.0,1.0,1.0,1.0,4,1,4,赵继宏|董某|吴雯|纪佳鹏|刘庆红|彼得|瓯文|黄榕|渝武|朱某|李晖|平阳,赵继宏,赵继宏|董某|吴雯|纪佳鹏
781,赛后主攻手朱婷对记者说,赛后主,1,1,1,1.0,1.0,1.0,1.0,1.0,1.0,1.0,4,1,4,赛后主|罗宾|彼得|张林|吴雯|哈灵|赵宏|故宫|瓯文|邬雄|董某|黄榕,赛后主,赛后主|彼得|赵宏|故宫
782,在第四轮与韩国队的比赛中,韩国队,1,1,1,1.0,1.0,1.0,1.0,1.0,1.0,1.0,4,1,4,韩国队|德郭队|彼得|吴雯|渝武|瓯文|董某|黄榕|朱某|平阳|玮甯|马云,韩国队,韩国队|德郭队|渝武|董某
783,在赛后发布会上颜妮对记者说,颜妮,1,1,1,1.0,1.0,1.0,1.0,1.0,1.0,1.0,4,1,4,颜妮|瓯文|彼得|赛后主|吴雯|刘玮|黄榕|董某|渝武|平阳|朱某|杨扬,颜妮,颜妮|瓯文|彼得|赛后主
784,颜妮坦言今天俄罗斯表现很好,颜妮,1,1,1,1.0,1.0,1.0,1.0,1.0,1.0,1.0,5,1,5,颜妮|波斯|彼得|玮甯|吴雯|董某|广西|渝武|金坛|瓯文|田心妮|渝蓉,颜妮,颜妮|波斯|彼得|玮甯|广西
785,颜妮坦言自己的发挥也不是特别稳定,颜妮,1,1,1,1.0,1.0,1.0,1.0,1.0,1.0,1.0,4,1,4,颜妮|彼得|玮甯|吴雯|渝武|董某|吉娜|瓯文|黄榕|田心妮|温岭|广安,颜妮,颜妮|彼得|玮甯|朱某
786,其中郎平主教练最为辛苦,郎平,1,1,1,1.0,1.0,1.0,1.0,1.0,1.0,1.0,5,2,5,郎平|王婷|罗宾|吴雯|瓯文|杨幼萍|常平|彼得|胡琦|吴文新|董某|渝武,郎平|王婷,郎平|王婷|罗宾|吴雯|瓯文
787,但我觉得郎导是最苦的,郎导,1,1,1,1.0,1.0,1.0,1.0,1.0,1.0,1.0,4,1,4,郎导|吴雯|兰州市|彼得|瓯文|渝武|黄榕|玮甯|嵩山|董某|奇冰|拓朗,郎导,郎导|吴雯|瓯文|黄榕
788,在八月二十六日中国队和韩国队的比赛中,韩国队,1,1,1,1.0,1.0,1.0,1.0,1.0,1.0,1.0,4,1,4,韩国队|德郭队|彼得|黄榕|董某|吴雯|渝武|瓯文|朱某|平阳|故宫|马云,韩国队,韩国队|德郭队|黄榕|渝武
789,主教练郎平都没有派她出场,郎平,1,1,1,1.0,1.0,1.0,1.0,1.0,1.0,1.0,5,2,5,郎平|王婷|罗宾|常平|蓝莹|吴雯|彼得|杨幼萍|渝武|瓯文|哈灵|董某,郎平|王婷,郎平|王婷|罗宾|吴雯|杨幼萍
790,在冈山的桃太郎体育馆,桃太郎,1,1,1,1.0,1.0,1.0,1.0,1.0,1.0,1.0,4,1,4,桃太郎|广安|彼得|吴雯|瓯文|渝武|皮特|嵩山|广西|广东|黄榕|董某,桃太郎,桃太郎|广安|彼得|皮特
791,与奥斯卡影帝本金斯利同时出现在海报中央,斯利,1,1,1,1.0,1.0,1.0,1.0,1.0,1.0,1.0,4,1,4,斯利|哈灵|吴雯|钟欣|彼得|杨扬|平阳|瓯文|陈定|董某|渝武|今久,斯利,斯利|哈灵|钟欣|平阳
792,雷诺兹持枪的造型和他在冥界警局里的颇为相似,冥界警局,1,1,1,1.0,1.0,1.0,1.0,1.0,1.0,1.0,4,1,4,冥界警局|波斯|瓯文|吴雯|张驰|李的话|项锐|董某|彼得|玮甯|渝武|黄榕,冥界警局,冥界警局|波斯|瓯文|吴雯
793,那些年女神陈妍希近来瘦身有成,陈妍希,1,1,1,1.0,1.0,1.0,1.0,1.0,1.0,1.0,4,1,4,陈妍希|渝武|徐云丽|重庆|王靖苏|吴雯|西安|大兴|陈观鑫|彼得|诏安县|瓯文,陈妍希,陈妍希|渝武|徐云丽|吴雯
794,曝出陈妍希拍戏时突然干呕,陈妍希,1,1,1,1.0,1.0,1.0,1.0,1.0,1.0,1.0,4,1,4,陈妍希|徐云丽|彼得|吴雯|瓯文|渝武|陈观鑫|颜妮|董某|权义|陕西|李氏,陈妍希,陈妍希|徐云丽|彼得|瓯文
795,陈妍希还去医院做了检查,陈妍希,1,1,1,1.0,1.0,1.0,1.0,1.0,1.0,1.0,4,1,4,陈妍希|彼得|南粤|吴雯|瓯文|董某|玛卡|黄榕|渝武|徐云丽|颜妮|平昌,陈妍希,陈妍希|彼得|瓯文|董某
796,陈妍希晒出与容祖儿合照,陈妍希,1,1,1,1.0,1.0,1.0,1.0,1.0,1.0,1.0,4,2,4,陈妍希|渝蓉|吴雯|渝武|朱祖儿|彼得|瓯文|徐云丽|董某|西安|颜妮|黄榕,陈妍希|渝蓉,陈妍希|渝蓉|吴雯|徐云丽
797,陈晓与陈妍希承认恋情,陈妍希,1,2,2,0.0,1.0,1.0,1.0,1.0,1.0,1.0,4,2,4,王晓宇|陈妍希|吴雯|彼得|瓯文|渝武|董某|马云|张晓雅|朱某|迟名常鑫|渝蓉,王晓宇|陈妍希,王晓宇|陈妍希|吴雯|董某
798,安良百货商场正常营业,安良百货商场,1,1,1,1.0,1.0,1.0,1.0,1.0,1.0,1.0,5,2,5,安良百货商场|安良百货电梯|温岭|哈灵|彼得|吴雯|瓯文|渝武|董某|银联|颜妮|杨扬,安良百货商场|安良百货电梯,安良百货商场|安良百货电梯|温岭|哈灵|瓯文
799,湖北咬人电梯厂家曾为盖板支架申请专利,湖北咬人电梯,1,1,1,1.0,1.0,1.0,1.0,1.0,1.0,1.0,4,1,4,湖北咬人电梯|吴雯|瓯文|李嘉诚|邬雄|权义|张林|邬迪|董某|渝武|平阳|彼得,湖北咬人电梯,湖北咬人电梯|吴雯|李嘉诚|孔磊
800,湖北荆州吃人电梯盖板设计不合理供图,荆州,1,1,1,1.0,1.0,1.0,1.0,1.0,1.0,1.0,4,1,4,荆州|今久|吴雯|瓯文|彼得|布赫雷尔|董某|渝武|邬迪|湖北咬人电梯|平阳|故宫,荆州,荆州|今久|瓯文|朱某
801,湖北省荆州市安监局召开安良百货电梯事故情报通报会,荆州|安良百货电梯,2,1,2,0.5,1.0,1.0,1.0,1.0,1.0,1.0,5,3,5,安良百货电梯|荆州|安良百货商场|渝武|吴雯|温岭|瓯文|西安|董某|云南省|邬迪|温州市治堵办,安良百货电梯|荆州|安良百货商场,安良百货电梯|荆州|安良百货商场|渝武|吴雯
802,此次事故调查组组长荆州市安监局局长陈观鑫通报称,陈观鑫|荆州,2,1,2,0.5,1.0,1.0,1.0,1.0,1.0,1.0,6,3,6,陈观鑫|荆州|广西|陕西|吴雯|黄欣晨报|李氏|韩籍|陈势安|新京报|瓯文|董某,陈观鑫|荆州|广西,陈观鑫|荆州|广西|陕西|吴雯|瓯文
803,湖北荆州市安良百货公司事发手扶电梯已被关闭检修,荆州,1,1,1,1.0,1.0,1.0,1.0,1.0,1.0,1.0,6,3,6,荆州|安良百货商场|安良百货电梯|吴雯|李氏|兰州市|邬迪|瓯文|陈势安|奇高市|广安|保山市,荆州|安良百货商场|安良百货电梯,荆州|安良百货商场|安良百货电梯|吴雯|李氏|邬迪
804,湖北一中学教师体罚学生致重伤被判刑三年,湖北一中学,1,1,1,1.0,1.0,1.0,1.0,1.0,1.0,1.0,4,1,4,湖北一中学|吴雯|政协|瓯文|董某|朱某|黄榕|渝武|彼得|平阳|邬迪|邬雄,湖北一中学,湖北一中学|吴雯|政协|瓯文
805,用右脚踢向董某左腹部,董某,1,7,7,0.0,0.0,0.0,1.0,0.0,0.0,0.0,4,1,4,孔磊|吴雯|彼得|瓯文|渝武|波斯|董某|马云|平阳|刘玮|玮甯|黄榕,孔磊,孔磊|吴雯|瓯文|波斯
806,董某某所受损伤程度属二重伤二级,董某,1,6,6,0.0,0.0,1.0,1.0,0.0,0.0,0.0,4,1,4,张某某|朱某|甘肃|张萌|陈露|董某|彼得|嵩山|吴雯|瓯文|渝武|平阳,张某某,张某某|陈露|彼得|瓯文
807,湖北一中学班长失踪坠亡教学楼四小时去向成谜,湖北一中学,1,1,1,1.0,1.0,1.0,1.0,1.0,1.0,1.0,4,1,4,湖北一中学|吴雯|政协|邬迪|瓯文|彼得|董某|权义|渝武|邬雄|许胚|朱某,湖北一中学,湖北一中学|吴雯|政协|邬迪
