idx,ref,rank,is_top1,is_oracle,entity_recall,cer,hotword_only_cer,total_score,asr_score,exact_score,phonetic_score,consensus_score,consensus_score_used,consensus_support,consensus_keywords,pred
0,国务院发展研究中心市场经济研究所副所长邓郁松认为,1,True,True,1.0,0.08333333333333333,0.0,2.579148597822154,-0.5731099843978882,1.0,0.691295325756073,0.0,0.0,0,,国务院发展研究钟欣市场经济研究所副所长邓郁松认为
0,国务院发展研究中心市场经济研究所副所长邓郁松认为,2,False,False,0.0,0.041666666666666664,0.3333333333333333,1.0,-0.17898298799991608,0.0,0.6865164041519165,0.0,0.0,0,,国务院发展研究中心市场经济研究所副所长邓玉松认为
0,国务院发展研究中心市场经济研究所副所长邓郁松认为,3,False,False,0.0,0.041666666666666664,0.3333333333333333,0.45827641423186605,-0.4108422100543976,0.0,0.6865164041519165,0.0,0.0,0,,国务院发展研究中心市场经济研究所副所长邓裕松认为
0,国务院发展研究中心市场经济研究所副所长邓郁松认为,4,False,False,0.0,0.125,0.3333333333333333,0.0,-0.6069858074188232,0.0,0.7777072414755821,0.0,0.0,0,,国务院发展研究钟薰市场经济研究所副所长邓玉松认为
1,本报记者王颖春国家发改委近日发出通知,1,True,True,0.0,0.05555555555555555,0.3333333333333333,2.6402720172576313,-0.883712649345398,1.0,0.6636489033699036,0.25,0.0875,2,王婷,本报记者王婷春国家发改委近日发出通知
1,本报记者王颖春国家发改委近日发出通知,2,False,False,0.0,0.1111111111111111,0.3333333333333333,2.5875,-0.9071763157844543,1.0,0.6636489033699036,0.25,0.0875,2,王婷,本报记者王婷春国家发改伟近日发出通知
1,本报记者王颖春国家发改委近日发出通知,3,False,False,0.0,0.05555555555555555,0.3333333333333333,1.0,-0.4625530540943146,0.0,0.7331981956958771,0.0,0.0,0,,本报记者王莹春国家发改委近日发出通知
1,本报记者王颖春国家发改委近日发出通知,4,False,False,0.0,0.1111111111111111,0.3333333333333333,0.8982542557413556,-0.5077915787696838,0.0,0.7331981956958771,0.0,0.0,0,,本报记者王莹春国家发改伟近日发出通知
1,本报记者王颖春国家发改委近日发出通知,5,False,False,0.0,0.05555555555555555,0.3333333333333333,0.6832376605502711,-0.6033929586410522,0.0,0.7331981956958771,0.0,0.0,0,,本报记者王嬴春国家发改委近日发出通知
3,此次以16700000000美元收购拓朗,1,True,True,1.0,0.0,0.0,1.0,-0.29094913601875305,0.0,0.7962350547313689,0.0,0.0,0,,此次以16700000000美元收购拓朗
3,此次以16700000000美元收购拓朗,2,False,False,1.0,0.05,0.5,0.521803742643696,-0.6157397031784058,0.0,0.7962350547313689,0.0,0.0,0,,此次以16700000000美元收购脱朗
3,此次以16700000000美元收购拓朗,3,False,False,0.0,0.05,0.5,0.1374226326842034,-0.8768110871315002,0.0,0.7962350547313689,0.0,0.0,0,,此次以167亿美元收购脱朗
3,此次以16700000000美元收购拓朗,4,False,False,1.0,0.05,0.5,0.0,-0.9701484441757202,0.0,0.7962350547313689,0.0,0.0,0,,此次以16700000000美元收购拓郎
4,拓朗的主打产品是现场可编程门阵列芯片,1,True,True,1.0,0.0,0.0,1.0,-0.16178759932518005,0.0,0.7867273688316344,0.0,0.0,0,,拓朗的主打产品是现场可编程门阵列芯片
4,拓朗的主打产品是现场可编程门阵列芯片,2,False,False,0.0,0.05555555555555555,0.5,0.860550436254559,-0.18589216470718384,0.0,0.7867273688316344,0.0,0.0,0,,拓浪的主打产品是现场可编程门阵列芯片
4,拓朗的主打产品是现场可编程门阵列芯片,3,False,False,0.0,0.05555555555555555,0.5,0.5818973409557912,-0.23405876755714417,0.0,0.7867273688316344,0.0,0.0,0,,拖朗的主打产品是现场可编程门阵列芯片
4,拓朗的主打产品是现场可编程门阵列芯片,4,False,False,0.0,0.05555555555555555,0.5,0.5153491674387859,-0.24556195735931396,0.0,0.7867273688316344,0.0,0.0,0,,拓廊的主打产品是现场可编程门阵列芯片
4,拓朗的主打产品是现场可编程门阵列芯片,5,False,False,0.0,0.1111111111111111,0.5,0.452084066803516,-0.25649765133857727,0.0,0.7867273688316344,0.0,0.0,0,,托朗的主打产品是现场可编程门镇列芯片
4,拓朗的主打产品是现场可编程门阵列芯片,6,False,False,0.0,0.05555555555555555,0.5,0.38532124011259206,-0.26803794503211975,0.0,0.0,0.0,0.0,0,,特朗的主打产品是现场可编程门阵列芯片
4,拓朗的主打产品是现场可编程门阵列芯片,7,False,False,0.0,0.1111111111111111,0.5,0.37302100980439146,-0.2701641023159027,0.0,0.0,0.0,0.0,0,,特朗普的主打产品是现场可编程门阵列芯片
4,拓朗的主打产品是现场可编程门阵列芯片,8,False,False,0.0,0.1111111111111111,0.5,0.2658376973731624,-0.28869128227233887,0.0,0.7867273688316344,0.0,0.0,0,,托朗的主打产品是现场可编程门振列芯片
4,拓朗的主打产品是现场可编程门阵列芯片,9,False,False,0.0,0.1111111111111111,0.5,0.19606955383518843,-0.30075106024742126,0.0,0.7867273688316344,0.0,0.0,0,,托朗的主打产品是现场可编程门正列芯片
4,拓朗的主打产品是现场可编程门阵列芯片,10,False,False,0.0,0.16666666666666666,0.5,0.17121495765384254,-0.30504730343818665,0.0,0.7867273688316344,0.0,0.0,0,,托朗的主打产品是现场可编程门镇裂芯片
4,拓朗的主打产品是现场可编程门阵列芯片,11,False,False,0.0,0.05555555555555555,0.5,0.10439299358247354,-0.3165978193283081,0.0,0.7867273688316344,0.0,0.0,0,,拓郎的主打产品是现场可编程门阵列芯片
4,拓朗的主打产品是现场可编程门阵列芯片,12,False,False,0.0,0.05555555555555555,0.5,0.0,-0.3346426784992218,0.0,0.7867273688316344,0.0,0.0,0,,脱朗的主打产品是现场可编程门阵列芯片
5,英特尔首席执行官布赖恩克尔扎尼奇在一份声明中说,1,True,False,1.0,0.043478260869565216,0.0,3.85,-0.690394401550293,1.0,0.6881421208381653,1.0,0.35,6,布赖恩克尔扎尼奇,英特尔首席执行官布赖恩克尔扎尼奇赛一份声明中说
5,英特尔首席执行官布赖恩克尔扎尼奇在一份声明中说,2,False,False,1.0,0.13043478260869565,0.0,3.2503092806879406,-0.7597610354423523,1.0,0.6881421208381653,1.0,0.35,6,布赖恩克尔扎尼奇,英特尔首席执行官布赖恩克尔扎尼奇赛一份声鸣钟说
5,英特尔首席执行官布赖恩克尔扎尼奇在一份声明中说,3,False,False,1.0,0.08695652173913043,0.0,3.16780883753334,-0.7693039178848267,1.0,0.6881421208381653,1.0,0.35,6,布赖恩克尔扎尼奇,英特尔首席执行官布赖恩克尔扎尼奇赛一份声明钟说
5,英特尔首席执行官布赖恩克尔扎尼奇在一份声明中说,4,False,False,1.0,0.13043478260869565,0.0,2.9520043985670648,-0.7942661643028259,1.0,0.6881421208381653,1.0,0.35,6,布赖恩克尔扎尼奇,英特尔首席执行官布赖恩克尔扎尼奇赛一份声命钟说
5,英特尔首席执行官布赖恩克尔扎尼奇在一份声明中说,5,False,False,1.0,0.13043478260869565,0.0,2.9355319298043114,-0.7961715459823608,1.0,0.6881421208381653,1.0,0.35,6,布赖恩克尔扎尼奇,英特尔首席执行官布赖恩克尔扎尼奇赛一份声名钟说
5,英特尔首席执行官布赖恩克尔扎尼奇在一份声明中说,6,False,True,1.0,0.0,0.0,2.85,-0.8060650825500488,1.0,0.6881421208381653,1.0,0.35,6,布赖恩克尔扎尼奇,英特尔首席执行官布赖恩克尔扎尼奇在一份声明中说
6,合并拓朗之后将推出新的产品,1,True,True,0.0,0.07692307692307693,0.5,1.0,-0.1467732936143875,0.0,0.0,0.0,0.0,0,,合并特朗之后将推出新的产品
6,合并拓朗之后将推出新的产品,2,False,False,0.0,0.15384615384615385,0.5,0.6786439337257734,-0.21532529592514038,0.0,0.0,0.0,0.0,0,,合并特朗尔之后将推出新的产品
6,合并拓朗之后将推出新的产品,3,False,False,0.0,0.15384615384615385,0.5,0.0,-0.3600943088531494,0.0,0.0,0.0,0.0,0,,合并特朗之后将推出新产品
7,高德纳咨询公司分析师马克黄说,1,True,True,1.0,0.0,0.0,3.85,-0.16197939217090607,1.0,0.6891087293624878,1.0,0.35,5,马克黄,高德纳咨询公司分析师马克黄说
7,高德纳咨询公司分析师马克黄说,2,False,False,1.0,0.14285714285714285,0.0,3.6433300131030477,-0.25899314880371094,1.0,0.6891087293624878,1.0,0.35,5,马克黄,高德纳思群公司分析师马克黄说
7,高德纳咨询公司分析师马克黄说,3,False,False,1.0,0.14285714285714285,0.0,3.0268301023518283,-0.5483867526054382,1.0,0.6891087293624878,1.0,0.35,5,马克黄,高德纳思寻公司分析师马克黄说
7,高德纳咨询公司分析师马克黄说,4,False,False,1.0,0.14285714285714285,0.0,2.8937941527906745,-0.6108356714248657,1.0,0.6891087293624878,1.0,0.35,5,马克黄,高德纳斯逊公司分析师马克黄说
7,高德纳咨询公司分析师马克黄说,5,False,False,1.0,0.07142857142857142,0.0,2.85,-0.6313932538032532,1.0,0.6891087293624878,1.0,0.35,5,马克黄,高德纳思询公司分析师马克黄说
8,中国游戏公司纷纷忙着退市,1,True,True,1.0,0.16666666666666666,0.0,3.85,-0.699171781539917,1.0,0.6919219493865967,1.0,0.35,7,中国游戏公司,中国游戏公司分分忙着退市
8,中国游戏公司纷纷忙着退市,2,False,False,1.0,0.16666666666666666,0.0,3.4969967872607906,-0.8708898425102234,1.0,0.6919219493865967,1.0,0.35,7,中国游戏公司,中国游戏公司芬芬忙着退市
8,中国游戏公司纷纷忙着退市,3,False,False,1.0,0.25,0.0,3.1743673158311343,-1.0278326272964478,1.0,0.6919219493865967,1.0,0.35,7,中国游戏公司,中国游戏公司芬芬盲着退市
8,中国游戏公司纷纷忙着退市,4,False,False,1.0,0.25,0.0,3.1220535799619173,-1.0532805919647217,1.0,0.6919219493865967,1.0,0.35,7,中国游戏公司,中国游戏公司芬芬忙着褪市
8,中国游戏公司纷纷忙着退市,5,False,False,1.0,0.25,0.0,3.039459225658783,-1.0934585332870483,1.0,0.6919219493865967,1.0,0.35,7,中国游戏公司,中国游戏公司芬芬芒着退市
8,中国游戏公司纷纷忙着退市,6,False,False,1.0,0.25,0.0,2.926588909065512,-1.1483641862869263,1.0,0.6919219493865967,1.0,0.35,7,中国游戏公司,中国游戏公司芬芬忙着蜕市
8,中国游戏公司纷纷忙着退市,7,False,False,1.0,0.3333333333333333,0.0,2.85,-1.1856207847595215,1.0,0.6919219493865967,1.0,0.35,7,中国游戏公司,中国游戏公司芬芬芒者退市
9,巨人网络盛大游戏以及完美世界均已选择了私有化,1,True,True,1.0,0.0,0.0,3.0466597031417395,-0.5817264914512634,1.0,0.6901744604110718,0.0,0.0,0,,巨人网络盛大游戏以及完美世界均已选择了私有化
9,巨人网络盛大游戏以及完美世界均已选择了私有化,2,False,False,0.0,0.045454545454545456,0.25,1.0,-0.5343340039253235,0.0,0.6901744604110718,0.0,0.0,0,,巨人网络盛大游次以及完美世界均已选择了私有化
9,巨人网络盛大游戏以及完美世界均已选择了私有化,3,False,False,0.0,0.045454545454545456,0.25,0.8915189625868278,-0.5456746816635132,0.0,0.6901744604110718,0.0,0.0,0,,巨人网络盛大游机以及完美世界均已选择了私有化
9,巨人网络盛大游戏以及完美世界均已选择了私有化,4,False,False,0.0,0.09090909090909091,0.5,0.7026924552754118,-0.5654147267341614,0.0,0.6901744604110718,0.0,0.0,0,,巨人网络盛大友次以及完美世界均已选择了私有化
9,巨人网络盛大游戏以及完美世界均已选择了私有化,5,False,False,0.0,0.045454545454545456,0.25,0.5557622693641203,-0.5807749032974243,0.0,0.6901744604110718,0.0,0.0,0,,巨人网络盛大游泣以及完美世界均已选择了私有化
9,巨人网络盛大游戏以及完美世界均已选择了私有化,6,False,False,0.0,0.09090909090909091,0.5,0.5105191228011159,-0.5855046510696411,0.0,0.0,0.0,0.0,0,,巨人网络盛大要次以及完美世界均已选择了私有化
9,巨人网络盛大游戏以及完美世界均已选择了私有化,7,False,False,0.0,0.045454545454545456,0.25,0.3453792431841934,-0.6027684807777405,0.0,0.6901744604110718,0.0,0.0,0,,巨人网络盛大游心以及完美世界均已选择了私有化
9,巨人网络盛大游戏以及完美世界均已选择了私有化,8,False,False,0.0,0.045454545454545456,0.25,0.0,-0.6388746500015259,0.0,0.759191906452179,0.0,0.0,0,,巨人网络盛大友戏以及完美世界均已选择了私有化
10,北京商报讯记者王晔君日前,1,True,True,0.0,0.08333333333333333,0.3333333333333333,1.0,-0.5829845070838928,0.0,0.6844910979270935,0.0,0.0,0,,北京商报讯记者王艳君日前
10,北京商报讯记者王晔君日前,2,False,False,0.0,0.16666666666666666,0.6666666666666666,0.9953329929326026,-0.583722710609436,0.0,0.7746263891458511,0.0,0.0,0,,北京商报讯记者王烨钧日前
10,北京商报讯记者王晔君日前,3,False,False,0.0,0.08333333333333333,0.3333333333333333,0.6427412684386345,-0.6394938826560974,0.0,0.6844910979270935,0.0,0.0,0,,北京商报讯记者王雁君日前
10,北京商报讯记者王晔君日前,4,False,False,0.0,0.16666666666666666,0.6666666666666666,0.5301392188745296,-0.6573047041893005,0.0,0.7746263891458511,0.0,0.0,0,,北京商报讯记者王烨军日前
10,北京商报讯记者王晔君日前,5,False,False,0.0,0.08333333333333333,0.3333333333333333,0.49577557668719746,-0.662740170955658,0.0,0.6844910979270935,0.0,0.0,0,,北京商报讯记者王燕君日前
10,北京商报讯记者王晔君日前,6,False,False,0.0,0.16666666666666666,0.6666666666666666,0.09313590090947288,-0.7264276742935181,0.0,0.6844910979270935,0.0,0.0,0,,北京商报讯记者王溢军日前
10,北京商报讯记者王晔君日前,7,False,False,0.0,0.08333333333333333,0.3333333333333333,0.0,-0.7411594390869141,0.0,0.7746263891458511,0.0,0.0,0,,北京商报讯记者王烨君日前
11,北京商报讯记者王晔君日前,1,True,True,1.0,0.0,0.0,1.0,-0.43155455589294434,0.0,0.7737283185124397,0.0,0.0,0,,北京商报讯记者王晔君日前
11,北京商报讯记者王晔君日前,2,False,False,0.0,0.16666666666666666,0.6666666666666666,0.7027654396078418,-0.5100831389427185,0.0,0.7737283185124397,0.0,0.0,0,,北京商报讯记者王烨钧日前
11,北京商报讯记者王晔君日前,3,False,False,0.0,0.08333333333333333,0.3333333333333333,0.6661962018691049,-0.5197446346282959,0.0,0.6831946969032288,0.0,0.0,0,,北京商报讯记者王艳君日前
11,北京商报讯记者王晔君日前,4,False,False,0.0,0.08333333333333333,0.3333333333333333,0.6563771292743411,-0.5223388075828552,0.0,0.7737283185124397,0.0,0.0,0,,北京商报讯记者王烨君日前
11,北京商报讯记者王晔君日前,5,False,False,0.0,0.08333333333333333,0.3333333333333333,0.43440490414430155,-0.5809832811355591,0.0,0.6831946969032288,0.0,0.0,0,,北京商报讯记者王燕君日前
11,北京商报讯记者王晔君日前,6,False,False,0.0,0.08333333333333333,0.3333333333333333,0.3445862105684923,-0.6047131419181824,0.0,0.6831946969032288,0.0,0.0,0,,北京商报讯记者王雁君日前
11,北京商报讯记者王晔君日前,7,False,False,0.0,0.16666666666666666,0.6666666666666666,0.0,-0.6957519054412842,0.0,0.6831946969032288,0.0,0.0,0,,北京商报讯记者王溢军日前
12,美国东卡罗莱纳大学和维克森林大学的研究者认为,1,True,True,1.0,0.0,0.0,3.85,-0.33171346783638,1.0,0.692672848701477,1.0,0.35,2,维克森林大学,美国东卡罗莱纳大学和维克森林大学的研究者认为
12,美国东卡罗莱纳大学和维克森林大学的研究者认为,2,False,False,1.0,0.045454545454545456,0.0,2.85,-0.3543849289417267,1.0,0.692672848701477,1.0,0.35,2,维克森林大学,美国东卡罗来纳大学和维克森林大学的研究者认为
13,影片将在2015年1月在慕尼黑正式开机,1,True,False,1.0,0.10526315789473684,0.6666666666666666,3.113880449756134,-0.826027512550354,1.0,0.6864984631538391,0.3333333333333333,0.11666666666666665,2,慕尼黑,影片将在2015年1月3日慕尼黑正式开机
13,影片将在2015年1月在慕尼黑正式开机,2,False,True,1.0,0.05263157894736842,0.0,2.6166666666666667,-1.1444275379180908,1.0,0.6864984631538391,0.3333333333333333,0.11666666666666665,2,慕尼黑,影片将在2015年1月3慕尼黑正式开机
13,影片将在2015年1月在慕尼黑正式开机,3,False,False,0.0,0.21052631578947367,1.0,1.0,-0.5040590763092041,0.0,0.0,0.0,0.0,0,,影片将在2015年1月3日正式开机
13,影片将在2015年1月在慕尼黑正式开机,4,False,False,0.0,0.15789473684210525,1.0,0.6646292676570237,-0.7188199162483215,0.0,0.772310771048069,0.0,0.0,0,,影片将在2015年1月3日慕妮黑正式开机
14,好莱坞当红明星之前曾被盛传将扮演斯诺登,1,True,True,1.0,0.0,0.0,3.6166666666666667,-0.2299441695213318,1.0,0.6779011487960815,0.3333333333333333,0.11666666666666665,2,好莱坞,好莱坞当红明星之前曾被盛传将扮演斯诺登
14,好莱坞当红明星之前曾被盛传将扮演斯诺登,2,False,False,1.0,0.05263157894736842,0.0,3.16967512751336,-0.3559147119522095,1.0,0.6779011487960815,0.3333333333333333,0.11666666666666665,2,好莱坞,好莱坞当红明星之前曾被盛传将扮演斯诺灯
14,好莱坞当红明星之前曾被盛传将扮演斯诺登,3,False,False,0.0,0.10526315789473684,0.6666666666666666,0.675882462672362,-0.32128652930259705,0.0,0.0,0.0,0.0,0,,荷莱雾当红明星之前曾被盛传将扮演斯诺登
14,好莱坞当红明星之前曾被盛传将扮演斯诺登,4,False,False,0.0,0.05263157894736842,0.3333333333333333,0.0,-0.511762797832489,0.0,0.7626387923955917,0.0,0.0,0,,好莱午当红明星之前曾被盛传将扮演斯诺登
15,好莱坞当红明星之前曾被盛传将扮演斯诺登,1,True,True,1.0,0.0,0.0,3.5,-0.215280219912529,1.0,0.6843360066413879,0.0,0.0,0,,好莱坞当红明星之前曾被盛传将扮演斯诺登
15,好莱坞当红明星之前曾被盛传将扮演斯诺登,2,False,False,0.0,0.05263157894736842,0.3333333333333333,0.0,-0.4928613007068634,0.0,0.0,0.0,0.0,0,,哈莱坞当红明星之前曾被盛传将扮演斯诺登
16,对于姊弟恋也不排斥,1,True,False,0.0,0.2222222222222222,0.6666666666666666,1.0,-0.30280011892318726,0.0,0.0,0.0,0.0,0,,对于死地恋也不排斥
16,对于姊弟恋也不排斥,2,False,True,0.0,0.1111111111111111,0.3333333333333333,0.0,-0.6650007367134094,0.0,0.0,0.0,0.0,0,,对于死弟恋也不排斥
17,许玮宁最近到法国工作,1,True,True,1.0,0.0,0.0,2.5,-0.9593438506126404,1.0,0.6859966516494751,0.0,0.0,0,,许玮宁最近到法国工作
17,许玮宁最近到法国工作,2,False,False,0.0,0.1,0.4,1.0,-0.19499988853931427,0.0,0.7717462331056595,0.0,0.0,0,,许伟宁最近到法国工作
17,许玮宁最近到法国工作,3,False,False,0.0,0.2,0.6,0.9837375550146893,-0.20742999017238617,0.0,0.7717462331056595,0.0,0.0,0,,徐伟宁最近到法国工作
17,许玮宁最近到法国工作,4,False,False,0.0,0.1,0.2,0.8359416468764387,-0.32039690017700195,0.0,0.7717462331056595,0.0,0.0,0,,徐玮宁最近到法国工作
17,许玮宁最近到法国工作,5,False,False,0.0,0.1,0.4,0.7526688515117336,-0.38404595851898193,0.0,0.7717462331056595,0.0,0.0,0,,许维宁最近到法国工作
17,许玮宁最近到法国工作,6,False,False,0.0,0.1,0.4,0.3741708696227287,-0.673348605632782,0.0,0.7717462331056595,0.0,0.0,0,,许唯宁最近到法国工作
18,阮经天和许玮宁交往八年屡传婚讯,1,True,True,1.0,0.13333333333333333,0.0,1.0,-0.21490733325481415,0.0,0.7618879750370979,0.0,0.0,0,,阮金天和许玮宁交往8年屡传婚讯
18,阮经天和许玮宁交往八年屡传婚讯,2,False,False,0.0,0.2,0.6,0.9434454787131579,-0.22770367562770844,0.0,0.7618879750370979,0.0,0.0,0,,阮金天和徐伟宁交往八年屡传婚讯
18,阮经天和许玮宁交往八年屡传婚讯,3,False,False,0.0,0.2,0.6,0.7394524666620611,-0.27386027574539185,0.0,0.7618879750370979,0.0,0.0,0,,阮经天和徐伟宁交往8年屡传婚讯
18,阮经天和许玮宁交往八年屡传婚讯,4,False,False,0.0,0.2,0.6,0.7381405962832842,-0.2741571068763733,0.0,0.7618879750370979,0.0,0.0,0,,阮津天和徐伟宁交往八年屡传婚讯
18,阮经天和许玮宁交往八年屡传婚讯,5,False,False,0.0,0.13333333333333333,0.6,0.6807870985187653,-0.28713423013687134,0.0,0.7618879750370979,0.0,0.0,0,,阮经天和徐伟宁交往八年屡传婚讯
18,阮经天和许玮宁交往八年屡传婚讯,6,False,False,0.0,0.2,0.4,0.46942673569440585,-0.3349578082561493,0.0,0.7618879750370979,0.0,0.0,0,,阮金天和许伟宁交往8年屡传婚讯
18,阮经天和许玮宁交往八年屡传婚讯,7,False,False,0.0,0.13333333333333333,0.4,0.4231051985037038,-0.34543877840042114,0.0,0.7618879750370979,0.0,0.0,0,,阮金天和许伟宁交往八年屡传婚讯
18,阮经天和许玮宁交往八年屡传婚讯,8,False,False,0.0,0.3333333333333333,0.6,0.08249478231875329,-0.4225071966648102,0.0,0.7618879750370979,0.0,0.0,0,,阮金天与徐伟宁交往8年屡传婚讯
18,阮经天和许玮宁交往八年屡传婚讯,9,False,False,0.0,0.26666666666666666,0.6,0.0,-0.44117292761802673,0.0,0.7618879750370979,0.0,0.0,0,,阮金天与徐伟宁交往八年屡传婚讯
19,但小天坚持玮宁依然是我的女人,1,True,True,0.0,0.07142857142857142,0.5,1.0,-0.23164936900138855,0.0,0.0,0.0,0.0,0,,但小天坚持违宁依然是我的女人
19,但小天坚持玮宁依然是我的女人,2,False,False,0.0,0.07142857142857142,0.5,0.6674483821281788,-0.26501861214637756,0.0,0.0,0.0,0.0,0,,但小天坚持唯宁依然是我的女人
19,但小天坚持玮宁依然是我的女人,3,False,False,0.0,0.07142857142857142,0.5,0.4993522335024476,-0.28188589215278625,0.0,0.0,0.0,0.0,0,,但小天坚持委宁依然是我的女人
19,但小天坚持玮宁依然是我的女人,4,False,False,0.0,0.14285714285714285,1.0,0.4816433488547809,-0.2836628556251526,0.0,0.0,0.0,0.0,0,,但小天坚持违令依然是我的女人
19,但小天坚持玮宁依然是我的女人,5,False,False,0.0,0.14285714285714285,1.0,0.3818887932534867,-0.2936725318431854,0.0,0.0,0.0,0.0,0,,但小天坚持伪逆依然是我的女人
19,但小天坚持玮宁依然是我的女人,6,False,False,0.0,0.07142857142857142,0.5,0.37947682088914786,-0.2939145565032959,0.0,0.0,0.0,0.0,0,,但小天坚持为宁依然是我的女人
19,但小天坚持玮宁依然是我的女人,7,False,False,0.0,0.14285714285714285,1.0,0.0,-0.33199241757392883,0.0,0.0,0.0,0.0,0,,但小天坚持为命依然是我的女人
20,对许玮宁单身说语气落寞表示我没有什么看法,1,True,True,1.0,0.0,0.0,1.0,-0.22642011940479279,0.0,0.7658231779932976,0.0,0.0,0,,对许玮宁单身说语气落寞表示我没有什么看法
20,对许玮宁单身说语气落寞表示我没有什么看法,2,False,False,0.0,0.05,0.4,0.7903734764585856,-0.2658845782279968,0.0,0.7658231779932976,0.0,0.0,0,,对许伟宁单身说语气落寞表示我没有什么看法
20,对许玮宁单身说语气落寞表示我没有什么看法,3,False,False,0.0,0.1,0.6,0.27495650812503974,-0.36291739344596863,0.0,0.7658231779932976,0.0,0.0,0,,对徐维宁单身说语气落寞表示我没有什么看法
20,对许玮宁单身说语气落寞表示我没有什么看法,4,False,False,0.0,0.05,0.2,0.0,-0.41468092799186707,0.0,0.7658231779932976,0.0,0.0,0,,对徐玮宁单身说语气落寞表示我没有什么看法
21,因而痛斩情丝她除了拥有模特儿火辣身材,1,True,False,1.0,0.2222222222222222,0.0,3.675,-0.35351496934890747,1.0,0.6917027831077576,0.5,0.175,3,痛斩情丝,婴儿痛斩情丝他除了拥有模特火辣身材
21,因而痛斩情丝她除了拥有模特儿火辣身材,2,False,True,1.0,0.1111111111111111,0.0,3.1766263673026813,-0.5096156597137451,1.0,0.6917027831077576,0.5,0.175,3,痛斩情丝,因而痛斩情丝他除了拥有模特火辣身材
21,因而痛斩情丝她除了拥有模特儿火辣身材,3,False,False,1.0,0.1111111111111111,0.0,2.675,-0.6667351722717285,1.0,0.6917027831077576,0.5,0.175,3,痛斩情丝,因而痛斩情丝除了拥有模特火辣身材
21,因而痛斩情丝她除了拥有模特儿火辣身材,4,False,False,0.0,0.1111111111111111,0.25,0.35894734177957105,-0.5543056130409241,0.0,0.6917027831077576,0.0,0.0,0,,因而疼斩情丝她除了拥有模特火辣身材
21,因而痛斩情丝她除了拥有模特儿火辣身材,5,False,False,0.0,0.16666666666666666,0.25,0.32741733861874955,-0.5641814470291138,0.0,0.6917027831077576,0.0,0.0,0,,因而疼斩情丝他除了拥有模特火辣身材
22,按照国家邮政总局统一部署,1,True,False,1.0,0.08333333333333333,0.0,3.85,-1.013634204864502,1.0,0.6790062189102173,1.0,0.35,5,国家邮政总局,安照国家邮政总局统一部署
22,按照国家邮政总局统一部署,2,False,True,1.0,0.0,0.0,3.7396329668991366,-1.0311354398727417,1.0,0.6790062189102173,1.0,0.35,5,国家邮政总局,按照国家邮政总局统一部署
22,按照国家邮政总局统一部署,3,False,False,1.0,0.08333333333333333,0.0,3.2387755815448274,-1.1105579137802124,1.0,0.6790062189102173,1.0,0.35,5,国家邮政总局,按照国家邮政总局统义部署
22,按照国家邮政总局统一部署,4,False,False,1.0,0.08333333333333333,0.0,2.925130412033616,-1.1602935791015625,1.0,0.6790062189102173,1.0,0.35,5,国家邮政总局,按照国家邮政总局统于部署
22,按照国家邮政总局统一部署,5,False,False,1.0,0.08333333333333333,0.0,2.85,-1.172207236289978,1.0,0.6790062189102173,1.0,0.35,5,国家邮政总局,按照国家邮政总局统议部署
23,京华时报讯记者任珊记者从北京市教育考试院获悉,1,True,True,1.0,0.0,0.0,2.5,-0.645334780216217,1.0,0.678374707698822,0.0,0.0,0,,京华时报讯记者任珊记者从北京市教育考试院获悉
23,京华时报讯记者任珊记者从北京市教育考试院获悉,2,False,False,0.0,0.045454545454545456,0.5,1.0,-0.47415247559547424,0.0,0.7459158226847649,0.0,0.0,0,,京华时报讯记者任山记者从北京市教育考试院获悉
24,朱圣祎爆王思聪女朋友被诉法官送达起诉书遇阻,1,True,False,0.0,0.3333333333333333,0.6666666666666666,1.0,-0.1376824676990509,0.0,0.0,0.0,0.0,0,,朱胜伟曝王思聪女友被诉法官宋达起诉书运诉
24,朱圣祎爆王思聪女朋友被诉法官送达起诉书遇阻,2,False,True,0.0,0.2857142857142857,0.6666666666666666,0.9150814740487467,-0.16616253554821014,0.0,0.0,0.0,0.0,0,,朱胜伟爆王思聪女友被诉法官宋达起诉书运诉
24,朱圣祎爆王思聪女朋友被诉法官送达起诉书遇阻,3,False,False,0.0,0.3333333333333333,0.6666666666666666,0.8813687394932893,-0.1774691492319107,0.0,0.0,0.0,0.0,0,,朱胜伟曝王思聪女友被诉法官宋达起诉书欲诉
24,朱圣祎爆王思聪女朋友被诉法官送达起诉书遇阻,4,False,False,0.0,0.2857142857142857,0.6666666666666666,0.8496482701149027,-0.18810759484767914,0.0,0.0,0.0,0.0,0,,朱胜伟曝王思聪女友被诉法官送达起诉书运诉
24,朱圣祎爆王思聪女朋友被诉法官送达起诉书遇阻,5,False,False,0.0,0.2857142857142857,0.6666666666666666,0.8351072668627653,-0.19298437237739563,0.0,0.0,0.0,0.0,0,,朱胜伟爆王思聪女友被诉法官宋达起诉书欲诉
24,朱圣祎爆王思聪女朋友被诉法官送达起诉书遇阻,6,False,False,0.0,0.3333333333333333,0.6666666666666666,0.8226797352864286,-0.19715233147144318,0.0,0.0,0.0,0.0,0,,朱胜伟曝王思聪女友被诉法官宋达起诉书运输
24,朱圣祎爆王思聪女朋友被诉法官送达起诉书遇阻,7,False,False,0.0,0.38095238095238093,0.6666666666666666,0.7867746648560335,-0.20919421315193176,0.0,0.0,0.0,0.0,0,,朱胜伟曝王思聪女友被诉法官宋达起诉疏运诉
24,朱圣祎爆王思聪女朋友被诉法官送达起诉书遇阻,8,False,False,0.0,0.3333333333333333,0.6666666666666666,0.7619001411291505,-0.21753665804862976,0.0,0.0,0.0,0.0,0,,朱胜伟曝王思聪女友被诉法官宋达起诉书迂诉
24,朱圣祎爆王思聪女朋友被诉法官送达起诉书遇阻,9,False,False,0.0,0.2857142857142857,0.6666666666666666,0.7422934348908724,-0.2241123765707016,0.0,0.0,0.0,0.0,0,,朱胜伟曝王思聪女友被诉法官宋达起诉书遇诉
24,朱圣祎爆王思聪女朋友被诉法官送达起诉书遇阻,10,False,False,0.0,0.3333333333333333,0.6666666666666666,0.7362107613954103,-0.22615239024162292,0.0,0.0,0.0,0.0,0,,朱胜伟报王思聪女友被诉法官宋达起诉书运诉
24,朱圣祎爆王思聪女朋友被诉法官送达起诉书遇阻,11,False,False,0.0,0.3333333333333333,0.6666666666666666,0.7263828159753009,-0.22944849729537964,0.0,0.0,0.0,0.0,0,,朱胜伟曝王思聪女友被诉法官宋达起诉书逾诉
24,朱圣祎爆王思聪女朋友被诉法官送达起诉书遇阻,12,False,False,0.0,0.38095238095238093,0.6666666666666666,0.6599751615538673,-0.2517203688621521,0.0,0.0,0.0,0.0,0,,朱胜伟曝王思聪女友被诉讼法官宋达起诉书运诉
24,朱圣祎爆王思聪女朋友被诉法官送达起诉书遇阻,13,False,False,0.0,0.3333333333333333,0.6666666666666666,0.0,-0.47306355834007263,0.0,0.0,0.0,0.0,0,,朱胜伟鲍王思聪女友被诉法官宋达起诉书运诉
25,王思聪将朱圣祎诉至北京朝阳法院,1,True,True,0.5,0.26666666666666666,0.2222222222222222,2.8220630358406655,-0.8148713707923889,1.0,0.6921108365058899,0.0,0.0,0,,王思聪将朱胜伟速致北京朝阳法院
25,王思聪将朱圣祎诉至北京朝阳法院,2,False,False,0.0,0.4,0.4444444444444444,1.0,-0.601161777973175,0.0,0.7415473248277391,0.0,0.0,0,,王思聪将朱胜伟速致北京召杨法院
25,王思聪将朱圣祎诉至北京朝阳法院,3,False,False,0.0,0.4,0.4444444444444444,0.5270383334949966,-0.7502559423446655,0.0,0.0,0.0,0.0,0,,王思聪将朱胜伟速致北京朝阳国际法院
25,王思聪将朱圣祎诉至北京朝阳法院,4,False,False,0.0,0.26666666666666666,0.3333333333333333,0.342919117851432,-0.808296799659729,0.0,0.7497867395480473,0.0,0.0,0,,王思聪将朱胜伟送至北京朝阳院
25,王思聪将朱圣祎诉至北京朝阳法院,5,False,False,0.0,0.4,0.4444444444444444,0.0,-0.916396975517273,0.0,0.0,0.0,0.0,0,,王思聪将朱胜伟速致北京法院
26,新京报记者从首都国际机场公安分局相关人员处获悉,1,True,True,1.0,0.0,0.0,3.85,-0.21894817054271698,1.0,0.6724417209625244,1.0,0.35,2,新京报,新京报记者从首都国际机场公安分局相关人员处获悉
26,新京报记者从首都国际机场公安分局相关人员处获悉,2,False,False,1.0,0.043478260869565216,0.0,2.85,-0.29689377546310425,1.0,0.6724417209625244,1.0,0.35,2,新京报,新京报记者从首都国际机场公安分局相关人员处获袭
27,这些房产全由宋芳自己打理,1,True,True,1.0,0.0,0.0,2.5,-0.5664783120155334,1.0,0.6773085594177246,0.0,0.0,0,,这些房产全由宋芳自己打理
27,这些房产全由宋芳自己打理,2,False,False,0.0,0.08333333333333333,0.5,1.0,-0.14617450535297394,0.0,0.7901933193206786,0.0,0.0,0,,这些房产全由宋方自己打理
27,这些房产全由宋芳自己打理,3,False,False,0.0,0.08333333333333333,0.5,0.7679557809298843,-0.24370357394218445,0.0,0.0,0.0,0.0,0,,这些房产全由宋丰自己打理
27,这些房产全由宋芳自己打理,4,False,False,0.0,0.08333333333333333,0.5,0.7182193957897989,-0.2646079659461975,0.0,0.0,0.0,0.0,0,,这些房产全由宋风自己打理
27,这些房产全由宋芳自己打理,5,False,False,0.0,0.08333333333333333,0.5,0.3467956996978421,-0.4207187592983246,0.0,0.0,0.0,0.0,0,,这些房产全由宋枫自己打理
28,宋芳最近却有点烦恼,1,True,True,1.0,0.0,0.0,2.5,-0.5878339409828186,1.0,0.6768681406974792,0.0,0.0,0,,宋芳最近却有点烦恼
28,宋芳最近却有点烦恼,2,False,False,0.0,0.1111111111111111,0.5,1.0,-0.12824691832065582,0.0,0.7896794974803923,0.0,0.0,0,,宋方最近却有点烦恼
28,宋芳最近却有点烦恼,3,False,False,0.0,0.1111111111111111,0.5,0.6990610933409999,-0.2665545344352722,0.0,0.0,0.0,0.0,0,,宋峰最近却有点烦恼
28,宋芳最近却有点烦恼,4,False,False,0.0,0.1111111111111111,0.5,0.578049159203528,-0.32217004895210266,0.0,0.0,0.0,0.0,0,,宋枫最近却有点烦恼
28,宋芳最近却有点烦恼,5,False,False,0.0,0.1111111111111111,0.5,0.5746632967130307,-0.3237261474132538,0.0,0.7896794974803923,0.0,0.0,0,,松芳最近却有点烦恼
28,宋芳最近却有点烦恼,6,False,False,0.0,0.1111111111111111,0.5,0.5428669651543885,-0.33833932876586914,0.0,0.0,0.0,0.0,0,,孙芳最近却有点烦恼
28,宋芳最近却有点烦恼,7,False,False,0.0,0.1111111111111111,0.5,0.44988440088069775,-0.38107290863990784,0.0,0.0,0.0,0.0,0,,宋风最近却有点烦恼
28,宋芳最近却有点烦恼,8,False,False,0.0,0.1111111111111111,0.5,0.029724051947640977,-0.5741731524467468,0.0,0.0,0.0,0.0,0,,苏芳最近却有点烦恼
29,宋芳对北京银行私人银行的财富顾问说,1,True,True,1.0,0.0,0.0,3.062034549962585,-0.6265254020690918,1.0,0.6805276870727539,0.25,0.0875,3,宋芳,宋芳对北京银行私人银行的财富顾问说
29,宋芳对北京银行私人银行的财富顾问说,2,False,False,1.0,0.058823529411764705,0.0,2.851495621921664,-0.6967509388923645,1.0,0.6805276870727539,0.25,0.0875,3,宋芳,宋芳对北京银行私人银行的财务顾问说
29,宋芳对北京银行私人银行的财富顾问说,3,False,False,1.0,0.058823529411764705,0.0,2.5980520622759307,-0.7812873721122742,1.0,0.6805276870727539,0.25,0.0875,3,宋芳,宋芳对北京银行私人银行财富顾问说
29,宋芳对北京银行私人银行的财富顾问说,4,False,False,0.0,0.058823529411764705,0.5,1.0,-0.4512557089328766,0.0,0.0,0.0,0.0,0,,孙芳对北京银行私人银行的财富顾问说
29,宋芳对北京银行私人银行的财富顾问说,5,False,False,0.0,0.11764705882352941,0.5,0.8169170733886549,-0.512323260307312,0.0,0.0,0.0,0.0,0,,孙芳对北京银行私人银行的财务顾问说
29,宋芳对北京银行私人银行的财富顾问说,6,False,False,0.0,0.058823529411764705,0.5,0.5657878195606285,-0.5960877537727356,0.0,0.0,0.0,0.0,0,,宋丰对北京银行私人银行的财富顾问说
29,宋芳对北京银行私人银行的财富顾问说,7,False,False,0.0,0.11764705882352941,0.5,0.35136651886929426,-0.6676082611083984,0.0,0.0,0.0,0.0,0,,宋丰对北京银行私人银行的财务顾问说
29,宋芳对北京银行私人银行的财富顾问说,8,False,False,0.0,0.058823529411764705,0.5,0.18470165406480002,-0.7231995463371277,0.0,0.0,0.0,0.0,0,,宋凤对北京银行私人银行的财富顾问说
29,宋芳对北京银行私人银行的财富顾问说,9,False,False,0.0,0.11764705882352941,0.5,0.0,-0.784807026386261,0.0,0.0,0.0,0.0,0,,宋凤对北京银行私人银行的财务顾问说
30,该信托出资购入宋芳的房产,1,True,True,1.0,0.08333333333333333,0.0,2.718314924066429,-1.0093986988067627,1.0,0.685662031173706,0.0,0.0,0,,该省托出资购入宋芳的房产
30,该信托出资购入宋芳的房产,2,False,False,0.0,0.16666666666666666,0.5,1.0,-0.23527468740940094,0.0,0.7999390363693236,0.0,0.0,0,,该省托出资购入宋方的房产
30,该信托出资购入宋芳的房产,3,False,False,0.0,0.16666666666666666,0.5,0.9767938737643176,-0.25825634598731995,0.0,0.0,0.0,0.0,0,,该省托出资购入宋丰的房产
30,该信托出资购入宋芳的房产,4,False,False,0.0,0.16666666666666666,0.5,0.9513639198230327,-0.28344032168388367,0.0,0.7999390363693236,0.0,0.0,0,,该姓托出资购入宋方的房产
30,该信托出资购入宋芳的房产,5,False,False,0.0,0.16666666666666666,0.5,0.5302452680559139,-0.7004855871200562,0.0,0.7999390363693236,0.0,0.0,0,,该省托出资购入送芳的房产
30,该信托出资购入宋芳的房产,6,False,False,0.0,0.25,0.5,0.0,-1.2256019115447998,0.0,0.7999390363693236,0.0,0.0,0,,该省托出资购入宋方德房产
31,在了解宋芳的资产情况与需求之后,1,True,True,1.0,0.0,0.0,2.5,-0.585566520690918,1.0,0.6863902807235718,0.0,0.0,0,,在了解宋芳的资产情况与需求之后
31,在了解宋芳的资产情况与需求之后,2,False,False,0.0,0.13333333333333333,1.0,1.0,-0.10020090639591217,0.0,0.0,0.0,0.0,0,,在了解送风的资产情况与需求之后
31,在了解宋芳的资产情况与需求之后,3,False,False,0.0,0.06666666666666667,0.5,0.6175667172771003,-0.285820871591568,0.0,0.800788660844167,0.0,0.0,0,,在了解宋方的资产情况与需求之后
31,在了解宋芳的资产情况与需求之后,4,False,False,0.0,0.06666666666666667,0.5,0.5589796371675534,-0.31425702571868896,0.0,0.800788660844167,0.0,0.0,0,,在了解送芳的资产情况与需求之后
31,在了解宋芳的资产情况与需求之后,5,False,False,0.0,0.06666666666666667,0.5,0.46589444692865895,-0.35943737626075745,0.0,0.0,0.0,0.0,0,,在了解宋枫的资产情况与需求之后
31,在了解宋芳的资产情况与需求之后,6,False,False,0.0,0.06666666666666667,0.5,0.4548851655860717,-0.36478090286254883,0.0,0.0,0.0,0.0,0,,在了解宋丰的资产情况与需求之后
31,在了解宋芳的资产情况与需求之后,7,False,False,0.0,0.06666666666666667,0.5,0.4051574441930552,-0.3889170289039612,0.0,0.0,0.0,0.0,0,,在了解宋风的资产情况与需求之后
32,宋芳本人为信托的发起人和委托人,1,True,True,1.0,0.0,0.0,2.509753377566186,-0.4967464804649353,1.0,0.6818011999130249,0.0,0.0,0,,宋芳本人为信托的发起人和委托人
32,宋芳本人为信托的发起人和委托人,2,False,False,0.0,0.06666666666666667,0.5,1.0,-0.1185351312160492,0.0,0.7954347332318623,0.0,0.0,0,,宋方本人为信托的发起人和委托人
32,宋芳本人为信托的发起人和委托人,3,False,False,0.0,0.06666666666666667,0.5,0.9099080164639161,-0.15294454991817474,0.0,0.0,0.0,0.0,0,,宋枫本人为信托的发起人和委托人
32,宋芳本人为信托的发起人和委托人,4,False,False,0.0,0.06666666666666667,0.5,0.8429746865222658,-0.17850883305072784,0.0,0.0,0.0,0.0,0,,宋峰本人为信托的发起人和委托人
32,宋芳本人为信托的发起人和委托人,5,False,False,0.0,0.06666666666666667,0.5,0.7610044443272268,-0.20981626212596893,0.0,0.0,0.0,0.0,0,,宋丰本人为信托的发起人和委托人
32,宋芳本人为信托的发起人和委托人,6,False,False,0.0,0.06666666666666667,0.5,0.6692983812074335,-0.24484215676784515,0.0,0.0,0.0,0.0,0,,宋风本人为信托的发起人和委托人
32,宋芳本人为信托的发起人和委托人,7,False,False,0.0,0.06666666666666667,0.5,0.0,-0.5004716515541077,0.0,0.7954347332318623,0.0,0.0,0,,松芳本人为信托的发起人和委托人
33,之后由该信托对宋芳指定的房产发出购买要约,1,True,True,1.0,0.1,0.0,1.0,-0.14194250106811523,0.0,0.7811347842216491,0.0,0.0,0,,之后由该信托队宋芳指定的房产发出购买邀约
33,之后由该信托对宋芳指定的房产发出购买要约,2,False,False,0.0,0.2,1.0,0.8480815159492081,-0.19053915143013,0.0,0.7811347842216491,0.0,0.0,0,,之后由该信托队送方指定的房产发出购买邮约
33,之后由该信托对宋芳指定的房产发出购买要约,3,False,False,0.0,0.15,0.5,0.3833535890318304,-0.3391992747783661,0.0,0.7811347842216491,0.0,0.0,0,,之后由该信托队送芳指定的房产发出购买邀约
33,之后由该信托对宋芳指定的房产发出购买要约,4,False,False,0.0,0.15,0.5,0.22935360486993886,-0.38846176862716675,0.0,0.7811347842216491,0.0,0.0,0,,之后由该信托队送芳指定的房产发出购买邮约
33,之后由该信托对宋芳指定的房产发出购买要约,5,False,False,0.0,0.1,0.5,0.0,-0.4618288576602936,0.0,0.7811347842216491,0.0,0.0,0,,之后由该信托队送芳指定的房产发出购买要约
34,宋芳必须再掏出完全属于自己的资金,1,True,True,1.0,0.0,0.0,2.8557148562617387,-0.5604490637779236,1.0,0.6609986424446106,0.1111111111111111,0.03888888888888888,2,宋芳,宋芳必须再掏出完全属于自己的资金
34,宋芳必须再掏出完全属于自己的资金,2,False,False,1.0,0.0625,0.0,2.5388888888888888,-0.7642101049423218,1.0,0.6609986424446106,0.1111111111111111,0.03888888888888888,2,宋芳,宋芳必须在掏出完全属于自己的资金
34,宋芳必须再掏出完全属于自己的资金,3,False,False,0.0,0.0625,0.5,1.0,-0.12107771635055542,0.0,0.0,0.0,0.0,0,,宋丰必须再掏出完全属于自己的资金
34,宋芳必须再掏出完全属于自己的资金,4,False,False,0.0,0.0625,0.5,0.9860972749602386,-0.13001900911331177,0.0,0.0,0.0,0.0,0,,宋峰必须再掏出完全属于自己的资金
34,宋芳必须再掏出完全属于自己的资金,5,False,False,0.0,0.0625,0.5,0.9047397347036429,-0.18234267830848694,0.0,0.0,0.0,0.0,0,,宋枫必须再掏出完全属于自己的资金
34,宋芳必须再掏出完全属于自己的资金,6,False,False,0.0,0.0625,0.5,0.8361773400503115,-0.22643737494945526,0.0,0.7711650828520455,0.0,0.0,0,,宋方必须再掏出完全属于自己的资金
34,宋芳必须再掏出完全属于自己的资金,7,False,False,0.0,0.125,0.5,0.8287009761193983,-0.23124566674232483,0.0,0.0,0.0,0.0,0,,宋丰必须在掏出完全属于自己的资金
34,宋芳必须再掏出完全属于自己的资金,8,False,False,0.0,0.125,0.5,0.8216304983581513,-0.23579291999340057,0.0,0.0,0.0,0.0,0,,宋峰必须在掏出完全属于自己的资金
34,宋芳必须再掏出完全属于自己的资金,9,False,False,0.0,0.0625,0.5,0.7867037826144296,-0.2582554221153259,0.0,0.0,0.0,0.0,0,,宋风必须再掏出完全属于自己的资金
34,宋芳必须再掏出完全属于自己的资金,10,False,False,0.0,0.0625,0.5,0.5049911162875229,-0.4394339621067047,0.0,0.0,0.0,0.0,0,,宋凤必须再掏出完全属于自己的资金
35,在宋芳的资金信托购买其房产时,1,True,True,1.0,0.0,0.0,2.5,-0.624445378780365,1.0,0.6857448220252991,0.0,0.0,0,,在宋芳的资金信托购买其房产时
35,在宋芳的资金信托购买其房产时,2,False,False,0.0,0.14285714285714285,1.0,1.0,-0.04730309173464775,0.0,0.8000356256961821,0.0,0.0,0,,在送方的资金信托购买其房产时
35,在宋芳的资金信托购买其房产时,3,False,False,0.0,0.07142857142857142,0.5,0.4786587520902714,-0.34819117188453674,0.0,0.8000356256961821,0.0,0.0,0,,在宋方的资金信托购买其房产时
35,在宋芳的资金信托购买其房产时,4,False,False,0.0,0.07142857142857142,0.5,0.3778793404593111,-0.40635523200035095,0.0,0.8000356256961821,0.0,0.0,0,,在送芳的资金信托购买其房产时
36,这是因为宋芳购买其房产,1,True,True,1.0,0.0,0.0,2.5,-0.8550970554351807,1.0,0.6856587529182434,0.0,0.0,0,,这是因为宋芳购买其房产
36,这是因为宋芳购买其房产,2,False,False,0.0,0.09090909090909091,0.5,1.0,-0.11755888164043427,0.0,0.7999352117379506,0.0,0.0,0,,这是因为宋方购买其房产
36,这是因为宋芳购买其房产,3,False,False,0.0,0.18181818181818182,0.5,0.6640761741067832,-0.3653155267238617,0.0,0.7999352117379506,0.0,0.0,0,,这是因为宋方购买齐房产
36,这是因为宋芳购买其房产,4,False,False,0.0,0.18181818181818182,0.5,0.5416521055341987,-0.45560795068740845,0.0,0.7999352117379506,0.0,0.0,0,,这是因为宋方购买其房厂
36,这是因为宋芳购买其房产,5,False,False,0.0,0.09090909090909091,0.5,0.4371953413238888,-0.5326488018035889,0.0,0.7999352117379506,0.0,0.0,0,,这是因为送芳购买其房产
36,这是因为宋芳购买其房产,6,False,False,0.0,0.18181818181818182,0.5,0.16427878910400248,-0.7339351773262024,0.0,0.7999352117379506,0.0,0.0,0,,这是因为宋方购买琪房产
37,今久整合营销集团迎来了它的生日,1,True,False,1.0,0.06666666666666667,0.0,3.85,-0.900218665599823,2.0,0.6922237277030945,1.0,0.35,3,今久整合营销集团;今久,今久整合营销集团迎来了他的生日
37,今久整合营销集团迎来了它的生日,2,False,True,1.0,0.0,0.0,3.2373737582602327,-0.9381862878799438,2.0,0.6922237277030945,1.0,0.35,3,今久整合营销集团;今久,今久整合营销集团迎来了它的生日
37,今久整合营销集团迎来了它的生日,3,False,False,1.0,0.06666666666666667,0.0,2.85,-0.9621938467025757,2.0,0.6922237277030945,1.0,0.35,3,今久整合营销集团;今久,今久整合营销集团迎来了她的生日
38,北京科技大学教授刘澄表示,1,True,True,1.0,0.0,0.0,2.85,-0.8540631532669067,2.0,0.6886412501335144,1.0,0.35,3,北京科技大学,北京科技大学教授刘澄表示
38,北京科技大学教授刘澄表示,2,False,False,0.5,0.08333333333333333,0.125,2.05,-0.4755934774875641,1.0,0.6886412501335144,1.0,0.35,3,北京科技大学,北京科技大学教授刘成表示
38,北京科技大学教授刘澄表示,3,False,False,0.5,0.08333333333333333,0.125,1.7731526690177084,-0.5803717970848083,1.0,0.6886412501335144,1.0,0.35,3,北京科技大学,北京科技大学教授刘臣表示
39,中国证券报随着欧美等国主权债务危机陆续爆发,1,True,False,1.0,0.047619047619047616,0.0,2.807454963772813,-0.4131913483142853,1.0,0.6871902942657471,0.16666666666666666,0.05833333333333333,2,中国证券报,中国证券报随著欧美等国主权债务危机陆续爆发
39,中国证券报随着欧美等国主权债务危机陆续爆发,2,False,True,1.0,0.0,0.0,2.558333333333333,-0.4996074140071869,1.0,0.6871902942657471,0.16666666666666666,0.05833333333333333,2,中国证券报,中国证券报随着欧美等国主权债务危机陆续爆发
39,中国证券报随着欧美等国主权债务危机陆续爆发,3,False,False,0.0,0.09523809523809523,0.2,1.0,-0.15272438526153564,0.0,0.744456152121226,0.0,0.0,0,,中国证券爆随著欧美等国主权债务危机陆续爆发
39,中国证券报随着欧美等国主权债务危机陆续爆发,4,False,False,0.0,0.09523809523809523,0.2,0.975070198685283,-0.161372110247612,0.0,0.744456152121226,0.0,0.0,0,,中国证券暴随著欧美等国主权债务危机陆续爆发
39,中国证券报随着欧美等国主权债务危机陆续爆发,5,False,False,0.0,0.047619047619047616,0.2,0.463033389083328,-0.3389889895915985,0.0,0.744456152121226,0.0,0.0,0,,中国证券爆随着欧美等国主权债务危机陆续爆发
39,中国证券报随着欧美等国主权债务危机陆续爆发,6,False,False,0.0,0.09523809523809523,0.4,0.333351719061266,-0.3839733600616455,0.0,0.744456152121226,0.0,0.0,0,,中国政权报随着欧美等国主权债务危机陆续爆发
39,中国证券报随着欧美等国主权债务危机陆续爆发,7,False,False,0.0,0.14285714285714285,0.4,0.12656408633284885,-0.4557044804096222,0.0,0.744456152121226,0.0,0.0,0,,中国政权报随着欧美等国主权债务危机陆续暴发
40,国家审计署还专门组织力量,1,True,False,1.0,0.08333333333333333,0.0,2.8804072590810037,-0.8429025411605835,1.0,0.6873987913131714,0.8181818181818182,0.2863636363636364,10,审计署,国家审计署还专门组织力了
40,国家审计署还专门组织力量,2,False,False,1.0,0.16666666666666666,0.0,2.867661298305223,-0.8494141697883606,1.0,0.6873987913131714,0.8181818181818182,0.2863636363636364,10,审计署,国家审计署还专门组支力了
40,国家审计署还专门组织力量,3,False,False,1.0,0.16666666666666666,0.0,2.859787286691205,-0.8534368276596069,1.0,0.6873987913131714,0.8181818181818182,0.2863636363636364,10,审计署,国家审计署还专门组执力了
40,国家审计署还专门组织力量,4,False,False,1.0,0.16666666666666666,0.0,2.84834955825296,-0.8592801094055176,1.0,0.6873987913131714,0.8181818181818182,0.2863636363636364,10,审计署,国家审计署还专门组制力了
40,国家审计署还专门组织力量,5,False,False,1.0,0.16666666666666666,0.0,2.8262097122645624,-0.87059086561203,1.0,0.6873987913131714,0.8181818181818182,0.2863636363636364,10,审计署,国家审计署还专门组置力了
40,国家审计署还专门组织力量,6,False,False,1.0,0.08333333333333333,0.0,2.8235853139589766,-0.8719316124916077,1.0,0.6873987913131714,0.8181818181818182,0.2863636363636364,10,审计署,国家审计署还专门组制力量
40,国家审计署还专门组织力量,7,False,False,1.0,0.16666666666666666,0.0,2.818215412811429,-0.8746749758720398,1.0,0.6873987913131714,0.8181818181818182,0.2863636363636364,10,审计署,国家审计署还专门组职力了
40,国家审计署还专门组织力量,8,False,False,1.0,0.16666666666666666,0.0,2.8087280740982,-0.8795218467712402,1.0,0.6873987913131714,0.8181818181818182,0.2863636363636364,10,审计署,国家审计署还专门组治力了
40,国家审计署还专门组织力量,9,False,False,1.0,0.08333333333333333,0.0,2.7978482665587423,-0.885080099105835,1.0,0.6873987913131714,0.8181818181818182,0.2863636363636364,10,审计署,国家审计署还专门组置力量
40,国家审计署还专门组织力量,10,False,True,1.0,0.0,0.0,2.786363636363636,-0.8909473419189453,1.0,0.6873987913131714,0.8181818181818182,0.2863636363636364,10,审计署,国家审计署还专门组织力量
40,国家审计署还专门组织力量,11,False,False,0.0,0.08333333333333333,0.3333333333333333,1.0,-0.3800695240497589,0.0,0.7733236402273178,0.0,0.0,0,,国家审技署还专门组织力量
40,国家审计署还专门组织力量,12,False,False,0.0,0.08333333333333333,0.3333333333333333,0.74323627372542,-0.5112444162368774,0.0,0.7733236402273178,0.0,0.0,0,,国家审记署还专门组织力量
41,审计署的审计结论表明,1,True,False,1.0,0.3,0.0,3.85,-1.1413381099700928,1.0,0.691851019859314,1.0,0.35,5,审计署,审计署的讨论表明
41,审计署的审计结论表明,2,False,True,1.0,0.0,0.0,3.7010896601605947,-1.1835517883300781,1.0,0.691851019859314,1.0,0.35,5,审计署,审计署的审计结论表明
41,审计署的审计结论表明,3,False,False,1.0,0.1,0.0,3.4353517715256507,-1.2588841915130615,1.0,0.691851019859314,1.0,0.35,5,审计署,审计署的审计结论表名
41,审计署的审计结论表明,4,False,False,1.0,0.1,0.0,3.4160425519388906,-1.2643580436706543,1.0,0.691851019859314,1.0,0.35,5,审计署,审计署的审计结论标明
41,审计署的审计结论表明,5,False,False,1.0,0.1,0.0,2.85,-1.4248219728469849,1.0,0.691851019859314,1.0,0.35,5,审计署,审计署的审记结论表明
43,这些中国游戏公司大多成长于中国市场,1,True,True,1.0,0.0,0.0,3.2087219344474924,-0.3880842924118042,1.0,0.6894847750663757,0.0,0.0,0,,这些中国游戏公司大多成长于中国市场
43,这些中国游戏公司大多成长于中国市场,2,False,False,0.0,0.11764705882352941,0.3333333333333333,1.0,-0.19559723138809204,0.0,0.7305255354869934,0.0,0.0,0,,这些中国有机公司大多成长于中国市场
43,这些中国游戏公司大多成长于中国市场,3,False,False,0.0,0.23529411764705882,0.6666666666666666,0.3817920824317511,-0.6041313409805298,0.0,0.0,0.0,0.0,0,,这些有些中国公司大多成长于中国市场
43,这些中国游戏公司大多成长于中国市场,4,False,False,0.0,0.11764705882352941,0.6666666666666666,0.0,-0.8564333319664001,0.0,0.0,0.0,0.0,0,,这些中国公司大多成长于中国市场
44,根据陈昊芝在2014年8月提供的数据,1,True,True,1.0,0.0,0.0,1.0,-0.08897718042135239,0.0,0.777916856110096,0.0,0.0,0,,根据陈昊芝在2014年8月提供的数据
44,根据陈昊芝在2014年8月提供的数据,2,False,False,0.0,0.1111111111111111,0.6666666666666666,0.9615065830192969,-0.0994211956858635,0.0,0.777916856110096,0.0,0.0,0,,根据陈皓之在2014年8月提供的数据
44,根据陈昊芝在2014年8月提供的数据,3,False,False,0.0,0.05555555555555555,0.3333333333333333,0.7529553926309475,-0.15600520372390747,0.0,0.777916856110096,0.0,0.0,0,,根据陈皓芝在2014年8月提供的数据
44,根据陈昊芝在2014年8月提供的数据,4,False,False,0.0,0.1111111111111111,0.6666666666666666,0.7277855553656811,-0.1628342717885971,0.0,0.777916856110096,0.0,0.0,0,,根据陈浩之在2014年8月提供的数据
44,根据陈昊芝在2014年8月提供的数据,5,False,False,0.0,0.1111111111111111,0.3333333333333333,0.49255883880797197,-0.22665587067604065,0.0,0.777916856110096,0.0,0.0,0,,根据陈浩芝2014年8月提供的数据
44,根据陈昊芝在2014年8月提供的数据,6,False,False,0.0,0.1111111111111111,0.6666666666666666,0.31992452525324866,-0.2734949290752411,0.0,0.0,0.0,0.0,0,,根据程浩芝在2014年8月提供的数据
44,根据陈昊芝在2014年8月提供的数据,7,False,False,0.0,0.05555555555555555,0.3333333333333333,0.05328564133090366,-0.345839262008667,0.0,0.0,0.0,0.0,0,,根据陈后芝在2014年8月提供的数据
44,根据陈昊芝在2014年8月提供的数据,8,False,False,0.0,0.05555555555555555,0.3333333333333333,0.0,-0.36029669642448425,0.0,0.777916856110096,0.0,0.0,0,,根据陈灏芝在2014年8月提供的数据
45,中国游戏公司纷纷忙着退市,1,True,False,1.0,0.08333333333333333,0.0,3.85,-0.30117109417915344,1.0,0.6927624344825745,1.0,0.35,5,中国游戏公司,中国游戏公司纷纷忙著退市
45,中国游戏公司纷纷忙着退市,2,False,True,1.0,0.0,0.0,3.2438677236818525,-0.681507408618927,1.0,0.6927624344825745,1.0,0.35,5,中国游戏公司,中国游戏公司纷纷忙着退市
45,中国游戏公司纷纷忙着退市,3,False,False,1.0,0.08333333333333333,0.0,3.1683869262051396,-0.728870153427124,1.0,0.6927624344825745,1.0,0.35,5,中国游戏公司,中国游戏公司纷疯忙着退市
45,中国游戏公司纷纷忙着退市,4,False,False,1.0,0.16666666666666666,0.0,3.030172853082764,-0.8155968189239502,1.0,0.6927624344825745,1.0,0.35,5,中国游戏公司,中国游戏公司分分忙着退市
45,中国游戏公司纷纷忙着退市,5,False,False,1.0,0.16666666666666666,0.0,2.85,-0.9286518096923828,1.0,0.6927624344825745,1.0,0.35,5,中国游戏公司,中国游戏公司芬芬忙着退市
46,每日经济新闻记者杨建江南嘉捷六万,1,True,False,1.0,0.0625,0.0,3.2851605801069272,-0.7301884293556213,1.0,0.690650999546051,0.5,0.175,5,杨建江南嘉捷,每日经济新闻记者杨建江南嘉捷6万
46,每日经济新闻记者杨建江南嘉捷六万,2,False,False,1.0,0.1875,0.0,3.0866266868690024,-0.8141617178916931,1.0,0.690650999546051,0.5,0.175,5,杨建江南嘉捷,每日经济新闻记者杨建江南嘉捷600
46,每日经济新闻记者杨建江南嘉捷六万,3,False,False,1.0,0.0625,0.0,3.0575675089332908,-0.8264527916908264,1.0,0.690650999546051,0.5,0.175,5,杨建江南嘉捷,每日经济新闻记者杨建江南嘉捷刘万
46,每日经济新闻记者杨建江南嘉捷六万,4,False,False,1.0,0.0625,0.0,2.914069621540177,-0.8871476650238037,1.0,0.690650999546051,0.5,0.175,5,杨建江南嘉捷,每日经济新闻记者杨建江南嘉捷柳万
46,每日经济新闻记者杨建江南嘉捷六万,5,False,True,1.0,0.0,0.0,2.675,-0.9882662296295166,1.0,0.690650999546051,0.5,0.175,5,杨建江南嘉捷,每日经济新闻记者杨建江南嘉捷六万
46,每日经济新闻记者杨建江南嘉捷六万,6,False,False,0.0,0.125,0.16666666666666666,1.0,-0.5652992129325867,0.0,0.7399832137993404,0.0,0.0,0,,每日经济新闻记者杨建江南嘉杰刘万
46,每日经济新闻记者杨建江南嘉捷六万,7,False,False,0.0,0.0625,0.16666666666666666,0.8867265606184936,-0.613210141658783,0.0,0.7399832137993404,0.0,0.0,0,,每日经济新闻记者杨建江南嘉杰六万
46,每日经济新闻记者杨建江南嘉捷六万,8,False,False,0.0,0.125,0.16666666666666666,0.8386621645444772,-0.6335397958755493,0.0,0.7399832137993404,0.0,0.0,0,,每日经济新闻记者杨建江南嘉杰柳万
46,每日经济新闻记者杨建江南嘉捷六万,9,False,False,0.0,0.125,0.16666666666666666,0.8162952923173487,-0.6430002450942993,0.0,0.7399832137993404,0.0,0.0,0,,每日经济新闻记者杨建江南嘉杰流万
47,每日经济新闻记者杨建江南嘉捷六万一千一百三十一三,1,True,True,1.0,0.20833333333333334,0.0,3.85,-0.5126244425773621,1.0,0.6915988326072693,1.0,0.35,6,杨建江南嘉捷,每日经济新闻记者杨建江南嘉捷6万1千1百3十1三
47,每日经济新闻记者杨建江南嘉捷六万一千一百三十一三,2,False,False,1.0,0.25,0.0,3.722376622580286,-0.5369396805763245,1.0,0.6915988326072693,1.0,0.35,6,杨建江南嘉捷,每日经济新闻记者杨建江南嘉捷6万1千1百3十13
47,每日经济新闻记者杨建江南嘉捷六万一千一百三十一三,3,False,False,1.0,0.25,0.0,3.470495787204063,-0.5849288702011108,1.0,0.6915988326072693,1.0,0.35,6,杨建江南嘉捷,每日经济新闻记者杨建江南嘉捷6万1千1百31三
47,每日经济新闻记者杨建江南嘉捷六万一千一百三十一三,4,False,False,1.0,0.4166666666666667,0.0,2.990954095353223,-0.6762927770614624,1.0,0.6915988326072693,1.0,0.35,6,杨建江南嘉捷,每日经济新闻记者杨建江南嘉捷61131
47,每日经济新闻记者杨建江南嘉捷六万一千一百三十一三,5,False,False,1.0,0.4166666666666667,0.0,2.907016654715916,-0.6922848224639893,1.0,0.6915988326072693,1.0,0.35,6,杨建江南嘉捷,每日经济新闻记者杨建江南嘉捷61133
47,每日经济新闻记者杨建江南嘉捷六万一千一百三十一三,6,False,False,1.0,0.4166666666666667,0.0,2.85,-0.703147828578949,1.0,0.6915988326072693,1.0,0.35,6,杨建江南嘉捷,每日经济新闻记者杨建江南嘉捷61313
48,成飞集成百二十一九十,1,True,False,1.0,0.2,0.0,2.9274387753480826,-0.9188761711120605,1.0,0.6880802512168884,0.4,0.13999999999999999,3,成飞,成飞吉辰百二十一九十
48,成飞集成百二十一九十,2,False,False,1.0,0.2,0.0,2.745302004758151,-1.0627105236053467,1.0,0.6880802512168884,0.4,0.13999999999999999,3,成飞,成飞吉城百二十一九十
48,成飞集成百二十一九十,3,False,True,1.0,0.1,0.0,2.64,-1.1458680629730225,1.0,0.6880802512168884,0.4,0.13999999999999999,3,成飞,成飞吉成百二十一九十
48,成飞集成百二十一九十,4,False,False,0.0,0.3,0.5,1.0,-0.3561628758907318,0.0,0.8027602930863698,0.0,0.0,0,,乘飞即乘百二十一九十
48,成飞集成百二十一九十,5,False,False,0.0,0.3,0.5,0.4111156007396603,-0.8212079405784607,0.0,0.0,0.0,0.0,0,,陈飞吉陈百二十一九十
48,成飞集成百二十一九十,6,False,False,0.0,0.3,0.5,0.1834737716566869,-1.000977873802185,0.0,0.8027602930863698,0.0,0.0,0,,城飞吉城百二十一九十
49,取得这一突破的领军人就包括轮椅英雄叶乔波,1,True,True,1.0,0.1,0.0,2.5,-0.4012930989265442,1.0,0.6921879053115845,0.0,0.0,0,,取得热议突破的领军人就包括轮椅英雄叶乔波
49,取得这一突破的领军人就包括轮椅英雄叶乔波,2,False,False,0.0,0.15,0.3333333333333333,1.0,-0.0680154412984848,0.0,0.7787113934755325,0.0,0.0,0,,取得热议突破的领军人就包括轮椅英雄叶桥波
49,取得这一突破的领军人就包括轮椅英雄叶乔波,3,False,False,0.0,0.15,0.3333333333333333,0.03869178438501316,-0.3883979916572571,0.0,0.7787113934755325,0.0,0.0,0,,取得热议突破的领军人就包括轮椅英雄叶巧波
50,杨扬拿到了500米和1000米2项短道速的金牌,1,True,True,1.0,0.0,0.0,1.0,-0.1526699811220169,0.0,0.7846464912096658,0.0,0.0,0,,杨扬拿到了500米和1000米2项短道速的金牌
50,杨扬拿到了500米和1000米2项短道速的金牌,2,False,False,0.0,0.08695652173913043,0.5,0.6936416374625071,-0.23754338920116425,0.0,0.7846464912096658,0.0,0.0,0,,杨阳拿到了500米和1000米2项短道数的金牌
50,杨扬拿到了500米和1000米2项短道速的金牌,3,False,False,0.0,0.08695652173913043,0.5,0.6450207255181918,-0.25101330876350403,0.0,0.7846464912096658,0.0,0.0,0,,杨阳拿到了500米和1000米2项短道术的金牌
50,杨扬拿到了500米和1000米2项短道速的金牌,4,False,False,0.0,0.08695652173913043,0.5,0.6212857647303397,-0.25758883357048035,0.0,0.0,0.0,0.0,0,,杨一杨拿到了500米和1000米2项短道速的金牌
50,杨扬拿到了500米和1000米2项短道速的金牌,5,False,False,0.0,0.13043478260869565,0.5,0.6141755390745874,-0.25955864787101746,0.0,0.7846464912096658,0.0,0.0,0,,杨阳拿到了500米和1000米2项短倒数的金牌
50,杨扬拿到了500米和1000米2项短道速的金牌,6,False,False,0.0,0.043478260869565216,0.5,0.6140774313858007,-0.25958582758903503,0.0,0.7846464912096658,0.0,0.0,0,,杨杨拿到了500米和1000米2项短道速的金牌
50,杨扬拿到了500米和1000米2项短道速的金牌,7,False,False,0.0,0.08695652173913043,0.5,0.3259722625252026,-0.33940237760543823,0.0,0.7846464912096658,0.0,0.0,0,,杨杨拿到了500米和1000米2项短道数的金牌
50,杨扬拿到了500米和1000米2项短道速的金牌,8,False,False,0.0,0.08695652173913043,0.5,0.2997964426819006,-0.34665411710739136,0.0,0.7846464912096658,0.0,0.0,0,,杨杨拿到了500米和1000米2项短道术的金牌
50,杨扬拿到了500米和1000米2项短道速的金牌,9,False,False,0.0,0.043478260869565216,0.5,0.12660657391438115,-0.39463457465171814,0.0,0.0,0.0,0.0,0,,杨一扬拿到了500米和1000米2项短道速的金牌
50,杨扬拿到了500米和1000米2项短道速的金牌,10,False,False,0.0,0.043478260869565216,0.5,0.0,-0.42970961332321167,0.0,0.7846464912096658,0.0,0.0,0,,扬扬拿到了500米和1000米2项短道速的金牌
51,以及拥有陈露的女单项目,1,True,True,1.0,0.0,0.0,2.5,-0.9455440640449524,1.0,0.6892104148864746,0.0,0.0,0,,以及拥有陈露的女单项目
51,以及拥有陈露的女单项目,2,False,False,0.0,0.18181818181818182,1.0,1.0,-0.34751972556114197,0.0,0.0,0.0,0.0,0,,以及拥有成路的女单项目
51,以及拥有陈露的女单项目,3,False,False,0.0,0.09090909090909091,0.5,0.8582649265808804,-0.4322807490825653,0.0,0.8040788173675536,0.0,0.0,0,,以及拥有陈录的女单项目
51,以及拥有陈露的女单项目,4,False,False,0.0,0.09090909090909091,0.5,0.7044311508904427,-0.5242770910263062,0.0,0.0,0.0,0.0,0,,以及拥有程露的女单项目
51,以及拥有陈露的女单项目,5,False,False,0.0,0.09090909090909091,0.5,0.613933254584649,-0.5783970355987549,0.0,0.8040788173675536,0.0,0.0,0,,以及拥有陈路的女单项目
51,以及拥有陈露的女单项目,6,False,False,0.0,0.09090909090909091,0.5,0.448380715851554,-0.6774014830589294,0.0,0.8040788173675536,0.0,0.0,0,,以及拥有陈陆的女单项目
51,以及拥有陈露的女单项目,7,False,False,0.0,0.18181818181818182,0.5,0.43401408934661667,-0.6859930753707886,0.0,0.8040788173675536,0.0,0.0,0,,以及拥有陈路的旅单项目
51,以及拥有陈露的女单项目,8,False,False,0.0,0.18181818181818182,0.5,0.2244355443115338,-0.8113261461257935,0.0,0.8040788173675536,0.0,0.0,0,,以及拥有陈陆的女丹项目
51,以及拥有陈露的女单项目,9,False,False,0.0,0.18181818181818182,0.5,0.19276752986726498,-0.8302643895149231,0.0,0.8040788173675536,0.0,0.0,0,,以及拥有陈陆的旅单项目
52,2018年冬奥会的主办地韩国平昌是1个绝好的例子,1,True,True,1.0,0.041666666666666664,0.0,3.85,-0.672776997089386,2.0,0.6884775161743164,1.0,0.35,2,韩国平昌;平昌,2018年冬奥会的主办帝韩国平昌是1个绝好的例子
52,2018年冬奥会的主办地韩国平昌是1个绝好的例子,2,False,False,1.0,0.08333333333333333,0.0,2.85,-0.685276448726654,2.0,0.6884775161743164,1.0,0.35,2,韩国平昌;平昌,2018年冬奥会的主办帝韩国平昌是1个绝好的例字
53,平昌曾经3次申办冬奥会,1,True,True,1.0,0.0,0.0,3.7333333333333334,-0.30941739678382874,1.0,0.6860398650169373,0.6666666666666666,0.2333333333333333,3,平昌,平昌曾经3次申办冬奥会
53,平昌曾经3次申办冬奥会,2,False,False,1.0,0.09090909090909091,0.0,2.938283754043808,-0.5426291823387146,1.0,0.6860398650169373,0.6666666666666666,0.2333333333333333,3,平昌,平昌曾经3次审办冬奥会
53,平昌曾经3次申办冬奥会,3,False,False,1.0,0.09090909090909091,0.0,2.9369544192811654,-0.5430191159248352,1.0,0.6860398650169373,0.6666666666666666,0.2333333333333333,3,平昌,平昌曾3次申办冬奥会
53,平昌曾经3次申办冬奥会,4,False,False,0.0,0.09090909090909091,0.5,0.0,-0.6027472615242004,0.0,0.80037984251976,0.0,0.0,0,,苹昌曾经3次申办冬奥会
55,刚与阮经天传出情变不久的许玮宁近日接拍恐怖片,1,True,False,1.0,0.2727272727272727,0.0,2.750061195734463,-0.47121095657348633,1.0,0.6858798265457153,0.1111111111111111,0.03888888888888888,2,许玮宁,刚于软禁天传出勤便不久的许玮宁近日揭拍恐怖片
55,刚与阮经天传出情变不久的许玮宁近日接拍恐怖片,2,False,True,1.0,0.22727272727272727,0.0,2.7308257268762173,-0.47768646478652954,1.0,0.6858798265457153,0.1111111111111111,0.03888888888888888,2,许玮宁,刚于软禁天传出勤便不久的许玮宁近日接拍恐怖片
55,刚与阮经天传出情变不久的许玮宁近日接拍恐怖片,3,False,False,0.0,0.36363636363636365,0.6,1.0,-0.2056567221879959,0.0,0.7716148048639297,0.0,0.0,0,,刚于软禁天传出勤便不久的徐伟宁近日揭拍恐怖片
55,刚与阮经天传出情变不久的许玮宁近日接拍恐怖片,4,False,False,0.0,0.3181818181818182,0.6,0.9852451377616673,-0.2106238603591919,0.0,0.7716148048639297,0.0,0.0,0,,刚于软禁天传出勤便不久的徐伟宁近日接拍恐怖片
55,刚与阮经天传出情变不久的许玮宁近日接拍恐怖片,5,False,False,0.0,0.3181818181818182,0.4,0.9206840338181005,-0.23235797882080078,0.0,0.7716148048639297,0.0,0.0,0,,刚于软禁天传出勤便不久的许伟宁近日揭拍恐怖片
55,刚与阮经天传出情变不久的许玮宁近日接拍恐怖片,6,False,False,0.0,0.2727272727272727,0.4,0.9071171686266619,-0.2369251847267151,0.0,0.7716148048639297,0.0,0.0,0,,刚于软禁天传出勤便不久的许伟宁近日接拍恐怖片
55,刚与阮经天传出情变不久的许玮宁近日接拍恐怖片,7,False,False,0.0,0.2727272727272727,0.4,0.7426709160537712,-0.2922850549221039,0.0,0.7716148048639297,0.0,0.0,0,,刚于软禁天传出勤变不久的许伟宁近日揭拍恐怖片
55,刚与阮经天传出情变不久的许玮宁近日接拍恐怖片,8,False,False,0.0,0.22727272727272727,0.4,0.7255210705367658,-0.2980584502220154,0.0,0.7716148048639297,0.0,0.0,0,,刚于软禁天传出勤变不久的许伟宁近日接拍恐怖片
55,刚与阮经天传出情变不久的许玮宁近日接拍恐怖片,9,False,False,0.0,0.2727272727272727,0.4,0.6053474164328688,-0.33851420879364014,0.0,0.7716148048639297,0.0,0.0,0,,刚于软禁天传出勤便不久的许维宁近日接拍恐怖片
55,刚与阮经天传出情变不久的许玮宁近日接拍恐怖片,10,False,False,0.0,0.3181818181818182,0.4,0.0,-0.5423008799552917,0.0,0.7716148048639297,0.0,0.0,0,,刚于软禁天传出勤便不久的许伟宁近日街拍恐怖片
56,玩心大起的许绍洋与玩家一起比拼游戏,1,True,True,1.0,0.11764705882352941,0.0,3.7625,-0.5258094072341919,1.0,0.689569890499115,0.75,0.26249999999999996,4,许绍洋,玩新大旗的许绍洋与玩家一起比拼游戏
56,玩心大起的许绍洋与玩家一起比拼游戏,2,False,False,1.0,0.11764705882352941,0.0,3.704905145812508,-0.5388424396514893,1.0,0.689569890499115,0.75,0.26249999999999996,4,许绍洋,玩新大奇的许绍洋与玩家一起比拼游戏
56,玩心大起的许绍洋与玩家一起比拼游戏,3,False,False,1.0,0.17647058823529413,0.0,3.634670705270797,-0.5547356605529785,1.0,0.689569890499115,0.75,0.26249999999999996,4,许绍洋,玩新大旗的许绍洋与玩家一起比拼游次
56,玩心大起的许绍洋与玩家一起比拼游戏,4,False,False,1.0,0.17647058823529413,0.0,3.5927282242653407,-0.5642267465591431,1.0,0.689569890499115,0.75,0.26249999999999996,4,许绍洋,玩新大奇的许绍洋与玩家一起比拼游次
56,玩心大起的许绍洋与玩家一起比拼游戏,5,False,False,0.0,0.17647058823529413,0.3333333333333333,0.0,-0.7520975470542908,0.0,0.7757661268115044,0.0,0.0,0,,玩新大旗的徐绍洋与玩家一起比拼游戏
57,金陵晚报8月12日报道2014年,1,True,True,1.0,0.0,0.0,2.8279919898034924,-0.912222146987915,1.0,0.6910585165023804,0.5,0.175,2,金陵晚报,金陵晚报8月12日报道2014年
57,金陵晚报8月12日报道2014年,2,False,False,1.0,0.0625,0.0,2.675,-1.00181245803833,1.0,0.6910585165023804,0.5,0.175,2,金陵晚报,金陵晚报8月12日报导2014年
57,金陵晚报8月12日报道2014年,3,False,False,0.0,0.0625,0.25,1.0,-0.4162242114543915,0.0,0.7601643681526185,0.0,0.0,0,,金铃晚报8月12日报道2014年
58,许茹芸与韩籍男友举行了婚礼,1,True,True,1.0,0.0,0.0,3.85,-1.007253885269165,2.0,0.6903193593025208,1.0,0.35,2,韩籍,许茹芸与韩籍男友举行了婚礼
58,许茹芸与韩籍男友举行了婚礼,2,False,False,0.5,0.15384615384615385,0.4,0.35,-1.5167787075042725,1.0,0.6684589385986328,1.0,0.35,2,韩籍,许芸丽与韩籍男友举行了婚礼
59,许茹芸突然闪婚让当时的娱乐圈也惊起了一阵小波澜,1,True,True,1.0,0.0,0.0,2.5,-0.7643426656723022,1.0,0.6837073564529419,0.0,0.0,0,,许茹芸突然闪婚让当时的娱乐圈也惊起了一阵小波澜
59,许茹芸突然闪婚让当时的娱乐圈也惊起了一阵小波澜,2,False,False,0.0,0.17391304347826086,1.0,1.0,-0.19444973766803741,0.0,0.7691707760095596,0.0,0.0,0,,虚如云突然闪昏让当时的娱乐圈也惊起了一阵小波澜
59,许茹芸突然闪婚让当时的娱乐圈也惊起了一阵小波澜,3,False,False,0.0,0.043478260869565216,0.3333333333333333,0.6995848096425593,-0.36565423011779785,0.0,0.7691707760095596,0.0,0.0,0,,许汝芸突然闪婚让当时的娱乐圈也惊起了一阵小波澜
59,许茹芸突然闪婚让当时的娱乐圈也惊起了一阵小波澜,4,False,False,0.0,0.043478260869565216,0.3333333333333333,0.6860099683442487,-0.37339043617248535,0.0,0.7691707760095596,0.0,0.0,0,,许儒芸突然闪婚让当时的娱乐圈也惊起了一阵小波澜
59,许茹芸突然闪婚让当时的娱乐圈也惊起了一阵小波澜,5,False,False,0.0,0.043478260869565216,0.3333333333333333,0.6679869484184636,-0.3836616277694702,0.0,0.7691707760095596,0.0,0.0,0,,许如芸突然闪婚让当时的娱乐圈也惊起了一阵小波澜
59,许茹芸突然闪婚让当时的娱乐圈也惊起了一阵小波澜,6,False,False,0.0,0.08695652173913043,0.3333333333333333,0.5233760650808381,-0.4660743474960327,0.0,0.7691707760095596,0.0,0.0,0,,许如芸突然闪昏让当时的娱乐圈也惊起了一阵小波澜
60,在许茹芸看来,1,True,True,1.0,0.0,0.0,2.5,-1.652840495109558,1.0,0.690218985080719,0.0,0.0,0,,在许茹芸看来
60,在许茹芸看来,2,False,False,0.0,0.5,0.6666666666666666,1.0,-0.29593467712402344,0.0,0.7764963582158089,0.0,0.0,0,,再许如云看来
60,在许茹芸看来,3,False,False,0.0,0.3333333333333333,0.6666666666666666,0.9929268931015551,-0.30553221702575684,0.0,0.7764963582158089,0.0,0.0,0,,在许如云看来
60,在许茹芸看来,4,False,False,0.0,0.3333333333333333,0.6666666666666666,0.8331969696423939,-0.522270679473877,0.0,0.7764963582158089,0.0,0.0,0,,在许儒云看来
60,在许茹芸看来,5,False,False,0.0,0.16666666666666666,0.3333333333333333,0.47597818801778263,-1.0069829225540161,0.0,0.7764963582158089,0.0,0.0,0,,在许汝芸看来
60,在许茹芸看来,6,False,False,0.0,0.16666666666666666,0.3333333333333333,0.41460099761468233,-1.0902659893035889,0.0,0.7764963582158089,0.0,0.0,0,,在许如芸看来
60,在许茹芸看来,7,False,False,0.0,0.3333333333333333,0.3333333333333333,0.41349078954269564,-1.091772437095642,0.0,0.7764963582158089,0.0,0.0,0,,再许如芸看来
60,在许茹芸看来,8,False,False,0.0,0.16666666666666666,0.3333333333333333,0.3652891166488075,-1.1571775674819946,0.0,0.7764963582158089,0.0,0.0,0,,在许儒芸看来
60,在许茹芸看来,9,False,False,0.0,0.3333333333333333,0.3333333333333333,0.2920008001721231,-1.2566229104995728,0.0,0.7764963582158089,0.0,0.0,0,,再许汝芸看来
61,日前因为广东省高院作出的无罪判决,1,True,False,1.0,0.0625,0.0,3.85,-0.3008980453014374,2.0,0.6819712519645691,1.0,0.35,2,广东省;广东,日前因为广东省高院做出的无罪判决
61,日前因为广东省高院作出的无罪判决,2,False,True,1.0,0.0,0.0,2.85,-0.30413684248924255,2.0,0.6819712519645691,1.0,0.35,2,广东省;广东,日前因为广东省高院作出的无罪判决
62,陈传钧从东莞市第二看守所出来,1,True,False,1.0,0.14285714285714285,0.0,3.85,-0.9034004211425781,1.0,0.6919569969177246,1.0,0.35,3,陈传钧,陈传钧从东管室第二看守所出来
62,陈传钧从东莞市第二看守所出来,2,False,True,1.0,0.0,0.0,3.54952469352061,-0.9167430400848389,1.0,0.6919569969177246,1.0,0.35,3,陈传钧,陈传钧从东莞市第二看守所出来
62,陈传钧从东莞市第二看守所出来,3,False,False,1.0,0.07142857142857142,0.0,2.85,-0.9478054642677307,1.0,0.6919569969177246,1.0,0.35,3,陈传钧,陈传钧从东管市第二看守所出来
63,他向广东省高院申诉,1,True,True,1.0,0.0,0.0,3.85,-0.35672125220298767,2.0,0.6854051351547241,1.0,0.35,2,广东省;广东,他向广东省高院申诉
63,他向广东省高院申诉,2,False,False,1.0,0.1111111111111111,0.0,2.85,-0.4309840798377991,2.0,0.6854051351547241,1.0,0.35,2,广东省;广东,她向广东省高院申诉
64,广东高院审理后驳回了关某的申诉,1,True,True,1.0,0.0,0.0,3.85,-0.31877589225769043,1.0,0.6873670220375061,1.0,0.35,2,广东,广东高院审理后驳回了关某的申诉
64,广东高院审理后驳回了关某的申诉,2,False,False,1.0,0.06666666666666667,0.0,2.85,-0.341007262468338,1.0,0.6873670220375061,1.0,0.35,2,广东,广东高院审理后驳回了官某的申诉
65,京华时报记者蒲东峰摄2007年,1,True,False,1.0,0.13333333333333333,0.0,3.85,-0.4673347473144531,1.0,0.685936450958252,1.0,0.35,5,蒲东峰,新华时报记者蒲东峰设2007年
65,京华时报记者蒲东峰摄2007年,2,False,False,1.0,0.13333333333333333,0.0,3.7084370142798915,-0.5878947377204895,1.0,0.685936450958252,1.0,0.35,5,蒲东峰,新华时报记者蒲东峰涉2007年
65,京华时报记者蒲东峰摄2007年,3,False,False,1.0,0.13333333333333333,0.0,3.5979844715141254,-0.6819599866867065,1.0,0.685936450958252,1.0,0.35,5,蒲东峰,新华时报记者蒲东峰社2007年
65,京华时报记者蒲东峰摄2007年,4,False,True,1.0,0.06666666666666667,0.0,3.5710116080107146,-0.7049310207366943,1.0,0.685936450958252,1.0,0.35,5,蒲东峰,新华时报记者蒲东峰摄2007年
65,京华时报记者蒲东峰摄2007年,5,False,False,1.0,0.13333333333333333,0.0,2.85,-1.3189697265625,1.0,0.685936450958252,1.0,0.35,5,蒲东峰,新华时报记者蒲东峰讯2007年
66,视频截图新京报快讯记者杨锋昨日,1,True,True,1.0,0.0,0.0,3.0553516413149855,-0.7026308178901672,2.0,0.6891716718673706,1.0,0.35,3,新京报,视频截图新京报快讯记者杨锋昨日
66,视频截图新京报快讯记者杨锋昨日,2,False,False,0.5,0.06666666666666667,0.2,2.05,-0.592861533164978,1.0,0.6891716718673706,1.0,0.35,3,新京报,视频截图新京报快讯记者杨峰昨日
66,视频截图新京报快讯记者杨锋昨日,3,False,False,0.5,0.06666666666666667,0.2,1.0499999999999998,-0.7309972047805786,1.0,0.6891716718673706,1.0,0.35,3,新京报,视频截图新京报快讯记者杨风昨日
67,李斯达表示自己跟周云露并没有深仇大恨,1,True,True,1.0,0.0,0.0,2.814269665521947,-0.4683234989643097,1.0,0.683942973613739,0.25,0.0875,2,李斯达,李斯达表示自己跟周云露并没有深仇大恨
67,李斯达表示自己跟周云露并没有深仇大恨,2,False,False,1.0,0.05555555555555555,0.0,2.5875,-0.5073775053024292,1.0,0.683942973613739,0.25,0.0875,2,李斯达,李斯达表示自己跟周芸露并没有深仇大恨
67,李斯达表示自己跟周云露并没有深仇大恨,3,False,False,0.0,0.05555555555555555,0.3333333333333333,1.0,-0.33515867590904236,0.0,0.7694358453154564,0.0,0.0,0,,李思达表示自己跟周云露并没有深仇大恨
67,李斯达表示自己跟周云露并没有深仇大恨,4,False,False,0.0,0.1111111111111111,0.3333333333333333,0.6044807616931475,-0.4032745361328125,0.0,0.7694358453154564,0.0,0.0,0,,李思达表示自己跟周芸露并没有深仇大恨
67,李斯达表示自己跟周云露并没有深仇大恨,5,False,False,0.0,0.1111111111111111,0.6666666666666666,0.30897493469557624,-0.4541662037372589,0.0,0.7694358453154564,0.0,0.0,0,,丽丝达表示自己跟周云露并没有深仇大恨
68,目前李斯达被关押在朝阳区看守所,1,True,True,1.0,0.0,0.0,3.0361752283426897,-0.5057162046432495,1.0,0.685027539730072,0.5,0.175,2,李斯达,目前李斯达被关押在朝阳区看守所
68,目前李斯达被关押在朝阳区看守所,2,False,False,1.0,0.06666666666666667,0.0,2.675,-0.6219576001167297,1.0,0.685027539730072,0.5,0.175,2,李斯达,目前李斯达被关押在潮阳区看守所
68,目前李斯达被关押在朝阳区看守所,3,False,False,0.0,0.06666666666666667,0.3333333333333333,1.0,-0.3001154959201813,0.0,0.770655982196331,0.0,0.0,0,,目前李思达被关押在朝阳区看守所
69,李斯达手持尖刀的自拍照,1,True,True,1.0,0.0,0.0,3.0238688460734666,-0.5759050250053406,1.0,0.6871423721313477,0.5,0.175,3,李斯达,李斯达手持尖刀的自拍照
69,李斯达手持尖刀的自拍照,2,False,False,1.0,0.09090909090909091,0.0,2.6945409799266264,-0.775806188583374,1.0,0.6871423721313477,0.5,0.175,3,李斯达,李斯达手持尖刀自拍照
69,李斯达手持尖刀的自拍照,3,False,False,1.0,0.09090909090909091,0.0,2.675,-0.7876675128936768,1.0,0.6871423721313477,0.5,0.175,3,李斯达,李斯达手持剪刀的自拍照
69,李斯达手持尖刀的自拍照,4,False,False,0.0,0.18181818181818182,0.6666666666666666,1.0,-0.1806700974702835,0.0,0.7730351686477661,0.0,0.0,0,,里斯打手持尖刀的自拍照
69,李斯达手持尖刀的自拍照,5,False,False,0.0,0.09090909090909091,0.3333333333333333,0.8025221709724292,-0.3005386292934418,0.0,0.7730351686477661,0.0,0.0,0,,李思达手持尖刀的自拍照
70,新京报快讯记者杨锋凌晨今日下午,1,True,True,0.5,0.06666666666666667,0.2,2.9320115074618713,-0.41545310616493225,1.0,0.680405855178833,0.2,0.06999999999999999,2,新京报,新京报快讯记者杨森凌晨今日下午
70,新京报快讯记者杨锋凌晨今日下午,2,False,False,0.5,0.13333333333333333,0.2,2.57,-0.5010267496109009,1.0,0.680405855178833,0.2,0.06999999999999999,2,新京报,新京报快讯记者杨森临晨今日下午
70,新京报快讯记者杨锋凌晨今日下午,3,False,False,0.0,0.13333333333333333,0.4,1.0,-0.26464298367500305,0.0,0.7654565870761871,0.0,0.0,0,,新京爆快讯记者杨森凌晨今日下午
70,新京报快讯记者杨锋凌晨今日下午,4,False,False,0.0,0.2,1.0,0.5422568337295692,-0.3728460371494293,0.0,0.0,0.0,0.0,0,,报快讯记者杨森凌晨今日下午
70,新京报快讯记者杨锋凌晨今日下午,5,False,False,0.0,0.26666666666666666,0.4,0.4311084741612888,-0.39911970496177673,0.0,0.7654565870761871,0.0,0.0,0,,新京爆快讯记者杨森临程今日下午
70,新京报快讯记者杨锋凌晨今日下午,6,False,False,0.0,0.26666666666666666,1.0,0.15639615755618294,-0.46405723690986633,0.0,0.0,0.0,0.0,0,,报快讯记者杨森临晨今日下午
71,在朝阳区百子湾阳光嘉园小区遇害,1,True,True,1.0,0.0,0.0,3.85,-0.7905136942863464,1.0,0.6910423040390015,1.0,0.35,12,百子湾阳光嘉园,在朝阳区百子湾阳光嘉园小区遇害
71,在朝阳区百子湾阳光嘉园小区遇害,2,False,False,1.0,0.06666666666666667,0.2857142857142857,3.8244006544512534,-0.8015928864479065,1.0,0.6910423040390015,1.0,0.35,12,百子湾阳光嘉园,朝阳区百子湾阳光嘉园小区遇害
71,在朝阳区百子湾阳光嘉园小区遇害,3,False,False,1.0,0.13333333333333333,0.2857142857142857,3.7645322746243823,-0.8275034427642822,1.0,0.6910423040390015,1.0,0.35,12,百子湾阳光嘉园,潮阳区百子湾阳光嘉园小区遇害
71,在朝阳区百子湾阳光嘉园小区遇害,4,False,False,1.0,0.06666666666666667,0.0,3.671025899164652,-0.8679722547531128,1.0,0.6910423040390015,1.0,0.35,12,百子湾阳光嘉园,在潮阳区百子湾阳光嘉园小区遇害
71,在朝阳区百子湾阳光嘉园小区遇害,5,False,False,1.0,0.26666666666666666,0.2857142857142857,3.476917888540837,-0.9519806504249573,1.0,0.6910423040390015,1.0,0.35,12,百子湾阳光嘉园,潮阳区百子湾阳光嘉园小区
71,在朝阳区百子湾阳光嘉园小区遇害,6,False,False,1.0,0.06666666666666667,0.0,3.317967076364353,-1.0207732915878296,1.0,0.6910423040390015,1.0,0.35,12,百子湾阳光嘉园,在朝阳区百子湾阳光嘉园小区予害
71,在朝阳区百子湾阳光嘉园小区遇害,7,False,False,1.0,0.13333333333333333,0.0,3.298685003329411,-1.0291184186935425,1.0,0.6910423040390015,1.0,0.35,12,百子湾阳光嘉园,在朝阳区百子湾阳光嘉园小区宇翰
71,在朝阳区百子湾阳光嘉园小区遇害,8,False,False,1.0,0.2,0.0,3.1476665204526344,-1.0944780111312866,1.0,0.6910423040390015,1.0,0.35,12,百子湾阳光嘉园,在潮阳区百子湾阳光嘉园小区宇翰
71,在朝阳区百子湾阳光嘉园小区遇害,9,False,False,1.0,0.26666666666666666,0.2857142857142857,2.9804594586591873,-1.1668438911437988,1.0,0.6910423040390015,1.0,0.35,12,百子湾阳光嘉园,潮阳区百子湾阳光嘉园小区裕翰
71,在朝阳区百子湾阳光嘉园小区遇害,10,False,False,1.0,0.26666666666666666,0.2857142857142857,2.945461465946017,-1.1819907426834106,1.0,0.6910423040390015,1.0,0.35,12,百子湾阳光嘉园,潮阳区百子湾阳光嘉园小区宇翰
71,在朝阳区百子湾阳光嘉园小区遇害,11,False,False,1.0,0.26666666666666666,0.2857142857142857,2.9385847698230765,-1.1849669218063354,1.0,0.6910423040390015,1.0,0.35,12,百子湾阳光嘉园,潮阳区百子湾阳光嘉园小区玉瀚
71,在朝阳区百子湾阳光嘉园小区遇害,12,False,False,1.0,0.26666666666666666,0.2857142857142857,2.85,-1.2233057022094727,1.0,0.6910423040390015,1.0,0.35,12,百子湾阳光嘉园,潮阳区百子湾阳光嘉园小区玉海
72,四川广安11岁女孩的失踪,1,True,True,1.0,0.0,0.0,3.7916666666666665,-0.4858196973800659,1.0,0.6854351758956909,0.8333333333333334,0.2916666666666667,6,广安,四川广安11岁女孩的失踪
72,四川广安11岁女孩的失踪,2,False,False,1.0,0.08333333333333333,0.0,3.548289830805626,-0.5206819176673889,1.0,0.6854351758956909,0.8333333333333334,0.2916666666666667,6,广安,四川广安11岁女孩儿的失踪
72,四川广安11岁女孩的失踪,3,False,False,1.0,0.08333333333333333,0.0,3.22838563512248,-0.5665062069892883,1.0,0.6854351758956909,0.8333333333333334,0.2916666666666667,6,广安,四川广安一1岁女孩的失踪
72,四川广安11岁女孩的失踪,4,False,False,1.0,0.08333333333333333,0.0,2.9477635395445243,-0.6067035794258118,1.0,0.6854351758956909,0.8333333333333334,0.2916666666666667,6,广安,四川广安11岁女孩失踪
72,四川广安11岁女孩的失踪,5,False,False,1.0,0.08333333333333333,0.0,2.8418199602313328,-0.6218793392181396,1.0,0.6854351758956909,0.8333333333333334,0.2916666666666667,6,广安,四川广安亿1岁女孩的失踪
72,四川广安11岁女孩的失踪,6,False,False,1.0,0.08333333333333333,0.0,2.7916666666666665,-0.6290634870529175,1.0,0.6854351758956909,0.8333333333333334,0.2916666666666667,6,广安,四川广安异1岁女孩的失踪
72,四川广安11岁女孩的失踪,7,False,False,0.0,0.08333333333333333,0.5,0.9623648486704571,-0.4912106990814209,0.0,0.7996743718783059,0.0,0.0,0,,四川广岸11岁女孩的失踪
73,凶手在郫县安靖镇被抓,1,True,True,1.0,0.2,0.0,1.0,-0.4115709364414215,0.0,0.7689521089196205,0.0,0.0,0,,凶手在辟邪安靖镇被抓
73,凶手在郫县安靖镇被抓,2,False,False,0.0,0.3,0.3333333333333333,0.6860576193794955,-0.5502882599830627,0.0,0.7689521089196205,0.0,0.0,0,,凶手在P线安静镇被抓
73,凶手在郫县安靖镇被抓,3,False,False,0.0,0.2,0.3333333333333333,0.4764608015242179,-0.6428998708724976,0.0,0.7689521089196205,0.0,0.0,0,,凶手在辟县安静镇被抓
73,凶手在郫县安靖镇被抓,4,False,False,0.0,0.2,0.3333333333333333,0.47145777546775725,-0.6451104879379272,0.0,0.7689521089196205,0.0,0.0,0,,凶手在屁县安静镇被抓
73,凶手在郫县安靖镇被抓,5,False,False,0.0,0.2,0.3333333333333333,0.4466526783921493,-0.6560707688331604,0.0,0.7689521089196205,0.0,0.0,0,,凶手在僻县安静镇被抓
73,凶手在郫县安靖镇被抓,6,False,False,0.0,0.2,0.3333333333333333,0.3566049541801835,-0.695858895778656,0.0,0.7689521089196205,0.0,0.0,0,,凶手在闭县安静镇被抓
73,凶手在郫县安靖镇被抓,7,False,False,0.0,0.3,0.3333333333333333,0.22949250675846256,-0.7520242929458618,0.0,0.7689521089196205,0.0,0.0,0,,凶手在p线安静镇被抓
73,凶手在郫县安靖镇被抓,8,False,False,0.0,0.2,0.3333333333333333,0.0,-0.8534269332885742,0.0,0.7689521089196205,0.0,0.0,0,,凶手在P县安静镇被抓
74,应邀参加第2届天府古镇艺术节,1,True,True,1.0,0.0,0.0,3.85,-0.22351296246051788,1.0,0.6889456510543823,1.0,0.35,2,天府古镇,应邀参加第2届天府古镇艺术节
74,应邀参加第2届天府古镇艺术节,2,False,False,1.0,0.07142857142857142,0.0,2.85,-0.40819981694221497,1.0,0.6889456510543823,1.0,0.35,2,天府古镇,应邀参加第2届天府古镇艺术届
75,李嘉诚军师抛售马云一五亿买香港最贵单价豪宅,1,True,False,0.5,0.14285714285714285,0.2,3.85,-0.2317722588777542,1.0,0.6897655129432678,1.0,0.35,3,李嘉诚,李家诚军师抛售马云15亿买香港最贵单价豪宅
75,李嘉诚军师抛售马云一五亿买香港最贵单价豪宅,2,False,True,1.0,0.0,0.0,3.575010758883637,-0.2375328093767166,1.0,0.6897655129432678,1.0,0.35,3,李嘉诚,李嘉诚军师抛售马云一五亿买香港最贵单价豪宅
75,李嘉诚军师抛售马云一五亿买香港最贵单价豪宅,3,False,False,1.0,0.14285714285714285,0.0,2.85,-0.25272053480148315,1.0,0.6897655129432678,1.0,0.35,3,李嘉诚,李嘉诚军师抛售马云E5E买香港最贵单价豪宅
77,今久必须担当起引领时代潮流的重任,1,True,True,1.0,0.0,0.0,3.3329176730213383,-0.1433282494544983,1.0,0.6588031649589539,0.0,0.0,0,,今久必须担当起引领时代潮流的重任
77,今久必须担当起引领时代潮流的重任,2,False,False,0.0,0.125,1.0,1.0,-0.081836998462677,0.0,0.7686036924521127,0.0,0.0,0,,金酒必须担当起引领时代潮流的重任
77,今久必须担当起引领时代潮流的重任,3,False,False,0.0,0.0625,0.5,0.0,-0.4498666524887085,0.0,0.0,0.0,0.0,0,,今日必须担当起引领时代潮流的重任
78,蓝色光标以几亿人民币收购今久,1,True,True,1.0,0.0,0.0,3.1896747627265576,-0.49124181270599365,1.0,0.6685414910316467,0.5,0.175,3,今久,蓝色光标以几亿人民币收购今久
78,蓝色光标以几亿人民币收购今久,2,False,False,1.0,0.07142857142857142,0.0,3.0993849855602935,-0.521406352519989,1.0,0.6685414910316467,0.5,0.175,3,今久,蓝色光标已几亿人民币收购今久
78,蓝色光标以几亿人民币收购今久,3,False,False,1.0,0.07142857142857142,0.0,2.675,-0.6631873846054077,1.0,0.6685414910316467,0.5,0.175,3,今久,蓝色光镖以几亿人民币收购今久
78,蓝色光标以几亿人民币收购今久,4,False,False,0.0,0.07142857142857142,0.5,1.0,-0.3291015028953552,0.0,0.7799650728702544,0.0,0.0,0,,蓝色光标以几亿人民币收购金久
78,蓝色光标以几亿人民币收购今久,5,False,False,0.0,0.07142857142857142,0.5,0.7374232185334925,-0.41682469844818115,0.0,0.0,0.0,0.0,0,,蓝色光标以几亿人民币收购京久
79,这成为今久转型的起点,1,True,True,1.0,0.0,0.0,3.0450124562650953,-0.499223917722702,1.0,0.6703557968139648,0.25,0.0875,2,今久,这成为今久转型的起点
79,这成为今久转型的起点,2,False,False,1.0,0.1,1.0,2.5875,-0.7773420214653015,1.0,0.6703557968139648,0.25,0.0875,2,今久,这成为了今久转型的起点
79,这成为今久转型的起点,3,False,False,0.0,0.2,1.0,1.0,-0.16945014894008636,0.0,0.7820817629496255,0.0,0.0,0,,这成为金九转型的起点
79,这成为今久转型的起点,4,False,False,0.0,0.2,1.0,0.9396196826699041,-0.20615485310554504,0.0,0.7820817629496255,0.0,0.0,0,,这成为金酒转型的起点
79,这成为今久转型的起点,5,False,False,0.0,0.1,0.5,0.4686156489091427,-0.49247437715530396,0.0,0.7820817629496255,0.0,0.0,0,,这成为今九转型的起点
80,今久率先提出整合营销的概念,1,True,False,1.0,0.07692307692307693,0.0,3.85,-0.3255848288536072,1.0,0.6632440090179443,1.0,0.35,4,今久,今久率先提出整合行销的概念
80,今久率先提出整合营销的概念,2,False,False,1.0,0.23076923076923078,0.0,3.530324335103208,-0.5155441164970398,1.0,0.6632440090179443,1.0,0.35,4,今久,今久涉嫌提出整合行销的概念
80,今久率先提出整合营销的概念,3,False,False,1.0,0.15384615384615385,0.0,2.9414183562129153,-0.8654868006706238,1.0,0.6632440090179443,1.0,0.35,4,今久,今久涉嫌提出整合营销的概念
80,今久率先提出整合营销的概念,4,False,True,1.0,0.0,0.0,2.85,-0.919809877872467,1.0,0.6632440090179443,1.0,0.35,4,今久,今久率先提出整合营销的概念
81,今久正是在蓝色光标的技术支持下,1,True,True,1.0,0.0,0.0,3.4017014869086024,-0.2987602651119232,1.0,0.6398924589157104,0.5,0.175,4,今久,今久正是在蓝色光标的技术支持下
81,今久正是在蓝色光标的技术支持下,2,False,False,1.0,0.06666666666666667,0.0,3.0315498143359054,-0.4563665986061096,1.0,0.6398924589157104,0.5,0.175,4,今久,今久正是在蓝色光镖的技术支持下
81,今久正是在蓝色光标的技术支持下,3,False,False,1.0,0.06666666666666667,0.0,3.0262026800135393,-0.4586433470249176,1.0,0.6398924589157104,0.5,0.175,4,今久,今久正式在蓝色光标的技术支持下
81,今久正是在蓝色光标的技术支持下,4,False,False,1.0,0.13333333333333333,0.0,2.675,-0.6081814169883728,1.0,0.6398924589157104,0.5,0.175,4,今久,今久正式在蓝色光镖的技术支持下
81,今久正是在蓝色光标的技术支持下,5,False,False,0.0,0.13333333333333333,1.0,1.0,-0.1823928952217102,0.0,0.7465412020683287,0.0,0.0,0,,金九正是在蓝色光标的技术支持下
81,今久正是在蓝色光标的技术支持下,6,False,False,0.0,0.06666666666666667,0.5,0.6792179962164449,-0.3189781904220581,0.0,0.7465412020683287,0.0,0.0,0,,金久正是在蓝色光标的技术支持下
81,今久正是在蓝色光标的技术支持下,7,False,False,0.0,0.13333333333333333,0.5,0.3849654639306585,-0.44426754117012024,0.0,0.7465412020683287,0.0,0.0,0,,金久正式在蓝色光标的技术支持下
82,今久在大举创新的同时,1,True,False,0.0,0.2,1.0,1.0,-0.21761269867420197,0.0,0.0,0.0,0.0,0,,金酒在大举创新的同时
82,今久在大举创新的同时,2,False,False,0.0,0.2,1.0,0.8604011428849745,-0.2385404109954834,0.0,0.0,0.0,0.0,0,,金九在大举创新的同时
82,今久在大举创新的同时,3,False,False,0.0,0.2,0.5,0.7757791482634321,-0.25122636556625366,0.0,0.0,0.0,0.0,0,,今酒赛大举创新的同时
82,今久在大举创新的同时,4,False,False,0.0,0.3,1.0,0.6797611054315862,-0.26562073826789856,0.0,0.0,0.0,0.0,0,,金九赛大举创新的同时
82,今久在大举创新的同时,5,False,False,0.0,0.2,0.5,0.659333502642263,-0.2686831057071686,0.0,0.0,0.0,0.0,0,,今九赛大举创新的同时
82,今久在大举创新的同时,6,False,False,0.0,0.1,0.5,0.2783114764119694,-0.32580333948135376,0.0,0.0,0.0,0.0,0,,金久在大举创新的同时
82,今久在大举创新的同时,7,False,False,0.0,0.1,0.5,0.21911961675880087,-0.33467698097229004,0.0,0.0,0.0,0.0,0,,今酒在大举创新的同时
82,今久在大举创新的同时,8,False,True,1.0,0.0,0.0,0.10096809255598999,-0.35238945484161377,0.0,0.0,0.0,0.0,0,,今久在大举创新的同时
82,今久在大举创新的同时,9,False,False,0.0,0.3,1.0,0.09887058353432557,-0.35270389914512634,0.0,0.0,0.0,0.0,0,,金韭菜大举创新的同时
82,今久在大举创新的同时,10,False,False,0.0,0.3,1.0,0.0,-0.3675259053707123,0.0,0.0,0.0,0.0,0,,金酒赛大举创新的同时
83,今久上海分公司又悄无声息地开张了,1,True,True,1.0,0.0,0.0,3.85,-0.7935215830802917,2.0,0.6923338770866394,1.0,0.35,2,今久上海分公司;今久,今久上海分公司又悄无声息地开张了
83,今久上海分公司又悄无声息地开张了,2,False,False,1.0,0.0625,0.0,2.85,-0.806254506111145,2.0,0.6923338770866394,1.0,0.35,2,今久上海分公司;今久,今久上海分公司又悄无声息的开张了
84,今久又出高价,1,True,False,1.0,0.16666666666666666,0.0,3.3390269780691577,-0.6321404576301575,1.0,0.6387584209442139,0.5,0.175,4,今久,今久又出高架
84,今久又出高价,2,False,True,1.0,0.0,0.0,3.1378010364892974,-0.8713876605033875,1.0,0.6387584209442139,0.5,0.175,4,今久,今久又出高价
84,今久又出高价,3,False,False,1.0,0.3333333333333333,0.0,2.845769997657696,-1.218597412109375,1.0,0.6387584209442139,0.5,0.175,4,今久,今久又出高架了
84,今久又出高价,4,False,False,1.0,0.3333333333333333,0.0,2.675,-1.4216340780258179,1.0,0.6387584209442139,0.5,0.175,4,今久,今久诱出高架
84,今久又出高价,5,False,False,0.0,0.3333333333333333,1.0,1.0,-0.23268596827983856,0.0,0.0,0.0,0.0,0,,清酒又出高价
84,今久又出高价,6,False,False,0.0,0.5,1.0,0.8083820922737466,-0.460509717464447,0.0,0.0,0.0,0.0,0,,清酒又出高架
84,今久又出高价,7,False,False,0.0,0.3333333333333333,0.5,0.6338260569065968,-0.6680477857589722,0.0,0.7452181577682494,0.0,0.0,0,,今九又出高架
85,收购了房地产互联网营销公司沈阳新维一半股份,1,True,True,1.0,0.0,0.0,3.161164092048465,-0.8024903535842896,1.0,0.6891046762466431,0.0,0.0,0,,收购了房地产互联网营销公司沈阳新维一半股份
85,收购了房地产互联网营销公司沈阳新维一半股份,2,False,False,0.0,0.047619047619047616,0.125,1.0,-0.7911539673805237,0.0,0.7321737185120583,0.0,0.0,0,,收购了房地产互联网营销公司沈阳新维一半股
85,收购了房地产互联网营销公司沈阳新维一半股份,3,False,False,0.0,0.047619047619047616,0.125,0.0,-0.8246108293533325,0.0,0.7273882693714566,0.0,0.0,0,,收购了房地产互联网营销公司沈阳新维一半股分
86,今久又1次利用资本市场,1,True,True,1.0,0.09090909090909091,0.0,1.0,-0.3221057057380676,0.0,0.7546379466851552,0.0,0.0,0,,今久又1次利用私本市场
86,今久又1次利用资本市场,2,False,False,0.0,0.2727272727272727,1.0,0.9006034237724254,-0.41133588552474976,0.0,0.7546379466851552,0.0,0.0,0,,金酒又1次利用私本市场
86,今久又1次利用资本市场,3,False,False,0.0,0.2727272727272727,1.0,0.7993724015639367,-0.5022128820419312,0.0,0.7546379466851552,0.0,0.0,0,,金九又1次利用斯本市场
86,今久又1次利用资本市场,4,False,False,0.0,0.2727272727272727,1.0,0.6772869640134802,-0.6118112802505493,0.0,0.7546379466851552,0.0,0.0,0,,金九又1次利用司本市场
86,今久又1次利用资本市场,5,False,False,0.0,0.45454545454545453,1.0,0.6254747041458718,-0.658324122428894,0.0,0.7546379466851552,0.0,0.0,0,,金九又1次利用斯本视察
86,今久又1次利用资本市场,6,False,False,0.0,0.45454545454545453,1.0,0.5637832332739513,-0.7137057185173035,0.0,0.7546379466851552,0.0,0.0,0,,金九又1次利用司本视察
86,今久又1次利用资本市场,7,False,False,0.0,0.45454545454545453,1.0,0.5397792729049958,-0.7352545261383057,0.0,0.7546379466851552,0.0,0.0,0,,金九又1次利用撕本视察
86,今久又1次利用资本市场,8,False,False,0.0,0.36363636363636365,1.0,0.3787270130719132,-0.8798341751098633,0.0,0.7546379466851552,0.0,0.0,0,,金九又1次利用丝绊市场
86,今久又1次利用资本市场,9,False,False,0.0,0.2727272727272727,1.0,0.2783042917563866,-0.9699855446815491,0.0,0.7546379466851552,0.0,0.0,0,,金九又1次利用丝本市场
86,今久又1次利用资本市场,10,False,False,0.0,0.36363636363636365,1.0,0.24395721383316613,-1.0008195638656616,0.0,0.7546379466851552,0.0,0.0,0,,金酒又1次利用丝绊市场
86,今久又1次利用资本市场,11,False,False,0.0,0.5454545454545454,1.0,0.19329678605781217,-1.0462983846664429,0.0,0.7546379466851552,0.0,0.0,0,,金九又1次利用丝绑视察
86,今久又1次利用资本市场,12,False,False,0.0,0.5454545454545454,1.0,0.17615793883405087,-1.061684250831604,0.0,0.7546379466851552,0.0,0.0,0,,金九又1次利用丝绊视察
86,今久又1次利用资本市场,13,False,False,0.0,0.5454545454545454,1.0,0.14603116891636223,-1.0887296199798584,0.0,0.7546379466851552,0.0,0.0,0,,金九又1次利用斯坂视察
86,今久又1次利用资本市场,14,False,False,0.0,0.45454545454545453,1.0,0.0,-1.2198245525360107,0.0,0.7546379466851552,0.0,0.0,0,,金九又1次利用丝本视察
87,今久成功实现了转型,1,True,True,1.0,0.0,0.0,3.85,-0.39527255296707153,1.0,0.6660929322242737,1.0,0.35,2,今久,今久成功实现了转型
87,今久成功实现了转型,2,False,False,1.0,0.1111111111111111,0.0,2.85,-0.6358705759048462,1.0,0.6660929322242737,1.0,0.35,2,今久,今久成功实现了转形
88,后今久时代正式到来,1,True,False,0.0,0.2222222222222222,1.0,1.0,-0.09646772593259811,0.0,0.706963429848353,0.0,0.0,0,,后金九时代正式到来
88,后今久时代正式到来,2,False,False,0.0,0.2222222222222222,1.0,0.5988148929764826,-0.28323620557785034,0.0,0.706963429848353,0.0,0.0,0,,后金酒时代正式到来
88,后今久时代正式到来,3,False,True,0.0,0.1111111111111111,0.5,0.45798346030375114,-0.3487991392612457,0.0,0.706963429848353,0.0,0.0,0,,后金久时代正式到来
88,后今久时代正式到来,4,False,False,0.0,0.2222222222222222,1.0,0.3214552108294899,-0.41235876083374023,0.0,0.706963429848353,0.0,0.0,0,,后津酒时代正式到来
88,后今久时代正式到来,5,False,False,0.0,0.3333333333333333,1.0,0.3092388309406106,-0.4180459976196289,0.0,0.706963429848353,0.0,0.0,0,,厚金酒时代正式到来
88,后今久时代正式到来,6,False,False,0.0,0.2222222222222222,1.0,0.2737598472645235,-0.43456295132637024,0.0,0.0,0.0,0.0,0,,后京酒时代正式到来
88,后今久时代正式到来,7,False,False,0.0,0.2222222222222222,1.0,0.26397769143279726,-0.4391169548034668,0.0,0.706963429848353,0.0,0.0,0,,后津九时代正式到来
88,后今久时代正式到来,8,False,False,0.0,0.1111111111111111,0.5,0.14871639812555465,-0.49277591705322266,0.0,0.706963429848353,0.0,0.0,0,,后津久时代正式到来
88,后今久时代正式到来,9,False,False,0.0,0.2222222222222222,1.0,0.12182579223470362,-0.5052946209907532,0.0,0.0,0.0,0.0,0,,后京九时代正式到来
88,后今久时代正式到来,10,False,False,0.0,0.2222222222222222,1.0,0.0,-0.5620096325874329,0.0,0.706963429848353,0.0,0.0,0,,后晋九时代正式到来
89,转型后的今久整合营销集团,1,True,True,1.0,0.0,0.0,2.85,-1.0059746503829956,2.0,0.6914621591567993,1.0,0.35,2,今久,转型后的今久整合营销集团
89,转型后的今久整合营销集团,2,False,False,0.0,0.08333333333333333,0.1,1.35,-0.9771303534507751,1.0,0.6588548421859741,1.0,0.35,2,今久,转型后的今久整和营销集团
90,人民银行多次提高存款准备金率和存贷款基准利率,1,True,False,0.0,0.13636363636363635,0.75,1.0,-0.3960448205471039,0.0,0.0,0.0,0.0,0,,雷铭饮行多次提高存款准备金率和存贷款基准利率
90,人民银行多次提高存款准备金率和存贷款基准利率,2,False,True,0.0,0.09090909090909091,0.5,0.3388924689655325,-0.5384296178817749,0.0,0.0,0.0,0.0,0,,雷铭银行多次提高存款准备金率和存贷款基准利率
90,人民银行多次提高存款准备金率和存贷款基准利率,3,False,False,0.0,0.13636363636363635,0.5,0.0,-0.6114179491996765,0.0,0.0,0.0,0.0,0,,雷铭银行多次提高存款准备几率和存贷款基准利率
91,中国证券报面对市场对城投债券风险的担忧,1,True,True,1.0,0.0,0.0,3.5495156786736546,-0.2359251230955124,1.0,0.680705726146698,0.7142857142857143,0.25,6,中国证券报,中国证券报面对市场对城投债券风险的担忧
91,中国证券报面对市场对城投债券风险的担忧,2,False,False,1.0,0.05263157894736842,0.0,2.863831353754319,-0.6209660768508911,1.0,0.680705726146698,0.7142857142857143,0.25,6,中国证券报,中国证券报面对市场对城头债券风险的担忧
91,中国证券报面对市场对城投债券风险的担忧,3,False,False,1.0,0.10526315789473684,0.0,2.813314437449332,-0.6493334770202637,1.0,0.680705726146698,0.7142857142857143,0.25,6,中国证券报,中国证券报面对市场对城头债全风险的担忧
91,中国证券报面对市场对城投债券风险的担忧,4,False,False,1.0,0.10526315789473684,0.0,2.797635306046569,-0.6581379771232605,1.0,0.680705726146698,0.7142857142857143,0.25,6,中国证券报,中国证券报面对市场对城头债权风险的担忧
91,中国证券报面对市场对城投债券风险的担忧,5,False,False,1.0,0.10526315789473684,0.0,2.7858877660675505,-0.6647347211837769,1.0,0.680705726146698,0.7142857142857143,0.25,6,中国证券报,中国证券报面对市场对城头债区风险的担忧
91,中国证券报面对市场对城投债券风险的担忧,6,False,False,1.0,0.10526315789473684,0.0,2.75,-0.6848872303962708,1.0,0.680705726146698,0.7142857142857143,0.25,6,中国证券报,中国证券报面对市场对城头债元风险的担忧
91,中国证券报面对市场对城投债券风险的担忧,7,False,False,0.0,0.05263157894736842,0.2,1.0,-0.12334463745355606,0.0,0.7374312033255894,0.0,0.0,0,,中国证券爆面对市场对城投债券风险的担忧
91,中国证券报面对市场对城投债券风险的担忧,8,False,False,0.0,0.05263157894736842,0.2,0.8740293402705471,-0.19408252835273743,0.0,0.680705726146698,0.0,0.0,0,,中国证券曝面对市场对城投债券风险的担忧
92,梅姐待的已算够长了,1,True,False,1.0,0.2222222222222222,0.0,2.7705414199401663,-0.8454006910324097,1.0,0.6840197443962097,0.2,0.06999999999999999,2,梅姐,梅姐呆得已算够长了
92,梅姐待的已算够长了,2,False,True,1.0,0.1111111111111111,0.0,2.57,-0.9863213896751404,1.0,0.6840197443962097,0.2,0.06999999999999999,2,梅姐,梅姐待得已算够长了
92,梅姐待的已算够长了,3,False,False,0.0,0.4444444444444444,1.0,1.0,-0.2836201786994934,0.0,0.7980230351289113,0.0,0.0,0,,没解呆的瘾算够长了
92,梅姐待的已算够长了,4,False,False,0.0,0.3333333333333333,0.5,0.9557902585125414,-0.3146864175796509,0.0,0.7980230351289113,0.0,0.0,0,,美姐呆的也算够长了
92,梅姐待的已算够长了,5,False,False,0.0,0.3333333333333333,0.5,0.7526920437648492,-0.4574037790298462,0.0,0.7980230351289113,0.0,0.0,0,,没姐呆的也算够长了
92,梅姐待的已算够长了,6,False,False,0.0,0.3333333333333333,0.5,0.6106318658248914,-0.5572296380996704,0.0,0.7980230351289113,0.0,0.0,0,,没姐呆得已算够长了
93,而梅姐则可以陪陪小孩或者去搞搞政治,1,True,True,1.0,0.058823529411764705,0.0,2.5,-0.8736140727996826,1.0,0.6792264580726624,0.0,0.0,0,,而梅姐可以陪陪小孩或者去搞搞政治
93,而梅姐则可以陪陪小孩或者去搞搞政治,2,False,False,0.0,0.11764705882352941,0.5,1.0,-0.22412320971488953,0.0,0.7924308677514393,0.0,0.0,0,,而美姐可以陪陪小孩或者去搞搞政治
93,而梅姐则可以陪陪小孩或者去搞搞政治,3,False,False,0.0,0.058823529411764705,0.5,0.7222748352394776,-0.4045031666755676,0.0,0.7924308677514393,0.0,0.0,0,,而美姐则可以陪陪小孩或者去搞搞政治
93,而梅姐则可以陪陪小孩或者去搞搞政治,4,False,False,0.0,0.17647058823529413,0.5,0.5982517468559255,-0.48505502939224243,0.0,0.7924308677514393,0.0,0.0,0,,而美姐可以陪陪小孩儿或者去搞搞政治
93,而梅姐则可以陪陪小孩或者去搞搞政治,5,False,False,0.0,0.17647058823529413,1.0,0.4770517283364697,-0.5637733340263367,0.0,0.7924308677514393,0.0,0.0,0,,美姐可以陪陪小孩或者去搞搞政治
94,成飞集成相关人士告诉每日经济新闻记者,1,True,True,1.0,0.1111111111111111,0.0,2.5,-1.0844413042068481,1.0,0.6871030330657959,0.0,0.0,0,,成飞及陈相关人士告诉每日经济新闻记者
94,成飞集成相关人士告诉每日经济新闻记者,2,False,False,0.0,0.05555555555555555,0.5,1.0,-0.3573387861251831,0.0,0.8016202052434285,0.0,0.0,0,,程飞集成相关人士告诉每日经济新闻记者
94,成飞集成相关人士告诉每日经济新闻记者,3,False,False,0.0,0.16666666666666666,0.5,0.9621655683579539,-0.38484829664230347,0.0,0.8016202052434285,0.0,0.0,0,,程飞及程相关人士告诉每日经济新闻记者
94,成飞集成相关人士告诉每日经济新闻记者,4,False,False,0.0,0.1111111111111111,0.5,0.8846036022033722,-0.4412437975406647,0.0,0.8016202052434285,0.0,0.0,0,,程飞集成相关人士告诉每日经纪新闻记者
94,成飞集成相关人士告诉每日经济新闻记者,5,False,False,0.0,0.16666666666666666,0.5,0.8535385903283909,-0.46383124589920044,0.0,0.8016202052434285,0.0,0.0,0,,程飞及陈相关人士告诉每日经济新闻记者
94,成飞集成相关人士告诉每日经济新闻记者,6,False,False,0.0,0.2222222222222222,0.5,0.7306366321287187,-0.5531935691833496,0.0,0.8016202052434285,0.0,0.0,0,,程飞及陈相关人士告诉每日经纪新闻记者
94,成飞集成相关人士告诉每日经济新闻记者,7,False,False,0.0,0.16666666666666666,0.5,0.7220469037990431,-0.5594391822814941,0.0,0.0,0.0,0.0,0,,陈飞及陈相关人士告诉每日经济新闻记者
94,成飞集成相关人士告诉每日经济新闻记者,8,False,False,0.0,0.05555555555555555,0.5,0.7026840277811934,-0.5735179781913757,0.0,0.0,0.0,0.0,0,,陈飞集成相关人士告诉每日经济新闻记者
94,成飞集成相关人士告诉每日经济新闻记者,9,False,False,0.0,0.2222222222222222,0.5,0.5663789815945167,-0.672625720500946,0.0,0.0,0.0,0.0,0,,陈飞及陈相关人士告诉每日经纪新闻记者
95,成飞集成的锂电池业务在前两年情况并不好,1,True,True,1.0,0.0,0.0,2.632185431985074,-0.27586179971694946,1.0,0.6789806485176086,0.0,0.0,0,,成飞集成的锂电池业务在前两年情况并不好
95,成飞集成的锂电池业务在前两年情况并不好,2,False,False,0.0,0.05263157894736842,0.5,1.0,-0.1407759189605713,0.0,0.79214408993721,0.0,0.0,0,,乘飞集成的锂电池业务在前两年情况并不好
95,成飞集成的锂电池业务在前两年情况并不好,3,False,False,0.0,0.05263157894736842,0.5,0.9883153955798746,-0.14259476959705353,0.0,0.79214408993721,0.0,0.0,0,,成非集成的锂电池业务在前两年情况并不好
95,成飞集成的锂电池业务在前两年情况并不好,4,False,False,0.0,0.05263157894736842,0.5,0.8000480552463023,-0.17190086841583252,0.0,0.79214408993721,0.0,0.0,0,,程飞集成的锂电池业务在前两年情况并不好
95,成飞集成的锂电池业务在前两年情况并不好,5,False,False,0.0,0.05263157894736842,0.5,0.729040397996996,-0.1829540729522705,0.0,0.79214408993721,0.0,0.0,0,,承飞集成的锂电池业务在前两年情况并不好
95,成飞集成的锂电池业务在前两年情况并不好,6,False,False,0.0,0.05263157894736842,0.5,0.20860437800524778,-0.26396626234054565,0.0,0.79214408993721,0.0,0.0,0,,城飞集成的锂电池业务在前两年情况并不好
95,成飞集成的锂电池业务在前两年情况并不好,7,False,False,0.0,0.05263157894736842,0.5,0.0,-0.296438068151474,0.0,0.79214408993721,0.0,0.0,0,,成菲集成的锂电池业务在前两年情况并不好
96,成飞集成相关人士告诉记者,1,True,True,1.0,0.0,0.0,3.6,-0.3953789472579956,1.0,0.6870771646499634,0.2857142857142857,0.09999999999999999,3,成飞,成飞集成相关人士告诉记者
96,成飞集成相关人士告诉记者,2,False,False,1.0,0.08333333333333333,0.0,3.4678476921324077,-0.5424982309341431,1.0,0.6870771646499634,0.2857142857142857,0.09999999999999999,3,成飞,成飞及成相关人士告诉记者
96,成飞集成相关人士告诉记者,3,False,False,1.0,0.08333333333333333,0.0,2.6,-1.5086344480514526,1.0,0.6870771646499634,0.2857142857142857,0.09999999999999999,3,成飞,成飞吉成相关人士告诉记者
96,成飞集成相关人士告诉记者,4,False,False,0.0,0.08333333333333333,0.5,0.8151630147524314,-0.6011497378349304,0.0,0.8015900254249572,0.0,0.0,0,,程飞集成相关人士告诉记者
96,成飞集成相关人士告诉记者,5,False,False,0.0,0.25,0.5,0.7831520118937784,-0.636786162853241,0.0,0.8015900254249572,0.0,0.0,0,,程飞及程相关人士告诉记者
96,成飞集成相关人士告诉记者,6,False,False,0.0,0.25,0.5,0.541617141381251,-0.9056761860847473,0.0,0.8015900254249572,0.0,0.0,0,,程飞及陈相关人士告诉记者
96,成飞集成相关人士告诉记者,7,False,False,0.0,0.25,0.5,0.4870698849428569,-0.966401219367981,0.0,0.0,0.0,0.0,0,,陈飞及陈相关人士告诉记者
96,成飞集成相关人士告诉记者,8,False,False,0.0,0.08333333333333333,0.5,0.47048983666186084,-0.984859049320221,0.0,0.0,0.0,0.0,0,,陈飞集成相关人士告诉记者
97,成飞集成的其他主营业务中,1,True,True,1.0,0.0,0.0,2.5,-0.8066333532333374,1.0,0.6845719218254089,0.0,0.0,0,,成飞集成的其他主营业务中
97,成飞集成的其他主营业务中,2,False,False,0.0,0.08333333333333333,0.5,1.0,-0.21188272535800934,0.0,0.7986672421296437,0.0,0.0,0,,程飞集成的其他主营业务中
97,成飞集成的其他主营业务中,3,False,False,0.0,0.08333333333333333,0.5,0.9989010608788772,-0.21253632009029388,0.0,0.7986672421296437,0.0,0.0,0,,成非集成的其他主营业务中
97,成飞集成的其他主营业务中,4,False,False,0.0,0.08333333333333333,0.5,0.9861237075934007,-0.2201356589794159,0.0,0.7986672421296437,0.0,0.0,0,,乘飞集成的其他主营业务中
97,成飞集成的其他主营业务中,5,False,False,0.0,0.16666666666666666,0.5,0.9204923734321508,-0.25916993618011475,0.0,0.7986672421296437,0.0,0.0,0,,乘飞集成的其它主营业务中
97,成飞集成的其他主营业务中,6,False,False,0.0,0.16666666666666666,0.5,0.892883751598068,-0.275590181350708,0.0,0.7986672421296437,0.0,0.0,0,,程飞集成的其它主营业务中
97,成飞集成的其他主营业务中,7,False,False,0.0,0.08333333333333333,0.5,0.8799765409995466,-0.28326675295829773,0.0,0.7986672421296437,0.0,0.0,0,,承飞集成的其他主营业务中
97,成飞集成的其他主营业务中,8,False,False,0.0,0.16666666666666666,0.5,0.8177435950191615,-0.3202798366546631,0.0,0.7986672421296437,0.0,0.0,0,,承飞集成的其它主营业务中
97,成飞集成的其他主营业务中,9,False,False,0.0,0.08333333333333333,0.5,0.7096325589239145,-0.3845789432525635,0.0,0.7986672421296437,0.0,0.0,0,,城飞集成的其他主营业务中
97,成飞集成的其他主营业务中,10,False,False,0.0,0.16666666666666666,0.5,0.6446999939042477,-0.4231976270675659,0.0,0.7986672421296437,0.0,0.0,0,,城飞集成的其它主营业务中
98,允许布鲁诺马塞洛特代表德国,1,True,False,1.0,0.07692307692307693,0.0,3.85,-0.08850613981485367,1.0,0.6855466961860657,1.0,0.35,5,德国,允许布鲁诺马赛洛特代表德国
98,允许布鲁诺马塞洛特代表德国,2,False,True,1.0,0.0,0.0,3.5995245134942437,-0.1704961210489273,1.0,0.6855466961860657,1.0,0.35,5,德国,允许布鲁诺马塞洛特代表德国
98,允许布鲁诺马塞洛特代表德国,3,False,False,1.0,0.15384615384615385,0.0,3.5605746000151366,-0.18324588239192963,1.0,0.6855466961860657,1.0,0.35,5,德国,允许布鲁诺马赛诺特代表德国
98,允许布鲁诺马塞洛特代表德国,4,False,False,1.0,0.15384615384615385,0.0,3.1006090262828905,-0.3338097929954529,1.0,0.6855466961860657,1.0,0.35,5,德国,与许布鲁诺马赛洛特代表德国
98,允许布鲁诺马塞洛特代表德国,5,False,False,1.0,0.15384615384615385,0.0,2.85,-0.41584348678588867,1.0,0.6855466961860657,1.0,0.35,5,德国,云许布鲁诺马赛洛特代表德国
99,在金牌搭档罗宾索尔科维退役之后,1,True,True,0.0,0.13333333333333333,0.3333333333333333,1.0,-0.2205188125371933,0.0,0.697378170490265,0.0,0.0,0,,在金牌搭档若宾索尔科威退役之后
99,在金牌搭档罗宾索尔科维退役之后,2,False,False,0.0,0.13333333333333333,0.3333333333333333,0.9240624965138698,-0.22792348265647888,0.0,0.6597020626068115,0.0,0.0,0,,在金牌搭档罗彬索尔科威退役之后
99,在金牌搭档罗宾索尔科维退役之后,3,False,False,0.0,0.13333333333333333,0.3333333333333333,0.8064327868762272,-0.23939356207847595,0.0,0.6597020626068115,0.0,0.0,0,,在金牌搭档罗斌索尔科威退役之后
99,在金牌搭档罗宾索尔科维退役之后,4,False,False,0.0,0.13333333333333333,0.3333333333333333,0.6523975635522478,-0.25441354513168335,0.0,0.697378170490265,0.0,0.0,0,,在金牌搭档卢宾索尔科威退役之后
99,在金牌搭档罗宾索尔科维退役之后,5,False,False,0.0,0.2,0.3333333333333333,0.48102742921570363,-0.27112385630607605,0.0,0.697378170490265,0.0,0.0,0,,在金牌搭档若宾索尔科威退役后
99,在金牌搭档罗宾索尔科维退役之后,6,False,False,0.0,0.2,0.5,0.0,-0.31802886724472046,0.0,0.697378170490265,0.0,0.0,0,,在金牌搭档若宾索尔柯威退役之后
100,萨维申科宣布会再坚持1个冬奥会周期,1,True,True,1.0,0.0,0.0,2.5,-0.5904081463813782,2.0,0.6887471675872803,0.0,0.0,0,,萨维申科宣布会再坚持1个冬奥会周期
100,萨维申科宣布会再坚持1个冬奥会周期,2,False,False,0.0,0.11764705882352941,0.5714285714285714,1.0,-0.39440760016441345,0.0,0.0,0.0,0.0,0,,在维新科宣布会再坚持1个冬奥会周期
100,萨维申科宣布会再坚持1个冬奥会周期,3,False,False,0.0,0.17647058823529413,0.8571428571428571,0.8618907969924675,-0.4214770793914795,0.0,0.0,0.0,0.0,0,,在卫生科宣布会再坚持1个冬奥会周期
100,萨维申科宣布会再坚持1个冬奥会周期,4,False,False,0.0,0.17647058823529413,0.8571428571428571,0.7033725339217147,-0.45254674553871155,0.0,0.0,0.0,0.0,0,,在卫星科宣布会再坚持1个冬奥会周期
100,萨维申科宣布会再坚持1个冬奥会周期,5,False,False,0.0,0.11764705882352941,0.5714285714285714,0.5077926013508017,-0.4908805191516876,0.0,0.0,0.0,0.0,0,,在维生科宣布会再坚持1个冬奥会周期
100,萨维申科宣布会再坚持1个冬奥会周期,6,False,False,0.0,0.23529411764705882,0.8571428571428571,0.03037638859808898,-0.584454357624054,0.0,0.0,0.0,0.0,0,,在卫生科宣布会在坚持1个冬奥会周期
101,恭喜他与萨维申科走上正确的道路,1,True,False,0.0,0.2,0.5714285714285714,1.0,-0.7239207029342651,0.0,0.6859540939331055,0.0,0.0,0,,恭喜她与赛威申科走上正确的道路
101,恭喜他与萨维申科走上正确的道路,2,False,False,0.0,0.26666666666666666,1.0,0.8925767870972394,-0.7379509210586548,0.0,0.6859540939331055,0.0,0.0,0,,恭喜她与赛尔威申科走上正确的道路
101,恭喜他与萨维申科走上正确的道路,3,False,True,0.0,0.13333333333333333,0.5714285714285714,0.08374919736530455,-0.8435894250869751,0.0,0.6859540939331055,0.0,0.0,0,,恭喜他与赛威申科走上正确的道路
101,恭喜他与萨维申科走上正确的道路,4,False,False,0.0,0.2,1.0,0.0,-0.8545276522636414,0.0,0.6859540939331055,0.0,0.0,0,,恭喜他与赛尔威申科走上正确的道路
103,对于隋文静韩聪彭程张昊领衔的中国双人滑军团,1,True,True,1.0,0.09523809523809523,0.0,2.8614019009262974,-0.3620205521583557,2.0,0.687272846698761,1.0,0.35,8,韩聪彭,对于隋文进韩聪彭程张昊领衔的中国双人华军团
103,对于隋文静韩聪彭程张昊领衔的中国双人滑军团,2,False,False,0.5,0.19047619047619047,0.3333333333333333,1.35,-0.22827784717082977,1.0,0.6754444241523743,1.0,0.35,8,韩聪彭,对于隋文进韩聪彭成张浩领衔的中国双人华军团
103,对于隋文静韩聪彭程张昊领衔的中国双人滑军团,3,False,False,0.5,0.14285714285714285,0.16666666666666666,1.0578133465773205,-0.26780638098716736,1.0,0.6754444241523743,1.0,0.35,8,韩聪彭,对于隋文进韩聪彭城张昊领衔的中国双人华军团
103,对于隋文静韩聪彭程张昊领衔的中国双人滑军团,4,False,False,0.5,0.14285714285714285,0.16666666666666666,0.979371581404094,-0.2784183919429779,1.0,0.6754444241523743,1.0,0.35,8,韩聪彭,对于隋文进韩聪彭成张昊领衔的中国双人华军团
103,对于隋文静韩聪彭程张昊领衔的中国双人滑军团,5,False,False,0.5,0.14285714285714285,0.16666666666666666,0.7111233465255516,-0.314708411693573,1.0,0.6754444241523743,1.0,0.35,8,韩聪彭,对于隋文进韩聪彭丞张昊领衔的中国双人华军团
103,对于隋文静韩聪彭程张昊领衔的中国双人滑军团,6,False,False,0.5,0.14285714285714285,0.16666666666666666,0.6660761670244768,-0.32080262899398804,1.0,0.6754444241523743,1.0,0.35,8,韩聪彭,对于隋文进韩聪彭承张昊领衔的中国双人华军团
103,对于隋文静韩聪彭程张昊领衔的中国双人滑军团,7,False,False,0.5,0.14285714285714285,0.16666666666666666,0.4543543352524117,-0.3494454622268677,1.0,0.6754444241523743,1.0,0.35,8,韩聪彭,对于隋文进韩聪彭呈张昊领衔的中国双人华军团
103,对于隋文静韩聪彭程张昊领衔的中国双人滑军团,8,False,False,0.5,0.14285714285714285,0.16666666666666666,0.35,-0.36356306076049805,1.0,0.6754444241523743,1.0,0.35,8,韩聪彭,对于隋文进韩聪彭澄张昊领衔的中国双人华军团
104,五度世锦赛冠军萨维申科联手年轻新搭档马塞洛特,1,True,True,1.0,0.045454545454545456,0.0,2.5,-0.46431323885917664,1.0,0.6885016560554504,0.0,0.0,0,,五度世锦赛冠军萨维申科联手年轻新搭档马赛洛特
104,五度世锦赛冠军萨维申科联手年轻新搭档马塞洛特,2,False,False,0.0,0.13636363636363635,0.2857142857142857,1.0,-0.3877708315849304,0.0,0.7573518216609956,0.0,0.0,0,,五度诗锦赛冠军萨威申科联手年轻新搭档马赛洛特
104,五度世锦赛冠军萨维申科联手年轻新搭档马塞洛特,3,False,False,0.0,0.09090909090909091,0.2857142857142857,0.9794131377619059,-0.3893465995788574,0.0,0.7573518216609956,0.0,0.0,0,,五度世锦赛冠军萨威申科联手年轻新搭档马赛洛特
104,五度世锦赛冠军萨维申科联手年轻新搭档马塞洛特,4,False,False,0.0,0.18181818181818182,0.2857142857142857,0.8720004423095568,-0.3975682258605957,0.0,0.7573518216609956,0.0,0.0,0,,5度诗锦赛冠军萨威申科联手年轻新搭档马赛洛特
104,五度世锦赛冠军萨维申科联手年轻新搭档马塞洛特,5,False,False,0.0,0.09090909090909091,0.2857142857142857,0.8411438997296694,-0.39993005990982056,0.0,0.7573518216609956,0.0,0.0,0,,五度诗锦赛冠军萨威申科联手年轻新搭档马塞洛特
104,五度世锦赛冠军萨维申科联手年轻新搭档马塞洛特,6,False,False,0.0,0.045454545454545456,0.2857142857142857,0.7983699179663728,-0.403204083442688,0.0,0.7573518216609956,0.0,0.0,0,,五度世锦赛冠军萨威申科联手年轻新搭档马塞洛特
104,五度世锦赛冠军萨维申科联手年轻新搭档马塞洛特,7,False,False,0.0,0.13636363636363635,0.2857142857142857,0.7918018546631537,-0.403706818819046,0.0,0.7573518216609956,0.0,0.0,0,,5度世锦赛冠军萨威申科联手年轻新搭档马赛洛特
104,五度世锦赛冠军萨维申科联手年轻新搭档马塞洛特,8,False,False,0.0,0.13636363636363635,0.2857142857142857,0.765524929166227,-0.4057181179523468,0.0,0.7573518216609956,0.0,0.0,0,,五度师锦赛冠军萨威申科联手年轻新搭档马赛洛特
104,五度世锦赛冠军萨维申科联手年轻新搭档马塞洛特,9,False,False,0.0,0.13636363636363635,0.2857142857142857,0.7225772941790739,-0.40900543332099915,0.0,0.7573518216609956,0.0,0.0,0,,五度湿锦赛冠军萨威申科联手年轻新搭档马赛洛特
104,五度世锦赛冠军萨维申科联手年轻新搭档马塞洛特,10,False,False,0.0,0.13636363636363635,0.2857142857142857,0.7212312870156837,-0.4091084599494934,0.0,0.7573518216609956,0.0,0.0,0,,5度诗锦赛冠军萨威申科联手年轻新搭档马塞洛特
104,五度世锦赛冠军萨维申科联手年轻新搭档马塞洛特,11,False,False,0.0,0.18181818181818182,0.2857142857142857,0.6755710017805295,-0.4126034080982208,0.0,0.7573518216609956,0.0,0.0,0,,5度湿锦赛冠军萨威申科联手年轻新搭档马赛洛特
104,五度世锦赛冠军萨维申科联手年轻新搭档马塞洛特,12,False,False,0.0,0.09090909090909091,0.2857142857142857,0.6159320213819293,-0.4171683192253113,0.0,0.7573518216609956,0.0,0.0,0,,5度世锦赛冠军萨威申科联手年轻新搭档马塞洛特
104,五度世锦赛冠军萨维申科联手年轻新搭档马塞洛特,13,False,False,0.0,0.13636363636363635,0.2857142857142857,0.6127139857425252,-0.4174146354198456,0.0,0.7573518216609956,0.0,0.0,0,,五度世锦赛冠军萨威申科联手年轻星搭档马赛洛特
104,五度世锦赛冠军萨维申科联手年轻新搭档马塞洛特,14,False,False,0.0,0.13636363636363635,0.2857142857142857,0.4073125917665789,-0.43313655257225037,0.0,0.7573518216609956,0.0,0.0,0,,五度世锦赛冠军萨威申科联手年轻新搭档马赛诺特
105,曾以分歧者星运里的错窜红的谢琳伍德蕾,1,True,False,0.0,0.2222222222222222,0.6,1.0,-0.8780959248542786,0.0,0.7491908073425293,0.0,0.0,0,,曾以分歧者星运里篡红的谢琳伍德雷
105,曾以分歧者星运里的错窜红的谢琳伍德蕾,2,False,True,0.0,0.1111111111111111,0.2,0.9414107873193818,-0.8977372646331787,0.0,0.7491908073425293,0.0,0.0,0,,曾以分歧者星运里的错篡红的谢琳伍德雷
105,曾以分歧者星运里的错窜红的谢琳伍德蕾,3,False,False,0.0,0.2222222222222222,0.6,0.6166159616653477,-1.0066208839416504,0.0,0.7491908073425293,0.0,0.0,0,,曾以分歧者星运里篡红的谢琳伍德类
105,曾以分歧者星运里的错窜红的谢琳伍德蕾,4,False,False,0.0,0.1111111111111111,0.2,0.5926690720353576,-1.0146487951278687,0.0,0.7491908073425293,0.0,0.0,0,,曾以分歧者星运里的错篡红的谢琳伍德类
105,曾以分歧者星运里的错窜红的谢琳伍德蕾,5,False,False,0.0,0.2222222222222222,0.6,0.001129372339587612,-1.2129554748535156,0.0,0.6915607452392578,0.0,0.0,0,,曾以分歧者星运里篡红的谢琳伍德蓾
105,曾以分歧者星运里的错窜红的谢琳伍德蕾,6,False,False,0.0,0.1111111111111111,0.2,0.0,-1.213334083557129,0.0,0.6915607452392578,0.0,0.0,0,,曾以分歧者星运里的错篡红的谢琳伍德蓾
106,与孙楠巫启贤共同起立鼓掌的许茹芸小腹凸起,1,True,True,1.0,0.1,0.0,2.85,-0.8882817029953003,2.0,0.6894177198410034,1.0,0.35,3,许茹芸,与孙楠巫启贤共同起立鼓掌的许茹芸小富突起
106,与孙楠巫启贤共同起立鼓掌的许茹芸小腹凸起,2,False,False,0.5,0.15,0.125,1.35,-0.7688734531402588,1.0,0.6893112063407898,1.0,0.35,3,许茹芸,与孙楠巫启行共同起立鼓掌的许茹芸小富突起
106,与孙楠巫启贤共同起立鼓掌的许茹芸小腹凸起,3,False,False,0.5,0.15,0.125,1.3491953429725787,-0.7689695358276367,1.0,0.6893112063407898,1.0,0.35,3,许茹芸,与孙楠巫启行共同起立鼓掌的许茹芸小傅突起
107,许茹芸与韩国丈夫崔栽诚迎来结婚一周年纪念日,1,True,True,0.5,0.047619047619047616,0.16666666666666666,2.862924485405395,-0.8606030941009521,1.0,0.68171226978302,0.3333333333333333,0.11666666666666665,2,许茹芸,许茹芸与韩国丈夫崔才诚迎来结婚一周年纪念日
107,许茹芸与韩国丈夫崔栽诚迎来结婚一周年纪念日,2,False,False,0.5,0.047619047619047616,0.16666666666666666,2.6166666666666667,-0.9588116407394409,1.0,0.68171226978302,0.3333333333333333,0.11666666666666665,2,许茹芸,许茹芸与韩国丈夫崔财诚迎来结婚一周年纪念日
107,许茹芸与韩国丈夫崔栽诚迎来结婚一周年纪念日,3,False,False,0.0,0.09523809523809523,0.3333333333333333,1.0,-0.5600078701972961,0.0,0.0,0.0,0.0,0,,许露芸与韩国丈夫崔才诚迎来结婚一周年纪念日
107,许茹芸与韩国丈夫崔栽诚迎来结婚一周年纪念日,4,False,False,0.0,0.09523809523809523,0.3333333333333333,0.8504327647879175,-0.6196558475494385,0.0,0.0,0.0,0.0,0,,许柳芸与韩国丈夫崔才诚迎来结婚一周年纪念日
108,许茹芸特地发微博感谢婚姻带来的幸福,1,True,False,0.0,0.11764705882352941,0.6666666666666666,2.5,-0.9802883863449097,1.0,0.6380484104156494,0.0,0.0,0,,徐濠芸特地发微博感谢婚姻带来的幸福
108,许茹芸特地发微博感谢婚姻带来的幸福,2,False,False,0.0,0.11764705882352941,0.6666666666666666,1.0,-0.09214379638433456,0.0,0.770054429769516,0.0,0.0,0,,许如云特地发微博感谢婚姻带来的幸福
108,许茹芸特地发微博感谢婚姻带来的幸福,3,False,True,0.0,0.058823529411764705,0.3333333333333333,0.8969933068690074,-0.1836286336183548,0.0,0.0,0.0,0.0,0,,许芦芸特地发微博感谢婚姻带来的幸福
108,许茹芸特地发微博感谢婚姻带来的幸福,4,False,False,0.0,0.058823529411764705,0.3333333333333333,0.8749015863453561,-0.2032492756843567,0.0,0.0,0.0,0.0,0,,许禄芸特地发微博感谢婚姻带来的幸福
108,许茹芸特地发微博感谢婚姻带来的幸福,5,False,False,0.0,0.17647058823529413,1.0,0.8069517767282912,-0.2635985314846039,0.0,0.770054429769516,0.0,0.0,0,,徐如云特地发微博感谢婚姻带来的幸福
108,许茹芸特地发微博感谢婚姻带来的幸福,6,False,False,0.0,0.058823529411764705,0.3333333333333333,0.8019643579804022,-0.2680280804634094,0.0,0.770054429769516,0.0,0.0,0,,许儒芸特地发微博感谢婚姻带来的幸福
108,许茹芸特地发微博感谢婚姻带来的幸福,7,False,False,0.0,0.058823529411764705,0.3333333333333333,0.7268580549588675,-0.33473333716392517,0.0,0.0,0.0,0.0,0,,许露芸特地发微博感谢婚姻带来的幸福
108,许茹芸特地发微博感谢婚姻带来的幸福,8,False,False,0.0,0.11764705882352941,0.6666666666666666,0.5578183466499309,-0.4848650395870209,0.0,0.0,0.0,0.0,0,,许芸云特地发微博感谢婚姻带来的幸福
108,许茹芸特地发微博感谢婚姻带来的幸福,9,False,False,0.0,0.11764705882352941,0.6666666666666666,0.39342318484308036,-0.6308717131614685,0.0,0.0,0.0,0.0,0,,徐芸芸特地发微博感谢婚姻带来的幸福
108,许茹芸特地发微博感谢婚姻带来的幸福,10,False,False,0.0,0.058823529411764705,0.6666666666666666,0.30707769872490565,-0.7075589895248413,0.0,0.0,0.0,0.0,0,,许芸特地发微博感谢婚姻带来的幸福
108,许茹芸特地发微博感谢婚姻带来的幸福,11,False,False,0.0,0.11764705882352941,1.0,0.11519272608845475,-0.8779805898666382,0.0,0.0,0.0,0.0,0,,徐芸特地发微博感谢婚姻带来的幸福
108,许茹芸特地发微博感谢婚姻带来的幸福,12,False,False,0.0,0.11764705882352941,0.6666666666666666,0.08888464670144978,-0.90134596824646,0.0,0.0,0.0,0.0,0,,徐濒芸特地发微博感谢婚姻带来的幸福
109,许茹芸重回舞台不做苦情女娱乐频道,1,True,True,1.0,0.0,0.0,2.5,-0.9790436625480652,1.0,0.6724374294281006,0.0,0.0,0,,许茹芸重回舞台不做苦情女娱乐频道
109,许茹芸重回舞台不做苦情女娱乐频道,2,False,False,0.0,0.0625,0.3333333333333333,1.0,-0.33114108443260193,0.0,0.0,0.0,0.0,0,,许卢芸重回舞台不做苦情女娱乐频道
109,许茹芸重回舞台不做苦情女娱乐频道,3,False,False,0.0,0.125,0.6666666666666666,0.9589983957223925,-0.35770612955093384,0.0,0.0,0.0,0.0,0,,许炉云重回舞台不做苦情女娱乐频道
109,许茹芸重回舞台不做苦情女娱乐频道,4,False,False,0.0,0.0625,0.3333333333333333,0.8386783571281016,-0.43566179275512695,0.0,0.7564921081066132,0.0,0.0,0,,许儒芸重回舞台不做苦情女娱乐频道
109,许茹芸重回舞台不做苦情女娱乐频道,5,False,False,0.0,0.125,0.6666666666666666,0.7916377472441011,-0.4661395251750946,0.0,0.0,0.0,0.0,0,,许鲁云重回舞台不做苦情女娱乐频道
109,许茹芸重回舞台不做苦情女娱乐频道,6,False,False,0.0,0.0625,0.3333333333333333,0.7541234469930846,-0.4904451370239258,0.0,0.7564921081066132,0.0,0.0,0,,许如芸重回舞台不做苦情女娱乐频道
109,许茹芸重回舞台不做苦情女娱乐频道,7,False,False,0.0,0.0625,0.3333333333333333,0.47907049506846894,-0.6686526536941528,0.0,0.0,0.0,0.0,0,,许嵘芸重回舞台不做苦情女娱乐频道
109,许茹芸重回舞台不做苦情女娱乐频道,8,False,False,0.0,0.0625,0.3333333333333333,0.2428261854425687,-0.8217159509658813,0.0,0.0,0.0,0.0,0,,许鲁芸重回舞台不做苦情女娱乐频道
110,许茹芸与韩籍男朋友举行了婚礼,1,True,True,1.0,0.0,0.0,2.535,-1.3360893726348877,2.0,0.6814213395118713,0.1,0.034999999999999996,2,韩籍,许茹芸与韩籍男朋友举行了婚礼
110,许茹芸与韩籍男朋友举行了婚礼,2,False,False,0.5,0.07142857142857142,0.2,2.102594933904712,-0.8892379999160767,1.0,0.6783926486968994,0.1,0.034999999999999996,2,韩籍,许儒芸与韩籍男朋友举行了婚礼
110,许茹芸与韩籍男朋友举行了婚礼,3,False,False,0.0,0.14285714285714285,0.4,1.0,-0.3923073410987854,0.0,0.7914580901463826,0.0,0.0,0,,许卢芸与韩基男朋友举行了婚礼
110,许茹芸与韩籍男朋友举行了婚礼,4,False,False,0.0,0.14285714285714285,0.4,0.985786977229746,-0.4057213366031647,0.0,0.7914580901463826,0.0,0.0,0,,许璐芸与韩基男朋友举行了婚礼
110,许茹芸与韩籍男朋友举行了婚礼,5,False,False,0.0,0.14285714285714285,0.4,0.9797289825366686,-0.4114387631416321,0.0,0.7914580901463826,0.0,0.0,0,,许卢芸与韩姬男朋友举行了婚礼
110,许茹芸与韩籍男朋友举行了婚礼,6,False,False,0.0,0.14285714285714285,0.4,0.9568051668447114,-0.43307384848594666,0.0,0.7914580901463826,0.0,0.0,0,,许璐芸与韩姬男朋友举行了婚礼
110,许茹芸与韩籍男朋友举行了婚礼,7,False,False,0.0,0.14285714285714285,0.4,0.9292620611233965,-0.45906853675842285,0.0,0.6799080967903137,0.0,0.0,0,,许儒芸与韩基男朋友举行了婚礼
110,许茹芸与韩籍男朋友举行了婚礼,8,False,False,0.0,0.14285714285714285,0.4,0.9081074407123643,-0.479033887386322,0.0,0.6799080967903137,0.0,0.0,0,,许儒芸与韩姬男朋友举行了婚礼
110,许茹芸与韩籍男朋友举行了婚礼,9,False,False,0.0,0.14285714285714285,0.4,0.8861191414569943,-0.49978604912757874,0.0,0.7914580901463826,0.0,0.0,0,,许露芸与韩基男朋友举行了婚礼
110,许茹芸与韩籍男朋友举行了婚礼,10,False,False,0.0,0.14285714285714285,0.4,0.8573747626552549,-0.5269144773483276,0.0,0.7914580901463826,0.0,0.0,0,,许露芸与韩姬男朋友举行了婚礼
110,许茹芸与韩籍男朋友举行了婚礼,11,False,False,0.0,0.14285714285714285,0.4,0.8081350710668506,-0.573386013507843,0.0,0.6799080967903137,0.0,0.0,0,,许如芸与韩姬男朋友举行了婚礼
111,许茹芸突然闪婚让当时的娱乐圈也惊起了一阵小波澜,1,True,True,1.0,0.0,0.0,2.555600510297066,-0.6487091183662415,1.0,0.6722920536994934,0.0,0.0,0,,许茹芸突然闪婚让当时的娱乐圈也惊起了一阵小波澜
111,许茹芸突然闪婚让当时的娱乐圈也惊起了一阵小波澜,2,False,False,0.0,0.08695652173913043,0.6666666666666666,1.0,-0.16224437952041626,0.0,0.7563285604119301,0.0,0.0,0,,许如云突然闪婚让当时的娱乐圈也惊起了一阵小波澜
111,许茹芸突然闪婚让当时的娱乐圈也惊起了一阵小波澜,3,False,False,0.0,0.043478260869565216,0.3333333333333333,0.7847420020192026,-0.2731248140335083,0.0,0.7563285604119301,0.0,0.0,0,,许儒芸突然闪婚让当时的娱乐圈也惊起了一阵小波澜
111,许茹芸突然闪婚让当时的娱乐圈也惊起了一阵小波澜,4,False,False,0.0,0.043478260869565216,0.3333333333333333,0.732573152704372,-0.2999972403049469,0.0,0.7563285604119301,0.0,0.0,0,,许如芸突然闪婚让当时的娱乐圈也惊起了一阵小波澜
111,许茹芸突然闪婚让当时的娱乐圈也惊起了一阵小波澜,5,False,False,0.0,0.043478260869565216,0.6666666666666666,0.0,-0.6773492097854614,0.0,0.0,0.0,0.0,0,,许芸突然闪婚让当时的娱乐圈也惊起了一阵小波澜
112,李嘉诚回应撤资不爱国指控完全不成立,1,True,False,0.0,0.17647058823529413,0.3333333333333333,3.85,-0.47693130373954773,1.0,0.6877305507659912,1.0,0.35,6,李嘉诚,李家诚回应撤私博爱国指控完全不成立
112,李嘉诚回应撤资不爱国指控完全不成立,2,False,False,1.0,0.11764705882352941,0.0,3.430575521598693,-0.5304780602455139,1.0,0.6877305507659912,1.0,0.35,6,李嘉诚,李嘉诚回应撤撕博爱国指控完全不成立
112,李嘉诚回应撤资不爱国指控完全不成立,3,False,False,1.0,0.11764705882352941,0.0,3.1598346538506346,-0.5650427937507629,1.0,0.6877305507659912,1.0,0.35,6,李嘉诚,李嘉诚回应撤丝博爱国指控完全不成立
112,李嘉诚回应撤资不爱国指控完全不成立,4,False,True,1.0,0.058823529411764705,0.0,3.091238563602744,-0.573800265789032,1.0,0.6877305507659912,1.0,0.35,6,李嘉诚,李嘉诚回应撤私不爱国指控完全不成立
112,李嘉诚回应撤资不爱国指控完全不成立,5,False,False,1.0,0.11764705882352941,0.0,2.9066837721920327,-0.5973618626594543,1.0,0.6877305507659912,1.0,0.35,6,李嘉诚,李嘉诚回应撤司博爱国指控完全不成立
112,李嘉诚回应撤资不爱国指控完全不成立,6,False,False,1.0,0.058823529411764705,0.0,2.85,-0.6045985221862793,1.0,0.6877305507659912,1.0,0.35,6,李嘉诚,李嘉诚回应撤丝不爱国指控完全不成立
113,李嘉诚首次公开回应撤资不爱国等质疑,1,True,False,0.0,0.17647058823529413,0.3333333333333333,3.85,-0.4384080171585083,1.0,0.6885906457901001,1.0,0.35,6,李嘉诚,李家诚首次公开回应撤私博爱国等质疑
113,李嘉诚首次公开回应撤资不爱国等质疑,2,False,False,1.0,0.17647058823529413,0.0,3.738337224705338,-0.45108458399772644,1.0,0.6885906457901001,1.0,0.35,6,李嘉诚,李嘉诚首次公开回应特斯博爱国等质疑
113,李嘉诚首次公开回应撤资不爱国等质疑,3,False,False,1.0,0.17647058823529413,0.0,2.985368817535693,-0.5365656614303589,1.0,0.6885906457901001,1.0,0.35,6,李嘉诚,李嘉诚首次公开回应澈斯博爱国等质疑
113,李嘉诚首次公开回应撤资不爱国等质疑,4,False,True,1.0,0.11764705882352941,0.0,2.8634518788580103,-0.5504063367843628,1.0,0.6885906457901001,1.0,0.35,6,李嘉诚,李嘉诚首次公开回应撤丝博爱国等质疑
113,李嘉诚首次公开回应撤资不爱国等质疑,5,False,False,1.0,0.11764705882352941,0.0,2.8503622729952784,-0.5518923401832581,1.0,0.6885906457901001,1.0,0.35,6,李嘉诚,李嘉诚首次公开回应撤司博爱国等质疑
113,李嘉诚首次公开回应撤资不爱国等质疑,6,False,False,1.0,0.17647058823529413,0.0,2.85,-0.5519334673881531,1.0,0.6885906457901001,1.0,0.35,6,李嘉诚,李嘉诚首次公开回应彻私博爱国等质疑
114,李嘉诚怎么回答与中央关系有变,1,True,False,0.0,0.21428571428571427,0.3333333333333333,3.7625,-0.3085538446903229,1.0,0.6901217699050903,0.75,0.26249999999999996,4,李嘉诚,李家诚怎么回答与中央关锡友变
114,李嘉诚怎么回答与中央关系有变,2,False,True,1.0,0.07142857142857142,0.0,3.5689752918460718,-0.3865513205528259,1.0,0.6901217699050903,0.75,0.26249999999999996,4,李嘉诚,李嘉诚怎么回答与中央关系有别
114,李嘉诚怎么回答与中央关系有变,3,False,False,1.0,0.14285714285714285,0.0,2.9200803519951304,-0.648079514503479,1.0,0.6901217699050903,0.75,0.26249999999999996,4,李嘉诚,李嘉诚怎么回答与中央关系友编
114,李嘉诚怎么回答与中央关系有变,4,False,False,1.0,0.14285714285714285,0.0,2.7625,-0.7115901112556458,1.0,0.6901217699050903,0.75,0.26249999999999996,4,李嘉诚,李嘉诚怎么回答与中央关系友别
114,李嘉诚怎么回答与中央关系有变,5,False,False,0.0,0.07142857142857142,0.3333333333333333,0.787193741217702,-0.3943224847316742,0.0,0.6831555366516113,0.0,0.0,0,,李佳诚怎么回答与中央关系有变
115,李嘉诚或再抛售内地地产项目拟出售上海办公楼,1,True,False,0.0,0.14285714285714285,0.3333333333333333,3.85,-0.28994762897491455,1.0,0.6879075169563293,1.0,0.35,7,李嘉诚,李家诚或在抛售内地地产项目离出售上海办公楼
115,李嘉诚或再抛售内地地产项目拟出售上海办公楼,2,False,True,1.0,0.09523809523809523,0.0,3.477891934490582,-0.3078470230102539,1.0,0.6879075169563293,1.0,0.35,7,李嘉诚,李嘉诚或在抛售内地地产项目出售上海办公楼
115,李嘉诚或再抛售内地地产项目拟出售上海办公楼,3,False,False,1.0,0.09523809523809523,0.0,3.2925974779097156,-0.31676018238067627,1.0,0.6879075169563293,1.0,0.35,7,李嘉诚,李嘉诚获赛抛售内地地产项目拟出售上海办公楼
115,李嘉诚或再抛售内地地产项目拟出售上海办公楼,4,False,False,1.0,0.09523809523809523,0.0,3.229068162358478,-0.31981611251831055,1.0,0.6879075169563293,1.0,0.35,7,李嘉诚,李嘉诚货赛抛售内地地产项目拟出售上海办公楼
115,李嘉诚或再抛售内地地产项目拟出售上海办公楼,5,False,False,1.0,0.14285714285714285,0.0,3.20996352051785,-0.3207350969314575,1.0,0.6879075169563293,1.0,0.35,7,李嘉诚,李嘉诚获赛抛售内地地产项目出售上海办公楼
115,李嘉诚或再抛售内地地产项目拟出售上海办公楼,6,False,False,1.0,0.14285714285714285,0.0,3.0962482760842547,-0.3262051045894623,1.0,0.6879075169563293,1.0,0.35,7,李嘉诚,李嘉诚货赛抛售内地地产项目出售上海办公楼
115,李嘉诚或再抛售内地地产项目拟出售上海办公楼,7,False,False,1.0,0.14285714285714285,0.0,2.85,-0.33805030584335327,1.0,0.6879075169563293,1.0,0.35,7,李嘉诚,李嘉诚货赛抛售内地地产项目您出售上海办公楼
116,李嘉诚正式回应撤资指控不相信文革式思维复苏,1,True,False,0.0,0.09523809523809523,0.3333333333333333,3.85,-0.33443722128868103,1.0,0.6844891309738159,1.0,0.35,7,李嘉诚,李家诚正式回应撤私指控不相信文革式思维复苏
116,李嘉诚正式回应撤资指控不相信文革式思维复苏,2,False,True,1.0,0.047619047619047616,0.0,3.5592974911409256,-0.37482109665870667,1.0,0.6844891309738159,1.0,0.35,7,李嘉诚,李嘉诚正式回应撤司指控不相信文革式思维复苏
116,李嘉诚正式回应撤资指控不相信文革式思维复苏,3,False,False,1.0,0.09523809523809523,0.0,3.466656819674762,-0.38769057393074036,1.0,0.6844891309738159,1.0,0.35,7,李嘉诚,李嘉诚正式回应撤私指控不相信文革是思维复苏
116,李嘉诚正式回应撤资指控不相信文革式思维复苏,4,False,False,1.0,0.047619047619047616,0.0,3.336793017088285,-0.4057310223579407,1.0,0.6844891309738159,1.0,0.35,7,李嘉诚,李嘉诚正式回应撤撕指控不相信文革式思维复苏
116,李嘉诚正式回应撤资指控不相信文革式思维复苏,5,False,False,1.0,0.09523809523809523,0.0,3.2294144665397497,-0.42064785957336426,1.0,0.6844891309738159,1.0,0.35,7,李嘉诚,李嘉诚正式回应撤司指控不相信文革是思维复苏
116,李嘉诚正式回应撤资指控不相信文革式思维复苏,6,False,False,1.0,0.047619047619047616,0.0,3.118233775740016,-0.43609288334846497,1.0,0.6844891309738159,1.0,0.35,7,李嘉诚,李嘉诚正式回应撤丝指控不相信文革式思维复苏
116,李嘉诚正式回应撤资指控不相信文革式思维复苏,7,False,False,1.0,0.09523809523809523,0.0,2.85,-0.4733554422855377,1.0,0.6844891309738159,1.0,0.35,7,李嘉诚,李嘉诚正式回应撤丝指控不相信文革是思维复苏
117,李嘉诚首次对撤资做出回应,1,True,False,0.0,0.16666666666666666,0.3333333333333333,3.85,-0.4932895004749298,1.0,0.6880336403846741,1.0,0.35,12,李嘉诚,李家诚首次对撤司做出回应
117,李嘉诚首次对撤资做出回应,2,False,False,1.0,0.16666666666666666,0.0,3.726796084497274,-0.5125906467437744,1.0,0.6880336403846741,1.0,0.35,12,李嘉诚,李嘉诚首次对澈斯做出回应
117,李嘉诚首次对撤资做出回应,3,False,False,1.0,0.16666666666666666,0.0,3.6912387906121835,-0.5181610584259033,1.0,0.6880336403846741,1.0,0.35,12,李嘉诚,李嘉诚首次对撤司作出回应
117,李嘉诚首次对撤资做出回应,4,False,False,1.0,0.25,0.0,3.6148516363009624,-0.5301278829574585,1.0,0.6880336403846741,1.0,0.35,12,李嘉诚,李嘉诚首次对澈斯作出回应
117,李嘉诚首次对撤资做出回应,5,False,False,1.0,0.16666666666666666,0.0,3.4610466318523057,-0.5542230010032654,1.0,0.6880336403846741,1.0,0.35,12,李嘉诚,李嘉诚首次对特斯做出回应
117,李嘉诚首次对撤资做出回应,6,False,True,1.0,0.08333333333333333,0.0,3.301188714926998,-0.579266369342804,1.0,0.6880336403846741,1.0,0.35,12,李嘉诚,李嘉诚首次对撤丝做出回应
117,李嘉诚首次对撤资做出回应,7,False,False,1.0,0.16666666666666666,0.0,3.1927054110389466,-0.5962613821029663,1.0,0.6880336403846741,1.0,0.35,12,李嘉诚,李嘉诚首次对车司做出回应
117,李嘉诚首次对撤资做出回应,8,False,False,1.0,0.16666666666666666,0.0,3.116402721280483,-0.6082149744033813,1.0,0.6880336403846741,1.0,0.35,12,李嘉诚,李嘉诚首次对彻斯做出回应
117,李嘉诚首次对撤资做出回应,9,False,False,1.0,0.16666666666666666,0.0,3.1082210737917717,-0.6094967126846313,1.0,0.6880336403846741,1.0,0.35,12,李嘉诚,李嘉诚首次对撤丝作出回应
117,李嘉诚首次对撤资做出回应,10,False,False,1.0,0.08333333333333333,0.0,3.088804499373459,-0.6125385165214539,1.0,0.6880336403846741,1.0,0.35,12,李嘉诚,李嘉诚首次对撤私做出回应
117,李嘉诚首次对撤资做出回应,11,False,False,1.0,0.25,0.0,3.0310143850362294,-0.6215919256210327,1.0,0.6880336403846741,1.0,0.35,12,李嘉诚,李嘉诚首次对车司作出回应
117,李嘉诚首次对撤资做出回应,12,False,False,1.0,0.25,0.0,2.85,-0.6499496698379517,1.0,0.6880336403846741,1.0,0.35,12,李嘉诚,李嘉诚首次对彻斯作出回应
118,李嘉诚首次回应撤资传闻对中国发展充满信心,1,True,False,0.0,0.1,0.3333333333333333,3.85,-0.29502537846565247,1.0,0.6869256496429443,1.0,0.35,5,李嘉诚,李家诚首次回应撤私传闻对中国发展充满信心
118,李嘉诚首次回应撤资传闻对中国发展充满信心,2,False,False,1.0,0.1,0.0,3.2066148297286285,-0.37264227867126465,1.0,0.6869256496429443,1.0,0.35,5,李嘉诚,李嘉诚首次回应特斯传闻对中国发展充满信心
118,李嘉诚首次回应撤资传闻对中国发展充满信心,3,False,False,1.0,0.1,0.0,3.1367928210575724,-0.3810654878616333,1.0,0.6869256496429443,1.0,0.35,5,李嘉诚,李嘉诚首次回应澈斯传闻对中国发展充满信心
118,李嘉诚首次回应撤资传闻对中国发展充满信心,4,False,False,1.0,0.1,0.0,2.853528205634951,-0.41523805260658264,1.0,0.6869256496429443,1.0,0.35,5,李嘉诚,李嘉诚首次回应测试传闻对中国发展充满信心
118,李嘉诚首次回应撤资传闻对中国发展充满信心,5,False,True,1.0,0.05,0.0,2.85,-0.4156636893749237,1.0,0.6869256496429443,1.0,0.35,5,李嘉诚,李嘉诚首次回应撤丝传闻对中国发展充满信心
119,长江商报消息本报记者张萌昨日,1,True,True,1.0,0.07142857142857142,0.0,2.8571747948017254,-0.6152381300926208,1.0,0.6805851459503174,0.1,0.034999999999999996,2,张萌,长江商报消息本报记者张萌索日
119,长江商报消息本报记者张萌昨日,2,False,False,1.0,0.14285714285714285,0.0,2.535,-0.6778078675270081,1.0,0.6805851459503174,0.1,0.034999999999999996,2,张萌,长江三报消息本报记者张萌索日
119,长江商报消息本报记者张萌昨日,3,False,False,0.0,0.14285714285714285,0.5,1.0,-0.4835973381996155,0.0,0.0,0.0,0.0,0,,长江商报消息本报记者张文所日
119,长江商报消息本报记者张萌昨日,4,False,False,0.0,0.21428571428571427,0.5,0.920220654130114,-0.49909132719039917,0.0,0.0,0.0,0.0,0,,长江商报消息本报记者张文索
119,长江商报消息本报记者张萌昨日,5,False,False,0.0,0.21428571428571427,0.5,0.8841120801200131,-0.5061039924621582,0.0,0.0,0.0,0.0,0,,长江三报消息本报记者张文所日
119,长江商报消息本报记者张萌昨日,6,False,False,0.0,0.14285714285714285,0.5,0.8375029770015886,-0.5151559710502625,0.0,0.0,0.0,0.0,0,,长江商报消息本报记者张文瑚昨日
119,长江商报消息本报记者张萌昨日,7,False,False,0.0,0.14285714285714285,0.5,0.8143096793677217,-0.5196603536605835,0.0,0.0,0.0,0.0,0,,长江商报消息本报记者张文琐日
119,长江商报消息本报记者张萌昨日,8,False,False,0.0,0.21428571428571427,0.5,0.7964891023327416,-0.5231212973594666,0.0,0.0,0.0,0.0,0,,长江商报消息本报记者张文瑚索日
119,长江商报消息本报记者张萌昨日,9,False,False,0.0,0.07142857142857142,0.5,0.5771690986007478,-0.5657155513763428,0.0,0.0,0.0,0.0,0,,长江商报消息本报记者张文昨日
119,长江商报消息本报记者张萌昨日,10,False,False,0.0,0.14285714285714285,0.5,0.3516320720667634,-0.6095172166824341,0.0,0.0,0.0,0.0,0,,长江商报消息本报记者张文索日
119,长江商报消息本报记者张萌昨日,11,False,False,0.0,0.14285714285714285,0.5,0.13307933678542755,-0.6519624590873718,0.0,0.0,0.0,0.0,0,,长江三报消息本报记者张文昨日
120,新京报快讯记者刘玮近日,1,True,True,1.0,0.0,0.0,3.357960759643954,-0.9432464838027954,2.0,0.6888832449913025,1.0,0.35,4,新京报,新京报快讯记者刘玮近日
120,新京报快讯记者刘玮近日,2,False,False,0.5,0.09090909090909091,0.2,2.05,-0.5413333773612976,1.0,0.6888832449913025,1.0,0.35,4,新京报,新京报快讯记者刘伟近日
120,新京报快讯记者刘玮近日,3,False,False,0.5,0.09090909090909091,0.2,1.4028564361893987,-1.0699405670166016,1.0,0.6888832449913025,1.0,0.35,4,新京报,新京报快讯记者刘璐近日
120,新京报快讯记者刘玮近日,4,False,False,0.5,0.09090909090909091,0.2,1.0499999999999998,-1.3581647872924805,1.0,0.6888832449913025,1.0,0.35,4,新京报,新京报快讯记者刘瑮近日
121,由于电影王朝的女人杨贵妃中的一场激情戏,1,True,True,1.0,0.0,0.0,1.0,-0.539089024066925,0.0,0.7763204723596573,0.0,0.0,0,,由于电影王朝的女人杨贵妃中的一场激情戏
121,由于电影王朝的女人杨贵妃中的一场激情戏,2,False,False,0.0,0.05263157894736842,0.3333333333333333,0.0,-0.5893077850341797,0.0,0.7763204723596573,0.0,0.0,0,,由于电影王朝的女人杨贵费中的一场激情戏
122,李玉刚张学友黄琦雯入选一零大最涨姿势歌曲,1,True,True,1.0,0.35,0.0,1.0,-0.48039674758911133,0.0,0.7767126113176346,0.0,0.0,0,,李玉刚张学友黄琦雯陆选伊凌大岁长思史歌曲
122,李玉刚张学友黄琦雯入选一零大最涨姿势歌曲,2,False,False,0.0,0.45,0.6666666666666666,0.9683122808280252,-0.483230859041214,0.0,0.7767126113176346,0.0,0.0,0,,李玉刚张学友黄奇文陆选伊凌大岁长司史歌曲
122,李玉刚张学友黄琦雯入选一零大最涨姿势歌曲,3,False,False,0.0,0.45,0.6666666666666666,0.7659393256000864,-0.5013308525085449,0.0,0.7767126113176346,0.0,0.0,0,,李玉刚张学友黄奇文陆选10大岁掌诗史歌曲
122,李玉刚张学友黄琦雯入选一零大最涨姿势歌曲,4,False,False,0.0,0.45,0.6666666666666666,0.6834426944007933,-0.5087092518806458,0.0,0.7767126113176346,0.0,0.0,0,,李玉刚张学友黄奇文陆选伊凌大岁长四史歌曲
122,李玉刚张学友黄琦雯入选一零大最涨姿势歌曲,5,False,False,0.0,0.45,0.6666666666666666,0.6715216049752954,-0.5097754597663879,0.0,0.7767126113176346,0.0,0.0,0,,李玉刚张学友黄奇文陆选10大岁掌私使歌曲
122,李玉刚张学友黄琦雯入选一零大最涨姿势歌曲,6,False,False,0.0,0.45,0.6666666666666666,0.5572742770240461,-0.5199936032295227,0.0,0.7767126113176346,0.0,0.0,0,,李玉刚张学友黄奇文陆选伊凌大岁长四十歌曲
122,李玉刚张学友黄琦雯入选一零大最涨姿势歌曲,7,False,False,0.0,0.45,0.6666666666666666,0.5385222860661605,-0.5216707587242126,0.0,0.7767126113176346,0.0,0.0,0,,李玉刚张学友黄奇文陆选伊凌大岁长思始歌曲
122,李玉刚张学友黄琦雯入选一零大最涨姿势歌曲,8,False,False,0.0,0.45,0.6666666666666666,0.48378044082973126,-0.5265668034553528,0.0,0.7767126113176346,0.0,0.0,0,,李玉刚张学友黄奇文陆选10大岁长思史歌曲
122,李玉刚张学友黄琦雯入选一零大最涨姿势歌曲,9,False,False,0.0,0.45,0.6666666666666666,0.0,-0.5698355436325073,0.0,0.7767126113176346,0.0,0.0,0,,李玉刚张学友黄奇文陆选伊凌大岁长厮史歌曲
123,李玉刚新歌点击逾一亿网友李家每人只需半次,1,True,True,1.0,0.05,0.0,3.85,-0.31601038575172424,1.0,0.6880335211753845,1.0,0.35,9,李家,李玉刚新歌点击于一亿网友李家每人只需半次
123,李玉刚新歌点击逾一亿网友李家每人只需半次,2,False,False,1.0,0.05,1.0,3.5655726965887857,-0.3321009874343872,1.0,0.6880335211753845,1.0,0.35,9,李家,李玉刚新歌点击一亿网友李家每人只需半次
123,李玉刚新歌点击逾一亿网友李家每人只需半次,3,False,False,1.0,0.1,0.0,3.4955799296084424,-0.33606061339378357,1.0,0.6880335211753845,1.0,0.35,9,李家,李玉刚新歌点击于1亿网友李家每人只需半次
123,李玉刚新歌点击逾一亿网友李家每人只需半次,4,False,False,1.0,0.15,0.0,3.4724337399031415,-0.33737003803253174,1.0,0.6880335211753845,1.0,0.35,9,李家,李玉刚新歌点击于一亿网友李家美人只需半词
123,李玉刚新歌点击逾一亿网友李家每人只需半次,5,False,False,1.0,0.1,1.0,3.440679045157117,-0.33916646242141724,1.0,0.6880335211753845,1.0,0.35,9,李家,李玉刚新歌点击亿网友李家每人只需半次
123,李玉刚新歌点击逾一亿网友李家每人只需半次,6,False,False,1.0,0.1,0.0,3.183640284495261,-0.3537076413631439,1.0,0.6880335211753845,1.0,0.35,9,李家,李玉刚新歌点击于一亿网友李家每人只需半词
123,李玉刚新歌点击逾一亿网友李家每人只需半次,7,False,False,1.0,0.15,1.0,2.9120243288648058,-0.3690734803676605,1.0,0.6880335211753845,1.0,0.35,9,李家,李玉刚新歌点击亿网友李家每人只需半词
123,李玉刚新歌点击逾一亿网友李家每人只需半次,8,False,False,1.0,0.15,0.0,2.8642605857323553,-0.3717755675315857,1.0,0.6880335211753845,1.0,0.35,9,李家,李玉刚新歌点击于1亿网友李家每人只需半词
123,李玉刚新歌点击逾一亿网友李家每人只需半次,9,False,False,1.0,0.1,1.0,2.85,-0.3725823163986206,1.0,0.6880335211753845,1.0,0.35,9,李家,李玉刚新歌点击一亿网友李家每人只需半词
124,李玉刚饰演的杨贵妃被指芳华绝代说到神曲,1,True,False,1.0,0.05263157894736842,0.0,3.85,-0.1661713421344757,1.0,0.6905481219291687,1.0,0.35,5,杨贵妃,李玉刚饰演的杨贵妃被指芳华绝代说道神曲
124,李玉刚饰演的杨贵妃被指芳华绝代说到神曲,2,False,False,1.0,0.10526315789473684,0.0,3.333558581418037,-0.20681162178516388,1.0,0.6905481219291687,1.0,0.35,5,杨贵妃,李玉刚饰演的杨贵妃被指芳华绝代说道神趣
124,李玉刚饰演的杨贵妃被指芳华绝代说到神曲,3,False,True,1.0,0.0,0.0,3.0158542561700528,-0.23181270062923431,1.0,0.6905481219291687,1.0,0.35,5,杨贵妃,李玉刚饰演的杨贵妃被指芳华绝代说到神曲
124,李玉刚饰演的杨贵妃被指芳华绝代说到神曲,4,False,False,1.0,0.10526315789473684,0.0,2.974230068896147,-0.23508822917938232,1.0,0.6905481219291687,1.0,0.35,5,杨贵妃,李玉刚饰演的杨贵妃被指芳华绝代说道神奇
124,李玉刚饰演的杨贵妃被指芳华绝代说到神曲,5,False,False,1.0,0.10526315789473684,0.0,2.85,-0.24486425518989563,1.0,0.6905481219291687,1.0,0.35,5,杨贵妃,李玉刚饰演的杨贵妃被指繁华绝代说道神曲
125,今久整合营销集团迎来了它的十岁生日,1,True,False,1.0,0.17647058823529413,0.0,3.85,-0.946234941482544,2.0,0.6927633285522461,1.0,0.35,5,今久整合营销集团;今久,今久整合营销集团迎来了她的10岁生日
125,今久整合营销集团迎来了它的十岁生日,2,False,False,1.0,0.058823529411764705,0.0,3.6007911824084684,-0.9636576175689697,2.0,0.6927633285522461,1.0,0.35,5,今久整合营销集团;今久,今久整合营销集团迎来了她的十岁生日
125,今久整合营销集团迎来了它的十岁生日,3,False,False,1.0,0.11764705882352941,0.0,3.1893055669231187,-0.9924253821372986,2.0,0.6927633285522461,1.0,0.35,5,今久整合营销集团;今久,今久整合营销集团迎来了它的10岁生日
125,今久整合营销集团迎来了它的十岁生日,4,False,True,1.0,0.0,0.0,2.943688615157964,-1.0095969438552856,2.0,0.6927633285522461,1.0,0.35,5,今久整合营销集团;今久,今久整合营销集团迎来了它的十岁生日
125,今久整合营销集团迎来了它的十岁生日,5,False,False,1.0,0.058823529411764705,0.0,2.85,-1.0161468982696533,2.0,0.6927633285522461,1.0,0.35,5,今久整合营销集团;今久,今久整合营销集团迎来了他的十岁生日
126,今久从最初的几十个人,1,True,True,1.0,0.0,0.0,3.2164041195299355,-0.5905821323394775,1.0,0.677949845790863,0.2,0.06999999999999999,2,今久,今久从最初的几十个人
126,今久从最初的几十个人,2,False,False,1.0,0.1,0.0,2.57,-0.9721868634223938,1.0,0.677949845790863,0.2,0.06999999999999999,2,今久,今久同最初的几十个人
126,今久从最初的几十个人,3,False,False,0.0,0.2,1.0,1.0,-0.38183677196502686,0.0,0.7909414867560067,0.0,0.0,0,,金九从最初的几十个人
126,今久从最初的几十个人,4,False,False,0.0,0.1,0.5,0.8271612473245561,-0.4838721454143524,0.0,0.0,0.0,0.0,0,,京久从最初的几十个人
126,今久从最初的几十个人,5,False,False,0.0,0.2,1.0,0.8269383167998242,-0.4840037524700165,0.0,0.0,0.0,0.0,0,,荆九从最初的几十个人
126,今久从最初的几十个人,6,False,False,0.0,0.1,0.5,0.33032134809157637,-0.7771816253662109,0.0,0.0,0.0,0.0,0,,荆久从最初的几十个人
127,今久商品房销售额首次上涨,1,True,True,1.0,0.0,0.0,3.85,-0.18184086680412292,1.0,0.6739131808280945,1.0,0.35,2,今久,今久商品房销售额首次上涨
127,今久商品房销售额首次上涨,2,False,False,1.0,0.08333333333333333,0.0,2.85,-0.42849797010421753,1.0,0.6739131808280945,1.0,0.35,2,今久,今久商品坊销售额首次上涨
128,德佑链家市场研究部总监陆骑麟表示,1,True,True,1.0,0.0,0.0,1.0,-0.2801831066608429,0.0,0.7770166397094727,0.0,0.0,0,,德佑链家市场研究部总监陆骑麟表示
128,德佑链家市场研究部总监陆骑麟表示,2,False,False,0.0,0.125,0.6666666666666666,0.9286093633806479,-0.31677913665771484,0.0,0.7770166397094727,0.0,0.0,0,,德佑链家市场研究部总监陆七林表示
128,德佑链家市场研究部总监陆骑麟表示,3,False,False,0.0,0.0625,0.3333333333333333,0.8200214516259092,-0.3724431097507477,0.0,0.7770166397094727,0.0,0.0,0,,德佑链家市场研究部总监陆祺麟表示
128,德佑链家市场研究部总监陆骑麟表示,4,False,False,0.0,0.125,0.6666666666666666,0.808225906120155,-0.3784897029399872,0.0,0.0,0.0,0.0,0,,德佑链家市场研究部总监陆七菱表示
128,德佑链家市场研究部总监陆骑麟表示,5,False,False,0.0,0.125,0.6666666666666666,0.781949205028836,-0.3919595777988434,0.0,0.7770166397094727,0.0,0.0,0,,德佑链家市场研究部总监陆祺林表示
128,德佑链家市场研究部总监陆骑麟表示,6,False,False,0.0,0.125,0.6666666666666666,0.7792603973788994,-0.3933379054069519,0.0,0.0,0.0,0.0,0,,德佑链家市场研究部总监陆七铃表示
128,德佑链家市场研究部总监陆骑麟表示,7,False,False,0.0,0.125,0.6666666666666666,0.7703322583490155,-0.3979146182537079,0.0,0.0,0.0,0.0,0,,德佑链家市场研究部总监陆七零表示
128,德佑链家市场研究部总监陆骑麟表示,8,False,False,0.0,0.1875,0.6666666666666666,0.616343094856034,-0.47685202956199646,0.0,0.7770166397094727,0.0,0.0,0,,德右链家市场研究部总监陆七林表示
128,德佑链家市场研究部总监陆骑麟表示,9,False,False,0.0,0.25,0.6666666666666666,0.36664804130516443,-0.6048498749732971,0.0,0.7770166397094727,0.0,0.0,0,,德佑廉价市场研究部总监陆七林表示
128,德佑链家市场研究部总监陆骑麟表示,10,False,False,0.0,0.0625,0.3333333333333333,0.0,-0.7927997708320618,0.0,0.7770166397094727,0.0,0.0,0,,德佑链家市场研究部总监陆骑林表示
130,本报记者曹志为王婷王颖春来源中国证券报,1,True,True,1.0,0.05263157894736842,0.0,2.9528305236960697,-0.9346441626548767,3.0,0.6904742121696472,1.0,0.35,7,王婷;曹志;中国证券报,本报记者曹志卫王婷王颖春来源中国证券报
130,本报记者曹志为王婷王颖春来源中国证券报,2,False,False,1.0,0.05263157894736842,0.0,2.8902715672576194,-1.0119003057479858,4.0,0.6904742121696472,1.0,0.35,7,王婷;曹志;中国证券报;王颖春,本报记者曹志卫王婷王颖春来源中国证券报
130,本报记者曹志为王婷王颖春来源中国证券报,3,False,False,1.0,0.05263157894736842,0.0,2.873827664822207,-1.0132240056991577,4.0,0.6904742121696472,1.0,0.35,7,王婷;曹志;中国证券报;王颖春,本报记者曹志魏王婷王颖春来源中国证券报
130,本报记者曹志为王婷王颖春来源中国证券报,4,False,False,0.75,0.10526315789473684,0.08333333333333333,2.774355968135662,-0.9485552906990051,3.0,0.6904742121696472,1.0,0.35,7,王婷;曹志;王颖春,本报记者曹志魏王婷王颖春来源中国政券报
130,本报记者曹志为王婷王颖春来源中国证券报,5,False,False,0.75,0.10526315789473684,0.08333333333333333,2.6290442351950634,-0.960252583026886,3.0,0.6904742121696472,1.0,0.35,7,王婷;曹志;王颖春,本报记者曹志卫王婷王颖春来源中国政券报
130,本报记者曹志为王婷王颖春来源中国证券报,6,False,False,0.5,0.21052631578947367,0.25,1.8853965958574812,-0.9478943943977356,2.0,0.6904742121696472,1.0,0.35,7,王婷;曹志,本报记者曹志卫王婷王影春来源中国政权报
130,本报记者曹志为王婷王颖春来源中国证券报,7,False,False,0.5,0.15789473684210525,0.16666666666666666,1.0499999999999998,-1.0151420831680298,2.0,0.6904742121696472,1.0,0.35,7,王婷;曹志,本报记者曹志卫王婷王影春来源中国政券报
131,而苹果虽有可能卖出不少手表给忠实的粉丝,1,True,True,1.0,0.0,0.0,3.85,-0.17942659556865692,1.0,0.6750937700271606,1.0,0.35,3,苹果,而苹果虽有可能卖出不少手表给忠实的粉丝
131,而苹果虽有可能卖出不少手表给忠实的粉丝,2,False,False,1.0,0.05263157894736842,1.0,3.136365298985004,-0.29655906558036804,1.0,0.6750937700271606,1.0,0.35,3,苹果,苹果虽有可能卖出不少手表给忠实的粉丝
131,而苹果虽有可能卖出不少手表给忠实的粉丝,3,False,False,1.0,0.10526315789473684,1.0,2.85,-0.34356164932250977,1.0,0.6750937700271606,1.0,0.35,3,苹果,苹果虽有可能卖出不少手表给忠实粉丝
132,成飞机成业绩增长主要是由于锂电需求增长,1,True,True,1.0,0.10526315789473684,0.0,1.0,-0.380838543176651,0.0,0.8013180593649545,0.0,0.0,0,,成飞机乘业绩增长主要是由于理电需求增长
132,成飞机成业绩增长主要是由于锂电需求增长,2,False,False,0.0,0.21052631578947367,0.5,0.33976881105164924,-0.422911673784256,0.0,0.8013180593649545,0.0,0.0,0,,乘飞机乘业绩增长主要是由于旅店需求增长
132,成飞机成业绩增长主要是由于锂电需求增长,3,False,False,0.0,0.21052631578947367,0.5,0.0,-0.4445633888244629,0.0,0.8013180593649545,0.0,0.0,0,,乘飞机乘业绩增长主要是由于理电需求增涨
133,上述成飞集成人士表示,1,True,True,1.0,0.2,0.0,1.0,-0.15564073622226715,0.0,0.8021158774693806,0.0,0.0,0,,上述成飞机乘人士表示
133,上述成飞集成人士表示,2,False,False,0.0,0.2,0.5,0.6572121159662545,-0.42827871441841125,0.0,0.8021158774693806,0.0,0.0,0,,上述乘飞机成人士表示
133,上述成飞集成人士表示,3,False,False,0.0,0.3,0.5,0.49946189585062245,-0.5537461042404175,0.0,0.8021158774693806,0.0,0.0,0,,上述承飞机承人士表示
133,上述成飞集成人士表示,4,False,False,0.0,0.3,0.5,0.4289759571622521,-0.6098074316978455,0.0,0.8021158774693806,0.0,0.0,0,,上述程飞机乘人士表示
133,上述成飞集成人士表示,5,False,False,0.0,0.3,0.5,0.0,-0.9509955048561096,0.0,0.8021158774693806,0.0,0.0,0,,上述程飞机程人士表示
134,上述成飞集成人士告诉记者,1,True,True,1.0,0.16666666666666666,0.0,1.0,-0.2782631516456604,0.0,0.8037795225779214,0.0,0.0,0,,上述成飞机乘人士告诉记者
134,上述成飞集成人士告诉记者,2,False,False,0.0,0.3333333333333333,0.5,0.25246314008322157,-0.7299141883850098,0.0,0.0,0.0,0.0,0,,上述陈飞及陈仁士告诉记者
134,上述成飞集成人士告诉记者,3,False,False,0.0,0.25,0.5,0.09446958941565244,-0.8253716230392456,0.0,0.0,0.0,0.0,0,,上述陈飞及陈人士告诉记者
134,上述成飞集成人士告诉记者,4,False,False,0.0,0.4166666666666667,0.5,0.09026076221374268,-0.8279145359992981,0.0,0.0,0.0,0.0,0,,上述陈飞及陈仁势告诉记者
134,上述成飞集成人士告诉记者,5,False,False,0.0,0.3333333333333333,0.5,0.0,-0.8824487924575806,0.0,0.0,0.0,0.0,0,,上述陈飞及陈人势告诉记者
135,成飞集成与常州市金坛区政府合作的项目将分三期完成,1,True,True,1.0,0.08333333333333333,0.0,3.5835540974421187,-0.21348370611667633,1.0,0.6900468468666077,0.5,0.175,4,成飞,成飞集成与长洲市金坛区政府合作的项目将分三期完成
135,成飞集成与常州市金坛区政府合作的项目将分三期完成,2,False,False,0.5,0.041666666666666664,0.25,3.5646182900340913,-0.21976448595523834,1.0,0.6900468468666077,0.5,0.175,4,成飞,成飞集成与常州市金潭区政府合作的项目将分三期完成
135,成飞集成与常州市金坛区政府合作的项目将分三期完成,3,False,False,0.5,0.16666666666666666,0.25,2.7525209212333017,-0.48912742733955383,1.0,0.6900468468666077,0.5,0.175,4,成飞,成飞吉成与长洲市金潭区政府合作的项目将分三期完成
135,成飞集成与常州市金坛区政府合作的项目将分三期完成,4,False,False,0.5,0.08333333333333333,0.25,2.675,-0.5148401856422424,1.0,0.6900468468666077,0.5,0.175,4,成飞,成飞吉成与常州市金潭区政府合作的项目将分三期完成
135,成飞集成与常州市金坛区政府合作的项目将分三期完成,5,False,False,0.0,0.16666666666666666,0.5,1.0,-0.1831521987915039,0.0,0.6882476210594177,0.0,0.0,0,,承飞集成与长洲市金潭区政府合作的项目将分三期完成
135,成飞集成与常州市金坛区政府合作的项目将分三期完成,6,False,False,0.0,0.16666666666666666,0.5,0.8893795124030491,-0.21984368562698364,0.0,0.6882476210594177,0.0,0.0,0,,程飞集成与长洲市金潭区政府合作的项目将分三期完成
135,成飞集成与常州市金坛区政府合作的项目将分三期完成,7,False,False,0.0,0.16666666666666666,0.5,0.8669442087866215,-0.2272852063179016,0.0,0.6882476210594177,0.0,0.0,0,,城飞集成与长洲市金潭区政府合作的项目将分三期完成
136,上述成飞集成人士告诉记者,1,True,True,1.0,0.0,0.0,3.71,-0.3745865523815155,1.0,0.6894440650939941,0.6,0.21,4,成飞,上述成飞集成人士告诉记者
136,上述成飞集成人士告诉记者,2,False,False,1.0,0.08333333333333333,0.0,3.5599120027803997,-0.4189237356185913,1.0,0.6894440650939941,0.6,0.21,4,成飞,上述成飞籍成人士告诉记者
136,上述成飞集成人士告诉记者,3,False,False,1.0,0.16666666666666666,0.0,3.5041099115286194,-0.4354081153869629,1.0,0.6894440650939941,0.6,0.21,4,成飞,上述成飞机乘人士告诉记者
136,上述成飞集成人士告诉记者,4,False,False,1.0,0.16666666666666666,0.0,3.377740960801514,-0.47273850440979004,1.0,0.6894440650939941,0.6,0.21,4,成飞,上述成飞机程人士告诉记者
136,上述成飞集成人士告诉记者,5,False,False,0.0,0.08333333333333333,0.5,0.02129951388408983,-0.6637024283409119,0.0,0.8043514092763264,0.0,0.0,0,,上述乘飞集成人士告诉记者
136,上述成飞集成人士告诉记者,6,False,False,0.0,0.08333333333333333,0.5,0.0,-0.6699944734573364,0.0,0.8043514092763264,0.0,0.0,0,,上述程飞集成人士告诉记者
137,同詹姆斯昔年头号强敌卡梅隆安东尼如出一辙,1,True,False,1.0,0.05,0.0,3.85,-0.3228954076766968,1.0,0.6901022791862488,1.0,0.35,6,安东尼,同詹姆斯昔年头号墙敌卡梅隆安东尼如出一辙
137,同詹姆斯昔年头号强敌卡梅隆安东尼如出一辙,2,False,True,1.0,0.0,0.0,3.790112285817029,-0.3302360773086548,1.0,0.6901022791862488,1.0,0.35,6,安东尼,同詹姆斯昔年头号强敌卡梅隆安东尼如出一辙
137,同詹姆斯昔年头号强敌卡梅隆安东尼如出一辙,3,False,False,1.0,0.05,0.0,3.4760827830115857,-0.3687278926372528,1.0,0.6901022791862488,1.0,0.35,6,安东尼,同詹姆斯昔年头号抢敌卡梅隆安东尼如出一辙
137,同詹姆斯昔年头号强敌卡梅隆安东尼如出一辙,4,False,False,1.0,0.1,0.0,3.2393812560829995,-0.39774131774902344,1.0,0.6901022791862488,1.0,0.35,6,安东尼,同詹姆斯昔年投奥强敌卡梅隆安东尼如出一辙
137,同詹姆斯昔年头号强敌卡梅隆安东尼如出一辙,5,False,False,1.0,0.05,0.0,2.921406602207641,-0.4367167055606842,1.0,0.6901022791862488,1.0,0.35,6,安东尼,同詹姆斯昔年投号强敌卡梅隆安东尼如出一辙
137,同詹姆斯昔年头号强敌卡梅隆安东尼如出一辙,6,False,False,1.0,0.05,0.0,2.85,-0.44546929001808167,1.0,0.6901022791862488,1.0,0.35,6,安东尼,与詹姆斯昔年头号强敌卡梅隆安东尼如出一辙
138,展示出了如同其偶像安东尼一样的全面犀利,1,True,True,1.0,0.0,0.0,3.85,-0.2508269250392914,1.0,0.6831198334693909,1.0,0.35,4,安东尼,展示出了如同其偶像安东尼一样的全面犀利
138,展示出了如同其偶像安东尼一样的全面犀利,2,False,False,1.0,0.05263157894736842,0.0,2.956423618717745,-0.4204055070877075,1.0,0.6831198334693909,1.0,0.35,4,安东尼,展示出了如同其偶像安东尼一样全面犀利
138,展示出了如同其偶像安东尼一样的全面犀利,3,False,False,1.0,0.10526315789473684,0.0,2.9003213277684576,-0.4310523271560669,1.0,0.6831198334693909,1.0,0.35,4,安东尼,展示出了如同其偶像安东尼一样的全面吸力
138,展示出了如同其偶像安东尼一样的全面犀利,4,False,False,1.0,0.05263157894736842,0.0,2.85,-0.44060206413269043,1.0,0.6831198334693909,1.0,0.35,4,安东尼,显示出了如同其偶像安东尼一样的全面犀利
139,冠军皆由麦格理集团获得,1,True,True,1.0,0.0,0.0,3.5,-0.8285487294197083,1.0,0.6927677392959595,0.0,0.0,0,,冠军皆由麦格理集团获得
139,冠军皆由麦格理集团获得,2,False,False,0.0,0.09090909090909091,0.2,0.23954464983621926,-0.9347246885299683,0.0,0.7504983842372894,0.0,0.0,0,,冠军皆由麦格里集团获得
139,冠军皆由麦格理集团获得,3,False,False,0.0,0.09090909090909091,0.2,0.0,-0.9681702852249146,0.0,0.7504983842372894,0.0,0.0,0,,冠军皆由麦格李集团获得
140,她就是因伤未能随队参加本次赛事的徐云丽,1,True,True,1.0,0.0,0.0,1.0,-0.30026593804359436,0.0,0.774232305586338,0.0,0.0,0,,她就是因伤未能随队参加本次赛事的徐云丽
140,她就是因伤未能随队参加本次赛事的徐云丽,2,False,False,0.0,0.05263157894736842,0.3333333333333333,0.9492435409486047,-0.3095950484275818,0.0,0.774232305586338,0.0,0.0,0,,她就是因伤未能随队参加本次赛事的徐昀丽
140,她就是因伤未能随队参加本次赛事的徐云丽,3,False,False,0.0,0.05263157894736842,0.3333333333333333,0.803987221097933,-0.33629336953163147,0.0,0.774232305586338,0.0,0.0,0,,她就是因伤未能随队参加本次赛事的徐韵丽
140,她就是因伤未能随队参加本次赛事的徐云丽,4,False,False,0.0,0.05263157894736842,0.3333333333333333,0.6912127455652368,-0.3570214807987213,0.0,0.774232305586338,0.0,0.0,0,,她就是因伤未能随队参加本次赛事的徐匀丽
140,她就是因伤未能随队参加本次赛事的徐云丽,5,False,False,0.0,0.05263157894736842,0.3333333333333333,0.061453268525411144,-0.47277218103408813,0.0,0.0,0.0,0.0,0,,她就是因伤未能随队参加本次赛事的徐于丽
140,她就是因伤未能随队参加本次赛事的徐云丽,6,False,False,0.0,0.05263157894736842,0.3333333333333333,0.014844618104395841,-0.4813389182090759,0.0,0.0,0.0,0.0,0,,她就是因伤未能随队参加本次赛事的徐岩丽
140,她就是因伤未能随队参加本次赛事的徐云丽,7,False,False,0.0,0.05263157894736842,0.3333333333333333,0.0,-0.4840673804283142,0.0,0.0,0.0,0.0,0,,她就是因伤未能随队参加本次赛事的徐宇丽
141,那就是姑娘们高举起惠若琪徐云丽和杨方旭的球衣,1,True,False,1.0,0.045454545454545456,0.0,3.85,-0.687565803527832,2.0,0.6905980706214905,1.0,0.35,8,徐云丽;惠若琪,那就是姑娘们高举起惠若琪徐云丽和杨方旭的囚衣
141,那就是姑娘们高举起惠若琪徐云丽和杨方旭的球衣,2,False,False,1.0,0.09090909090909091,0.0,3.5752296680748974,-0.7063791155815125,2.0,0.6905980706214905,1.0,0.35,8,徐云丽;惠若琪,那就是姑娘们高举起惠若琪徐云丽和杨方绪的囚衣
141,那就是姑娘们高举起惠若琪徐云丽和杨方旭的球衣,3,False,False,1.0,0.09090909090909091,0.0,3.2891380689687595,-0.7259675860404968,2.0,0.6905980706214905,1.0,0.35,8,徐云丽;惠若琪,那就是姑娘们高举起惠若琪徐云丽和杨方序的囚衣
141,那就是姑娘们高举起惠若琪徐云丽和杨方旭的球衣,4,False,False,1.0,0.09090909090909091,0.0,3.2838739626524407,-0.7263280153274536,2.0,0.6905980706214905,1.0,0.35,8,徐云丽;惠若琪,那就是姑娘们高举起惠若琪徐云丽和杨方胥的囚衣
141,那就是姑娘们高举起惠若琪徐云丽和杨方旭的球衣,5,False,True,1.0,0.0,0.0,3.034075708417086,-0.7434315085411072,2.0,0.6905980706214905,1.0,0.35,8,徐云丽;惠若琪,那就是姑娘们高举起惠若琪徐云丽和杨方旭的球衣
141,那就是姑娘们高举起惠若琪徐云丽和杨方旭的球衣,6,False,False,1.0,0.09090909090909091,0.0,2.85,-0.7560350298881531,2.0,0.6905980706214905,1.0,0.35,8,徐云丽;惠若琪,那就是姑娘们高举起惠若琪徐云丽和杨方须的囚衣
141,那就是姑娘们高举起惠若琪徐云丽和杨方旭的球衣,7,False,False,0.5,0.18181818181818182,0.16666666666666666,1.0897309882365027,-0.705386221408844,1.0,0.6883506774902344,1.0,0.35,8,惠若琪,那就是姑娘们高举起惠若琪徐宇丽和杨芳絮的囚衣
141,那就是姑娘们高举起惠若琪徐云丽和杨方旭的球衣,8,False,False,0.5,0.18181818181818182,0.16666666666666666,0.9319566596995098,-0.716188907623291,1.0,0.6883506774902344,1.0,0.35,8,惠若琪,那就是姑娘们高举起惠若琪徐宇丽和杨芳绪的囚衣
142,徐云丽透露在赛前队友曾经给自己发了一条短信,1,True,True,1.0,0.0,0.0,1.0,-0.10790079832077026,0.0,0.7498272880911827,0.0,0.0,0,,徐云丽透露在赛前队友曾经给自己发了一条短信
142,徐云丽透露在赛前队友曾经给自己发了一条短信,2,False,False,0.0,0.09523809523809523,0.6666666666666666,0.81362468248064,-0.19206039607524872,0.0,0.7498272880911827,0.0,0.0,0,,许韵丽透露在赛前队友曾经给自己发了一条短信
142,徐云丽透露在赛前队友曾经给自己发了一条短信,3,False,False,0.0,0.047619047619047616,0.3333333333333333,0.6723208784257904,-0.25586751103401184,0.0,0.0,0.0,0.0,0,,徐音丽透露在赛前队友曾经给自己发了一条短信
142,徐云丽透露在赛前队友曾经给自己发了一条短信,4,False,False,0.0,0.14285714285714285,1.0,0.495807965663822,-0.33557364344596863,0.0,0.0,0.0,0.0,0,,蓄意透露在赛前队友曾经给自己发了一条短信
142,徐云丽透露在赛前队友曾经给自己发了一条短信,5,False,False,0.0,0.047619047619047616,0.3333333333333333,0.3480427317303941,-0.4022984802722931,0.0,0.6628575722376505,0.0,0.0,0,,徐昱丽透露在赛前队友曾经给自己发了一条短信
142,徐云丽透露在赛前队友曾经给自己发了一条短信,6,False,False,0.0,0.047619047619047616,0.3333333333333333,0.0,-0.5594605803489685,0.0,0.6628575722376505,0.0,0.0,0,,徐宇丽透露在赛前队友曾经给自己发了一条短信
143,徐云丽最后动情地说,1,True,False,0.0,0.2222222222222222,0.6666666666666666,1.0,-0.6534647345542908,0.0,0.0,0.0,0.0,0,,徐韵玉最后动情地说
143,徐云丽最后动情地说,2,False,False,0.0,0.2222222222222222,0.6666666666666666,0.9730707658382205,-0.6694899201393127,0.0,0.0,0.0,0.0,0,,徐韵玲最后动情地说
143,徐云丽最后动情地说,3,False,False,0.0,0.3333333333333333,0.6666666666666666,0.4730766252889285,-0.9670289754867554,0.0,0.7662611827254295,0.0,0.0,0,,许云立最后动情的说
143,徐云丽最后动情地说,4,False,False,0.0,0.2222222222222222,0.6666666666666666,0.45740805344940855,-0.976353108882904,0.0,0.7662611827254295,0.0,0.0,0,,许云立最后动情地说
143,徐云丽最后动情地说,5,False,True,0.0,0.1111111111111111,0.3333333333333333,0.31049419608887174,-1.063779354095459,0.0,0.0,0.0,0.0,0,,徐宇丽最后动情地说
143,徐云丽最后动情地说,6,False,False,0.0,0.2222222222222222,0.6666666666666666,0.2947267647989442,-1.073162317276001,0.0,0.0,0.0,0.0,0,,徐宇俐最后动情地说
143,徐云丽最后动情地说,7,False,False,0.0,0.3333333333333333,0.6666666666666666,0.24858474233090552,-1.1006207466125488,0.0,0.0,0.0,0.0,0,,徐宇俐最后动情的说
143,徐云丽最后动情地说,8,False,False,0.0,0.2222222222222222,0.3333333333333333,0.23522078760833348,-1.1085734367370605,0.0,0.0,0.0,0.0,0,,徐宇丽最后动情的说
143,徐云丽最后动情地说,9,False,False,0.0,0.3333333333333333,1.0,0.0,-1.2485498189926147,0.0,0.0,0.0,0.0,0,,蓬佩奥最后动情地说
144,徐永昊的站立打击技术在该级别中堪称翘楚,1,True,True,1.0,0.10526315789473684,0.0,2.5,-0.3863043189048767,1.0,0.6895581483840942,0.0,0.0,0,,徐永昊的战力打击技术在该级别中堪称翘楚
144,徐永昊的站立打击技术在该级别中堪称翘楚,2,False,False,0.0,0.15789473684210525,0.3333333333333333,1.0,-0.33988797664642334,0.0,0.775752916932106,0.0,0.0,0,,徐勇昊的战力打击技术在该级别中堪称翘楚
145,最终又确定为科林哈迪,1,True,True,1.0,0.0,0.0,3.317025448961695,-1.0872656106948853,2.0,0.6924454569816589,1.0,0.35,3,科林,最终又确定为科林哈迪
145,最终又确定为科林哈迪,2,False,False,0.0,0.1,0.16666666666666666,1.35,-0.9406261444091797,1.0,0.6885734796524048,1.0,0.35,3,科林,最终又确定为科林哈狄
145,最终又确定为科林哈迪,3,False,False,0.0,0.1,0.16666666666666666,0.35,-1.2157602310180664,1.0,0.6885734796524048,1.0,0.35,3,科林,最终又确定为科林哈德
146,科林也退出了剧组,1,True,True,1.0,0.0,0.0,3.85,-0.5158522725105286,1.0,0.6776300072669983,1.0,0.35,2,科林,科林也退出了剧组
146,科林也退出了剧组,2,False,False,1.0,0.125,0.0,2.85,-0.9664465188980103,1.0,0.6776300072669983,1.0,0.35,2,科林,科林也退出了巨组
147,柯震东去年经历吸毒风波,1,True,False,0.0,0.09090909090909091,0.3333333333333333,3.129052307697348,-0.7343219518661499,1.0,0.6740770936012268,0.7777777777777778,0.2722222222222222,8,柯振东,柯振东去年经历吸毒风波
147,柯震东去年经历吸毒风波,2,False,False,0.0,0.2727272727272727,0.3333333333333333,3.007581835230054,-0.8089660406112671,1.0,0.6740770936012268,0.7777777777777778,0.2722222222222222,8,柯振东,柯振东去年经历希独风波
147,柯震东去年经历吸毒风波,3,False,False,0.0,0.2727272727272727,0.3333333333333333,2.975220457082595,-0.8288522362709045,1.0,0.6740770936012268,0.7777777777777778,0.2722222222222222,8,柯振东,柯振东去年经历西独风波
147,柯震东去年经历吸毒风波,4,False,False,0.0,0.18181818181818182,0.3333333333333333,2.972645882891734,-0.8304343223571777,1.0,0.6740770936012268,0.7777777777777778,0.2722222222222222,8,柯振东,柯振东去年经历西毒风波
147,柯震东去年经历吸毒风波,5,False,False,0.0,0.18181818181818182,0.3333333333333333,2.9518462759985518,-0.8432157635688782,1.0,0.6740770936012268,0.7777777777777778,0.2722222222222222,8,柯振东,柯振东去年经历稀毒风波
147,柯震东去年经历吸毒风波,6,False,False,0.0,0.18181818181818182,0.3333333333333333,2.945402808285825,-0.8471753001213074,1.0,0.6740770936012268,0.7777777777777778,0.2722222222222222,8,柯振东,柯振东去年经历析毒风波
147,柯震东去年经历吸毒风波,7,False,False,0.0,0.18181818181818182,0.3333333333333333,2.9101189300302153,-0.8688573837280273,1.0,0.6740770936012268,0.7777777777777778,0.2722222222222222,8,柯振东,柯振东去年经历悉毒风波
147,柯震东去年经历吸毒风波,8,False,False,0.0,0.2727272727272727,0.3333333333333333,2.772222222222222,-0.9535954594612122,1.0,0.6740770936012268,0.7777777777777778,0.2722222222222222,8,柯振东,柯振东去年经历西渎风波
147,柯震东去年经历吸毒风波,9,False,True,1.0,0.0,0.0,1.0,-0.3390914797782898,0.0,0.7583367303013802,0.0,0.0,0,,柯震东去年经历吸毒风波
147,柯震东去年经历吸毒风波,10,False,False,1.0,0.09090909090909091,0.0,0.8735057469369036,-0.4168227016925812,0.0,0.7583367303013802,0.0,0.0,0,,柯震东去年经历稀毒风波
148,诸葛紫岐十日晚出席活动时表示,1,True,True,1.0,0.0,0.0,1.0,-0.560509443283081,0.0,0.7593655884265901,0.0,0.0,0,,诸葛紫岐十日晚出席活动时表示
148,诸葛紫岐十日晚出席活动时表示,2,False,False,0.0,0.42857142857142855,1.0,0.9757673974523655,-0.5764542818069458,0.0,0.7593655884265901,0.0,0.0,0,,朱格子齐10日晚出席活动时表示
148,诸葛紫岐十日晚出席活动时表示,3,False,False,0.0,0.35714285714285715,0.75,0.9393083413199798,-0.6004440188407898,0.0,0.7593655884265901,0.0,0.0,0,,朱格子岐10日晚出席活动时表示
148,诸葛紫岐十日晚出席活动时表示,4,False,False,0.0,0.2857142857142857,1.0,0.9264606504421492,-0.6088976860046387,0.0,0.7593655884265901,0.0,0.0,0,,朱格子齐十日晚出席活动时表示
148,诸葛紫岐十日晚出席活动时表示,5,False,False,0.0,0.42857142857142855,1.0,0.8504503019224114,-0.6589118242263794,0.0,0.7593655884265901,0.0,0.0,0,,朱格子奇10日晚出席活动时表示
148,诸葛紫岐十日晚出席活动时表示,6,False,False,0.0,0.21428571428571427,0.25,0.49449184093861365,-0.8931293487548828,0.0,0.7593655884265901,0.0,0.0,0,,诸葛子岐10日晚出席活动时表示
148,诸葛紫岐十日晚出席活动时表示,7,False,False,0.0,0.35714285714285715,1.0,0.0,-1.2185006141662598,0.0,0.0,0.0,0.0,0,,10日晚出席活动时表示
149,谢依霖穿着白色吊带裙,1,True,True,0.0,0.1,0.3333333333333333,1.0,-0.15942230820655823,0.0,0.715168185532093,0.0,0.0,0,,谢依林穿着白色吊带裙
149,谢依霖穿着白色吊带裙,2,False,False,0.0,0.2,0.6666666666666666,0.5407090820436604,-0.28091850876808167,0.0,0.715168185532093,0.0,0.0,0,,谢伊林穿着白色吊带裙
149,谢依霖穿着白色吊带裙,3,False,False,0.0,0.1,0.3333333333333333,0.49939838795009367,-0.2918464243412018,0.0,0.715168185532093,0.0,0.0,0,,谢宜霖穿着白色吊带裙
149,谢依霖穿着白色吊带裙,4,False,False,0.0,0.2,0.6666666666666666,0.37834807245301794,-0.3238678574562073,0.0,0.0,0.0,0.0,0,,谢宁穿着白色吊带裙
149,谢依霖穿着白色吊带裙,5,False,False,0.0,0.2,0.6666666666666666,0.3434934417526874,-0.3330879509449005,0.0,0.715168185532093,0.0,0.0,0,,谢伊琳穿着白色吊带裙
149,谢依霖穿着白色吊带裙,6,False,False,0.0,0.2,0.6666666666666666,0.27714002644389146,-0.3506404161453247,0.0,0.0,0.0,0.0,0,,谢伊龄穿着白色吊带裙
149,谢依霖穿着白色吊带裙,7,False,False,0.0,0.2,0.6666666666666666,0.2594647996113631,-0.35531604290008545,0.0,0.0,0.0,0.0,0,,谢伊凌穿着白色吊带裙
149,谢依霖穿着白色吊带裙,8,False,False,0.0,0.2,0.6666666666666666,0.2580600242086886,-0.3556876480579376,0.0,0.715168185532093,0.0,0.0,0,,谢宜琳穿着白色吊带裙
149,谢依霖穿着白色吊带裙,9,False,False,0.0,0.2,0.6666666666666666,0.16294932759150588,-0.3808472752571106,0.0,0.715168185532093,0.0,0.0,0,,谢宜林穿着白色吊带裙
149,谢依霖穿着白色吊带裙,10,False,False,0.0,0.2,0.6666666666666666,0.09812585453696601,-0.3979950249195099,0.0,0.0,0.0,0.0,0,,谢伶穿着白色吊带裙
149,谢依霖穿着白色吊带裙,11,False,False,0.0,0.2,0.6666666666666666,0.09113724055198694,-0.3998437225818634,0.0,0.0,0.0,0.0,0,,谢伊玲穿着白色吊带裙
149,谢依霖穿着白色吊带裙,12,False,False,0.0,0.2,0.3333333333333333,0.0,-0.42395225167274475,0.0,0.715168185532093,0.0,0.0,0,,谢依林穿白色吊带裙
150,也有网友发出疑问若是李玉刚演唱李的话,1,True,True,1.0,0.0,0.0,3.85,-0.3851334750652313,1.0,0.68879234790802,1.0,0.35,5,李的话,也有网友发出疑问若是李玉刚演唱李的话
150,也有网友发出疑问若是李玉刚演唱李的话,2,False,False,1.0,0.1111111111111111,0.0,3.3665688775108067,-0.43083062767982483,1.0,0.68879234790802,1.0,0.35,5,李的话,也有网友发出疑问若是黎昱刚演唱李的话
150,也有网友发出疑问若是李玉刚演唱李的话,3,False,False,1.0,0.1111111111111111,0.0,3.2488489149659974,-0.44195830821990967,1.0,0.68879234790802,1.0,0.35,5,李的话,也有网友发出疑问若是黎语刚演唱李的话
150,也有网友发出疑问若是李玉刚演唱李的话,4,False,False,1.0,0.05555555555555555,0.0,3.234025739408977,-0.44335949420928955,1.0,0.68879234790802,1.0,0.35,5,李的话,也有网友发出疑问若是李玉钢演唱李的话
150,也有网友发出疑问若是李玉刚演唱李的话,5,False,False,1.0,0.16666666666666666,0.0,2.85,-0.47966018319129944,1.0,0.68879234790802,1.0,0.35,5,李的话,也有网友发出疑问若是黎语冈演唱李的话
151,更有全球李氏宗亲大会将其列为祭祖主题曲,1,True,False,1.0,0.10526315789473684,0.0,2.6166666666666667,-1.5350162982940674,2.0,0.6759675741195679,0.3333333333333333,0.11666666666666665,4,李氏,更有全球李氏钟欣大会将其列为祭祖主题曲
151,更有全球李氏宗亲大会将其列为祭祖主题曲,2,False,True,1.0,0.0,0.0,2.4880230258185123,-0.4458983838558197,1.0,0.6740497946739197,0.3333333333333333,0.11666666666666665,4,李氏,更有全球李氏宗亲大会将其列为祭祖主题曲
151,更有全球李氏宗亲大会将其列为祭祖主题曲,3,False,False,1.0,0.05263157894736842,0.0,2.3918977941151667,-0.5809669494628906,1.0,0.6740497946739197,0.3333333333333333,0.11666666666666665,4,李氏,更有全球李氏宗卿大会将其列为祭祖主题曲
151,更有全球李氏宗亲大会将其列为祭祖主题曲,4,False,False,1.0,0.10526315789473684,0.0,2.068035811199338,-1.0360355377197266,1.0,0.6740497946739197,0.3333333333333333,0.11666666666666665,4,李氏,更有全球李氏钟卿大会将其列为祭祖主题曲
151,更有全球李氏宗亲大会将其列为祭祖主题曲,5,False,False,0.0,0.10526315789473684,1.0,1.0,-0.12988506257534027,0.0,0.7863914271195729,0.0,0.0,0,,更有全球理事宗亲大会将其列为祭祖主题曲
151,更有全球李氏宗亲大会将其列为祭祖主题曲,6,False,False,0.0,0.21052631578947367,1.0,0.8742282887107862,-0.3066108226776123,0.0,0.7863914271195729,0.0,0.0,0,,更有全球理事综卿大会将其列为祭祖主题曲
151,更有全球李氏宗亲大会将其列为祭祖主题曲,7,False,False,0.0,0.15789473684210525,1.0,0.8691527167089016,-0.31374266743659973,0.0,0.7863914271195729,0.0,0.0,0,,更有全球理事宗卿大会将其列为祭祖主题曲
151,更有全球李氏宗亲大会将其列为祭祖主题曲,8,False,False,0.0,0.05263157894736842,0.5,0.854497982173534,-0.33433449268341064,0.0,0.7863914271195729,0.0,0.0,0,,更有全球里氏宗亲大会将其列为祭祖主题曲
151,更有全球李氏宗亲大会将其列为祭祖主题曲,9,False,False,0.0,0.10526315789473684,0.5,0.7503463029870135,-0.48068127036094666,0.0,0.7863914271195729,0.0,0.0,0,,更有全球里氏宗卿大会将其列为祭祖主题曲
151,更有全球李氏宗亲大会将其列为祭祖主题曲,10,False,False,0.0,0.21052631578947367,1.0,0.5926173858718222,-0.702311098575592,0.0,0.7863914271195729,0.0,0.0,0,,更有全球理事钟卿大会将其列为祭祖主题曲
152,大兴灭门案的凶犯李磊被执行死刑后,1,True,True,1.0,0.0625,0.0,3.85,-0.33813828229904175,1.0,0.6861404776573181,1.0,0.35,11,大兴,大兴灭门案的凶犯李累被执行死刑后
152,大兴灭门案的凶犯李磊被执行死刑后,2,False,False,1.0,0.0625,0.0,3.832345997729879,-0.3435939848423004,1.0,0.6861404776573181,1.0,0.35,11,大兴,大兴灭门案的凶犯李雷被执行死刑后
152,大兴灭门案的凶犯李磊被执行死刑后,3,False,False,1.0,0.125,0.0,3.649393509227551,-0.4001326858997345,1.0,0.6861404776573181,1.0,0.35,11,大兴,大兴灭门案凶犯李雷被执行死刑后
152,大兴灭门案的凶犯李磊被执行死刑后,4,False,False,1.0,0.125,0.0,3.6415642910114197,-0.40255218744277954,1.0,0.6861404776573181,1.0,0.35,11,大兴,大兴灭门案凶犯李累被执行死刑后
152,大兴灭门案的凶犯李磊被执行死刑后,5,False,False,1.0,0.0625,0.0,3.413726856383487,-0.4729619026184082,1.0,0.6861404776573181,1.0,0.35,11,大兴,大兴灭门案的凶犯李礼被执行死刑后
152,大兴灭门案的凶犯李磊被执行死刑后,6,False,False,1.0,0.0625,0.0,3.3418029719880153,-0.4951888918876648,1.0,0.6861404776573181,1.0,0.35,11,大兴,大兴灭门案的凶犯李懂被执行死刑后
152,大兴灭门案的凶犯李磊被执行死刑后,7,False,False,1.0,0.0625,0.0,3.3097142193106897,-0.5051054358482361,1.0,0.6861404776573181,1.0,0.35,11,大兴,大兴灭门案的凶犯李怼被执行死刑后
152,大兴灭门案的凶犯李磊被执行死刑后,8,False,False,1.0,0.125,0.0,3.0934270152148273,-0.5719457268714905,1.0,0.6861404776573181,1.0,0.35,11,大兴,大兴灭门案凶犯李怼被执行死刑后
152,大兴灭门案的凶犯李磊被执行死刑后,9,False,False,1.0,0.0625,0.0,3.0842728523775036,-0.5747746825218201,1.0,0.6861404776573181,1.0,0.35,11,大兴,大兴灭门案的凶犯李李被执行死刑后
152,大兴灭门案的凶犯李磊被执行死刑后,10,False,False,1.0,0.0625,0.0,3.034000563190668,-0.5903105735778809,1.0,0.6861404776573181,1.0,0.35,11,大兴,大兴灭门案的凶犯李惧被执行死刑后
152,大兴灭门案的凶犯李磊被执行死刑后,11,False,False,1.0,0.125,0.0,2.85,-0.6471731662750244,1.0,0.6861404776573181,1.0,0.35,11,大兴,大兴灭门案凶犯李李被执行死刑后
153,市二中院终审认定李家遗产共计八零零多万元,1,True,True,1.0,0.05,0.0,3.85,-0.33119234442710876,1.0,0.6837064027786255,1.0,0.35,5,李家,市二中院中审认定李家遗产共计八零零多万元
153,市二中院终审认定李家遗产共计八零零多万元,2,False,False,1.0,0.2,0.0,3.5830618174686992,-0.3470943570137024,1.0,0.6837064027786255,1.0,0.35,5,李家,市二中院中审认定李家遗产共计800多万元
153,市二中院终审认定李家遗产共计八零零多万元,3,False,False,1.0,0.1,0.0,3.3329068573180964,-0.3619965612888336,1.0,0.6837064027786255,1.0,0.35,5,李家,是二中院中审认定李家遗产共计八零零多万元
153,市二中院终审认定李家遗产共计八零零多万元,4,False,False,1.0,0.2,0.0,3.0057535865958345,-0.3814857006072998,1.0,0.6837064027786255,1.0,0.35,5,李家,市二中院中审认定李家遗产共计80多万元
153,市二中院终审认定李家遗产共计八零零多万元,5,False,False,1.0,0.25,0.0,2.85,-0.3907642364501953,1.0,0.6837064027786255,1.0,0.35,5,李家,是二中院中审认定李家遗产共计800多万元
154,李谷一曾怒揭东方歌舞团腐败事后被调离岗位,1,True,False,1.0,0.1,0.0,3.672226916338755,-0.44479697942733765,1.0,0.6886940002441406,0.8,0.27999999999999997,5,揭东方歌舞团,李五一从怒揭东方歌舞团腐败事后被调离岗位
154,李谷一曾怒揭东方歌舞团腐败事后被调离岗位,2,False,False,1.0,0.1,0.0,3.584284080071179,-0.45659154653549194,1.0,0.6886940002441406,0.8,0.27999999999999997,5,揭东方歌舞团,李武一从怒揭东方歌舞团腐败事后被调离岗位
154,李谷一曾怒揭东方歌舞团腐败事后被调离岗位,3,False,False,1.0,0.05,0.0,3.0367145964309112,-0.5300295352935791,1.0,0.6886940002441406,0.8,0.27999999999999997,5,揭东方歌舞团,李谷一从怒揭东方歌舞团腐败事后被调离岗位
154,李谷一曾怒揭东方歌舞团腐败事后被调离岗位,4,False,True,1.0,0.0,0.0,2.876639346375135,-0.5514982342720032,1.0,0.6886940002441406,0.8,0.27999999999999997,5,揭东方歌舞团,李谷一曾怒揭东方歌舞团腐败事后被调离岗位
154,李谷一曾怒揭东方歌舞团腐败事后被调离岗位,5,False,False,1.0,0.15,0.0,2.78,-0.5644591450691223,1.0,0.6886940002441406,0.8,0.27999999999999997,5,揭东方歌舞团,李武依从怒揭东方歌舞团腐败事后被调离岗位
154,李谷一曾怒揭东方歌舞团腐败事后被调离岗位,6,False,False,0.0,0.15,0.16666666666666666,1.0,-0.4303428530693054,0.0,0.6886940002441406,0.0,0.0,0,,李五一从怒歼东方歌舞团腐败事后被调离岗位
156,新京报快讯记者林野记者今天傍晚获悉,1,True,False,1.0,0.058823529411764705,0.0,3.675,-0.38298842310905457,1.0,0.6894328594207764,0.5,0.175,3,新京报,新京报快讯记者林也记者今天傍晚获悉
156,新京报快讯记者林野记者今天傍晚获悉,2,False,False,1.0,0.058823529411764705,0.0,3.548362944335647,-0.4568164646625519,1.0,0.6894328594207764,0.5,0.175,3,新京报,新京报快讯记者林冶记者今天傍晚获悉
156,新京报快讯记者林野记者今天傍晚获悉,3,False,True,1.0,0.0,0.0,3.546783392111788,-0.4577373266220093,1.0,0.6894328594207764,0.5,0.175,3,新京报,新京报快讯记者林野记者今天傍晚获悉
156,新京报快讯记者林野记者今天傍晚获悉,4,False,False,0.0,0.23529411764705882,1.0,0.4200419867770331,-0.7210977077484131,0.0,0.0,0.0,0.0,0,,快讯记者林也记者今天傍晚获悉
156,新京报快讯记者林野记者今天傍晚获悉,5,False,False,0.0,0.35294117647058826,1.0,0.0,-0.965977668762207,0.0,0.0,0.0,0.0,0,,快讯记者林也今天傍晚获悉
157,李银河的文学梦将出版虐恋小说三卷本,1,True,True,1.0,0.0,0.0,3.5,-0.3331003189086914,1.0,0.6687313914299011,0.0,0.0,0,,李银河的文学梦将出版虐恋小说三卷本
157,李银河的文学梦将出版虐恋小说三卷本,2,False,False,0.0,0.17647058823529413,1.0,0.0,-1.3795217275619507,1.0,0.647666871547699,0.0,0.0,0,,杨德合的文学梦将出版虐恋小说三卷本
158,权义澎湃资料李银河在现实中是柔软的,1,True,True,1.0,0.11764705882352941,0.0,2.5,-0.8250486254692078,1.0,0.6901018023490906,0.0,0.0,0,,权义彭派资料李银河在现实中是柔软的
158,权义澎湃资料李银河在现实中是柔软的,2,False,False,0.0,0.23529411764705882,0.8,1.0,-0.32619979977607727,0.0,0.8051187694072722,0.0,0.0,0,,权益澎湃资料理应和在现实中是柔软的
158,权义澎湃资料李银河在现实中是柔软的,3,False,False,0.5,0.17647058823529413,0.2,0.6397582257381431,-0.5059059858322144,0.0,0.8051187694072722,0.0,0.0,0,,权益彭派资料李银河在现实中是柔软的
158,权义澎湃资料李银河在现实中是柔软的,4,False,False,0.0,0.29411764705882354,0.6,0.477162561312665,-0.5870166420936584,0.0,0.8051187694072722,0.0,0.0,0,,权益彭派资料李莹和在现实中是柔软的
158,权义澎湃资料李银河在现实中是柔软的,5,False,False,0.5,0.17647058823529413,0.2,0.45476366018665015,-0.5981903076171875,0.0,0.8051187694072722,0.0,0.0,0,,权亦彭派资料李银河在现实中是柔软的
158,权义澎湃资料李银河在现实中是柔软的,6,False,False,0.0,0.29411764705882354,0.6,0.42097204250609177,-0.6150472164154053,0.0,0.8051187694072722,0.0,0.0,0,,权益彭派资料李迎和在现实中是柔软的
158,权义澎湃资料李银河在现实中是柔软的,7,False,False,0.0,0.29411764705882354,0.6,0.2899933799676902,-0.6803857684135437,0.0,0.8051187694072722,0.0,0.0,0,,权亦彭派资料李莹和在现实中是柔软的
159,李银河写虐恋不会伤害小波,1,True,False,0.0,0.3333333333333333,1.0,1.0,-0.3066041171550751,0.0,0.0,0.0,0.0,0,,零和谐虐恋不会伤害小波
159,李银河写虐恋不会伤害小波,2,False,False,0.0,0.3333333333333333,1.0,0.7798999553299117,-0.4399816691875458,0.0,0.0,0.0,0.0,0,,凌何显虐恋不会伤害小波
159,李银河写虐恋不会伤害小波,3,False,False,0.0,0.3333333333333333,1.0,0.7082217011449617,-0.48341768980026245,0.0,0.0,0.0,0.0,0,,林和弦虐恋不会伤害小波
159,李银河写虐恋不会伤害小波,4,False,False,0.0,0.3333333333333333,1.0,0.6258883792705413,-0.5333105325698853,0.0,0.0,0.0,0.0,0,,林和谐虐恋不会伤害小波
159,李银河写虐恋不会伤害小波,5,False,False,0.0,0.4166666666666667,1.0,0.5041502657902222,-0.6070821285247803,0.0,0.0,0.0,0.0,0,,林和弦虐恋不会伤害晓波
159,李银河写虐恋不会伤害小波,6,False,False,0.0,0.3333333333333333,1.0,0.44472454027505426,-0.6430932879447937,0.0,0.0,0.0,0.0,0,,林和衔虐恋不会伤害小波
159,李银河写虐恋不会伤害小波,7,False,False,0.0,0.4166666666666667,1.0,0.3647855902154064,-0.6915351748466492,0.0,0.0,0.0,0.0,0,,林和衔虐恋不会伤害晓波
159,李银河写虐恋不会伤害小波,8,False,True,0.0,0.25,1.0,0.34457934650459143,-0.7037798762321472,0.0,0.0,0.0,0.0,0,,临河县虐恋不会伤害小波
159,李银河写虐恋不会伤害小波,9,False,False,0.0,0.3333333333333333,1.0,0.3406257756589772,-0.706175684928894,0.0,0.0,0.0,0.0,0,,林和贤虐恋不会伤害小波
159,李银河写虐恋不会伤害小波,10,False,False,0.0,0.4166666666666667,1.0,0.29662128789623554,-0.7328417897224426,0.0,0.0,0.0,0.0,0,,林和贤虐恋不会伤害晓波
159,李银河写虐恋不会伤害小波,11,False,False,0.0,0.3333333333333333,1.0,0.0,-0.9125901460647583,0.0,0.0,0.0,0.0,0,,林和协虐恋不会伤害小波
160,63岁的李银河拿着钥匙袋走了进来,1,True,False,0.0,0.1875,0.6666666666666666,1.0,-0.513741672039032,0.0,0.0,0.0,0.0,0,,63岁的李迎和拿着钥匙带走了进来
160,63岁的李银河拿着钥匙袋走了进来,2,False,False,0.0,0.1875,0.6666666666666666,0.7110013518698203,-0.604299783706665,0.0,0.0,0.0,0.0,0,,63岁的李英和拿着钥匙带走了进来
160,63岁的李银河拿着钥匙袋走了进来,3,False,True,0.0,0.125,0.3333333333333333,0.37867705452541606,-0.7084340453147888,0.0,0.0,0.0,0.0,0,,63岁的李英河拿着钥匙带走了进来
160,63岁的李银河拿着钥匙袋走了进来,4,False,False,0.0,0.125,0.3333333333333333,0.21422999439051063,-0.7599637508392334,0.0,0.0,0.0,0.0,0,,六三岁的李英河拿着钥匙带走了进来
160,63岁的李银河拿着钥匙袋走了进来,5,False,False,0.0,0.1875,0.6666666666666666,0.0,-0.8270930051803589,0.0,0.0,0.0,0.0,0,,六三岁的李英和拿着钥匙带走了进来
161,高新区钓渭镇疙瘩沟村村民称,1,True,True,1.0,0.15384615384615385,0.0,1.0,-0.6148300766944885,0.0,0.7737679878870645,0.0,0.0,0,,高新区吊渭镇疙瘩沟村村民城
161,高新区钓渭镇疙瘩沟村村民称,2,False,False,0.0,0.3076923076923077,0.5,0.7617381582403528,-0.6506760716438293,0.0,0.7737679878870645,0.0,0.0,0,,高新区吊位镇疙大沟村村民城
161,高新区钓渭镇疙瘩沟村村民称,3,False,False,0.0,0.23076923076923078,0.5,0.7235637140727952,-0.6564193367958069,0.0,0.7737679878870645,0.0,0.0,0,,高新区吊卫镇疙瘩沟村村民城
161,高新区钓渭镇疙瘩沟村村民称,4,False,False,0.0,0.3076923076923077,0.5,0.5684242721258335,-0.6797597408294678,0.0,0.7737679878870645,0.0,0.0,0,,高新区吊卫镇疙大沟村村民城
161,高新区钓渭镇疙瘩沟村村民称,5,False,False,0.0,0.38461538461538464,0.5,0.45101555130409016,-0.6974236369132996,0.0,0.7737679878870645,0.0,0.0,0,,高新区吊位镇戈大沟村村民城
161,高新区钓渭镇疙瘩沟村村民称,6,False,False,0.0,0.38461538461538464,0.5,0.42802950916704074,-0.700881838798523,0.0,0.7737679878870645,0.0,0.0,0,,高新区吊位镇歌大沟村村民城
161,高新区钓渭镇疙瘩沟村村民称,7,False,False,0.0,0.38461538461538464,0.5,0.28719023080333284,-0.7220708131790161,0.0,0.7737679878870645,0.0,0.0,0,,高新区吊卫镇戈大沟村村民城
161,高新区钓渭镇疙瘩沟村村民称,8,False,False,0.0,0.38461538461538464,0.5,0.20570405970927425,-0.7343302369117737,0.0,0.7737679878870645,0.0,0.0,0,,高新区吊位镇哥大沟村村民城
161,高新区钓渭镇疙瘩沟村村民称,9,False,False,0.0,0.46153846153846156,0.5,0.2031605758415782,-0.7347128987312317,0.0,0.7737679878870645,0.0,0.0,0,,高新区吊位镇戈大沟村村明城
161,高新区钓渭镇疙瘩沟村村民称,10,False,False,0.0,0.38461538461538464,0.5,0.1242242275158205,-0.7465887069702148,0.0,0.7737679878870645,0.0,0.0,0,,高新区吊卫镇歌大沟村村民城
161,高新区钓渭镇疙瘩沟村村民称,11,False,False,0.0,0.38461538461538464,0.5,0.0,-0.7652779817581177,0.0,0.7737679878870645,0.0,0.0,0,,高新区吊卫镇哥大沟村村民城
162,华商报商洛讯记者白鹏飞近日,1,True,False,1.0,0.07692307692307693,0.0,3.1328735097409828,-1.0496034622192383,1.0,0.6901401877403259,0.125,0.04375,2,白鹏飞,华商报商诺讯记者白鹏飞近日
162,华商报商洛讯记者白鹏飞近日,2,False,True,1.0,0.0,0.0,3.065738211038866,-1.0889846086502075,1.0,0.6901401877403259,0.125,0.04375,2,白鹏飞,华商报商洛讯记者白鹏飞近日
162,华商报商洛讯记者白鹏飞近日,3,False,False,0.0,0.15384615384615385,0.3333333333333333,1.0,-0.8085858821868896,0.0,0.7761252075433731,0.0,0.0,0,,华商报商诺讯记者白蓬飞近日
162,华商报商洛讯记者白鹏飞近日,4,False,False,0.0,0.15384615384615385,0.3333333333333333,0.9100655292280273,-0.8613408803939819,0.0,0.7761252075433731,0.0,0.0,0,,华商报商罗讯记者白蓬飞近日
162,华商报商洛讯记者白鹏飞近日,5,False,False,0.0,0.07692307692307693,0.3333333333333333,0.9012257389947173,-0.8665262460708618,0.0,0.7761252075433731,0.0,0.0,0,,华商报商洛讯记者白蓬飞近日
162,华商报商洛讯记者白鹏飞近日,6,False,False,0.0,0.15384615384615385,0.3333333333333333,0.08395849781687786,-1.3459300994873047,0.0,0.6895541548728943,0.0,0.0,0,,华商报商诺讯记者白蹬飞近日
162,华商报商洛讯记者白鹏飞近日,7,False,False,0.0,0.07692307692307693,0.3333333333333333,0.026028384144141947,-1.3799115419387817,0.0,0.6895541548728943,0.0,0.0,0,,华商报商洛讯记者白蹦飞近日
162,华商报商洛讯记者白鹏飞近日,8,False,False,0.0,0.15384615384615385,0.3333333333333333,0.023084700261446277,-1.3816382884979248,0.0,0.6895541548728943,0.0,0.0,0,,华商报商罗讯记者白蹬飞近日
162,华商报商洛讯记者白鹏飞近日,9,False,False,0.0,0.07692307692307693,0.3333333333333333,0.0,-1.3951796293258667,0.0,0.6895541548728943,0.0,0.0,0,,华商报商洛讯记者白蹬飞近日
163,京华时报讯记者王晓飞在农村,1,True,True,1.0,0.0,0.0,2.5,-0.8005183935165405,1.0,0.6842597126960754,0.0,0.0,0,,京华时报讯记者王晓飞在农村
163,京华时报讯记者王晓飞在农村,2,False,False,0.0,0.07692307692307693,0.3333333333333333,1.0,-0.4878136217594147,0.0,0.7641919925808907,0.0,0.0,0,,京华时报讯记者王小飞在农村
163,京华时报讯记者王晓飞在农村,3,False,False,0.0,0.15384615384615385,0.3333333333333333,0.8687285391052063,-0.5288628339767456,0.0,0.7641919925808907,0.0,0.0,0,,今华时报讯记者王小飞在农村
163,京华时报讯记者王晓飞在农村,4,False,False,0.0,0.15384615384615385,0.6666666666666666,0.8682192292857721,-0.5290220975875854,0.0,0.7641919925808907,0.0,0.0,0,,京华时报讯记者王小菲在农村
163,京华时报讯记者王晓飞在农村,5,False,False,0.0,0.15384615384615385,0.3333333333333333,0.4823007689873017,-0.6497006416320801,0.0,0.7641919925808907,0.0,0.0,0,,金华时报讯记者王小飞在农村
163,京华时报讯记者王晓飞在农村,6,False,False,0.0,0.23076923076923078,0.6666666666666666,0.36898200270265863,-0.6851359605789185,0.0,0.7641919925808907,0.0,0.0,0,,金华时报讯记者王小菲在农村
164,中国证券报报道,1,True,False,1.0,0.14285714285714285,0.0,3.6738112768206155,-1.356942892074585,1.0,0.6883248686790466,0.8333333333333334,0.2916666666666667,6,中国证券报,中国证券报报导
164,中国证券报报道,2,False,False,1.0,0.14285714285714285,0.0,3.634501320117265,-1.3698409795761108,1.0,0.6883248686790466,0.8333333333333334,0.2916666666666667,6,中国证券报,中国证券报报到
164,中国证券报报道,3,False,False,1.0,0.14285714285714285,0.0,3.4849721988790177,-1.4189033508300781,1.0,0.6883248686790466,0.8333333333333334,0.2916666666666667,6,中国证券报,中国证券报报倒
164,中国证券报报道,4,False,False,1.0,0.14285714285714285,0.0,3.3568083771767765,-1.4609555006027222,1.0,0.6883248686790466,0.8333333333333334,0.2916666666666667,6,中国证券报,中国证券报报当
164,中国证券报报道,5,False,False,1.0,0.14285714285714285,0.0,3.182222278536568,-1.5182393789291382,1.0,0.6883248686790466,0.8333333333333334,0.2916666666666667,6,中国证券报,中国证券报报度
164,中国证券报报道,6,False,True,1.0,0.0,0.0,2.7916666666666665,-1.6463855504989624,1.0,0.6883248686790466,0.8333333333333334,0.2916666666666667,6,中国证券报,中国证券报报道
164,中国证券报报道,7,False,False,0.0,0.14285714285714285,0.2,1.0,-1.3182730674743652,0.0,0.7456852744023005,0.0,0.0,0,,中国政券报报道
165,新京报讯记者张徐报道,1,True,False,1.0,0.1,0.0,3.562687439668583,-0.4538766145706177,1.0,0.6855295896530151,0.5,0.175,2,新京报,新京报讯记者张旭报道
165,新京报讯记者张徐报道,2,False,True,1.0,0.0,0.0,2.675,-0.6203136444091797,1.0,0.6855295896530151,0.5,0.175,2,新京报,新京报讯记者张徐报道
165,新京报讯记者张徐报道,3,False,False,0.0,0.2,0.3333333333333333,1.0,-0.43281856179237366,0.0,0.771220788359642,0.0,0.0,0,,新京暴讯记者张旭报道
166,丰台区域潘家村危改3号地成为今年的收官地质块,1,True,False,1.0,0.13636363636363635,0.0,3.85,-0.9701704382896423,1.0,0.6906482577323914,1.0,0.35,6,丰台区域潘家村,丰台区域潘家村微改3号地成为今年的收官地区
166,丰台区域潘家村危改3号地成为今年的收官地质块,2,False,True,1.0,0.09090909090909091,0.0,3.1776793206971,-1.0579882860183716,1.0,0.6906482577323914,1.0,0.35,6,丰台区域潘家村,丰台区域潘家村威改3号地成为今年的收官地之块
166,丰台区域潘家村危改3号地成为今年的收官地质块,3,False,False,1.0,0.13636363636363635,0.0,3.0405656735372406,-1.0758979320526123,1.0,0.6906482577323914,1.0,0.35,6,丰台区域潘家村,丰台区域潘家村威改3号地成为今年的收官地区
166,丰台区域潘家村危改3号地成为今年的收官地质块,4,False,False,1.0,0.13636363636363635,0.0,3.02511908928582,-1.0779155492782593,1.0,0.6906482577323914,1.0,0.35,6,丰台区域潘家村,丰台区域潘家村威改3号地成为今年的收关地之块
166,丰台区域潘家村危改3号地成为今年的收官地质块,5,False,False,1.0,0.13636363636363635,0.0,3.0199133394146176,-1.078595519065857,1.0,0.6906482577323914,1.0,0.35,6,丰台区域潘家村,丰台区域潘家村威改3号地成为今年的收官地
166,丰台区域潘家村危改3号地成为今年的收官地质块,6,False,False,1.0,0.18181818181818182,0.0,2.85,-1.1007894277572632,1.0,0.6906482577323914,1.0,0.35,6,丰台区域潘家村,丰台区域潘家村威改3号地成为今年的收关地区
167,通州新城彩虹之门用地挂出30日,1,True,False,1.0,0.13333333333333333,0.0,3.85,-0.26724207401275635,1.0,0.6913200616836548,1.0,0.35,6,新城,通州新城彩虹支门用地挂处30日
167,通州新城彩虹之门用地挂出30日,2,False,False,1.0,0.06666666666666667,0.0,3.7417496793245744,-0.28193774819374084,1.0,0.6913200616836548,1.0,0.35,6,新城,通州新城彩虹之门用地挂处30日
167,通州新城彩虹之门用地挂出30日,3,False,False,1.0,0.13333333333333333,0.0,3.507123714307228,-0.3137897253036499,1.0,0.6913200616836548,1.0,0.35,6,新城,通州新城彩虹知门用地挂处30日
167,通州新城彩虹之门用地挂出30日,4,False,True,1.0,0.0,0.0,3.3076108028816997,-0.34087488055229187,1.0,0.6913200616836548,1.0,0.35,6,新城,通州新城彩虹之门用地挂出30日
167,通州新城彩虹之门用地挂出30日,5,False,False,1.0,0.06666666666666667,0.0,3.2494666349375634,-0.34876832365989685,1.0,0.6913200616836548,1.0,0.35,6,新城,通州新城彩虹支门用地挂出30日
167,通州新城彩虹之门用地挂出30日,6,False,False,1.0,0.06666666666666667,0.0,2.85,-0.4029984772205353,1.0,0.6913200616836548,1.0,0.35,6,新城,通州新城彩虹之门用地挂储30日
168,该地块位于通州新城五河交汇处东南角,1,True,False,1.0,0.058823529411764705,0.0,3.85,-0.1373717486858368,1.0,0.6901447772979736,1.0,0.35,8,新城,该地块位于通州新城武河交汇处东南角
168,该地块位于通州新城五河交汇处东南角,2,False,False,1.0,0.11764705882352941,0.0,3.763971036836924,-0.16393917798995972,1.0,0.6901447772979736,1.0,0.35,8,新城,该地块位于通州新城武河郊汇处东南角
168,该地块位于通州新城五河交汇处东南角,3,False,True,1.0,0.0,0.0,3.666170854907604,-0.19414179027080536,1.0,0.6901447772979736,1.0,0.35,8,新城,该地块位于通州新城五河交汇处东南角
168,该地块位于通州新城五河交汇处东南角,4,False,False,1.0,0.11764705882352941,0.0,3.614221069021004,-0.21018490195274353,1.0,0.6901447772979736,1.0,0.35,8,新城,该地块位于通州新城武河江汇处东南角
168,该地块位于通州新城五河交汇处东南角,5,False,False,1.0,0.058823529411764705,0.0,3.5821684755052616,-0.22008337080478668,1.0,0.6901447772979736,1.0,0.35,8,新城,该地块位于通州新城伍河交汇处东南角
168,该地块位于通州新城五河交汇处东南角,6,False,False,1.0,0.058823529411764705,0.0,3.5535828360321964,-0.22891117632389069,1.0,0.6901447772979736,1.0,0.35,8,新城,该地块位于通州新城五河郊汇处东南角
168,该地块位于通州新城五河交汇处东南角,7,False,False,1.0,0.11764705882352941,0.0,3.511751686358949,-0.24182945489883423,1.0,0.6901447772979736,1.0,0.35,8,新城,该地块位于通州新城武河交会处东南角
168,该地块位于通州新城五河交汇处东南角,8,False,False,1.0,0.058823529411764705,0.0,2.85,-0.44619134068489075,1.0,0.6901447772979736,1.0,0.35,8,新城,该地块位于通州新城五河江汇处东南角
169,国家审计署还专门组织力量,1,True,True,1.0,0.0,0.0,2.7926946215950457,-0.9136067628860474,1.0,0.6906448006629944,0.625,0.21875,6,审计署,国家审计署还专门组织力量
169,国家审计署还专门组织力量,2,False,False,1.0,0.08333333333333333,0.0,2.779640333194345,-0.9242682456970215,1.0,0.6906448006629944,0.625,0.21875,6,审计署,国家审计署还专门组制力量
169,国家审计署还专门组织力量,3,False,False,1.0,0.08333333333333333,0.0,2.7565428473016267,-0.9431320428848267,1.0,0.6906448006629944,0.625,0.21875,6,审计署,国家审计署还专门组置力量
169,国家审计署还专门组织力量,4,False,False,1.0,0.08333333333333333,0.0,2.7483639747226514,-0.9498117566108704,1.0,0.6906448006629944,0.625,0.21875,6,审计署,国家审计署还专门组支力量
169,国家审计署还专门组织力量,5,False,False,1.0,0.08333333333333333,0.0,2.747402218069527,-0.9505972266197205,1.0,0.6906448006629944,0.625,0.21875,6,审计署,国家审计署还专门组执力量
169,国家审计署还专门组织力量,6,False,False,1.0,0.08333333333333333,0.0,2.71875,-0.9739975929260254,1.0,0.6906448006629944,0.625,0.21875,6,审计署,国家审计署还专门组治力量
169,国家审计署还专门组织力量,7,False,False,0.0,0.16666666666666666,0.6666666666666666,1.0,-0.1572941094636917,0.0,0.7769754007458687,0.0,0.0,0,,国家神技署还专门组织力量
169,国家审计署还专门组织力量,8,False,False,0.0,0.16666666666666666,0.6666666666666666,0.56810567018421,-0.5100237131118774,0.0,0.0,0.0,0.0,0,,国家森技署还专门组织力量
169,国家审计署还专门组织力量,9,False,False,0.0,0.08333333333333333,0.3333333333333333,0.31747435317112127,-0.7147151827812195,0.0,0.7769754007458687,0.0,0.0,0,,国家审记署还专门组织力量
170,审计署的审计结论表明,1,True,True,1.0,0.0,0.0,3.85,-0.8853621482849121,1.0,0.6871139407157898,1.0,0.35,3,审计署,审计署的审计结论表明
170,审计署的审计结论表明,2,False,False,1.0,0.1,0.0,3.7368156685293132,-0.9308700561523438,1.0,0.6871139407157898,1.0,0.35,3,审计署,审计署的审计结论表名
170,审计署的审计结论表明,3,False,False,1.0,0.1,0.0,2.85,-1.2874311208724976,1.0,0.6871139407157898,1.0,0.35,3,审计署,审计署的审记结论表明
171,美商务部与国际贸易委员会都需作出肯定性终裁,1,True,True,0.0,0.23809523809523808,1.0,1.0,-0.4080805778503418,0.0,0.0,0.0,0.0,0,,与国际贸易委员会都需作出肯定性仲裁
171,美商务部与国际贸易委员会都需作出肯定性终裁,2,False,False,0.0,0.2857142857142857,1.0,0.9779821248572005,-0.4129629135131836,0.0,0.0,0.0,0.0,0,,与国际贸易委员会都需做出肯定性仲裁
171,美商务部与国际贸易委员会都需作出肯定性终裁,3,False,False,0.0,0.2857142857142857,1.0,0.8718892547543848,-0.43648838996887207,0.0,0.0,0.0,0.0,0,,与国际贸易委员会都需做出肯定性中裁
171,美商务部与国际贸易委员会都需作出肯定性终裁,4,False,False,0.0,0.23809523809523808,1.0,0.8575953228949668,-0.439657986164093,0.0,0.0,0.0,0.0,0,,与国际贸易委员会都需作出肯定性中裁
171,美商务部与国际贸易委员会都需作出肯定性终裁,5,False,False,0.0,0.2857142857142857,1.0,0.8066750890397151,-0.4509492516517639,0.0,0.0,0.0,0.0,0,,与国际贸易委员会都须作出肯定性仲裁
171,美商务部与国际贸易委员会都需作出肯定性终裁,6,False,False,0.0,0.3333333333333333,1.0,0.6396199180162624,-0.4879927635192871,0.0,0.0,0.0,0.0,0,,与国际贸易委员会都须做出肯定性仲裁
171,美商务部与国际贸易委员会都需作出肯定性终裁,7,False,False,0.0,0.2857142857142857,1.0,0.47728109670049057,-0.5239904522895813,0.0,0.0,0.0,0.0,0,,与国际贸易委员会都需作出肯定行中裁
171,美商务部与国际贸易委员会都需作出肯定性终裁,8,False,False,0.0,0.2857142857142857,1.0,0.0,-0.6298247575759888,0.0,0.0,0.0,0.0,0,,与国际贸易委员会都需作出肯定请中裁
172,根据美国商务部去年12月份终裁确定的幅度,1,True,True,1.0,0.05,0.0,3.675,-0.09962274879217148,1.0,0.6869248747825623,0.5,0.175,3,美国商务部,根据美国商务部去年12月份中裁确定的幅度
172,根据美国商务部去年12月份终裁确定的幅度,2,False,False,1.0,0.05,0.0,3.6350930877610574,-0.12105361372232437,1.0,0.6869248747825623,0.5,0.175,3,美国商务部,根据美国商务部去年12月份仲裁确定的幅度
172,根据美国商务部去年12月份终裁确定的幅度,3,False,False,1.0,0.05,0.0,2.675,-0.6366441249847412,1.0,0.6869248747825623,0.5,0.175,3,美国商务部,根据美国商务部去年12月份终才确定的幅度
172,根据美国商务部去年12月份终裁确定的幅度,4,False,False,0.0,0.15,0.4,0.42608881912290625,-0.4078253209590912,0.0,0.0,0.0,0.0,0,,根据美国贸易部去年12月份中裁确定的幅度
172,根据美国商务部去年12月份终裁确定的幅度,5,False,False,0.0,0.15,0.4,0.3673981731043387,-0.4393434524536133,0.0,0.0,0.0,0.0,0,,根据美国财政部去年12月份中裁确定的幅度
173,据新华社电美国商务部21日宣布初裁结果,1,True,False,1.0,0.10526315789473684,0.0,3.85,-0.6538063287734985,1.0,0.6862000823020935,1.0,0.35,4,美国商务部,据新华社店美国商务部21日宣布出裁结果
173,据新华社电美国商务部21日宣布初裁结果,2,False,False,1.0,0.15789473684210525,0.0,3.6936189170036076,-0.6619348526000977,1.0,0.6862000823020935,1.0,0.35,4,美国商务部,据新华社店美国商务部21日宣布出彩结果
173,据新华社电美国商务部21日宣布初裁结果,3,False,True,1.0,0.05263157894736842,0.0,3.5798334292745246,-0.6678493022918701,1.0,0.6862000823020935,1.0,0.35,4,美国商务部,据新华社店美国商务部21日宣布初裁结果
173,据新华社电美国商务部21日宣布初裁结果,4,False,False,1.0,0.15789473684210525,0.0,2.85,-0.7057852745056152,1.0,0.6862000823020935,1.0,0.35,4,美国商务部,据新华社店美国商务部21日宣布出采结果
174,美商务部当天发表声明说,1,True,True,1.0,0.0,0.0,3.85,-0.5862519145011902,1.0,0.6899082064628601,1.0,0.35,2,美商务部,美商务部当天发表声明说
174,美商务部当天发表声明说,2,False,False,1.0,0.09090909090909091,0.0,2.85,-0.6761711239814758,1.0,0.6899082064628601,1.0,0.35,2,美商务部,美商务部当天发表声名说
175,成飞集成百二十一九十,1,True,True,1.0,0.2,0.0,2.8267426020848476,-0.8295038938522339,1.0,0.6880158185958862,0.25,0.0875,2,成飞,成飞吉城百二十一九十
175,成飞集成百二十一九十,2,False,False,1.0,0.3,0.0,2.5875,-0.9515706300735474,1.0,0.6880158185958862,0.25,0.0875,2,成飞,成飞吉城北二十一九十
175,成飞集成百二十一九十,3,False,False,0.0,0.3,0.5,1.0,-0.441349059343338,0.0,0.8026851216952005,0.0,0.0,0,,乘飞吉城百二十一九十
175,成飞集成百二十一九十,4,False,False,0.0,0.3,0.5,0.2875999952103349,-0.8048309087753296,0.0,0.8026851216952005,0.0,0.0,0,,城飞吉城百二十一九十
175,成飞集成百二十一九十,5,False,False,0.0,0.4,0.5,0.0828836353791531,-0.9092816114425659,0.0,0.8026851216952005,0.0,0.0,0,,城飞吉城北二十一九十
176,决定由麦德公司的技术部门研发静默插件,1,True,True,1.0,0.0,0.0,3.4774833925205595,-0.2400791496038437,1.0,0.6903800964355469,0.8571428571428571,0.3,7,麦德公司,决定由麦德公司的技术部门研发静默插件
176,决定由麦德公司的技术部门研发静默插件,2,False,False,1.0,0.05555555555555555,0.0,3.2861603553555554,-0.2673366665840149,1.0,0.6903800964355469,0.8571428571428571,0.3,7,麦德公司,决定由麦德公司的技术部门研发静莫插件
176,决定由麦德公司的技术部门研发静默插件,3,False,False,1.0,0.05555555555555555,0.0,3.2600485958282395,-0.27105677127838135,1.0,0.6903800964355469,0.8571428571428571,0.3,7,麦德公司,决定由麦德公司的技术部门研发静墨插件
176,决定由麦德公司的技术部门研发静默插件,4,False,False,1.0,0.05555555555555555,0.0,3.2311822847695453,-0.275169312953949,1.0,0.6903800964355469,0.8571428571428571,0.3,7,麦德公司,决定由麦德公司的技术部门研发静脉插件
176,决定由麦德公司的技术部门研发静默插件,5,False,False,1.0,0.05555555555555555,0.0,2.9730142016920365,-0.311950147151947,1.0,0.6903800964355469,0.8571428571428571,0.3,7,麦德公司,决定由麦德公司的技术部门研发静音插件
176,决定由麦德公司的技术部门研发静默插件,6,False,False,1.0,0.05555555555555555,0.0,2.9157704455321847,-0.32010558247566223,1.0,0.6903800964355469,0.8571428571428571,0.3,7,麦德公司,决定由麦德公司的技术部门研发静落插件
176,决定由麦德公司的技术部门研发静默插件,7,False,False,1.0,0.05555555555555555,0.0,2.8,-0.3365992307662964,1.0,0.6903800964355469,0.8571428571428571,0.3,7,麦德公司,决定由麦德公司技术部门研发静默插件
176,决定由麦德公司的技术部门研发静默插件,8,False,False,0.0,0.1111111111111111,0.5,1.0,-0.19413067400455475,0.0,0.7594181060791017,0.0,0.0,0,,决定由迈得公司的技术部门研发静默插件
178,警方在麦德公司数据库中发现,1,True,True,1.0,0.0,0.0,2.5,-0.4339394271373749,1.0,0.6890977025032043,0.0,0.0,0,,警方在麦德公司数据库中发现
178,警方在麦德公司数据库中发现,2,False,False,0.0,0.23076923076923078,1.0,1.0,-0.19509856402873993,0.0,0.0,0.0,0.0,0,,警方在MED公司数据库中发现
178,警方在麦德公司数据库中发现,3,False,False,0.0,0.07692307692307693,0.25,0.7170942665986787,-0.26266801357269287,0.0,0.7580074727535249,0.0,0.0,0,,警方在麦的公司数据库中发现
179,徐永昊以雷霆万钧之势缔造了一场震撼的秒杀之作,1,True,True,1.0,0.0,0.0,3.5,-0.3327707350254059,1.0,0.689871072769165,0.0,0.0,0,,徐永昊以雷霆万钧之势缔造了一场震撼的秒杀之作
179,徐永昊以雷霆万钧之势缔造了一场震撼的秒杀之作,2,False,False,0.0,0.045454545454545456,0.3333333333333333,0.0,-0.3490174114704132,0.0,0.7761049568653107,0.0,0.0,0,,徐勇昊以雷霆万钧之势缔造了一场震撼的秒杀之作
180,徐永昊的地面技术无疑是其格斗体系中的1块短板,1,True,True,1.0,0.0,0.0,3.190952685588843,-0.2975035011768341,1.0,0.6909121870994568,0.5,0.175,4,徐永昊,徐永昊的地面技术无疑是其格斗体系中的1块短板
180,徐永昊的地面技术无疑是其格斗体系中的1块短板,2,False,False,1.0,0.09090909090909091,0.0,2.805965838998419,-0.409622460603714,1.0,0.6909121870994568,0.5,0.175,4,徐永昊,徐永昊的地面技术无疑是其格斗其戏中的1块短板
180,徐永昊的地面技术无疑是其格斗体系中的1块短板,3,False,False,1.0,0.045454545454545456,0.0,2.7022955634117958,-0.43981415033340454,1.0,0.6909121870994568,0.5,0.175,4,徐永昊,徐永昊的地面技术无疑是起格斗体系中的1块短板
180,徐永昊的地面技术无疑是其格斗体系中的1块短板,4,False,False,1.0,0.045454545454545456,0.0,2.675,-0.4477633833885193,1.0,0.6909121870994568,0.5,0.175,4,徐永昊,徐永昊的地面技术无疑是他格斗体系中的1块短板
180,徐永昊的地面技术无疑是其格斗体系中的1块短板,5,False,False,0.0,0.09090909090909091,0.6666666666666666,1.0,-0.15653535723686218,0.0,0.7772762104868889,0.0,0.0,0,,许永浩的地面技术无疑是其格斗体系中的1块短板
180,徐永昊的地面技术无疑是其格斗体系中的1块短板,6,False,False,0.0,0.045454545454545456,0.3333333333333333,0.9563247141754428,-0.1692548245191574,0.0,0.7772762104868889,0.0,0.0,0,,徐永浩的地面技术无疑是其格斗体系中的1块短板
180,徐永昊的地面技术无疑是其格斗体系中的1块短板,7,False,False,0.0,0.045454545454545456,0.3333333333333333,0.47482002388254346,-0.30948248505592346,0.0,0.7772762104868889,0.0,0.0,0,,徐勇昊的地面技术无疑是其格斗体系中的1块短板
182,此次昆罗决中俄对抗赛上,1,True,True,1.0,0.0,0.0,3.526452453102184,-0.7479518055915833,1.0,0.6583248972892761,0.5,0.175,3,昆罗决中俄,此次昆罗决中俄对抗赛上
182,此次昆罗决中俄对抗赛上,2,False,False,1.0,0.09090909090909091,0.0,3.519998158283445,-0.7490891814231873,1.0,0.6583248972892761,0.5,0.175,3,昆罗决中俄,此次昆罗决中俄对抗赛事
182,此次昆罗决中俄对抗赛上,3,False,False,1.0,0.18181818181818182,0.0,2.9622972970230483,-0.8473672270774841,1.0,0.6583248972892761,0.5,0.175,3,昆罗决中俄,此次昆罗决中俄对抗赛事儿
182,此次昆罗决中俄对抗赛上,4,False,False,0.0,0.18181818181818182,0.2,1.0,-0.7217747569084167,0.0,0.7022132237752279,0.0,0.0,0,,此次昆罗结中俄对抗赛事
182,此次昆罗决中俄对抗赛上,5,False,False,0.0,0.2727272727272727,0.6,0.0,-0.8979947566986084,0.0,0.0,0.0,0.0,0,,此次昆罗俄对抗赛事
183,对于代表中国战队略先出阵的徐永昊来讲,1,True,True,1.0,0.05555555555555555,0.6666666666666666,3.85,-0.45434415340423584,1.0,0.6912362575531006,1.0,0.35,6,徐永昊,对于代表中国队略先出阵的徐永昊来讲
183,对于代表中国战队略先出阵的徐永昊来讲,2,False,False,1.0,0.1111111111111111,0.6666666666666666,3.7814635186658188,-0.4624946117401123,1.0,0.6912362575531006,1.0,0.35,6,徐永昊,对于代表中国对略先出阵的徐永昊来讲
183,对于代表中国战队略先出阵的徐永昊来讲,3,False,False,1.0,0.16666666666666666,0.6666666666666666,3.6492718418621766,-0.4782150387763977,1.0,0.6912362575531006,1.0,0.35,6,徐永昊,对于代表中国对略先出征的徐永昊来讲
183,对于代表中国战队略先出阵的徐永昊来讲,4,False,False,1.0,0.1111111111111111,0.6666666666666666,3.047643710739581,-0.5497615337371826,1.0,0.6912362575531006,1.0,0.35,6,徐永昊,对于代表中国队略先出征的徐永昊来讲
183,对于代表中国战队略先出阵的徐永昊来讲,5,False,False,1.0,0.1111111111111111,1.0,2.8823210391490255,-0.5694219470024109,1.0,0.6912362575531006,1.0,0.35,6,徐永昊,对代表中国队略先出阵的徐永昊来讲
183,对于代表中国战队略先出阵的徐永昊来讲,6,False,False,1.0,0.16666666666666666,1.0,2.85,-0.5732656121253967,1.0,0.6912362575531006,1.0,0.35,6,徐永昊,对代表中国对略先出阵的徐永昊来讲
185,包括前秋运动员维斯多尔,1,True,False,1.0,0.5454545454545454,0.0,2.85,-1.985581398010254,3.0,0.6922300457954407,1.0,0.35,2,维斯多尔,包括全球运动员维斯多尔波斯庞清
185,包括前秋运动员维斯多尔,2,False,True,1.0,0.18181818181818182,0.0,2.05,-1.1085562705993652,1.0,0.6922300457954407,1.0,0.35,2,维斯多尔,包括全球运动员维斯多尔
186,撑杆跳选手拉斐尔霍尔泽德佩,1,True,False,0.0,0.7692307692307693,1.0,1.0,-0.6661571860313416,0.0,0.0,0.0,0.0,0,,撑竿跳弦手
186,撑杆跳选手拉斐尔霍尔泽德佩,2,False,False,0.0,0.6923076923076923,1.0,0.9799751913028947,-0.6830489635467529,0.0,0.0,0.0,0.0,0,,撑杆跳弦手
186,撑杆跳选手拉斐尔霍尔泽德佩,3,False,True,0.0,0.3076923076923077,0.375,0.5367788051337257,-1.0569039583206177,0.0,0.6712862253189087,0.0,0.0,0,,撑杆跳弦手拉斐儿祸儿泽德佩
186,撑杆跳选手拉斐尔霍尔泽德佩,4,False,False,0.0,0.3076923076923077,0.375,0.43933821334278295,-1.1390992403030396,0.0,0.7745403572916985,0.0,0.0,0,,撑杆跳弦手拉斐儿和泽德佩
186,撑杆跳选手拉斐尔霍尔泽德佩,5,False,False,0.0,0.38461538461538464,0.5,0.43755009346540613,-1.1406075954437256,0.0,0.6712862253189087,0.0,0.0,0,,撑杆跳弦手拉斐儿豁儿则德佩
186,撑杆跳选手拉斐尔霍尔泽德佩,6,False,False,0.0,0.3076923076923077,0.375,0.41493524548491956,-1.159684181213379,0.0,0.6712862253189087,0.0,0.0,0,,撑杆跳弦手拉斐儿豁儿泽德佩
186,撑杆跳选手拉斐尔霍尔泽德佩,7,False,False,0.0,0.3076923076923077,0.375,0.3309651190849258,-1.2305165529251099,0.0,0.7403593122959138,0.0,0.0,0,,撑杆跳弦手拉斐儿服儿泽德佩
186,撑杆跳选手拉斐尔霍尔泽德佩,8,False,False,0.0,0.3076923076923077,0.375,0.0,-1.5096997022628784,0.0,0.7745403572916985,0.0,0.0,0,,撑杆跳弦手拉斐儿服泽德佩
187,哈特灵今年饱受十字韧带伤势困扰,1,True,True,1.0,0.13333333333333333,0.0,2.831970065488149,-0.45287686586380005,1.0,0.6818719506263733,0.25,0.0875,2,哈特灵,哈特灵今年饱受十字忍待伤势困扰
187,哈特灵今年饱受十字韧带伤势困扰,2,False,False,1.0,0.2,0.0,2.5875,-0.5371379256248474,1.0,0.6818719506263733,0.25,0.0875,2,哈特灵,哈特灵今年饱寿十字忍待伤势困扰
187,哈特灵今年饱受十字韧带伤势困扰,3,False,False,0.0,0.2,0.3333333333333333,1.0,-0.19246971607208252,0.0,0.0,0.0,0.0,0,,哈特琳今年饱受十字忍待伤势困扰
187,哈特灵今年饱受十字韧带伤势困扰,4,False,False,0.0,0.2,0.3333333333333333,0.9559663146492055,-0.20764672756195068,0.0,0.76710594445467,0.0,0.0,0,,哈特玲今年饱受十字忍待伤势困扰
187,哈特灵今年饱受十字韧带伤势困扰,5,False,False,0.0,0.26666666666666666,0.3333333333333333,0.5596517328877647,-0.34424376487731934,0.0,0.76710594445467,0.0,0.0,0,,哈特玲今年饱寿十字忍待伤势困扰
188,德国队此次以老带新,1,True,False,0.0,0.4444444444444444,0.5,2.5,-1.3382197618484497,1.0,0.6903901696205139,0.0,0.0,0,,德郭队此次倚老待兴
188,德国队此次以老带新,2,False,False,1.0,0.4444444444444444,0.0,1.2916666666666667,-0.22950391471385956,1.0,0.6830276846885681,0.8333333333333334,0.2916666666666667,6,德国,德国对此次倚老待兴
188,德国队此次以老带新,3,False,False,1.0,0.3333333333333333,0.0,0.7893528532887655,-0.7864271998405457,1.0,0.6830276846885681,0.8333333333333334,0.2916666666666667,6,德国,德国对此次遗老带兴
188,德国队此次以老带新,4,False,False,1.0,0.3333333333333333,0.0,0.7387243046283529,-0.8425598740577698,1.0,0.6830276846885681,0.8333333333333334,0.2916666666666667,6,德国,德国队此次倚老待兴
188,德国队此次以老带新,5,False,False,1.0,0.2222222222222222,0.0,0.7206268362452903,-0.8626248240470886,1.0,0.6830276846885681,0.8333333333333334,0.2916666666666667,6,德国,德国队此次倚老殆新
188,德国队此次以老带新,6,False,False,1.0,0.2222222222222222,0.0,0.7047608947285351,-0.8802156448364258,1.0,0.6830276846885681,0.8333333333333334,0.2916666666666667,6,德国,德国队此次以老代兴
188,德国队此次以老带新,7,False,True,1.0,0.1111111111111111,0.0,0.6815279416209333,-0.9059743881225586,1.0,0.6830276846885681,0.8333333333333334,0.2916666666666667,6,德国,德国队此次以老代新
189,附二零一五田径世锦赛德国队名单,1,True,False,0.0,0.4,0.5,2.5,-1.0716421604156494,1.0,0.691622793674469,0.0,0.0,0,,辅2015田径世锦赛德郭队名单
189,附二零一五田径世锦赛德国队名单,2,False,True,1.0,0.3333333333333333,0.0,1.175,-0.5351723432540894,1.0,0.686893105506897,0.5,0.175,2,德国,辅2015田径世锦赛德国队名单
189,附二零一五田径世锦赛德国队名单,3,False,False,1.0,0.3333333333333333,0.0,0.9778657392336179,-0.6409289240837097,1.0,0.686893105506897,0.5,0.175,2,德国,福2015田径世锦赛德国队名单
190,200米罗宾埃尔瓦,1,True,True,1.0,0.1111111111111111,0.0,1.0,-0.37797993421554565,0.0,0.8050876855850219,0.0,0.0,0,,200米罗宾艾尔瓦
190,200米罗宾埃尔瓦,2,False,False,1.0,0.1111111111111111,0.5,0.968524313670736,-0.3928142189979553,0.0,0.8050876855850219,0.0,0.0,0,,200米罗滨埃尔瓦
190,200米罗宾埃尔瓦,3,False,False,1.0,0.1111111111111111,0.5,0.4490722894369945,-0.6376285552978516,0.0,0.8050876855850219,0.0,0.0,0,,200米罗斌埃尔瓦
190,200米罗宾埃尔瓦,4,False,False,1.0,0.2222222222222222,0.5,0.17251237891729243,-0.7679694294929504,0.0,0.8050876855850219,0.0,0.0,0,,200米罗斌艾尔瓦
190,200米罗宾埃尔瓦,5,False,False,1.0,0.1111111111111111,0.5,0.0,-0.8492733836174011,0.0,0.8050876855850219,0.0,0.0,0,,200米罗彬埃尔瓦
191,800米罗宾斯切姆贝拉,1,True,True,1.0,0.0,0.0,2.5,-1.0784236192703247,1.0,0.6878026127815247,0.0,0.0,0,,800米罗宾斯切姆贝拉
191,800米罗宾斯切姆贝拉,2,False,False,1.0,0.09090909090909091,0.5,1.0,-0.7645260095596313,0.0,0.8024363815784453,0.0,0.0,0,,800米罗滨斯切姆贝拉
191,800米罗宾斯切姆贝拉,3,False,False,1.0,0.09090909090909091,0.5,0.454619613514388,-0.9357196092605591,0.0,0.8024363815784453,0.0,0.0,0,,800米罗斌斯切姆贝拉
191,800米罗宾斯切姆贝拉,4,False,False,1.0,0.09090909090909091,0.5,0.3157292899340869,-0.9793169498443604,0.0,0.8024363815784453,0.0,0.0,0,,800米罗彬斯切姆贝拉
192,5000米理查德灵格,1,True,False,0.0,0.3,0.4,3.85,-1.5622307062149048,1.0,0.6928441524505615,1.0,0.35,4,理查德灵格,50里理查德灵格
192,5000米理查德灵格,2,False,True,1.0,0.0,0.0,3.7866631324564675,-1.5780397653579712,1.0,0.6928441524505615,1.0,0.35,4,理查德灵格,5000米理查德灵格
192,5000米理查德灵格,3,False,False,0.0,0.5,0.4,3.6576764000725945,-1.6102352142333984,1.0,0.6928441524505615,1.0,0.35,4,理查德灵格,五千里理查德灵格
192,5000米理查德灵格,4,False,False,0.0,0.1,0.0,2.85,-1.8118335008621216,1.0,0.6928441524505615,1.0,0.35,4,理查德灵格,5000里理查德灵格
193,10000米阿尔恩加比乌斯,1,True,True,0.0,0.3076923076923077,0.42857142857142855,2.8755008944727543,-1.0967046022415161,1.0,0.6850987076759338,0.0,0.0,0,,1万米阿尔恩加比乌斯
193,10000米阿尔恩加比乌斯,2,False,False,0.0,0.38461538461538464,0.5714285714285714,1.0,-1.024212121963501,0.0,0.7279173769056797,0.0,0.0,0,,1万米阿尔恩加比无斯
193,10000米阿尔恩加比乌斯,3,False,False,0.0,0.46153846153846156,0.5714285714285714,0.0,-1.1402931213378906,0.0,0.6850987076759338,0.0,0.0,0,,1万米二恩加比乌斯
194,110米栏马特里亚斯布赫雷尔,1,True,True,0.5,0.21428571428571427,0.4444444444444444,2.6581224301741586,-1.3783540725708008,1.0,0.6844774484634399,0.0,0.0,0,,110米兰玛特里斯布赫雷尔
194,110米栏马特里亚斯布赫雷尔,2,False,False,0.0,0.2857142857142857,0.5555555555555556,1.0,-0.9337713122367859,0.0,0.7034643217921256,0.0,0.0,0,,110米兰玛特里斯布罕雷尔
194,110米栏马特里亚斯布赫雷尔,3,False,False,0.0,0.35714285714285715,0.6666666666666666,0.8986253967784574,-0.9873057007789612,0.0,0.7568203508853913,0.0,0.0,0,,110米兰玛特里斯布罕雷亚尔
194,110米栏马特里亚斯布赫雷尔,4,False,False,0.0,0.2857142857142857,0.5555555555555556,0.6573645682241109,-1.114711880683899,0.0,0.754658079147339,0.0,0.0,0,,110米兰玛特里斯布赫磊尔
194,110米栏马特里亚斯布赫雷尔,5,False,False,0.0,0.2857142857142857,0.5555555555555556,0.49521676183630925,-1.200339674949646,0.0,0.7034643217921256,0.0,0.0,0,,110米兰玛特里斯布肯雷尔
194,110米栏马特里亚斯布赫雷尔,6,False,False,0.0,0.2857142857142857,0.5555555555555556,0.4144284183614674,-1.2430027723312378,0.0,0.7034643217921256,0.0,0.0,0,,110米兰玛特里斯布赫鲁尔
194,110米栏马特里亚斯布赫雷尔,7,False,False,0.0,0.2857142857142857,0.5555555555555556,0.17201936884981398,-1.3710153102874756,0.0,0.7034643217921256,0.0,0.0,0,,110米兰玛特里斯布赫里尔
194,110米栏马特里亚斯布赫雷尔,8,False,False,0.0,0.35714285714285715,0.6666666666666666,0.0,-1.4618561267852783,0.0,0.7034643217921256,0.0,0.0,0,,110米兰玛特里斯布赫鲁尔尔
195,格里格尔特拉贝尔,1,True,True,1.0,0.0,0.0,3.5,-0.7271521687507629,1.0,0.6836681962013245,0.0,0.0,0,,格里格尔特拉贝尔
195,格里格尔特拉贝尔,2,False,False,0.0,0.125,0.125,0.8294198251500976,-0.7478834986686707,0.0,0.6836681962013245,0.0,0.0,0,,格里格儿特拉贝尔
195,格里格尔特拉贝尔,3,False,False,0.0,0.125,0.125,0.7522439855498219,-0.7572630047798157,0.0,0.6836681962013245,0.0,0.0,0,,格里格阿特拉贝尔
195,格里格尔特拉贝尔,4,False,False,0.0,0.125,0.125,0.5542715421141478,-0.7813234329223633,0.0,0.6836681962013245,0.0,0.0,0,,格里格耳特拉贝尔
195,格里格尔特拉贝尔,5,False,False,0.0,0.125,0.125,0.0,-0.8486863970756531,0.0,0.6836681962013245,0.0,0.0,0,,格里格二特拉贝尔
196,撑杆跳拉斐尔霍尔泽德斯佩,1,True,False,0.0,1.3333333333333333,1.0,1.0,-1.2086303234100342,0.0,0.0,0.0,0.0,0,,成钢跳ラッフィールホアール泽ドスタイ
196,撑杆跳拉斐尔霍尔泽德斯佩,2,False,False,0.0,1.4166666666666667,1.0,0.9629936092122625,-1.2114453315734863,0.0,0.0,0.0,0.0,0,,成钢跳ラッフィールホアールザデスペイ
196,撑杆跳拉斐尔霍尔泽德斯佩,3,False,False,0.0,1.3333333333333333,1.0,0.8797644905391894,-1.2177764177322388,0.0,0.0,0.0,0.0,0,,成钢跳ラッフィールホアールザデステ
196,撑杆跳拉斐尔霍尔泽德斯佩,4,False,False,0.0,1.3333333333333333,1.0,0.7791260386205426,-1.2254317998886108,0.0,0.0,0.0,0.0,0,,成钢跳ラッフィールホアールザデスペ
196,撑杆跳拉斐尔霍尔泽德斯佩,5,False,False,0.0,1.0833333333333333,1.0,0.7046948312662786,-1.2310936450958252,0.0,0.0,0.0,0.0,0,,成钢跳ラッフィールホアールザ德斯佩
196,撑杆跳拉斐尔霍尔泽德斯佩,6,False,False,0.0,1.3333333333333333,1.0,0.6762763553390816,-1.233255386352539,0.0,0.0,0.0,0.0,0,,成钢跳ラッフィールホアール泽ドスパイ
196,撑杆跳拉斐尔霍尔泽德斯佩,7,False,False,0.0,1.25,1.0,0.5922699363428646,-1.2396456003189087,0.0,0.0,0.0,0.0,0,,成钢跳ラッフィールホアール泽ドスペ
196,撑杆跳拉斐尔霍尔泽德斯佩,8,False,False,0.0,1.3333333333333333,1.0,0.5375000391784437,-1.243811845779419,0.0,0.0,0.0,0.0,0,,成钢跳ラッフィールホアール泽ドスペン
196,撑杆跳拉斐尔霍尔泽德斯佩,9,False,False,0.0,1.3333333333333333,1.0,0.3380049709609375,-1.2589870691299438,0.0,0.0,0.0,0.0,0,,成钢跳ラッフィールホアール泽ドスペレ
196,撑杆跳拉斐尔霍尔泽德斯佩,10,False,True,0.0,1.0,1.0,0.22051508683510262,-1.2679243087768555,0.0,0.0,0.0,0.0,0,,成钢跳ラッフィールホアール泽德斯佩
196,撑杆跳拉斐尔霍尔泽德斯佩,11,False,False,0.0,1.25,1.0,0.0,-1.284698486328125,0.0,0.0,0.0,0.0,0,,成钢跳ラッフィールホアールザデス佩
197,铅球达维斯多尔,1,True,True,1.0,0.2857142857142857,0.0,3.5388888888888888,-1.2877299785614014,2.0,0.6886518001556396,0.1111111111111111,0.03888888888888888,2,维斯多尔;达维斯多尔,迁就达维斯多尔
197,铅球达维斯多尔,2,False,False,1.0,0.2857142857142857,0.0,3.510375828250077,-1.3007062673568726,2.0,0.6886518001556396,0.1111111111111111,0.03888888888888888,2,维斯多尔;达维斯多尔,千丘达维斯多尔
197,铅球达维斯多尔,3,False,False,0.5,0.42857142857142855,0.2222222222222222,0.8534330245747781,-1.3544325828552246,0.0,0.705486924946308,0.0,0.0,0,,千丘达维斯斗尔
197,铅球达维斯多尔,4,False,False,0.5,0.42857142857142855,0.2222222222222222,0.6340718671728763,-1.4542638063430786,0.0,0.6882915496826172,0.0,0.0,0,,迁就达维斯多二
197,铅球达维斯多尔,5,False,False,0.5,0.42857142857142855,0.2222222222222222,0.6192735119526285,-1.46099853515625,0.0,0.6882915496826172,0.0,0.0,0,,千丘达维斯多二
197,铅球达维斯多尔,6,False,False,0.5,0.42857142857142855,0.2222222222222222,0.5184655288300092,-1.5068762302398682,0.0,0.6882915496826172,0.0,0.0,0,,千丘达维司多尔
197,铅球达维斯多尔,7,False,False,0.5,0.42857142857142855,0.2222222222222222,0.5089198759238003,-1.5112204551696777,0.0,0.6882915496826172,0.0,0.0,0,,千丘达维斯多耳
197,铅球达维斯多尔,8,False,False,0.5,0.42857142857142855,0.2222222222222222,0.11253848567732959,-1.6916135549545288,0.0,0.6882915496826172,0.0,0.0,0,,千丘达维斯多而
197,铅球达维斯多尔,9,False,False,0.5,0.42857142857142855,0.2222222222222222,0.0837695087087515,-1.7047063112258911,0.0,0.688279926776886,0.0,0.0,0,,千丘达维斯多外
197,铅球达维斯多尔,10,False,False,0.5,0.42857142857142855,0.2222222222222222,0.0,-1.7428297996520996,0.0,0.688279926776886,0.0,0.0,0,,千丘达维斯多五
198,铁饼克里斯托弗哈特灵,1,True,True,1.0,0.0,0.0,3.319027866556617,-0.8302431702613831,2.0,0.6898193955421448,0.75,0.26249999999999996,4,哈特灵,铁饼克里斯托弗哈特灵
198,铁饼克里斯托弗哈特灵,2,False,False,0.5,0.1,0.09090909090909091,2.8630003187798287,-0.7106923460960388,1.0,0.6898193955421448,0.75,0.26249999999999996,4,哈特灵,铁饼科里斯托弗哈特灵
198,铁饼克里斯托弗哈特灵,3,False,False,0.5,0.1,0.09090909090909091,1.9639318903970637,-0.9530624151229858,1.0,0.6898193955421448,0.75,0.26249999999999996,4,哈特灵,铁饼克里斯托父哈特灵
198,铁饼克里斯托弗哈特灵,4,False,False,0.5,0.1,0.09090909090909091,1.8630003187798285,-0.9802714586257935,1.0,0.6898193955421448,0.75,0.26249999999999996,4,哈特灵,铁饼克里斯托夫哈特灵
198,铁饼克里斯托弗哈特灵,5,False,False,0.5,0.1,0.18181818181818182,0.4180302985747505,-0.8675792217254639,0.0,0.6895424723625183,0.0,0.0,0,,铁饼克里斯托弗哈特龄
199,全能里科费雷姆斯,1,True,False,0.0,0.5,0.0,2.85,-2.499804973602295,3.0,0.6831415891647339,1.0,0.35,4,全能里科费雷姆斯;波斯;李晖,全能里科费雷姆斯波斯李晖
199,全能里科费雷姆斯,2,False,False,0.0,0.25,0.0,2.2554254904529962,-2.2412524223327637,2.0,0.6831415891647339,1.0,0.35,4,全能里科费雷姆斯;波斯,全能里科费雷姆斯波斯
199,全能里科费雷姆斯,3,False,False,1.0,0.25,0.0,2.183564673085488,-2.281632661819458,2.0,0.6831415891647339,1.0,0.35,4,全能里科费雷姆斯;李晖,全能里科费雷姆斯李晖
199,全能里科费雷姆斯,4,False,True,1.0,0.0,0.0,2.05,-1.6153271198272705,1.0,0.6831415891647339,1.0,0.35,4,全能里科费雷姆斯,全能里科费雷姆斯
200,迈克尔斯齐莱德尔,1,True,True,1.0,0.0,0.0,3.6,-0.9181075692176819,1.0,0.6912774443626404,0.2857142857142857,0.09999999999999999,3,迈克尔斯齐莱德尔,迈克尔斯齐莱德尔
200,迈克尔斯齐莱德尔,2,False,False,1.0,0.5,0.0,2.9299717468888935,-1.6002094745635986,1.0,0.6912774443626404,0.2857142857142857,0.09999999999999999,3,迈克尔斯齐莱德尔,迈克尔斯齐莱德尔克里斯丁
200,迈克尔斯齐莱德尔,3,False,False,0.0,0.75,0.0,2.6842863696230608,-1.8503220081329346,1.0,0.6912774443626404,0.2857142857142857,0.09999999999999999,3,迈克尔斯齐莱德尔,迈克尔斯齐莱德尔克里斯丁吉尔
200,迈克尔斯齐莱德尔,4,False,False,0.0,0.125,0.125,0.9064601583122726,-1.0133329629898071,0.0,0.6912774443626404,0.0,0.0,0,,迈克尔斯齐来德尔
200,迈克尔斯齐莱德尔,5,False,False,0.0,0.125,0.125,0.8753977201369944,-1.0449551343917847,0.0,0.6912774443626404,0.0,0.0,0,,迈克尔斯齐兰德尔
200,迈克尔斯齐莱德尔,6,False,False,0.0,0.125,0.125,0.8472899291461975,-1.073569416999817,0.0,0.6912774443626404,0.0,0.0,0,,马克尔斯齐莱德尔
200,迈克尔斯齐莱德尔,7,False,False,0.0,0.125,0.125,0.8470472995898307,-1.0738164186477661,0.0,0.6912774443626404,0.0,0.0,0,,迈克尔斯齐莱得尔
200,迈克尔斯齐莱德尔,8,False,False,0.0,0.875,0.125,0.0,-1.9361271858215332,0.0,0.6802608966827393,0.0,0.0,0,,马克尔斯齐莱德尔克里斯丁吉尔
201,四乘100米接力罗伯特哈特灵,1,True,False,0.0,0.14285714285714285,0.1111111111111111,2.9878176838810644,-0.9639245271682739,1.0,0.6912329792976379,0.75,0.26249999999999996,4,哈特灵,四城100米接力罗博特哈特灵
201,四乘100米接力罗伯特哈特灵,2,False,True,0.0,0.07142857142857142,0.1111111111111111,2.919276017214398,-0.9848091006278992,1.0,0.6912329792976379,0.75,0.26249999999999996,4,哈特灵,四乘100米接力罗博特哈特灵
201,四乘100米接力罗伯特哈特灵,3,False,False,0.0,0.14285714285714285,0.1111111111111111,2.8388024256651017,-1.0093293190002441,1.0,0.6912329792976379,0.75,0.26249999999999996,4,哈特灵,四程100米接力罗博特哈特灵
201,四乘100米接力罗伯特哈特灵,4,False,False,0.0,0.21428571428571427,0.1111111111111111,2.7625,-1.0325785875320435,1.0,0.6912329792976379,0.75,0.26249999999999996,4,哈特灵,4X100米接力罗博特哈特灵
201,四乘100米接力罗伯特哈特灵,5,False,False,0.0,0.14285714285714285,0.3333333333333333,1.0,-0.7278796434402466,0.0,0.6915135979652405,0.0,0.0,0,,四乘100米接力罗博特哈特龄
202,雅莱克斯欧帕拉迪尼门格,1,True,False,0.0,0.18181818181818182,0.2,1.0,-0.4034797251224518,0.0,0.0,0.0,0.0,0,,雅来克斯欧帕拉蒂尼门格
202,雅莱克斯欧帕拉迪尼门格,2,False,False,0.0,0.2727272727272727,0.2,0.9695644835366488,-0.4090632498264313,0.0,0.0,0.0,0.0,0,,亚来克斯欧帕拉蒂尼门格
202,雅莱克斯欧帕拉迪尼门格,3,False,False,0.0,0.2727272727272727,0.2,0.9667865717368106,-0.40957286953926086,0.0,0.0,0.0,0.0,0,,亚来克斯欧帕拉第尼门格
202,雅莱克斯欧帕拉迪尼门格,4,False,False,0.0,0.18181818181818182,0.2,0.9192751827045587,-0.41828903555870056,0.0,0.0,0.0,0.0,0,,雅兰克斯欧帕拉蒂尼门格
202,雅莱克斯欧帕拉迪尼门格,5,False,False,0.0,0.18181818181818182,0.2,0.8847528868757963,-0.4246222972869873,0.0,0.0,0.0,0.0,0,,雅来克斯欧帕拉第尼门格
202,雅莱克斯欧帕拉迪尼门格,6,False,False,0.0,0.18181818181818182,0.2,0.7850005109083398,-0.44292229413986206,0.0,0.0,0.0,0.0,0,,亚莱克斯欧帕拉蒂尼门格
202,雅莱克斯欧帕拉迪尼门格,7,False,False,0.0,0.2727272727272727,0.2,0.6004048603384536,-0.47678714990615845,0.0,0.0,0.0,0.0,0,,雅兰克思欧帕拉蒂尼门格
202,雅莱克斯欧帕拉迪尼门格,8,False,False,0.0,0.2727272727272727,0.2,0.3823332607177442,-0.5167933106422424,0.0,0.0,0.0,0.0,0,,雅来克思欧帕拉蒂尼门格
202,雅莱克斯欧帕拉迪尼门格,9,False,True,0.0,0.09090909090909091,0.2,0.2846206192858882,-0.5347191095352173,0.0,0.0,0.0,0.0,0,,雅莱克斯欧帕拉蒂尼门格
202,雅莱克斯欧帕拉迪尼门格,10,False,False,0.0,0.2727272727272727,0.2,0.0,-0.586933970451355,0.0,0.0,0.0,0.0,0,,雅来克斯欧帕拉蒂尼蒙格
203,吉娜卢克肯科姆普尔,1,True,True,1.0,0.0,0.0,3.85,-1.673038125038147,2.0,0.6832418441772461,1.0,0.35,3,吉娜,吉娜卢克肯科姆普尔
203,吉娜卢克肯科姆普尔,2,False,False,0.5,0.1111111111111111,0.1111111111111111,1.355214841411438,-1.7844079732894897,1.0,0.6832418441772461,1.0,0.35,3,吉娜,吉娜卢克肯科姆布尔
203,吉娜卢克肯科姆普尔,3,False,False,0.5,0.1111111111111111,0.1111111111111111,1.0499999999999998,-1.8333320617675781,1.0,0.6832418441772461,1.0,0.35,3,吉娜,吉娜卢克肯科姆普而
204,800米克里斯蒂娜哈灵,1,True,True,1.0,0.0,0.0,2.7,-1.7019001245498657,2.0,0.6858916282653809,0.5714285714285714,0.19999999999999998,5,哈灵,800米克里斯蒂娜哈灵
204,800米克里斯蒂娜哈灵,2,False,False,0.0,0.45454545454545453,0.5714285714285714,2.6714591895767876,-1.1453959941864014,1.0,0.6853103041648865,0.5714285714285714,0.19999999999999998,5,哈灵,巴白米科里斯蒂那哈灵
204,800米克里斯蒂娜哈灵,3,False,False,0.5,0.36363636363636365,0.42857142857142855,2.517411511383564,-1.243642807006836,1.0,0.6853103041648865,0.5714285714285714,0.19999999999999998,5,哈灵,巴白米科里斯蒂娜哈灵
204,800米克里斯蒂娜哈灵,4,False,False,0.5,0.09090909090909091,0.14285714285714285,2.5011888733352525,-1.2539891004562378,1.0,0.6853103041648865,0.5714285714285714,0.19999999999999998,5,哈灵,800米科里斯蒂娜哈灵
204,800米克里斯蒂娜哈灵,5,False,False,0.5,0.36363636363636365,0.5714285714285714,2.1032362031168055,-1.5077909231185913,1.0,0.6853103041648865,0.5714285714285714,0.19999999999999998,5,哈灵,巴白米克利斯蒂娜哈灵
204,800米克里斯蒂娜哈灵,6,False,False,0.5,0.45454545454545453,0.5714285714285714,1.0,-1.064131259918213,0.0,0.7429445286591847,0.0,0.0,0,,巴白米科里斯蒂娜哈林
204,800米克里斯蒂娜哈灵,7,False,False,0.5,0.18181818181818182,0.2857142857142857,0.7546168751996498,-1.2206289768218994,0.0,0.6856238842010498,0.0,0.0,0,,800米科里斯蒂娜哈凌
204,800米克里斯蒂娜哈灵,8,False,False,0.5,0.45454545454545453,0.5714285714285714,0.6849401485198205,-1.2650666236877441,0.0,0.6856238842010498,0.0,0.0,0,,巴白米科里斯蒂娜哈凌
205,科林之前已经积极的支持影片拍摄,1,True,False,1.0,0.06666666666666667,0.0,3.85,-0.21650685369968414,1.0,0.688458263874054,1.0,0.35,4,科林,科林之前已经积极地支持影片拍摄
205,科林之前已经积极的支持影片拍摄,2,False,True,1.0,0.0,0.0,3.6150252458393424,-0.2738358974456787,1.0,0.688458263874054,1.0,0.35,4,科林,科林之前已经积极的支持影片拍摄
205,科林之前已经积极的支持影片拍摄,3,False,False,1.0,0.13333333333333333,0.0,2.9836443050539994,-0.4278799593448639,1.0,0.688458263874054,1.0,0.35,4,科林,科林之前已积极支持影片拍摄
205,科林之前已经积极的支持影片拍摄,4,False,False,1.0,0.13333333333333333,0.0,2.85,-0.46048644185066223,1.0,0.688458263874054,1.0,0.35,4,科林,科林之前已积极地支持影片拍摄
206,艺人谢婷婷出席活动时,1,True,True,1.0,0.0,0.0,1.0,-0.32990503311157227,0.0,0.7744898647069931,0.0,0.0,0,,艺人谢婷婷出席活动时
206,艺人谢婷婷出席活动时,2,False,False,0.0,0.1,0.3333333333333333,0.8886025376531643,-0.37202149629592896,0.0,0.7744898647069931,0.0,0.0,0,,艺人谢庭婷出席活动时
206,艺人谢婷婷出席活动时,3,False,False,0.0,0.2,0.6666666666666666,0.0,-0.7079788446426392,0.0,0.7744898647069931,0.0,0.0,0,,艺人谢廷廷出席活动时
207,京华时报讯记者迟名常鑫前天中午近一一点半,1,True,True,1.0,0.15,0.0,1.0,-0.609032154083252,0.0,0.7598052680492402,0.0,0.0,0,,今华时报讯记者迟名常鑫前天中午近11点半
207,京华时报讯记者迟名常鑫前天中午近一一点半,2,False,False,0.0,0.15,0.5,0.8338035090615118,-0.6143134236335754,0.0,0.7598052680492402,0.0,0.0,0,,今华时报讯记者迟鸣常馨前天中午近一一点半
207,京华时报讯记者迟名常鑫前天中午近一一点半,3,False,False,0.0,0.25,0.5,0.6316760889382407,-0.6207364797592163,0.0,0.7598052680492402,0.0,0.0,0,,今华时报讯记者迟鸣常馨前天中午近1点半
207,京华时报讯记者迟名常鑫前天中午近一一点半,4,False,False,0.0,0.2,0.5,0.0,-0.6408094167709351,0.0,0.7598052680492402,0.0,0.0,0,,今华时报讯记者迟鸣常馨前天中午近一点半
208,大兴区礼贤镇紫各庄村,1,True,True,1.0,0.0,0.0,2.967770524494282,-1.3172531127929688,4.0,0.6922191381454468,1.0,0.35,4,礼贤镇;紫各庄;大兴,大兴区礼贤镇紫各庄村
208,大兴区礼贤镇紫各庄村,2,False,False,0.6666666666666666,0.1,0.08333333333333333,1.5542607226663554,-1.2674829959869385,3.0,0.6913868188858032,1.0,0.35,4,礼贤镇;紫各庄;大兴,大兴区礼贤镇紫各庄川
208,大兴区礼贤镇紫各庄村,3,False,False,0.6666666666666666,0.1,0.16666666666666666,1.35,-1.0843567848205566,2.0,0.6913868188858032,1.0,0.35,4,礼贤镇;大兴,大兴区礼贤镇子各庄村
208,大兴区礼贤镇紫各庄村,4,False,False,0.6666666666666666,0.1,0.08333333333333333,1.2479571095316904,-1.3483428955078125,3.0,0.6913868188858032,1.0,0.35,4,礼贤镇;紫各庄;大兴,大兴区礼贤镇紫各庄坝
209,肇事者为紫各庄村民乔某,1,True,True,1.0,0.2727272727272727,0.0,1.0,-0.6317780613899231,0.0,0.6887142658233643,0.0,0.0,0,,赵氏者为紫各庄村民乔懵
209,肇事者为紫各庄村民乔某,2,False,False,0.0,0.36363636363636365,0.2857142857142857,0.8610812583097308,-0.7083238363265991,0.0,0.6887142658233643,0.0,0.0,0,,赵氏者为紫阁庄村民乔谋
209,肇事者为紫各庄村民乔某,3,False,False,0.0,0.36363636363636365,0.2857142857142857,0.8600143459312215,-0.7089117169380188,0.0,0.6887142658233643,0.0,0.0,0,,赵氏者为紫阁庄村民乔蒙
209,肇事者为紫各庄村民乔某,4,False,False,0.0,0.45454545454545453,0.2857142857142857,0.8426791562013592,-0.7184635996818542,0.0,0.6887142658233643,0.0,0.0,0,,赵氏这位紫阁庄村民乔某
209,肇事者为紫各庄村民乔某,5,False,False,0.0,0.2727272727272727,0.2857142857142857,0.8400326985981725,-0.7199218273162842,0.0,0.6887142658233643,0.0,0.0,0,,赵氏者为紫阁庄村民乔某
209,肇事者为紫各庄村民乔某,6,False,False,0.0,0.5454545454545454,0.2857142857142857,0.7357131583948956,-0.7774030566215515,0.0,0.6887142658233643,0.0,0.0,0,,赵氏这位紫阁庄村民乔蒙
209,肇事者为紫各庄村民乔某,7,False,False,0.0,0.09090909090909091,0.2857142857142857,0.6570993591494471,-0.8207201361656189,0.0,0.6887142658233643,0.0,0.0,0,,肇事者为紫隔庄村民乔某
209,肇事者为紫各庄村民乔某,8,False,False,0.0,0.2727272727272727,0.2857142857142857,0.10613695831859023,-1.124306559562683,0.0,0.6887142658233643,0.0,0.0,0,,赵氏者为紫革庄村民乔某
209,肇事者为紫各庄村民乔某,9,False,False,0.0,0.2727272727272727,0.2857142857142857,0.08444368627042892,-1.1362597942352295,0.0,0.6887142658233643,0.0,0.0,0,,赵氏者为紫格庄村民乔某
209,肇事者为紫各庄村民乔某,10,False,False,0.0,0.2727272727272727,0.2857142857142857,0.0,-1.1827892065048218,0.0,0.6887142658233643,0.0,0.0,0,,赵氏者为紫隔庄村民乔某
210,大兴警方以涉嫌交通肇事罪将肇事者刑事拘留,1,True,False,1.0,0.1,0.0,2.619544637195028,-0.8409014344215393,1.0,0.6767580509185791,0.125,0.04375,2,大兴,大兴警方已涉嫌交通肇事罪将肇死者刑事拘留
210,大兴警方以涉嫌交通肇事罪将肇事者刑事拘留,2,False,True,1.0,0.05,0.0,2.54375,-0.8713029623031616,1.0,0.6767580509185791,0.125,0.04375,2,大兴,大兴警方以涉嫌交通肇事罪将肇死者刑事拘留
210,大兴警方以涉嫌交通肇事罪将肇事者刑事拘留,3,False,False,0.0,0.1,0.5,1.0,-0.47019901871681213,0.0,0.7895510594050088,0.0,0.0,0,,大型警方以涉嫌交通肇事罪将肇死者刑事拘留
210,大兴警方以涉嫌交通肇事罪将肇事者刑事拘留,4,False,False,0.0,0.15,0.5,0.9590625177625222,-0.4866192042827606,0.0,0.7895510594050088,0.0,0.0,0,,大型警方已涉嫌交通肇事罪将肇死者刑事拘留
210,大兴警方以涉嫌交通肇事罪将肇事者刑事拘留,5,False,False,0.0,0.15,0.5,0.9465735282043776,-0.49162858724594116,0.0,0.7895510594050088,0.0,0.0,0,,大型警方已涉嫌交通肇事罪将造事者刑事拘留
210,大兴警方以涉嫌交通肇事罪将肇事者刑事拘留,6,False,False,0.0,0.1,0.5,0.6520899499695925,-0.6097471117973328,0.0,0.7895510594050088,0.0,0.0,0,,大行警方以涉嫌交通肇事罪将肇死者刑事拘留
210,大兴警方以涉嫌交通肇事罪将肇事者刑事拘留,7,False,False,0.0,0.1,0.5,0.6303018504972392,-0.6184864044189453,0.0,0.7895510594050088,0.0,0.0,0,,大刑警方以涉嫌交通肇事罪将肇死者刑事拘留
210,大兴警方以涉嫌交通肇事罪将肇事者刑事拘留,8,False,False,0.0,0.15,0.5,0.6247049238733128,-0.6207313537597656,0.0,0.7895510594050088,0.0,0.0,0,,大刑警方已涉嫌交通肇事罪将肇死者刑事拘留
210,大兴警方以涉嫌交通肇事罪将肇事者刑事拘留,9,False,False,0.0,0.15,0.5,0.5882005213683374,-0.6353734135627747,0.0,0.7895510594050088,0.0,0.0,0,,大行警方已涉嫌交通肇事罪将肇死者刑事拘留
211,新京报讯记者王巍利用村里遭受泥石流灾害后,1,True,True,1.0,0.0,0.0,3.85,-0.5251920223236084,2.0,0.6795375943183899,1.0,0.35,2,王巍;新京报,新京报讯记者王巍利用村里遭受泥石流灾害后
211,新京报讯记者王巍利用村里遭受泥石流灾害后,2,False,False,1.0,0.05,0.0,2.85,-0.579695999622345,2.0,0.6795375943183899,1.0,0.35,2,王巍;新京报,新京报讯记者王巍利永村里遭受泥石流灾害后
212,延庆县永宁镇偏坡峪村原党支部书记钱某,1,True,True,1.0,0.0,0.0,3.092079502826419,-0.9041284918785095,2.0,0.6906474828720093,1.0,0.35,10,偏坡峪村;永宁镇,延庆县永宁镇偏坡峪村原党支部书记钱某
212,延庆县永宁镇偏坡峪村原党支部书记钱某,2,False,False,1.0,0.05555555555555555,0.0,3.0437718307699213,-0.9263964295387268,2.0,0.6906474828720093,1.0,0.35,10,偏坡峪村;永宁镇,延庆县永宁镇偏坡峪村远党支部书记钱某
212,延庆县永宁镇偏坡峪村原党支部书记钱某,3,False,False,1.0,0.05555555555555555,0.0,3.036127691279019,-0.9299200773239136,2.0,0.6906474828720093,1.0,0.35,10,偏坡峪村;永宁镇,沿庆县永宁镇偏坡峪村原党支部书记钱某
212,延庆县永宁镇偏坡峪村原党支部书记钱某,4,False,False,1.0,0.05555555555555555,0.0,2.9493850629399856,-0.9699050188064575,2.0,0.6906474828720093,1.0,0.35,10,偏坡峪村;永宁镇,延庆县永宁镇偏坡峪村元党支部书记钱某
212,延庆县永宁镇偏坡峪村原党支部书记钱某,5,False,False,1.0,0.05555555555555555,0.0,2.942026817395231,-0.9732968807220459,2.0,0.6906474828720093,1.0,0.35,10,偏坡峪村;永宁镇,延庆县永宁镇偏坡峪村原党支部书记前某
212,延庆县永宁镇偏坡峪村原党支部书记钱某,6,False,False,1.0,0.1111111111111111,0.0,2.85,-1.015717625617981,2.0,0.6906474828720093,1.0,0.35,10,偏坡峪村;永宁镇,沿庆县永宁镇偏坡峪村元党支部书记钱某
212,延庆县永宁镇偏坡峪村原党支部书记钱某,7,False,False,0.5,0.05555555555555555,0.14285714285714285,1.35,-0.5547569394111633,1.0,0.6903536915779114,1.0,0.35,10,永宁镇,延庆县永宁镇偏坡玉村原党支部书记钱某
212,延庆县永宁镇偏坡峪村原党支部书记钱某,8,False,False,0.5,0.05555555555555555,0.14285714285714285,1.3472404962891327,-0.5560289621353149,1.0,0.6903536915779114,1.0,0.35,10,永宁镇,延庆县永宁镇偏坡驿村原党支部书记钱某
212,延庆县永宁镇偏坡峪村原党支部书记钱某,9,False,False,0.5,0.1111111111111111,0.14285714285714285,1.3129559804785251,-0.5718327760696411,1.0,0.6903536915779114,1.0,0.35,10,永宁镇,沿庆县永宁镇偏坡驿村原党支部书记钱某
212,延庆县永宁镇偏坡峪村原党支部书记钱某,10,False,False,0.5,0.1111111111111111,0.14285714285714285,1.3025284158022932,-0.5766394734382629,1.0,0.6903536915779114,1.0,0.35,10,永宁镇,沿庆县永宁镇偏坡玉村原党支部书记钱某
213,信息时报讯记者陈子玉近日,1,True,False,0.0,0.25,0.8,1.0,-0.5602001547813416,0.0,0.0,0.0,0.0,0,,时报讯记者陈子育近日
213,信息时报讯记者陈子玉近日,2,False,True,0.0,0.16666666666666666,0.2,0.526749080397394,-0.6239792108535767,0.0,0.6808812022209167,0.0,0.0,0,,讯息时报讯记者陈紫玉近日
213,信息时报讯记者陈子玉近日,3,False,False,0.0,0.25,0.4,0.4866439248289829,-0.6293841004371643,0.0,0.7262732823689778,0.0,0.0,0,,新闻时报讯记者陈紫玉近日
213,信息时报讯记者陈子玉近日,4,False,False,0.0,0.25,0.8,0.3296407700734753,-0.6505430936813354,0.0,0.0,0.0,0.0,0,,时报讯记者陈紫玉近日
213,信息时报讯记者陈子玉近日,5,False,False,0.0,0.25,0.4,0.0,-0.6949681043624878,0.0,0.7262732823689778,0.0,0.0,0,,新闻时报讯记者陈梓玉近日
214,白云区钟落潭竹一村民白云区钟落潭竹一村的村民跟记者报料,1,True,False,1.0,0.037037037037037035,0.0,3.2084110543687334,-0.8609114289283752,2.0,0.6931196451187134,0.75,0.26249999999999996,4,钟落潭竹一村民;钟落潭竹一村,白云区钟落潭竹一村民白云区钟落潭竹一村的村民跟记者爆料
214,白云区钟落潭竹一村民白云区钟落潭竹一村的村民跟记者报料,2,False,True,1.0,0.0,0.0,3.181243950455082,-0.8783116936683655,2.0,0.6931196451187134,0.75,0.26249999999999996,4,钟落潭竹一村民;钟落潭竹一村,白云区钟落潭竹一村民白云区钟落潭竹一村的村民跟记者报料
214,白云区钟落潭竹一村民白云区钟落潭竹一村的村民跟记者报料,3,False,False,1.0,0.037037037037037035,0.0,3.1546373527856826,-0.8953529596328735,2.0,0.6931196451187134,0.75,0.26249999999999996,4,钟落潭竹一村民;钟落潭竹一村,白云区钟落潭竹一村民白云区钟落潭竹一村的村民跟记者曝料
214,白云区钟落潭竹一村民白云区钟落潭竹一村的村民跟记者报料,4,False,False,0.0,0.6296296296296297,0.3870967741935484,2.7625,-1.1465131044387817,2.0,0.6931196451187134,0.75,0.26249999999999996,4,钟落潭竹一村民;钟落潭竹一村,白云区钟落潭竹一村民
214,白云区钟落潭竹一村民白云区钟落潭竹一村的村民跟记者报料,5,False,False,0.0,0.5185185185185185,0.4838709677419355,1.0,-0.5060228705406189,0.0,0.6931127905845642,0.0,0.0,0,,白云区中落潭竹一村民跟记者爆料
215,明着是大兴区黄村镇狼垡三村的医师,1,True,True,1.0,0.0625,0.0,2.992272953744092,-1.1548912525177002,2.0,0.6869946718215942,1.0,0.35,8,狼垡三村;大兴,明哲是大兴区黄村镇狼垡三村的医师
215,明着是大兴区黄村镇狼垡三村的医师,2,False,False,1.0,0.125,0.0,2.9885337136600136,-1.1582399606704712,2.0,0.6869946718215942,1.0,0.35,8,狼垡三村;大兴,名者是大兴区黄村镇狼垡三村的医师
215,明着是大兴区黄村镇狼垡三村的医师,3,False,False,1.0,0.125,0.0,2.968111321028224,-1.1765294075012207,2.0,0.6869946718215942,1.0,0.35,8,狼垡三村;大兴,名字是大兴区黄村镇狼垡三村的医师
215,明着是大兴区黄村镇狼垡三村的医师,4,False,False,1.0,0.0625,0.0,2.893585687779377,-1.2432714700698853,2.0,0.6869946718215942,1.0,0.35,8,狼垡三村;大兴,明者是大兴区黄村镇狼垡三村的医师
215,明着是大兴区黄村镇狼垡三村的医师,5,False,False,0.5,0.1875,0.16666666666666666,1.35,-0.38674652576446533,1.0,0.6853253245353699,1.0,0.35,8,大兴,名者是大兴区黄村镇狼筏三村的医师
215,明着是大兴区黄村镇狼垡三村的医师,6,False,False,0.5,0.1875,0.16666666666666666,0.9292620794519633,-0.7635419368743896,1.0,0.6853253245353699,1.0,0.35,8,大兴,名者是大兴区黄村镇狼垮三村的医师
215,明着是大兴区黄村镇狼垡三村的医师,7,False,False,0.5,0.125,0.16666666666666666,0.7702231776978309,-0.905970573425293,1.0,0.6853253245353699,1.0,0.35,8,大兴,明哲是大兴区黄村镇狼垮三村的医师
215,明着是大兴区黄村镇狼垡三村的医师,8,False,False,0.5,0.1875,0.16666666666666666,0.35,-1.2823050022125244,1.0,0.6853253245353699,1.0,0.35,8,大兴,名者是大兴区黄村镇狼庑三村的医师
216,张绵跃当选村委会主任,1,True,False,0.0,0.2,0.6666666666666666,1.0,-0.22573639452457428,0.0,0.0,0.0,0.0,0,,张景岳当选村委会主任
216,张绵跃当选村委会主任,2,False,False,0.0,0.2,0.6666666666666666,0.7902928859661111,-0.29362058639526367,0.0,0.0,0.0,0.0,0,,张紧月当选村委会主任
216,张绵跃当选村委会主任,3,False,False,0.0,0.2,0.6666666666666666,0.7774638105092121,-0.29777348041534424,0.0,0.0,0.0,0.0,0,,张紧悦当选村委会主任
216,张绵跃当选村委会主任,4,False,False,0.0,0.2,0.6666666666666666,0.775502641598407,-0.2984083294868469,0.0,0.0,0.0,0.0,0,,张瑾月当选村委会主任
216,张绵跃当选村委会主任,5,False,False,0.0,0.2,0.6666666666666666,0.7143483645271848,-0.3182045519351959,0.0,0.0,0.0,0.0,0,,张景悦当选村委会主任
216,张绵跃当选村委会主任,6,False,False,0.0,0.2,0.6666666666666666,0.5978666971340484,-0.3559107780456543,0.0,0.0,0.0,0.0,0,,张景玥当选村委会主任
216,张绵跃当选村委会主任,7,False,True,0.0,0.1,0.3333333333333333,0.5931999216158478,-0.3574214577674866,0.0,0.0,0.0,0.0,0,,张紧跃当选村委会主任
216,张绵跃当选村委会主任,8,False,False,0.0,0.2,0.6666666666666666,0.49229353695781936,-0.3900858163833618,0.0,0.0,0.0,0.0,0,,张景月当选村委会主任
216,张绵跃当选村委会主任,9,False,False,0.0,0.1,0.3333333333333333,0.0,-0.5494459271430969,0.0,0.0,0.0,0.0,0,,张锦跃当选村委会主任
217,该地块即为通州新城核心地标彩虹之门用地,1,True,True,1.0,0.0,0.0,3.85,-0.08215788006782532,1.0,0.6905550360679626,1.0,0.35,5,新城,该地块即为通州新城核心地标彩虹之门用地
217,该地块即为通州新城核心地标彩虹之门用地,2,False,False,1.0,0.05263157894736842,0.0,3.426964975532782,-0.11768760532140732,1.0,0.6905550360679626,1.0,0.35,5,新城,该地块既为通州新城核心地标彩虹之门用地
217,该地块即为通州新城核心地标彩虹之门用地,3,False,False,1.0,0.05263157894736842,0.0,2.868928672748534,-0.16455577313899994,1.0,0.6905550360679626,1.0,0.35,5,新城,该地块继为通州新城核心地标彩虹之门用地
217,该地块即为通州新城核心地标彩虹之门用地,4,False,False,1.0,0.05263157894736842,0.0,2.8659403738292224,-0.16480675339698792,1.0,0.6905550360679626,1.0,0.35,5,新城,该地块计为通州新城核心地标彩虹之门用地
217,该地块即为通州新城核心地标彩虹之门用地,5,False,False,1.0,0.05263157894736842,0.0,2.85,-0.16614554822444916,1.0,0.6905550360679626,1.0,0.35,5,新城,该地块记为通州新城核心地标彩虹之门用地
219,新京报讯记者张旭报道,1,True,True,1.0,0.0,0.0,3.85,-0.4593167304992676,1.0,0.6892025470733643,1.0,0.35,2,新京报,新京报讯记者张旭报道
219,新京报讯记者张旭报道,2,False,False,1.0,0.1,0.0,2.85,-0.6690226793289185,1.0,0.6892025470733643,1.0,0.35,2,新京报,新京报讯记者张旭报导
220,瑞银分析师丁晓预测,1,True,True,1.0,0.1111111111111111,0.0,3.85,-0.16394954919815063,1.0,0.6778439283370972,1.0,0.35,10,瑞银,瑞银分析师丁晓玉测
220,瑞银分析师丁晓预测,2,False,False,1.0,0.1111111111111111,0.0,3.7157161663911817,-0.22792154550552368,1.0,0.6778439283370972,1.0,0.35,10,瑞银,瑞银分析师丁晓钰测
220,瑞银分析师丁晓预测,3,False,False,1.0,0.1111111111111111,0.0,3.6776270077570863,-0.24606698751449585,1.0,0.6778439283370972,1.0,0.35,10,瑞银,瑞银分析师丁晓煜测
220,瑞银分析师丁晓预测,4,False,False,1.0,0.1111111111111111,0.0,3.6638208607176446,-0.2526441514492035,1.0,0.6778439283370972,1.0,0.35,10,瑞银,瑞银分析师丁晓裕测
220,瑞银分析师丁晓预测,5,False,False,1.0,0.2222222222222222,0.0,3.4353036128711154,-0.3615083694458008,1.0,0.6778439283370972,1.0,0.35,10,瑞银,瑞银分析师丁晓玉册
220,瑞银分析师丁晓预测,6,False,False,1.0,0.2222222222222222,0.0,3.392956621048843,-0.38168221712112427,1.0,0.6778439283370972,1.0,0.35,10,瑞银,瑞银分析师丁晓裕册
220,瑞银分析师丁晓预测,7,False,False,1.0,0.2222222222222222,0.0,3.2827489192140242,-0.4341844916343689,1.0,0.6778439283370972,1.0,0.35,10,瑞银,瑞银分析师丁晓玉策
220,瑞银分析师丁晓预测,8,False,False,1.0,0.2222222222222222,0.0,3.223079136191983,-0.46261081099510193,1.0,0.6778439283370972,1.0,0.35,10,瑞银,瑞银分析师丁晓裕策
220,瑞银分析师丁晓预测,9,False,False,1.0,0.2222222222222222,0.0,2.853259029675462,-0.6387908458709717,1.0,0.6778439283370972,1.0,0.35,10,瑞银,瑞银分析师丁晓煜策
220,瑞银分析师丁晓预测,10,False,False,1.0,0.2222222222222222,0.0,2.85,-0.640343427658081,1.0,0.6778439283370972,1.0,0.35,10,瑞银,瑞银分析师丁晓钰策
222,中国证券报面对市场对城投债券风险的担忧,1,True,True,1.0,0.0,0.0,3.65,-0.0960245355963707,1.0,0.6891052722930908,0.42857142857142855,0.15,4,中国证券报,中国证券报面对市场对城投债券风险的担忧
222,中国证券报面对市场对城投债券风险的担忧,2,False,False,1.0,0.05263157894736842,0.0,3.559785167034432,-0.13091139495372772,1.0,0.6891052722930908,0.42857142857142855,0.15,4,中国证券报,中国证券报面对市场对成投债券风险的担忧
222,中国证券报面对市场对城投债券风险的担忧,3,False,False,1.0,0.10526315789473684,0.0,3.5483949937076082,-0.13531607389450073,1.0,0.6891052722930908,0.42857142857142855,0.15,4,中国证券报,中国证券报面对市场对成头债券风险的担忧
222,中国证券报面对市场对城投债券风险的担忧,4,False,False,1.0,0.05263157894736842,0.0,3.36681980987632,-0.20553277432918549,1.0,0.6891052722930908,0.42857142857142855,0.15,4,中国证券报,中国证券报面对市场对承投债券风险的担忧
222,中国证券报面对市场对城投债券风险的担忧,5,False,False,0.0,0.10526315789473684,0.4,0.2379367992635362,-0.39072099328041077,0.0,0.7465307116508484,0.0,0.0,0,,中国政权报面对市场对城投债券风险的担忧
222,中国证券报面对市场对城投债券风险的担忧,6,False,False,0.0,0.15789473684210525,0.4,0.05309757530952691,-0.4621999263763428,0.0,0.7465307116508484,0.0,0.0,0,,中国政权报面对市场对城头债券风险的担忧
222,中国证券报面对市场对城投债券风险的担忧,7,False,False,0.0,0.21052631578947367,0.4,0.04605399659569867,-0.4649237394332886,0.0,0.7465307116508484,0.0,0.0,0,,中国政权报面对市场对成头债券风险的担忧
222,中国证券报面对市场对城投债券风险的担忧,8,False,False,0.0,0.15789473684210525,0.4,0.0,-0.48273321986198425,0.0,0.7465307116508484,0.0,0.0,0,,中国政权报面对市场对承投债券风险的担忧
224,苹果公司也在第一时间发布官方声明,1,True,True,1.0,0.0,0.0,3.85,-0.297085165977478,1.0,0.6772006154060364,1.0,0.35,2,苹果,苹果公司也在第一时间发布官方声明
224,苹果公司也在第一时间发布官方声明,2,False,False,1.0,0.0625,0.0,2.85,-0.46216800808906555,1.0,0.6772006154060364,1.0,0.35,2,苹果,苹果公司也在第1时间发布官方声明
226,改由设在印度本加卢鲁的1家美印合资公司生产,1,True,False,0.0,0.09523809523809523,0.3333333333333333,1.0,-0.42802196741104126,0.0,0.7046076868261609,0.0,0.0,0,,改由设在印度本嘉卢卢的1家美印合资公司生产
226,改由设在印度本加卢鲁的1家美印合资公司生产,2,False,True,0.0,0.047619047619047616,0.16666666666666666,0.8128980327234521,-0.45586326718330383,0.0,0.7046076868261609,0.0,0.0,0,,改由设在印度本加卢卢的1家美印合资公司生产
226,改由设在印度本加卢鲁的1家美印合资公司生产,3,False,False,0.0,0.09523809523809523,0.3333333333333333,0.2739294299172,-0.5360633134841919,0.0,0.6967787125280925,0.0,0.0,0,,改由设在印度本加罗卢的1家美印合资公司生产
226,改由设在印度本加卢鲁的1家美印合资公司生产,4,False,False,0.0,0.09523809523809523,0.16666666666666666,0.0,-0.5768247842788696,0.0,0.7046076868261609,0.0,0.0,0,,改由社在印度本加卢卢的1家美印合资公司生产
227,肯德尔定于2月23日访问印度,1,True,True,1.0,0.0,0.0,3.675,-0.4177398085594177,1.0,0.6858415603637695,0.5,0.175,2,肯德尔,肯德尔定于2月23日访问印度
227,肯德尔定于2月23日访问印度,2,False,False,1.0,0.07142857142857142,0.0,3.1645268023654634,-0.533772885799408,1.0,0.6858415603637695,0.5,0.175,2,肯德尔,肯德尔订于2月23日访问印度
227,肯德尔定于2月23日访问印度,3,False,False,0.0,0.14285714285714285,0.6666666666666666,0.0,-0.64504474401474,0.0,0.0,0.0,0.0,0,,亨特尔定于2月23日访问印度
228,虽然工信部很快就删除了后半句话,1,True,True,1.0,0.0,0.0,2.881902302764896,-0.370776504278183,1.0,0.6911056041717529,0.0,0.0,0,,虽然工信部很快就删除了后半句话
228,虽然工信部很快就删除了后半句话,2,False,False,0.0,0.06666666666666667,0.3333333333333333,1.0,-0.12606513500213623,0.0,0.777493804693222,0.0,0.0,0,,虽然公信部很快就删除了后半句话
228,虽然工信部很快就删除了后半句话,3,False,False,0.0,0.2,1.0,0.0,-0.5219756364822388,0.0,0.777493804693222,0.0,0.0,0,,公信部很快就删除了后半句话
229,100米栏辛迪罗勒德尔,1,True,False,0.0,0.2727272727272727,0.6666666666666666,2.558333333333333,-2.032320976257324,2.0,0.6695798635482788,0.16666666666666666,0.05833333333333333,2,辛迪罗勒德尔;新城,新城100米南辛迪罗勒德尔
229,100米栏辛迪罗勒德尔,2,False,True,0.0,0.09090909090909091,0.0,2.3025780262595243,-1.2047433853149414,1.0,0.6695798635482788,0.16666666666666666,0.05833333333333333,2,辛迪罗勒德尔,100米南辛迪罗勒德尔
229,100米栏辛迪罗勒德尔,3,False,False,0.0,0.45454545454545453,1.0,2.0324676592989697,-1.5391942262649536,1.0,0.6657103896141052,0.16666666666666666,0.05833333333333333,2,新城,新城100米南新迪罗雷德尔
229,100米栏辛迪罗勒德尔,4,False,False,0.0,0.2727272727272727,0.3333333333333333,1.0,-0.7405829429626465,0.0,0.7094358078071049,0.0,0.0,0,,100米南新迪罗雷德尔
229,100米栏辛迪罗勒德尔,5,False,False,0.0,0.18181818181818182,0.16666666666666666,0.8736266925707215,-0.9038241505622864,0.0,0.7094358078071049,0.0,0.0,0,,100米南辛迪罗雷德尔
229,100米栏辛迪罗勒德尔,6,False,False,0.0,0.18181818181818182,0.16666666666666666,0.7441386415727596,-1.0710887908935547,0.0,0.7094358078071049,0.0,0.0,0,,100米南辛迪罗磊德尔
229,100米栏辛迪罗勒德尔,7,False,False,0.0,0.18181818181818182,0.16666666666666666,0.30365875086887234,-1.6400734186172485,0.0,0.677551052400044,0.0,0.0,0,,100米南辛迪罗勒德徳尔
230,3000米障碍吉萨费里欣塔斯卡鲁塞,1,True,True,1.0,0.058823529411764705,0.16666666666666666,1.0,-0.6334719657897949,0.0,0.737847089767456,0.0,0.0,0,,3000米障碍吉萨费里欣塔斯卡卢塞
230,3000米障碍吉萨费里欣塔斯卡鲁塞,2,False,False,1.0,0.17647058823529413,0.16666666666666666,0.8539334302052332,-0.6916382908821106,0.0,0.737847089767456,0.0,0.0,0,,3000米状岸吉萨费里欣塔斯卡卢塞
230,3000米障碍吉萨费里欣塔斯卡鲁塞,3,False,False,1.0,0.17647058823529413,0.3333333333333333,0.5829305485955071,-0.7995564937591553,0.0,0.688657283782959,0.0,0.0,0,,3000米障碍吉萨费里欣塔斯卡卢斯埃
230,3000米障碍吉萨费里欣塔斯卡鲁塞,4,False,False,1.0,0.11764705882352941,0.3333333333333333,0.5214112044505992,-0.8240545988082886,0.0,0.688657283782959,0.0,0.0,0,,3000米障碍吉萨费里欣塔斯卡卢施
230,3000米障碍吉萨费里欣塔斯卡鲁塞,5,False,False,1.0,0.11764705882352941,0.3333333333333333,0.40112884501513846,-0.8719531893730164,0.0,0.737847089767456,0.0,0.0,0,,3000米障碍吉萨费里欣塔斯卡卢赛
230,3000米障碍吉萨费里欣塔斯卡鲁塞,6,False,False,1.0,0.058823529411764705,0.16666666666666666,0.18445161104914423,-0.9582379460334778,0.0,0.737847089767456,0.0,0.0,0,,3000米障碍吉萨费里欣塔斯卡陆塞
230,3000米障碍吉萨费里欣塔斯卡鲁塞,7,False,False,1.0,0.058823529411764705,0.16666666666666666,0.16871082540486526,-0.964506208896637,0.0,0.7296487887700399,0.0,0.0,0,,3000米障碍吉萨费里欣塔斯卡刘塞
230,3000米障碍吉萨费里欣塔斯卡鲁塞,8,False,False,1.0,0.17647058823529413,0.16666666666666666,0.13900593744518028,-0.9763352274894714,0.0,0.7296487887700399,0.0,0.0,0,,3000米状岸吉萨费里欣塔斯卡刘塞
230,3000米障碍吉萨费里欣塔斯卡鲁塞,9,False,False,1.0,0.17647058823529413,0.16666666666666666,0.1330274803666763,-0.9787159562110901,0.0,0.737847089767456,0.0,0.0,0,,3000米状岸吉萨费里欣塔斯卡陆塞
230,3000米障碍吉萨费里欣塔斯卡鲁塞,10,False,False,1.0,0.058823529411764705,0.16666666666666666,0.07726551821377317,-1.000921368598938,0.0,0.7296487887700399,0.0,0.0,0,,3000米障碍吉萨费里欣塔斯卡罗塞
230,3000米障碍吉萨费里欣塔斯卡鲁塞,11,False,False,1.0,0.17647058823529413,0.16666666666666666,0.0,-1.0316898822784424,0.0,0.7296487887700399,0.0,0.0,0,,3000米状岸吉萨费里欣塔斯卡罗塞
231,撑杆跳丽萨莱兹奇,1,True,False,0.0,0.25,0.25,1.0,-0.5473765134811401,0.0,0.6908113956451416,0.0,0.0,0,,撑竿跳丽莎莱兹奇
231,撑杆跳丽萨莱兹奇,2,False,True,0.0,0.125,0.25,0.9103190352960057,-0.5831503868103027,0.0,0.6908113956451416,0.0,0.0,0,,撑杆跳丽莎莱兹奇
231,撑杆跳丽萨莱兹奇,3,False,False,0.0,0.625,0.75,0.593397312825469,-0.7095709443092346,0.0,0.6908113956451416,0.0,0.0,0,,称甘跳丽莎莱姿齐
231,撑杆跳丽萨莱兹奇,4,False,False,0.0,0.375,0.25,0.4175082484653992,-0.7797333598136902,0.0,0.6908113956451416,0.0,0.0,0,,称甘跳丽莎莱兹奇
231,撑杆跳丽萨莱兹奇,5,False,False,0.0,0.375,0.25,0.3911270554297174,-0.7902568578720093,0.0,0.6908113956451416,0.0,0.0,0,,春干跳丽莎莱兹奇
231,撑杆跳丽萨莱兹奇,6,False,False,0.0,0.5,0.5,0.3322328406443254,-0.8137498497962952,0.0,0.0,0.0,0.0,0,,称甘跳丽莎莱芝奇
231,撑杆跳丽萨莱兹奇,7,False,False,0.0,0.5,0.5,0.3146153946151615,-0.8207774758338928,0.0,0.6908113956451416,0.0,0.0,0,,称甘跳丽莎莱姿奇
231,撑杆跳丽萨莱兹奇,8,False,False,0.0,0.375,0.25,0.2144677208983188,-0.860726535320282,0.0,0.6908113956451416,0.0,0.0,0,,春甘跳丽莎莱兹奇
231,撑杆跳丽萨莱兹奇,9,False,False,0.0,0.5,0.5,0.033524458954312296,-0.9329050779342651,0.0,0.0,0.0,0.0,0,,称甘跳丽莎莱茨奇
231,撑杆跳丽萨莱兹奇,10,False,False,0.0,0.375,0.25,0.014495423728534976,-0.9404957890510559,0.0,0.6908113956451416,0.0,0.0,0,,丞甘跳丽莎莱兹奇
231,撑杆跳丽萨莱兹奇,11,False,False,0.0,0.5,0.5,0.0,-0.9462780356407166,0.0,0.0,0.0,0.0,0,,春干跳丽莎莱芝奇
232,三级跳克里斯丁吉尔奇,1,True,True,1.0,0.0,0.0,3.5,-0.9045842289924622,1.0,0.6928191781044006,0.0,0.0,0,,三级跳克里斯丁吉尔奇
232,三级跳克里斯丁吉尔奇,2,False,False,0.0,0.1,0.14285714285714285,0.0,-0.9987566471099854,0.0,0.7361203767359257,0.0,0.0,0,,三级跳克里斯丁吉尔其
233,铅球克里斯蒂娜斯齐万兹,1,True,False,1.0,0.36363636363636365,0.0,3.2136996312636694,-0.7238413095474243,2.0,0.6906009316444397,1.0,0.35,13,克里斯蒂娜;克里斯蒂娜斯,千求克里斯蒂娜斯其万之
233,铅球克里斯蒂娜斯齐万兹,2,False,False,1.0,0.36363636363636365,0.0,3.032960465828992,-0.770171582698822,2.0,0.6906009316444397,1.0,0.35,13,克里斯蒂娜;克里斯蒂娜斯,千求克里斯蒂娜斯奇万姿
233,铅球克里斯蒂娜斯齐万兹,3,False,True,1.0,0.2727272727272727,0.0,2.9058243272968594,-0.8027613759040833,2.0,0.6906009316444397,1.0,0.35,13,克里斯蒂娜;克里斯蒂娜斯,千球克里斯蒂娜斯其万姿
233,铅球克里斯蒂娜斯齐万兹,4,False,False,1.0,0.2727272727272727,0.0,2.8769539328387395,-0.8101619482040405,2.0,0.6906009316444397,1.0,0.35,13,克里斯蒂娜;克里斯蒂娜斯,千球克里斯蒂娜斯其万之
233,铅球克里斯蒂娜斯齐万兹,5,False,False,1.0,0.2727272727272727,0.0,2.85,-0.817071259021759,2.0,0.6906009316444397,1.0,0.35,13,克里斯蒂娜;克里斯蒂娜斯,千球克里斯蒂娜斯奇万姿
233,铅球克里斯蒂娜斯齐万兹,6,False,False,0.0,0.45454545454545453,0.09090909090909091,2.05,-0.5607334971427917,1.0,0.6906009316444397,1.0,0.35,13,克里斯蒂娜,千求克里斯蒂娜思奇万姿
233,铅球克里斯蒂娜斯齐万兹,7,False,False,0.0,0.45454545454545453,0.09090909090909091,1.9517298379727266,-0.5859238505363464,1.0,0.6906009316444397,1.0,0.35,13,克里斯蒂娜,千裘克里斯蒂娜思奇万姿
233,铅球克里斯蒂娜斯齐万兹,8,False,False,0.0,0.36363636363636365,0.09090909090909091,1.9149608406574474,-0.595349133014679,1.0,0.6906009316444397,1.0,0.35,13,克里斯蒂娜,千球克里斯蒂娜思奇万姿
233,铅球克里斯蒂娜斯齐万兹,9,False,False,0.0,0.45454545454545453,0.09090909090909091,1.7618794577729702,-0.634589672088623,1.0,0.6906009316444397,1.0,0.35,13,克里斯蒂娜,千求克里斯蒂娜思奇万之
233,铅球克里斯蒂娜斯齐万兹,10,False,False,0.0,0.36363636363636365,0.09090909090909091,1.5868045734652148,-0.6794679760932922,1.0,0.6906009316444397,1.0,0.35,13,克里斯蒂娜,千球克里斯蒂娜思奇万枝
233,铅球克里斯蒂娜斯齐万兹,11,False,False,0.0,0.36363636363636365,0.09090909090909091,1.5712956973320678,-0.6834434866905212,1.0,0.6906009316444397,1.0,0.35,13,克里斯蒂娜,千球克里斯蒂娜思奇万之
233,铅球克里斯蒂娜斯齐万兹,12,False,False,0.0,0.36363636363636365,0.09090909090909091,1.4927293743201582,-0.7035830020904541,1.0,0.6906009316444397,1.0,0.35,13,克里斯蒂娜,千球克里斯蒂娜思奇万只
233,铅球克里斯蒂娜斯齐万兹,13,False,False,0.0,0.36363636363636365,0.09090909090909091,1.488574870588848,-0.704647958278656,1.0,0.6906009316444397,1.0,0.35,13,克里斯蒂娜,千球克里斯蒂娜思奇万支
234,链球贝蒂海德尔,1,True,False,1.0,0.14285714285714285,0.0,3.85,-0.7291954159736633,1.0,0.6911119818687439,1.0,0.35,5,贝蒂海德尔,练球贝蒂海德尔
234,链球贝蒂海德尔,2,False,False,1.0,0.2857142857142857,0.0,3.388742831819561,-0.8733741044998169,1.0,0.6911119818687439,1.0,0.35,5,贝蒂海德尔,列丘贝蒂海德尔
234,链球贝蒂海德尔,3,False,True,1.0,0.0,0.0,3.3700152244877803,-0.8792279362678528,1.0,0.6911119818687439,1.0,0.35,5,贝蒂海德尔,链球贝蒂海德尔
234,链球贝蒂海德尔,4,False,False,1.0,0.14285714285714285,0.0,3.1802817617157904,-0.9385343790054321,1.0,0.6911119818687439,1.0,0.35,5,贝蒂海德尔,炼球贝蒂海德尔
234,链球贝蒂海德尔,5,False,False,1.0,0.2857142857142857,0.0,2.85,-1.0417730808258057,1.0,0.6911119818687439,1.0,0.35,5,贝蒂海德尔,恋求贝蒂海德尔
235,标枪克里斯丁胡宋,1,True,False,1.0,0.125,0.0,3.675,-1.0977178812026978,1.0,0.6919602155685425,0.5,0.175,2,克里斯丁胡宋,标腔克里斯丁胡宋
235,标枪克里斯丁胡宋,2,False,True,1.0,0.0,0.0,3.169851180240574,-1.1553244590759277,1.0,0.6919602155685425,0.5,0.175,2,克里斯丁胡宋,标枪克里斯丁胡宋
235,标枪克里斯丁胡宋,3,False,False,0.0,0.25,0.16666666666666666,0.0,-1.211756706237793,0.0,0.7331483236380986,0.0,0.0,0,,标腔克里斯丁合宋
236,克里斯蒂娜奥伯福尔,1,True,True,1.0,0.0,0.0,3.85,-0.8948178291320801,1.0,0.6886487007141113,1.0,0.35,5,克里斯蒂娜,克里斯蒂娜奥伯福尔
236,克里斯蒂娜奥伯福尔,2,False,False,1.0,0.1111111111111111,0.0,3.808704470769509,-0.9010287523269653,1.0,0.6886487007141113,1.0,0.35,5,克里斯蒂娜,克里斯蒂娜奥伯弗尔
236,克里斯蒂娜奥伯福尔,3,False,False,1.0,0.1111111111111111,0.0,3.15622860956421,-0.9991623163223267,1.0,0.6886487007141113,1.0,0.35,5,克里斯蒂娜,克里斯蒂娜奥博福尔
236,克里斯蒂娜奥伯福尔,4,False,False,1.0,0.2222222222222222,0.0,2.9425406329111916,-1.0313013792037964,1.0,0.6886487007141113,1.0,0.35,5,克里斯蒂娜,克里斯蒂娜奥波弗尔
236,克里斯蒂娜奥伯福尔,5,False,False,1.0,0.1111111111111111,0.0,2.85,-1.0452196598052979,1.0,0.6886487007141113,1.0,0.35,5,克里斯蒂娜,克里斯蒂娜奥波福尔
237,全能詹妮弗奥赛尔,1,True,False,0.0,0.5,0.5,1.0,-0.4866116940975189,0.0,0.6727315783500671,0.0,0.0,0,,权能杰尼弗奥塞尔
237,全能詹妮弗奥赛尔,2,False,False,0.0,0.5,0.5,0.8034938402897511,-0.5831407904624939,0.0,0.7207838339465005,0.0,0.0,0,,权能占尼弗奥塞尔
237,全能詹妮弗奥赛尔,3,False,False,0.0,0.625,0.6666666666666666,0.6502487405535831,-0.6584188938140869,0.0,0.6727315783500671,0.0,0.0,0,,权能杰尼佛奥塞尔
237,全能詹妮弗奥赛尔,4,False,False,0.0,0.625,0.6666666666666666,0.47831765854385383,-0.7428760528564453,0.0,0.6727315783500671,0.0,0.0,0,,权能杰尼夫奥塞尔
237,全能詹妮弗奥赛尔,5,False,False,0.0,0.5,0.5,0.44548799457277893,-0.7590028643608093,0.0,0.0,0.0,0.0,0,,权能杰尼弗奥萨尔
237,全能詹妮弗奥赛尔,6,False,False,0.0,0.375,0.3333333333333333,0.432053171429166,-0.7656024098396301,0.0,0.6727315783500671,0.0,0.0,0,,权能杰尼弗奥赛尔
237,全能詹妮弗奥赛尔,7,False,False,0.0,0.625,0.6666666666666666,0.3954021992694583,-0.7836063504219055,0.0,0.0,0.0,0.0,0,,权能杰尼弗欧塞尔
237,全能詹妮弗奥赛尔,8,False,False,0.0,0.375,0.3333333333333333,0.11682928126996585,-0.9204488396644592,0.0,0.6727315783500671,0.0,0.0,0,,权能杰妮弗奥塞尔
237,全能詹妮弗奥赛尔,9,False,False,0.0,0.5,0.5,0.035275480792535896,-0.96051025390625,0.0,0.6727315783500671,0.0,0.0,0,,权能杰妮夫奥塞尔
237,全能詹妮弗奥赛尔,10,False,False,0.0,0.625,0.5,0.03197192327995478,-0.9621330499649048,0.0,0.6727315783500671,0.0,0.0,0,,权力杰尼弗奥塞尔
237,全能詹妮弗奥赛尔,11,False,True,0.0,0.25,0.16666666666666666,0.0,-0.9778385162353516,0.0,0.6727315783500671,0.0,0.0,0,,权能杰妮弗奥赛尔
238,安娜莱纳法拉塞,1,True,False,1.0,0.14285714285714285,0.0,3.55,-1.1306684017181396,1.0,0.6642758250236511,0.14285714285714285,0.049999999999999996,2,莱纳法拉塞,阿娜莱纳法拉塞
238,安娜莱纳法拉塞,2,False,True,1.0,0.0,0.0,3.4554884580563563,-1.1877267360687256,1.0,0.6642758250236511,0.14285714285714285,0.049999999999999996,2,莱纳法拉塞,安娜莱纳法拉塞
238,安娜莱纳法拉塞,3,False,False,0.0,0.14285714285714285,0.2,0.7258857248356405,-1.2961561679840088,0.0,0.6642758250236511,0.0,0.0,0,,安娜蕾纳法拉塞
238,安娜莱纳法拉塞,4,False,False,0.0,0.2857142857142857,0.4,0.6384901927293801,-1.3489184379577637,0.0,0.0,0.0,0.0,0,,安娜蕾纳番拉塞
238,安娜莱纳法拉塞,5,False,False,0.0,0.2857142857142857,0.4,0.6376142667723728,-1.349447250366211,0.0,0.6642758250236511,0.0,0.0,0,,安娜蕾纳罚拉塞
238,安娜莱纳法拉塞,6,False,False,0.0,0.2857142857142857,0.2,0.4969473901414889,-1.4343703985214233,0.0,0.719632143775622,0.0,0.0,0,,阿娜莱纳法拉赛
238,安娜莱纳法拉塞,7,False,False,0.0,0.42857142857142855,0.2,0.4495391811987904,-1.4629915952682495,0.0,0.6642758250236511,0.0,0.0,0,,阿纳蕾纳法拉塞
238,安娜莱纳法拉塞,8,False,False,0.0,0.42857142857142855,0.2,0.0,-1.7343865633010864,0.0,0.719632143775622,0.0,0.0,0,,阿纳来纳法拉塞
239,吉娜卢克肯科姆普尔,1,True,True,1.0,0.0,0.0,2.64,-1.2708736658096313,2.0,0.6841869354248047,0.4,0.13999999999999999,3,吉娜,吉娜卢克肯科姆普尔
239,吉娜卢克肯科姆普尔,2,False,False,0.5,0.2222222222222222,0.2222222222222222,2.4454736195667155,-0.8024519681930542,1.0,0.6841869354248047,0.4,0.13999999999999999,3,吉娜,吉娜鲁克肯科姆卜尔
239,吉娜卢克肯科姆普尔,3,False,False,0.5,0.1111111111111111,0.1111111111111111,2.4190109148242542,-0.8202281594276428,1.0,0.6841869354248047,0.4,0.13999999999999999,3,吉娜,吉娜鲁克肯科姆普尔
239,吉娜卢克肯科姆普尔,4,False,False,0.0,0.3333333333333333,0.3333333333333333,1.0,-0.5991286039352417,0.0,0.679728627204895,0.0,0.0,0,,基纳鲁克肯科姆普尔
239,吉娜卢克肯科姆普尔,5,False,False,0.0,0.4444444444444444,0.4444444444444444,0.7137823810657877,-0.7913938760757446,0.0,0.722528126090765,0.0,0.0,0,,基纳鲁克肯科姆普阿尔
239,吉娜卢克肯科姆普尔,6,False,False,0.0,0.4444444444444444,0.4444444444444444,0.70443438747004,-0.7976733446121216,0.0,0.679728627204895,0.0,0.0,0,,基纳鲁克肯科姆普耳
240,记者从浙江省游泳协会了解到,1,True,True,1.0,0.0,0.0,2.5,-0.9033814668655396,1.0,0.6914150714874268,0.0,0.0,0,,记者从浙江省游泳协会了解到
240,记者从浙江省游泳协会了解到,2,False,False,0.0,0.07692307692307693,0.14285714285714285,1.0,-0.84832763671875,0.0,0.7284551646028247,0.0,0.0,0,,记者从浙江省游泳企会了解到
240,记者从浙江省游泳协会了解到,3,False,False,0.0,0.07692307692307693,0.14285714285714285,0.25094029123585776,-0.8895662426948547,0.0,0.7284551646028247,0.0,0.0,0,,记者从浙江省游泳合会了解到
241,谢霆锋妹妹谢婷婷在微博晒出与父亲合影,1,True,True,1.0,0.0,0.0,1.0,-0.43968403339385986,0.0,0.7742374688386917,0.0,0.0,0,,谢霆锋妹妹谢婷婷在微博晒出与父亲合影
241,谢霆锋妹妹谢婷婷在微博晒出与父亲合影,2,False,False,0.0,0.4444444444444444,1.0,0.0,-0.7296634316444397,0.0,0.0,0.0,0.0,0,,在微博晒出与父亲合影
242,谢婷婷将头挨着父亲的头,1,True,True,1.0,0.0,0.0,2.991689038237211,-0.9861618280410767,1.0,0.6891953945159912,0.2,0.06999999999999999,2,谢婷婷,谢婷婷将头挨着父亲的头
242,谢婷婷将头挨着父亲的头,2,False,False,1.0,0.09090909090909091,0.0,2.57,-1.5706028938293457,1.0,0.6891953945159912,0.2,0.06999999999999999,2,谢婷婷,谢婷婷江头挨着父亲的头
242,谢婷婷将头挨着父亲的头,3,False,False,0.0,0.18181818181818182,0.6666666666666666,1.0,-0.18465018272399902,0.0,0.0,0.0,0.0,0,,谢甜甜将头挨着父亲的头
242,谢婷婷将头挨着父亲的头,4,False,False,0.0,0.18181818181818182,0.6666666666666666,0.8265119023269312,-0.4250964820384979,0.0,0.0,0.0,0.0,0,,谢恬恬将头挨着父亲的头
242,谢婷婷将头挨着父亲的头,5,False,False,0.0,0.18181818181818182,0.6666666666666666,0.7789342902169184,-0.4910368025302887,0.0,0.7753448188304901,0.0,0.0,0,,谢廷廷将头挨着父亲的头
242,谢婷婷将头挨着父亲的头,6,False,False,0.0,0.18181818181818182,0.6666666666666666,0.7570787876431657,-0.5213274955749512,0.0,0.7753448188304901,0.0,0.0,0,,谢庭庭将头挨着父亲的头
243,艺人谢婷婷从小就成为媒体焦点,1,True,True,1.0,0.14285714285714285,1.0,2.5,-0.6712956428527832,1.0,0.6878936290740967,0.0,0.0,0,,谢婷婷从小就成为媒体焦点
243,艺人谢婷婷从小就成为媒体焦点,2,False,False,0.0,0.14285714285714285,0.6666666666666666,1.0,-0.22410793602466583,0.0,0.7738803327083588,0.0,0.0,0,,艺人谢庭庭从小就成为媒体焦点
243,艺人谢婷婷从小就成为媒体焦点,3,False,False,0.0,0.21428571428571427,0.6666666666666666,0.7161490342352593,-0.35104259848594666,0.0,0.7738803327083588,0.0,0.0,0,,艺人谢庭庭从小就称为媒体焦点
243,艺人谢婷婷从小就成为媒体焦点,4,False,False,0.0,0.07142857142857142,0.3333333333333333,0.6845680338846792,-0.36516523361206055,0.0,0.7738803327083588,0.0,0.0,0,,艺人谢庭婷从小就成为媒体焦点
243,艺人谢婷婷从小就成为媒体焦点,5,False,False,0.0,0.14285714285714285,0.6666666666666666,0.37051049776011596,-0.5056079030036926,0.0,0.7738803327083588,0.0,0.0,0,,艺人谢廷廷从小就成为媒体焦点
244,谢婷婷为服装拍摄时装宣传照,1,True,True,1.0,0.0,0.0,1.0,-0.3917155861854553,0.0,0.7590272650122643,0.0,0.0,0,,谢婷婷为服装拍摄时装宣传照
244,谢婷婷为服装拍摄时装宣传照,2,False,False,0.0,0.07692307692307693,0.3333333333333333,0.9169563800773033,-0.46070098876953125,0.0,0.7590272650122643,0.0,0.0,0,,谢庭婷为服装拍摄时装宣传照
244,谢婷婷为服装拍摄时装宣传照,3,False,False,0.0,0.15384615384615385,0.3333333333333333,0.7418488662843906,-0.6061650514602661,0.0,0.7590272650122643,0.0,0.0,0,,谢庭婷为服装拍摄时装宣传罩
244,谢婷婷为服装拍摄时装宣传照,4,False,False,0.0,0.23076923076923078,1.0,0.67322085184604,-0.6631752252578735,0.0,0.0,0.0,0.0,0,,为服装拍摄时装宣传照
244,谢婷婷为服装拍摄时装宣传照,5,False,False,0.0,0.3076923076923077,1.0,0.5669669382664867,-0.7514417171478271,0.0,0.0,0.0,0.0,0,,为服装拍摄时装宣传罩
244,谢婷婷为服装拍摄时装宣传照,6,False,False,0.0,0.07692307692307693,0.3333333333333333,0.21979387458564578,-1.0398428440093994,0.0,0.0,0.0,0.0,0,,谢婷谨为服装拍摄时装宣传照
244,谢婷婷为服装拍摄时装宣传照,7,False,False,0.0,0.15384615384615385,0.3333333333333333,0.11457332179861031,-1.1272509098052979,0.0,0.0,0.0,0.0,0,,谢婷谨为服装拍摄时装宣传罩
244,谢婷婷为服装拍摄时装宣传照,8,False,False,0.0,0.07692307692307693,0.3333333333333333,0.07152733695633846,-1.163009762763977,0.0,0.0,0.0,0.0,0,,谢婷谷为服装拍摄时装宣传照
244,谢婷婷为服装拍摄时装宣传照,9,False,False,0.0,0.15384615384615385,0.3333333333333333,0.0,-1.2224284410476685,0.0,0.0,0.0,0.0,0,,谢婷谷为服装拍摄时装宣传罩
245,施王祥被陆丰市纪委立案调查,1,True,True,1.0,0.0,0.0,3.85,-0.4848317503929138,1.0,0.689687967300415,1.0,0.35,4,施王祥,施王祥被陆丰市纪委立案调查
245,施王祥被陆丰市纪委立案调查,2,False,False,1.0,0.07692307692307693,0.0,3.096283062978331,-0.644942581653595,1.0,0.689687967300415,1.0,0.35,4,施王祥,施王祥被陆锋市纪委立案调查
245,施王祥被陆丰市纪委立案调查,3,False,False,1.0,0.07692307692307693,0.0,2.96757187799176,-0.6722844839096069,1.0,0.689687967300415,1.0,0.35,4,施王祥,施王祥被陆峰市纪委立案调查
245,施王祥被陆丰市纪委立案调查,4,False,False,1.0,0.15384615384615385,0.0,2.85,-0.6972600817680359,1.0,0.689687967300415,1.0,0.35,4,施王祥,施王祥被陆锋氏纪委立案调查
246,陆丰市纪委决定给予施王祥开除党籍处分,1,True,False,1.0,0.1111111111111111,0.0,3.85,-0.3111686706542969,1.0,0.6883007884025574,1.0,0.35,4,施王祥,陆锋是纪委决定给予施王祥开除党籍处分
246,陆丰市纪委决定给予施王祥开除党籍处分,2,False,True,1.0,0.0,0.0,3.7911953645783787,-0.3148897886276245,1.0,0.6883007884025574,1.0,0.35,4,施王祥,陆丰市纪委决定给予施王祥开除党籍处分
246,陆丰市纪委决定给予施王祥开除党籍处分,3,False,False,1.0,0.1111111111111111,0.0,3.0361332019656175,-0.36266961693763733,1.0,0.6883007884025574,1.0,0.35,4,施王祥,陆峰是纪委决定给予施王祥开除党籍处分
246,陆丰市纪委决定给予施王祥开除党籍处分,4,False,False,1.0,0.05555555555555555,0.0,2.85,-0.3744480013847351,1.0,0.6883007884025574,1.0,0.35,4,施王祥,陆锋市纪委决定给予施王祥开除党籍处分
247,南粤清风网通报该案详情,1,True,True,1.0,0.0,0.0,3.675,-0.3175401985645294,1.0,0.6893783211708069,0.5,0.175,2,南粤,南粤清风网通报该案详情
247,南粤清风网通报该案详情,2,False,False,1.0,0.09090909090909091,0.0,2.675,-0.7676398754119873,1.0,0.6893783211708069,0.5,0.175,2,南粤,南粤清峰网通报该案详情
247,南粤清风网通报该案详情,3,False,False,0.0,0.18181818181818182,1.0,0.6795126399745107,-0.461791455745697,0.0,0.8042747080326079,0.0,0.0,0,,男岳清风网通报该案详情
249,村干部大闹天宫孙大圣口碑爆棚,1,True,True,1.0,0.0,0.0,3.6166666666666667,-0.13761022686958313,1.0,0.6893640756607056,0.3333333333333333,0.11666666666666665,2,孙大圣,村干部大闹天宫孙大圣口碑爆棚
249,村干部大闹天宫孙大圣口碑爆棚,2,False,False,1.0,0.07142857142857142,0.0,2.6166666666666667,-0.8336542248725891,1.0,0.6893640756607056,0.3333333333333333,0.11666666666666665,2,孙大圣,孙干部大闹天宫孙大圣口碑爆棚
249,村干部大闹天宫孙大圣口碑爆棚,3,False,False,0.0,0.07142857142857142,0.3333333333333333,0.9002744380615654,-0.20702360570430756,0.0,0.7755345851182938,0.0,0.0,0,,村干部大闹天宫孙大胜口碑爆棚
249,村干部大闹天宫孙大圣口碑爆棚,4,False,False,0.0,0.07142857142857142,0.3333333333333333,0.7452259033803845,-0.31494420766830444,0.0,0.7755345851182938,0.0,0.0,0,,村干部大闹天宫孙大盛口碑爆棚
250,村庄晴天降奇冰十几斤重来历不明,1,True,True,1.0,0.06666666666666667,0.0,1.0,-0.23789726197719574,0.0,0.7883486648400624,0.0,0.0,0,,村庄晴天将奇冰十几斤重来历不明
250,村庄晴天降奇冰十几斤重来历不明,2,False,False,0.0,0.26666666666666666,1.0,0.9214180131573825,-0.2561545670032501,0.0,0.7883486648400624,0.0,0.0,0,,村庄擎天将棋兵十几斤重来历不明
250,村庄晴天降奇冰十几斤重来历不明,3,False,False,0.0,0.06666666666666667,0.5,0.40508288286404637,-0.3761170208454132,0.0,0.7883486648400624,0.0,0.0,0,,村庄晴天降奇兵十几斤重来历不明
250,村庄晴天降奇冰十几斤重来历不明,4,False,False,0.0,0.13333333333333333,0.5,0.16006295143000093,-0.43304359912872314,0.0,0.7883486648400624,0.0,0.0,0,,村庄晴天将棋冰十几斤重来历不明
250,村庄晴天降奇冰十几斤重来历不明,5,False,False,0.0,0.2,0.5,0.07252267439932636,-0.4533822238445282,0.0,0.7883486648400624,0.0,0.0,0,,村庄擎天将棋冰十几斤重来历不明
250,村庄晴天降奇冰十几斤重来历不明,6,False,False,0.0,0.4,1.0,0.0,-0.4702317416667938,0.0,0.7883486648400624,0.0,0.0,0,,秦天将棋兵十几斤重来历不明
251,这块天降奇冰究竟是何物,1,True,True,1.0,0.0,0.0,1.0,-0.13709957897663116,0.0,0.7516894340515136,0.0,0.0,0,,这块天降奇冰究竟是何物
251,这块天降奇冰究竟是何物,2,False,False,0.0,0.18181818181818182,1.0,0.0,-0.4916187822818756,0.0,0.7516894340515136,0.0,0.0,0,,这1块天降奇兵究竟是何物
253,淅川县上集镇1名村支书被指将年龄改小10岁,1,True,True,0.5,0.047619047619047616,0.16666666666666666,3.1357793339793787,-0.46800217032432556,1.0,0.6903442144393921,0.6,0.21,4,上集镇,浙川县上集镇1名村支书被指将年龄改小10岁
253,淅川县上集镇1名村支书被指将年龄改小10岁,2,False,False,0.5,0.047619047619047616,0.16666666666666666,2.8532140843702374,-0.5392680168151855,1.0,0.6903442144393921,0.6,0.21,4,上集镇,哲川县上集镇1名村支书被指将年龄改小10岁
253,淅川县上集镇1名村支书被指将年龄改小10岁,3,False,False,0.5,0.047619047619047616,0.16666666666666666,2.8463170526533212,-0.5410075187683105,1.0,0.6903442144393921,0.6,0.21,4,上集镇,泽川县上集镇1名村支书被指将年龄改小10岁
253,淅川县上集镇1名村支书被指将年龄改小10岁,4,False,False,0.5,0.047619047619047616,0.16666666666666666,2.71,-0.5753880739212036,1.0,0.6903442144393921,0.6,0.21,4,上集镇,折川县上集镇1名村支书被指将年龄改小10岁
253,淅川县上集镇1名村支书被指将年龄改小10岁,5,False,False,0.0,0.09523809523809523,0.3333333333333333,1.0,-0.32317784428596497,0.0,0.7766372412443161,0.0,0.0,0,,浙川县上级镇1名村支书被指将年龄改小10岁
253,淅川县上集镇1名村支书被指将年龄改小10岁,6,False,False,0.0,0.09523809523809523,0.3333333333333333,0.7871873172510517,-0.3768513798713684,0.0,0.7766372412443161,0.0,0.0,0,,泽川县上级镇1名村支书被指将年龄改小10岁
254,图为时上集镇派出所,1,True,True,1.0,0.0,0.0,1.0,-0.4357391893863678,0.0,0.7741336673498154,0.0,0.0,0,,图为时上集镇派出所
254,图为时上集镇派出所,2,False,False,0.0,0.3333333333333333,0.3333333333333333,0.0,-0.8049788475036621,0.0,0.7741336673498154,0.0,0.0,0,,途维时尚集镇派出所
255,村民多次向温岭市有关部门投诉反映,1,True,False,1.0,0.125,0.0,3.6166666666666667,-0.09110048413276672,1.0,0.6398751735687256,0.3333333333333333,0.11666666666666665,2,温岭,村民多次向温岭市有关部门投诉贩婴
255,村民多次向温岭市有关部门投诉反映,2,False,True,1.0,0.0,0.0,2.6166666666666667,-0.2016805112361908,1.0,0.6398751735687256,0.3333333333333333,0.11666666666666665,2,温岭,村民多次向温岭市有关部门投诉反映
255,村民多次向温岭市有关部门投诉反映,3,False,False,0.0,0.1875,0.5,0.12608511097036748,-0.18773801624774933,0.0,0.6579131484031677,0.0,0.0,0,,村民多次向温领事有关部门投诉反应
255,村民多次向温岭市有关部门投诉反映,4,False,False,0.0,0.3125,1.0,0.10572154320904473,-0.1899898201227188,0.0,0.7882368465264638,0.0,0.0,0,,村民多次向瘟疫领事有关部门投诉反应
256,灵璧县韦集镇韦集村原村支书石某,1,True,False,1.0,0.26666666666666666,0.0,2.9661326910818815,-1.0137397050857544,1.0,0.6914920806884766,0.8333333333333334,0.2916666666666667,6,韦集村,陵壁县韦集镇韦集村原村支书实谋
256,灵璧县韦集镇韦集村原村支书石某,2,False,False,1.0,0.13333333333333333,0.0,2.8308639603896215,-1.0391132831573486,1.0,0.6914920806884766,0.8333333333333334,0.2916666666666667,6,韦集村,灵碧县韦集镇韦集村原村支书石牟
256,灵璧县韦集镇韦集村原村支书石某,3,False,True,1.0,0.06666666666666667,0.0,2.8277651892849627,-1.0396945476531982,1.0,0.6914920806884766,0.8333333333333334,0.2916666666666667,6,韦集村,灵碧县韦集镇韦集村原村支书石某
256,灵璧县韦集镇韦集村原村支书石某,4,False,False,1.0,0.2,0.0,2.8045688920495166,-1.0440456867218018,1.0,0.6914920806884766,0.8333333333333334,0.2916666666666667,6,韦集村,陵壁县韦集镇韦集村原村支书石牟
256,灵璧县韦集镇韦集村原村支书石某,5,False,False,1.0,0.2,0.0,2.7924165743581137,-1.0463252067565918,1.0,0.6914920806884766,0.8333333333333334,0.2916666666666667,6,韦集村,陵壁县韦集镇韦集村原村支书石谋
256,灵璧县韦集镇韦集村原村支书石某,6,False,False,1.0,0.13333333333333333,0.0,2.7916666666666665,-1.0464658737182617,1.0,0.6914920806884766,0.8333333333333334,0.2916666666666667,6,韦集村,陵壁县韦集镇韦集村原村支书石某
256,灵璧县韦集镇韦集村原村支书石某,7,False,False,0.0,0.26666666666666666,0.3333333333333333,1.0,-0.8588868379592896,0.0,0.7779285907745361,0.0,0.0,0,,宁碧县韦集镇纬集村原村支书石牟
257,华江瑶族乡14届人大代表会第5次会议会务材料上,1,True,False,1.0,0.08695652173913043,0.0,1.0,-0.13199582695960999,0.0,0.0,0.0,0.0,0,,华江瑶族乡14届人大代表会第5次会议会晤材料
257,华江瑶族乡14届人大代表会第5次会议会务材料上,2,False,False,1.0,0.043478260869565216,0.0,0.9837117533106482,-0.13340748846530914,0.0,0.0,0.0,0.0,0,,华江瑶族乡14届人大代表会第5次会议会晤材料上
257,华江瑶族乡14届人大代表会第5次会议会务材料上,3,False,True,1.0,0.0,0.0,0.7551983208156176,-0.15321217477321625,0.0,0.0,0.0,0.0,0,,华江瑶族乡14届人大代表会第5次会议会务材料上
257,华江瑶族乡14届人大代表会第5次会议会务材料上,4,False,False,1.0,0.043478260869565216,0.0,0.7508695174494086,-0.15358734130859375,0.0,0.0,0.0,0.0,0,,华江瑶族乡14届人大代表会第5次会议会务材料
257,华江瑶族乡14届人大代表会第5次会议会务材料上,5,False,False,1.0,0.08695652173913043,0.0,0.3937252725468037,-0.18454013764858246,0.0,0.0,0.0,0.0,0,,华江瑶竹乡14届人大代表会第5次会议会晤材料上
257,华江瑶族乡14届人大代表会第5次会议会务材料上,6,False,False,1.0,0.13043478260869565,0.0,0.3874697674082732,-0.18508228659629822,0.0,0.0,0.0,0.0,0,,华江姚祖乡14届人大代表会第5次会议会晤材料上
257,华江瑶族乡14届人大代表会第5次会议会务材料上,7,False,False,1.0,0.043478260869565216,0.0,0.1798844150871443,-0.203073188662529,0.0,0.0,0.0,0.0,0,,华江瑶竹乡14届人大代表会第5次会议会务材料上
257,华江瑶族乡14届人大代表会第5次会议会务材料上,8,False,False,1.0,0.08695652173913043,0.0,0.1695571491622389,-0.20396822690963745,0.0,0.0,0.0,0.0,0,,华江姚祖乡14届人大代表会第5次会议会务材料上
257,华江瑶族乡14届人大代表会第5次会议会务材料上,9,False,False,1.0,0.08695652173913043,0.0,0.0,-0.2186633199453354,0.0,0.0,0.0,0.0,0,,华江窑族乡14届人大代表会第5次会议会晤材料上
258,也在厦门拿下几宗商住用地和济南几宗居住用地,1,True,True,1.0,0.047619047619047616,1.0,2.5,-0.4251517057418823,1.0,0.6908445954322815,0.0,0.0,0,,也在厦门拿下几宗商住地和济南几宗居住用地
258,也在厦门拿下几宗商住用地和济南几宗居住用地,2,False,False,0.0,0.19047619047619047,1.0,1.0,-0.14853325486183167,0.0,0.8059853613376616,0.0,0.0,0,,也在厦门拿下几宗商住地和几男几女居住用地
259,标普信用分析师孔磊说道,1,True,False,0.0,0.36363636363636365,1.0,1.0,-0.09981931746006012,0.0,0.0,0.0,0.0,0,,标普信用分析师
259,标普信用分析师孔磊说道,2,False,True,0.0,0.09090909090909091,0.5,0.7121945868861037,-0.31024670600891113,0.0,0.7969226539134978,0.0,0.0,0,,标普信用分析师孔蕾说道
259,标普信用分析师孔磊说道,3,False,False,0.0,0.18181818181818182,0.5,0.6391997014161679,-0.3636165261268616,0.0,0.7969226539134978,0.0,0.0,0,,标谱信用分析师孔蕾说道
259,标普信用分析师孔磊说道,4,False,False,0.0,0.09090909090909091,0.5,0.3456495495573162,-0.578244149684906,0.0,0.7969226539134978,0.0,0.0,0,,标普信用分析师孔雷说道
259,标普信用分析师孔磊说道,5,False,False,0.0,0.18181818181818182,0.5,0.28630248708242384,-0.6216354370117188,0.0,0.7969226539134978,0.0,0.0,0,,标谱信用分析师孔雷说道
259,标普信用分析师孔磊说道,6,False,False,0.0,0.09090909090909091,0.5,0.28502046629287436,-0.6225727796554565,0.0,0.0,0.0,0.0,0,,标普信用分析师孔璃说道
259,标普信用分析师孔磊说道,7,False,False,0.0,0.5454545454545454,1.0,0.1601336575559508,-0.713883101940155,0.0,0.0,0.0,0.0,0,,标谱信用分析诗
259,标普信用分析师孔磊说道,8,False,False,0.0,0.45454545454545453,1.0,0.07826530668603475,-0.7737407088279724,0.0,0.0,0.0,0.0,0,,标普信用分析诗
259,标普信用分析师孔磊说道,9,False,False,0.0,0.09090909090909091,0.5,0.00317839415890589,-0.8286401033401489,0.0,0.0,0.0,0.0,0,,标普信用分析师孔袅说道
259,标普信用分析师孔磊说道,10,False,False,0.0,0.18181818181818182,0.5,0.0,-0.8309639692306519,0.0,0.0,0.0,0.0,0,,标谱信用分析师孔袅说道
260,对于苹果公司来说这是很关键的一年,1,True,True,1.0,0.0,0.0,3.85,-0.06373544782400131,1.0,0.6757037043571472,1.0,0.35,2,苹果,对于苹果公司来说这是很关键的一年
260,对于苹果公司来说这是很关键的一年,2,False,False,1.0,0.125,0.0,2.85,-0.27014660835266113,1.0,0.6757037043571472,1.0,0.35,2,苹果,对于苹果公司来说这是1个很关键的一年
261,有着较为丰富志愿服务经历的九零后吴雯的话,1,True,False,0.0,0.25,0.5,1.0,-0.08964034914970398,0.0,0.0,0.0,0.0,0,,有着较为丰富志愿服务经历的90后吴文德化
261,有着较为丰富志愿服务经历的九零后吴雯的话,2,False,False,0.0,0.3,0.5,0.892859553978667,-0.12156529724597931,0.0,0.0,0.0,0.0,0,,有著较为丰富志愿服务经历的90后吴文德化
261,有着较为丰富志愿服务经历的九零后吴雯的话,3,False,False,0.0,0.15,0.5,0.8214579942552297,-0.14284102618694305,0.0,0.0,0.0,0.0,0,,有着较为丰富志愿服务经历的九零后吴文德化
261,有着较为丰富志愿服务经历的九零后吴雯的话,4,False,False,0.0,0.25,0.5,0.5714619699267206,-0.21733306348323822,0.0,0.0,0.0,0.0,0,,有着较为丰富志愿服务经历的90后吴文德华
261,有着较为丰富志愿服务经历的九零后吴雯的话,5,False,False,0.0,0.2,0.5,0.4027482241750632,-0.267605185508728,0.0,0.0,0.0,0.0,0,,有着较为丰富志愿服务经历的90后吴文德话
261,有着较为丰富志愿服务经历的九零后吴雯的话,6,False,True,0.0,0.1,0.5,0.0,-0.3876132369041443,0.0,0.0,0.0,0.0,0,,有着较为丰富志愿服务经历的九零后吴文德话
262,张锦麟将为自己称为鸟巢新一代志愿者,1,True,True,1.0,0.0,0.0,1.0,-0.20499370992183685,0.0,0.7784952744841576,0.0,0.0,0,,张锦麟将为自己称为鸟巢新一代志愿者
262,张锦麟将为自己称为鸟巢新一代志愿者,2,False,False,0.0,0.11764705882352941,0.6666666666666666,0.6856436394429549,-0.2561061978340149,0.0,0.0,0.0,0.0,0,,张景霖将为自己称为鸟巢新一代志愿者
262,张锦麟将为自己称为鸟巢新一代志愿者,3,False,False,0.0,0.11764705882352941,0.6666666666666666,0.671505901339916,-0.2584049105644226,0.0,0.7784952744841576,0.0,0.0,0,,张瑾霖将为自己称为鸟巢新一代志愿者
262,张锦麟将为自己称为鸟巢新一代志愿者,4,False,False,0.0,0.058823529411764705,0.3333333333333333,0.5732985504749345,-0.2743728458881378,0.0,0.7784952744841576,0.0,0.0,0,,张瑾麟将为自己称为鸟巢新一代志愿者
262,张锦麟将为自己称为鸟巢新一代志愿者,5,False,False,0.0,0.11764705882352941,0.6666666666666666,0.08525588358342868,-0.35372570157051086,0.0,0.0,0.0,0.0,0,,张景林将为自己称为鸟巢新一代志愿者
262,张锦麟将为自己称为鸟巢新一代志愿者,6,False,False,0.0,0.11764705882352941,0.3333333333333333,0.06979843752076363,-0.35623899102211,0.0,0.7784952744841576,0.0,0.0,0,,张瑾麟将为自己成为鸟巢新一代志愿者
262,张锦麟将为自己称为鸟巢新一代志愿者,7,False,False,0.0,0.058823529411764705,0.3333333333333333,0.0,-0.3675878047943115,0.0,0.0,0.0,0.0,0,,张景麟将为自己称为鸟巢新一代志愿者
263,著名双人滑运动员庞清和董健虽未正式宣布退役,1,True,False,1.0,0.09523809523809523,0.0,2.8706594397441054,-0.42022764682769775,1.0,0.6912595629692078,0.4,0.13999999999999999,3,庞清,著名双人华运动员庞清和董建虽未正式宣布退役
263,著名双人滑运动员庞清和董健虽未正式宣布退役,2,False,True,1.0,0.0,0.0,2.739620407489632,-0.4282965660095215,1.0,0.6912595629692078,0.4,0.13999999999999999,3,庞清,著名双人滑运动员庞清和董健虽未正式宣布退役
263,著名双人滑运动员庞清和董健虽未正式宣布退役,3,False,False,1.0,0.047619047619047616,0.0,2.64,-0.4344308376312256,1.0,0.6912595629692078,0.4,0.13999999999999999,3,庞清,著名双人华运动员庞清和董健虽未正式宣布退役
263,著名双人滑运动员庞清和董健虽未正式宣布退役,4,False,False,0.0,0.14285714285714285,0.5,1.0,-0.3728543817996979,0.0,0.8064694901307423,0.0,0.0,0,,著名双人华运动员庞青和董建虽未正式宣布退役
263,著名双人滑运动员庞清和董健虽未正式宣布退役,5,False,False,0.0,0.047619047619047616,0.5,0.7264175188501585,-0.38970062136650085,0.0,0.8064694901307423,0.0,0.0,0,,著名双人滑运动员庞青和董健虽未正式宣布退役
263,著名双人滑运动员庞清和董健虽未正式宣布退役,6,False,False,0.0,0.09523809523809523,0.5,0.6631098320897238,-0.39359888434410095,0.0,0.8064694901307423,0.0,0.0,0,,著名双人华运动员庞青和董健虽未正式宣布退役
264,佟健已经完成了第1个学模块的学习,1,True,True,1.0,0.0625,0.0,2.6630353316869178,-0.9198403358459473,1.0,0.6810780167579651,0.125,0.04375,2,佟健,佟健已经完成了第1个去模块的学习
264,佟健已经完成了第1个学模块的学习,2,False,False,1.0,0.0625,0.0,2.54375,-0.9922290444374084,1.0,0.6810780167579651,0.125,0.04375,2,佟健,佟健已经完成了第1个模块的学习
264,佟健已经完成了第1个学模块的学习,3,False,False,0.0,0.125,0.5,1.0,-0.38537564873695374,0.0,0.0,0.0,0.0,0,,冬健已经完成了第1个去模块的学习
264,佟健已经完成了第1个学模块的学习,4,False,False,0.0,0.125,0.5,0.9760796019333661,-0.39989182353019714,0.0,0.0,0.0,0.0,0,,冬健已经完成了第1个模块的学习
264,佟健已经完成了第1个学模块的学习,5,False,False,0.0,0.125,0.5,0.9457395489509921,-0.41830378770828247,0.0,0.0,0.0,0.0,0,,东健已经完成了第1个去模块的学习
264,佟健已经完成了第1个学模块的学习,6,False,False,0.0,0.125,0.5,0.9149179273139739,-0.43700799345970154,0.0,0.0,0.0,0.0,0,,东健已经完成了第1个模块的学习
264,佟健已经完成了第1个学模块的学习,7,False,False,0.0,0.1875,1.0,0.8992196535013838,-0.44653454422950745,0.0,0.0,0.0,0.0,0,,冬建已经完成了第1个模块的学习
264,佟健已经完成了第1个学模块的学习,8,False,False,0.0,0.0625,0.5,0.8486940359986075,-0.47719618678092957,0.0,0.0,0.0,0.0,0,,冬健已经完成了第1个学模块的学习
264,佟健已经完成了第1个学模块的学习,9,False,False,0.0,0.125,0.5,0.22978201087178315,-0.852785050868988,0.0,0.7945910195509591,0.0,0.0,0,,佟建已经完成了第1个模块的学习
265,早到了退役年龄的庞清和佟健克服了伤病困难,1,True,True,1.0,0.0,0.0,2.7625,-0.9525043368339539,2.0,0.6906499266624451,0.75,0.26249999999999996,4,庞清,早到了退役年龄的庞清和佟健克服了伤病困难
265,早到了退役年龄的庞清和佟健克服了伤病困难,2,False,False,0.5,0.05,0.25,2.4495068170600867,-0.514526903629303,1.0,0.6906499266624451,0.75,0.26249999999999996,4,庞清,早到了退役年龄的庞清和董健克服了伤病困难
265,早到了退役年龄的庞清和佟健克服了伤病困难,3,False,False,0.5,0.1,0.5,2.04110847709551,-0.8228158354759216,1.0,0.6906499266624451,0.75,0.26249999999999996,4,庞清,早到了退役年龄的庞清和同建克服了伤病困难
265,早到了退役年龄的庞清和佟健克服了伤病困难,4,False,False,0.5,0.05,0.25,1.9694891584863672,-0.8768793344497681,1.0,0.6906499266624451,0.75,0.26249999999999996,4,庞清,早到了退役年龄的庞清和佟建克服了伤病困难
265,早到了退役年龄的庞清和佟健克服了伤病困难,5,False,False,0.0,0.1,0.5,1.0,-0.19763121008872986,0.0,0.8057582477728524,0.0,0.0,0,,早到了退役年龄的庞青和董健克服了伤病困难
266,庞清和佟健没有马上退役,1,True,True,1.0,0.0,0.0,2.675,-1.3043739795684814,2.0,0.6904118657112122,0.5,0.175,3,庞清,庞清和佟健没有马上退役
266,庞清和佟健没有马上退役,2,False,False,0.5,0.18181818181818182,0.5,2.1527041701881684,-0.9306992292404175,1.0,0.6904118657112122,0.5,0.175,3,庞清,庞清和董建没有马上退役
266,庞清和佟健没有马上退役,3,False,False,0.5,0.09090909090909091,0.25,2.0534346192738546,-1.0297383069992065,1.0,0.6904118657112122,0.5,0.175,3,庞清,庞清和董健没有马上退役
266,庞清和佟健没有马上退役,4,False,False,0.0,0.2727272727272727,0.75,1.0,-0.3066956698894501,0.0,0.8054805099964141,0.0,0.0,0,,庞青和董建没有马上退役
266,庞清和佟健没有马上退役,5,False,False,0.0,0.18181818181818182,0.5,0.910772260768134,-0.39571624994277954,0.0,0.8054805099964141,0.0,0.0,0,,庞青和董健没有马上退役
267,也是中国双人滑在申雪赵宏退役后,1,True,True,1.0,0.13333333333333333,0.0,1.0,-0.19732877612113953,0.0,0.8062755465507506,0.0,0.0,0,,也是中国双人华在申雪赵宏退役之后
267,也是中国双人滑在申雪赵宏退役后,2,False,False,0.0,0.26666666666666666,0.5,0.21180814050437344,-0.36200273036956787,0.0,0.8062755465507506,0.0,0.0,0,,也是中国双人华在深雪赵红退役之后
267,也是中国双人滑在申雪赵宏退役后,3,False,False,0.0,0.26666666666666666,0.5,0.0,-0.40625500679016113,0.0,0.8062755465507506,0.0,0.0,0,,也是中国双人华再申雪赵红退役之后
268,庞清和佟健仍肩负着扛起中国双人滑大旗的重任,1,True,False,0.5,0.19047619047619047,0.5,2.797246051255082,-0.340950071811676,1.0,0.6907033920288086,0.8,0.27999999999999997,5,庞清,庞清董建仍肩负着扛起中国双人划大旗的重任
268,庞清和佟健仍肩负着扛起中国双人滑大旗的重任,2,False,True,1.0,0.09523809523809523,0.5,2.78,-0.9068488478660583,2.0,0.6907033920288086,0.8,0.27999999999999997,5,庞清,庞清佟健仍肩负着扛起中国双人划大旗的重任
268,庞清和佟健仍肩负着扛起中国双人滑大旗的重任,3,False,False,0.5,0.19047619047619047,0.5,2.7129815744689796,-0.3931679129600525,1.0,0.6907033920288086,0.8,0.27999999999999997,5,庞清,庞清董建仍肩负着扛起中国双人华大旗的重任
268,庞清和佟健仍肩负着扛起中国双人滑大旗的重任,4,False,False,0.5,0.14285714285714285,0.5,2.658268289095552,-0.4270731806755066,1.0,0.6907033920288086,0.8,0.27999999999999997,5,庞清,庞清董健仍肩负着扛起中国双人划大旗的重任
268,庞清和佟健仍肩负着扛起中国双人滑大旗的重任,5,False,False,0.5,0.14285714285714285,0.5,2.0045565070399407,-0.8321717381477356,1.0,0.6907033920288086,0.8,0.27999999999999997,5,庞清,庞清佟建仍肩负着扛起中国双人划大旗的重任
268,庞清和佟健仍肩负着扛起中国双人滑大旗的重任,6,False,False,0.0,0.23809523809523808,0.75,1.0,-0.2871589958667755,0.0,0.8058206240336099,0.0,0.0,0,,旁清董建仍肩负着扛起中国双人划大旗的重任
269,庞清和佟健终于可以放心地考虑退役的事情了,1,True,True,1.0,0.0,0.0,2.81473632665576,-0.8517189621925354,2.0,0.6886398196220398,0.5,0.175,3,庞清;佟健,庞清和佟健终于可以放心地考虑退役的事情了
269,庞清和佟健终于可以放心地考虑退役的事情了,2,False,False,1.0,0.05,0.0,2.697728367583987,-0.9481735229492188,2.0,0.6886398196220398,0.5,0.175,3,庞清;佟健,庞清和佟健终于可以放心的考虑退役的事情了
269,庞清和佟健终于可以放心地考虑退役的事情了,3,False,False,0.5,0.05,0.25,1.7826672853278724,-0.9669094681739807,1.0,0.6886398196220398,0.5,0.175,3,庞清,庞清和佟渐终于可以放心地考虑退役的事情了
269,庞清和佟健终于可以放心地考虑退役的事情了,4,False,False,0.0,0.15,0.75,1.0,-0.14256758987903595,0.0,0.8034131228923796,0.0,0.0,0,,庞青和董建终于可以放心地考虑退役的事情了
269,庞清和佟健终于可以放心地考虑退役的事情了,5,False,False,0.0,0.1,0.5,0.9250009133118057,-0.2043924778699875,0.0,0.8034131228923796,0.0,0.0,0,,庞青和董健终于可以放心地考虑退役的事情了
270,佟健又将国内部分优秀的单人滑和冰舞运动员集合起来,1,True,False,0.0,0.16666666666666666,1.0,1.0,-0.11430635303258896,0.0,0.0,0.0,0.0,0,,董建又将国内部分优秀的单人画和兵舞运动员集合起来
270,佟健又将国内部分优秀的单人滑和冰舞运动员集合起来,2,False,False,0.0,0.16666666666666666,1.0,0.5700754668479984,-0.14329074323177338,0.0,0.0,0.0,0.0,0,,董建又将国内部分优秀的单人化和兵舞运动员集合起来
270,佟健又将国内部分优秀的单人滑和冰舞运动员集合起来,3,False,False,0.0,0.16666666666666666,1.0,0.3005816695140656,-0.1614593118429184,0.0,0.0,0.0,0.0,0,,董建又将国内部分优秀的单人伙和兵舞运动员集合起来
270,佟健又将国内部分优秀的单人滑和冰舞运动员集合起来,4,False,True,0.0,0.125,0.5,0.2611846749041759,-0.16411535441875458,0.0,0.0,0.0,0.0,0,,董健又将国内部分优秀的单人画和兵舞运动员集合起来
270,佟健又将国内部分优秀的单人滑和冰舞运动员集合起来,5,False,False,0.0,0.20833333333333334,1.0,0.18162725342646588,-0.1694789081811905,0.0,0.0,0.0,0.0,0,,董建又将国内部分优秀的单人化和兵武运动员集合起来
270,佟健又将国内部分优秀的单人滑和冰舞运动员集合起来,6,False,False,0.0,0.16666666666666666,1.0,0.044614150086493956,-0.17871597409248352,0.0,0.0,0.0,0.0,0,,董建又将国内部分优秀的单人马和兵舞运动员集合起来
270,佟健又将国内部分优秀的单人滑和冰舞运动员集合起来,7,False,False,0.0,0.20833333333333334,1.0,0.0,-0.18172374367713928,0.0,0.0,0.0,0.0,0,,董建又将国内部分优秀的单人化和兵务运动员集合起来
271,但庞清和佟健并不愿意随遇而安地安排自己的后半生,1,True,True,1.0,0.0,0.0,2.8668221266066247,-0.6898874640464783,2.0,0.6898530721664429,0.6666666666666666,0.2333333333333333,3,庞清;佟健,但庞清和佟健并不愿意随遇而安地安排自己的后半生
271,但庞清和佟健并不愿意随遇而安地安排自己的后半生,2,False,False,1.0,0.043478260869565216,0.0,2.7333333333333334,-0.7282934784889221,2.0,0.6898530721664429,0.6666666666666666,0.2333333333333333,3,庞清;佟健,但庞清和佟健并不愿意随遇而安的安排自己的后半生
271,但庞清和佟健并不愿意随遇而安地安排自己的后半生,3,False,False,0.5,0.043478260869565216,0.25,2.6516126376928595,-0.49400386214256287,1.0,0.6898530721664429,0.6666666666666666,0.2333333333333333,3,庞清,但庞清和董健并不愿意随遇而安地安排自己的后半生
271,但庞清和佟健并不愿意随遇而安地安排自己的后半生,4,False,False,0.0,0.08695652173913043,0.5,1.0,-0.44058382511138916,0.0,0.8048285841941832,0.0,0.0,0,,但庞青和董健并不愿意随遇而安地安排自己的后半生
272,自己和庞清曾在赛场上努力地追求优秀更优秀,1,True,True,1.0,0.0,0.0,2.63503404797391,-0.444090873003006,1.0,0.6904261112213135,0.3333333333333333,0.11666666666666665,2,庞清,自己和庞清曾在赛场上努力地追求优秀更优秀
272,自己和庞清曾在赛场上努力地追求优秀更优秀,2,False,False,1.0,0.05,0.0,2.6166666666666667,-0.4482026696205139,1.0,0.6904261112213135,0.3333333333333333,0.11666666666666665,2,庞清,自己和庞清曾在赛场上努力的追求优秀更优秀
272,自己和庞清曾在赛场上努力地追求优秀更优秀,3,False,False,0.0,0.05,0.5,1.0,-0.2243386059999466,0.0,0.805497129758199,0.0,0.0,0,,自己和庞青曾在赛场上努力地追求优秀更优秀
272,自己和庞清曾在赛场上努力地追求优秀更优秀,4,False,False,0.0,0.1,0.5,0.6078640838544862,-0.31212374567985535,0.0,0.805497129758199,0.0,0.0,0,,自己和庞青曾在赛场上努力的追求优秀更优秀
273,佟健给自己定下了要做就做到最好,1,True,True,1.0,0.0,0.0,2.5575869631424757,-1.0054247379302979,1.0,0.6831147074699402,0.0,0.0,0,,佟健给自己定下了要做就做到最好
273,佟健给自己定下了要做就做到最好,2,False,False,0.0,0.13333333333333333,1.0,1.0,-0.12022366374731064,0.0,0.0,0.0,0.0,0,,董建给自己定下了要做就做到最好
273,佟健给自己定下了要做就做到最好,3,False,False,0.0,0.06666666666666667,0.5,0.989179703012569,-0.130387082695961,0.0,0.0,0.0,0.0,0,,董健给自己定下了要做就做到最好
273,佟健给自己定下了要做就做到最好,4,False,False,0.0,0.06666666666666667,0.5,0.5327841130987558,-0.5590758323669434,0.0,0.0,0.0,0.0,0,,冬健给自己定下了要做就做到最好
273,佟健给自己定下了要做就做到最好,5,False,False,0.0,0.06666666666666667,0.5,0.0,-1.0595157146453857,0.0,0.7969671587149301,0.0,0.0,0,,佟建给自己定下了要做就做到最好
274,佟健的解决办法就只能努力提高自己,1,True,True,1.0,0.0,0.0,2.893675753525269,-0.7531988024711609,1.0,0.679529070854187,0.0,0.0,0,,佟健的解决办法就只能努力提高自己
274,佟健的解决办法就只能努力提高自己,2,False,False,0.0,0.125,1.0,1.0,-0.0855865329504013,0.0,0.0,0.0,0.0,0,,董建的解决办法就只能努力提高自己
274,佟健的解决办法就只能努力提高自己,3,False,False,0.0,0.0625,0.5,0.995544712479091,-0.09049216657876968,0.0,0.0,0.0,0.0,0,,董健的解决办法就只能努力提高自己
274,佟健的解决办法就只能努力提高自己,4,False,False,0.0,0.1875,1.0,0.5605858352275426,-0.5694172382354736,0.0,0.0,0.0,0.0,0,,董建德解决办法就只能努力提高自己
274,佟健的解决办法就只能努力提高自己,5,False,False,0.0,0.125,0.5,0.020271337290524386,-1.1643474102020264,0.0,0.7927839159965514,0.0,0.0,0,,佟建德的解决办法就只能努力提高自己
274,佟健的解决办法就只能努力提高自己,6,False,False,0.0,0.125,0.5,0.0,-1.186667799949646,0.0,0.7927839159965514,0.0,0.0,0,,佟建德解决办法就只能努力提高自己
276,佟健做好了考不上的思想准备,1,True,True,1.0,0.0,0.0,2.5,-1.09551203250885,1.0,0.6805911064147949,0.0,0.0,0,,佟健做好了考不上的思想准备
276,佟健做好了考不上的思想准备,2,False,False,0.0,0.15384615384615385,1.0,1.0,-0.06653489172458649,0.0,0.0,0.0,0.0,0,,董建做好了考不上的思想准备
276,佟健做好了考不上的思想准备,3,False,False,0.0,0.07692307692307693,0.5,0.9832459583105485,-0.08377441763877869,0.0,0.0,0.0,0.0,0,,董健做好了考不上的思想准备
276,佟健做好了考不上的思想准备,4,False,False,0.0,0.07692307692307693,0.5,0.6124318674884586,-0.46533364057540894,0.0,0.0,0.0,0.0,0,,冬健做好了考不上的思想准备
276,佟健做好了考不上的思想准备,5,False,False,0.0,0.07692307692307693,0.5,0.13925802182878905,-0.9522187113761902,0.0,0.7940229574839273,0.0,0.0,0,,佟建做好了考不上的思想准备
277,佟健因此顺利通过了入学考试,1,True,True,1.0,0.0,0.0,2.5588756513177757,-0.9730134010314941,1.0,0.6881228685379028,0.0,0.0,0,,佟健因此顺利通过了入学考试
277,佟健因此顺利通过了入学考试,2,False,False,0.0,0.15384615384615385,1.0,1.0,-0.061826761811971664,0.0,0.0,0.0,0.0,0,,董建因此顺利通过了入学考试
277,佟健因此顺利通过了入学考试,3,False,False,0.0,0.07692307692307693,0.5,0.9761530912346067,-0.08491508662700653,0.0,0.0,0.0,0.0,0,,董健因此顺利通过了入学考试
277,佟健因此顺利通过了入学考试,4,False,False,0.0,0.15384615384615385,1.0,0.7124214344064191,-0.34025728702545166,0.0,0.0,0.0,0.0,0,,总监因此顺利通过了入学考试
277,佟健因此顺利通过了入学考试,5,False,False,0.0,0.07692307692307693,0.5,0.6139437831084127,-0.4356023073196411,0.0,0.0,0.0,0.0,0,,冬健因此顺利通过了入学考试
277,佟健因此顺利通过了入学考试,6,False,False,0.0,0.07692307692307693,0.5,0.15708962828949719,-0.8779236674308777,0.0,0.8028100132942199,0.0,0.0,0,,佟建因此顺利通过了入学考试
277,佟健因此顺利通过了入学考试,7,False,False,0.0,0.07692307692307693,0.5,0.0,-1.0300161838531494,0.0,0.0,0.0,0.0,0,,佟介因此顺利通过了入学考试
278,佟健是同班同学里唯一运动员出身的,1,True,True,1.0,0.0,0.0,2.5,-0.7712680697441101,1.0,0.6817511320114136,0.0,0.0,0,,佟健是同班同学里唯一运动员出身的
278,佟健是同班同学里唯一运动员出身的,2,False,False,0.0,0.125,1.0,1.0,-0.10158881545066833,0.0,0.0,0.0,0.0,0,,董建是同班同学里唯一运动员出身的
278,佟健是同班同学里唯一运动员出身的,3,False,False,0.0,0.0625,0.5,0.9197623821982993,-0.15532228350639343,0.0,0.0,0.0,0.0,0,,董健是同班同学里唯一运动员出身的
278,佟健是同班同学里唯一运动员出身的,4,False,False,0.0,0.0625,0.5,0.13849043557018478,-0.6785238981246948,0.0,0.7953763206799824,0.0,0.0,0,,佟建是同班同学里唯一运动员出身的
279,只有姚明和刘国梁等少数几个人,1,True,True,1.0,0.0,0.0,3.85,-0.4122832417488098,1.0,0.6914199590682983,1.0,0.35,2,刘国梁,只有姚明和刘国梁等少数几个人
279,只有姚明和刘国梁等少数几个人,2,False,False,1.0,0.07142857142857142,0.0,2.85,-0.6398227214813232,1.0,0.6914199590682983,1.0,0.35,2,刘国梁,只有姚敏和刘国梁等少数几个人
280,佟健希望自己能真的学到管理知识,1,True,True,1.0,0.0,0.0,2.513547642363587,-1.0479756593704224,1.0,0.6833092570304871,0.0,0.0,0,,佟健希望自己能真的学到管理知识
280,佟健希望自己能真的学到管理知识,2,False,False,0.0,0.13333333333333333,1.0,1.0,-0.11723069101572037,0.0,0.0,0.0,0.0,0,,董建希望自己能真的学到管理知识
280,佟健希望自己能真的学到管理知识,3,False,False,0.0,0.06666666666666667,0.5,0.9586829710039212,-0.15621444582939148,0.0,0.0,0.0,0.0,0,,董健希望自己能真的学到管理知识
280,佟健希望自己能真的学到管理知识,4,False,False,0.0,0.13333333333333333,1.0,0.5226935336052004,-0.5675824880599976,0.0,0.0,0.0,0.0,0,,冬建希望自己能真的学到管理知识
280,佟健希望自己能真的学到管理知识,5,False,False,0.0,0.06666666666666667,0.5,0.49612125094431475,-0.5926541686058044,0.0,0.0,0.0,0.0,0,,冬健希望自己能真的学到管理知识
280,佟健希望自己能真的学到管理知识,6,False,False,0.0,0.06666666666666667,0.5,0.0,-1.0607582330703735,0.0,0.7971941332022348,0.0,0.0,0,,佟建希望自己能真的学到管理知识
281,佟健更希望能有实实在在的发展,1,True,True,1.0,0.0,0.0,2.5,-1.1229608058929443,1.0,0.6857051253318787,0.0,0.0,0,,佟健更希望能有实实在在的发展
281,佟健更希望能有实实在在的发展,2,False,False,0.0,0.14285714285714285,1.0,1.0,-0.046113021671772,0.0,0.0,0.0,0.0,0,,董建更希望能有实实在在的发展
281,佟健更希望能有实实在在的发展,3,False,False,0.0,0.07142857142857142,0.5,0.9245804510518888,-0.12732839584350586,0.0,0.0,0.0,0.0,0,,董健更希望能有实实在在的发展
281,佟健更希望能有实实在在的发展,4,False,False,0.0,0.14285714285714285,1.0,0.5279854339310164,-0.5544008612632751,0.0,0.0,0.0,0.0,0,,总监更希望能有实实在在的发展
281,佟健更希望能有实实在在的发展,5,False,False,0.0,0.07142857142857142,0.5,0.14558972980272206,-0.9661828279495239,0.0,0.7999893128871917,0.0,0.0,0,,佟建更希望能有实实在在的发展
282,搜狐娱乐赛文耷子备受关注重拍版乌鸦,1,True,True,1.0,0.0,0.0,2.5,-0.5783807039260864,1.0,0.6877848505973816,0.0,0.0,0,,搜狐娱乐赛文耷子备受关注重拍版乌鸦
282,搜狐娱乐赛文耷子备受关注重拍版乌鸦,2,False,False,0.0,0.058823529411764705,0.25,1.0,-0.24835917353630066,0.0,0.7565633356571199,0.0,0.0,0,,搜狐娱乐赛文搭子备受关注重拍版乌鸦
282,搜狐娱乐赛文耷子备受关注重拍版乌鸦,3,False,False,0.0,0.058823529411764705,0.25,0.7767556147750274,-0.322034627199173,0.0,0.7565633356571199,0.0,0.0,0,,搜狐娱乐赛文打子备受关注重拍版乌鸦
282,搜狐娱乐赛文耷子备受关注重拍版乌鸦,4,False,False,0.0,0.058823529411764705,0.25,0.6414894409584524,-0.36667537689208984,0.0,0.7565633356571199,0.0,0.0,0,,搜狐娱乐赛文达子备受关注重拍版乌鸦
284,网友纷纷留言祝谢婷婷生日快乐,1,True,True,1.0,0.0,0.0,3.5,-0.6286911368370056,1.0,0.6868466138839722,0.0,0.0,0,,网友纷纷留言祝谢婷婷生日快乐
284,网友纷纷留言祝谢婷婷生日快乐,2,False,False,0.0,0.07142857142857142,0.3333333333333333,0.0,-0.7387805581092834,0.0,0.0,0.0,0.0,0,,网友纷纷留言祝谢婷芹生日快乐
285,曾江谢贤四哥及胡枫修哥大谈往日情时,1,True,True,0.5,0.17647058823529413,0.25,1.0,-0.4489689767360687,0.0,0.7894770701726277,0.0,0.0,0,,曾将谢贤四哥及胡枫修歌大谈往日情实
285,曾江谢贤四哥及胡枫修哥大谈往日情时,2,False,False,0.0,0.17647058823529413,0.5,0.501112091722617,-0.48695817589759827,0.0,0.7894770701726277,0.0,0.0,0,,曾江谢贤四哥及胡丰修歌大谈往日情识
285,曾江谢贤四哥及胡枫修哥大谈往日情时,3,False,False,0.0,0.17647058823529413,0.5,0.47983851872435274,-0.48857811093330383,0.0,0.7894770701726277,0.0,0.0,0,,曾江谢贤四哥及胡丰修歌大谈往日情实
285,曾江谢贤四哥及胡枫修哥大谈往日情时,4,False,False,0.0,0.23529411764705882,0.5,0.44333654913026715,-0.4913576543331146,0.0,0.7894770701726277,0.0,0.0,0,,曾姜谢贤四哥及胡丰修歌大谈往日情识
285,曾江谢贤四哥及胡枫修哥大谈往日情时,5,False,False,0.0,0.23529411764705882,0.5,0.3708449196605214,-0.4968777298927307,0.0,0.7894770701726277,0.0,0.0,0,,曾姜谢贤四哥及胡丰修歌大谈往日情实
285,曾江谢贤四哥及胡枫修哥大谈往日情时,6,False,False,0.0,0.17647058823529413,0.5,0.10569861394586111,-0.5170680284500122,0.0,0.7894770701726277,0.0,0.0,0,,曾江谢贤四哥及胡风修歌大谈往日情识
285,曾江谢贤四哥及胡枫修哥大谈往日情时,7,False,False,0.0,0.17647058823529413,0.5,0.0028758226210767114,-0.5248977541923523,0.0,0.7894770701726277,0.0,0.0,0,,曾江谢贤四哥及胡风修歌大谈往日情实
285,曾江谢贤四哥及胡枫修哥大谈往日情时,8,False,False,0.0,0.11764705882352941,0.5,0.0,-0.5251167416572571,0.0,0.7894770701726277,0.0,0.0,0,,曾江谢贤四哥及胡丰修歌大谈往日情时
286,杨爱明被兴安警方刑事拘留,1,True,True,1.0,0.0,0.0,2.5,-0.5072048902511597,1.0,0.6901053786277771,0.0,0.0,0,,杨爱明被兴安警方刑事拘留
286,杨爱明被兴安警方刑事拘留,2,False,False,0.0,0.08333333333333333,0.3333333333333333,1.0,-0.2902834117412567,0.0,0.7763685509562492,0.0,0.0,0,,杨艾明被兴安警方刑事拘留
287,兴安县法院判杨爱明拘役4个月,1,True,False,0.0,0.42857142857142855,1.0,2.728630265055532,-1.0169850587844849,1.0,0.6906750202178955,0.5,0.175,2,杨爱明,杨爱明姓安法院判杨艾明拘役4个月
287,兴安县法院判杨爱明拘役4个月,2,False,True,1.0,0.35714285714285715,1.0,2.675,-1.0434187650680542,1.0,0.6906750202178955,0.5,0.175,2,杨爱明,杨爱明姓安法院判杨爱明拘役4个月
287,兴安县法院判杨爱明拘役4个月,3,False,False,0.0,0.2857142857142857,1.0,1.0,-0.5505309104919434,0.0,0.7770093977451324,0.0,0.0,0,,法院判杨艾明拘役4个月
288,杨爱明却参加了兴安县第15届人大5次会议,1,True,False,1.0,0.1,0.0,3.85,-0.44800281524658203,1.0,0.6888964772224426,1.0,0.35,5,杨爱明,杨爱明却参加了新安线第十五届人大五次会议
288,杨爱明却参加了兴安县第15届人大5次会议,2,False,False,1.0,0.1,0.0,3.823829154494836,-0.449662446975708,1.0,0.6888964772224426,1.0,0.35,5,杨爱明,杨爱明却参加了新安线第15届人大五次会议
288,杨爱明却参加了兴安县第15届人大5次会议,3,False,False,1.0,0.1,0.0,3.4673989503088545,-0.4722655713558197,1.0,0.6888964772224426,1.0,0.35,5,杨爱明,杨爱明却参加了新安线第15届人大5次会议
288,杨爱明却参加了兴安县第15届人大5次会议,4,False,True,1.0,0.05,0.0,2.925920265580883,-0.5066035985946655,1.0,0.6888964772224426,1.0,0.35,5,杨爱明,杨爱明却参加了新安县第15届人大五次会议
288,杨爱明却参加了兴安县第15届人大5次会议,5,False,False,1.0,0.05,0.0,2.85,-0.5114181041717529,1.0,0.6888964772224426,1.0,0.35,5,杨爱明,杨爱明却参加了新安县第十五届人大五次会议
289,这事发生在福建省漳州市诏安县林头村,1,True,True,1.0,0.11764705882352941,0.0,2.7989712979656156,-0.8846991658210754,1.0,0.6912398338317871,0.125,0.04375,2,诏安县,这是发生在福建省漳州市诏安县临头村
289,这事发生在福建省漳州市诏安县林头村,2,False,False,1.0,0.11764705882352941,0.0,2.54375,-0.9728245139122009,1.0,0.6912398338317871,0.125,0.04375,2,诏安县,这是发生在福建省漳州市诏安县林投村
289,这事发生在福建省漳州市诏安县林头村,3,False,False,0.0,0.23529411764705882,0.3333333333333333,1.0,-0.6275345683097839,0.0,0.7776448130607605,0.0,0.0,0,,这是发生在福建省张州市诏鞍县临头村
289,这事发生在福建省漳州市诏安县林头村,4,False,False,0.0,0.17647058823529413,0.3333333333333333,0.9583143736824625,-0.6419281959533691,0.0,0.7776448130607605,0.0,0.0,0,,这是发生在福建省漳州市诏鞍县临头村
289,这事发生在福建省漳州市诏安县林头村,5,False,False,0.0,0.23529411764705882,0.3333333333333333,0.9251217503043326,-0.6533892750740051,0.0,0.7776448130607605,0.0,0.0,0,,这是发生在福建省张州市诏鞍县林投村
289,这事发生在福建省漳州市诏安县林头村,6,False,False,0.0,0.17647058823529413,0.3333333333333333,0.8915219116023396,-0.6649909615516663,0.0,0.7776448130607605,0.0,0.0,0,,这是发生在福建省漳州市诏鞍县林投村
289,这事发生在福建省漳州市诏安县林头村,7,False,False,0.0,0.11764705882352941,0.3333333333333333,0.8319062096280272,-0.6855756640434265,0.0,0.7776448130607605,0.0,0.0,0,,这事发生在福建省漳州市诏鞍县林投村
289,这事发生在福建省漳州市诏安县林头村,8,False,False,0.0,0.17647058823529413,0.3333333333333333,0.8182264331251973,-0.6902991533279419,0.0,0.7776448130607605,0.0,0.0,0,,这是发生在福建省张州市诏鞍县林头村
289,这事发生在福建省漳州市诏安县林头村,9,False,False,0.0,0.11764705882352941,0.3333333333333333,0.7724538080760862,-0.7061039805412292,0.0,0.7776448130607605,0.0,0.0,0,,这是发生在福建省漳州市诏鞍县林头村
291,门头沟雁翅镇村民李冬梅因不服行政批复,1,True,False,1.0,0.16666666666666666,0.0,3.85,-0.4091084897518158,1.0,0.6862294673919678,1.0,0.35,6,门头沟,门头沟厌斥镇村民李东梅因不服行政批复
291,门头沟雁翅镇村民李冬梅因不服行政批复,2,False,True,1.0,0.1111111111111111,0.0,3.763891613359633,-0.48918989300727844,1.0,0.6862294673919678,1.0,0.35,6,门头沟,门头沟厌斥镇村民李冬梅因不服行政批复
291,门头沟雁翅镇村民李冬梅因不服行政批复,3,False,False,1.0,0.2222222222222222,0.0,3.759272800936055,-0.4934854209423065,1.0,0.6862294673919678,1.0,0.35,6,门头沟,门头沟厌斥镇村民李东梅阴不服行政批复
291,门头沟雁翅镇村民李冬梅因不服行政批复,4,False,False,1.0,0.2222222222222222,0.0,3.737835511134977,-0.5134222507476807,1.0,0.6862294673919678,1.0,0.35,6,门头沟,门头沟厌斥镇村民李东眉因不服行政批复
291,门头沟雁翅镇村民李冬梅因不服行政批复,5,False,False,1.0,0.1111111111111111,0.0,2.862948594874353,-1.3270732164382935,1.0,0.6862294673919678,1.0,0.35,6,门头沟,门头沟晖镇村民李冬梅因不服行政批复
291,门头沟雁翅镇村民李冬梅因不服行政批复,6,False,False,1.0,0.16666666666666666,0.0,2.85,-1.3391155004501343,1.0,0.6862294673919678,1.0,0.35,6,门头沟,门头沟晖镇村民李东梅因不服行政批复
292,门头沟区长张贵林出庭应诉,1,True,True,1.0,0.0,0.0,2.85,-0.8056551814079285,2.0,0.69086092710495,1.0,0.35,2,门头沟,门头沟区长张贵林出庭应诉
292,门头沟区长张贵林出庭应诉,2,False,False,0.5,0.08333333333333333,0.16666666666666666,1.35,-0.5785562992095947,1.0,0.6900097131729126,1.0,0.35,2,门头沟,门头沟区长张桂林出庭应诉
293,门头沟雁翅镇村民李冬梅向市政府提起了行政复议,1,True,True,1.0,0.13636363636363635,0.0,3.85,-0.35782864689826965,1.0,0.6886978149414062,1.0,0.35,9,门头沟,门头沟厌斥镇村民李东梅向市政府提起了行政复议
293,门头沟雁翅镇村民李冬梅向市政府提起了行政复议,2,False,False,1.0,0.13636363636363635,0.0,3.618050554084125,-0.3776850998401642,1.0,0.6886978149414062,1.0,0.35,9,门头沟,门头沟燕斥镇村民李东梅向市政府提起了行政复议
293,门头沟雁翅镇村民李冬梅向市政府提起了行政复议,3,False,False,1.0,0.18181818181818182,0.0,3.6007394286764645,-0.3791670501232147,1.0,0.6886978149414062,1.0,0.35,9,门头沟,门头沟厌斥镇村民李东梅向市政府提起了行政赋议
293,门头沟雁翅镇村民李冬梅向市政府提起了行政复议,4,False,False,1.0,0.18181818181818182,0.0,3.5419405755567994,-0.3842006325721741,1.0,0.6886978149414062,1.0,0.35,9,门头沟,门头沟燕斥镇村民李东梅向市政府提起了行政赋议
293,门头沟雁翅镇村民李冬梅向市政府提起了行政复议,5,False,False,1.0,0.18181818181818182,0.0,3.3872990243997543,-0.39743900299072266,1.0,0.6886978149414062,1.0,0.35,9,门头沟,门头沟厌斥镇村民李东梅向市政府提起了行政负议
293,门头沟雁翅镇村民李冬梅向市政府提起了行政复议,6,False,False,1.0,0.18181818181818182,0.0,3.3427693344584903,-0.40125104784965515,1.0,0.6886978149414062,1.0,0.35,9,门头沟,门头沟宴斥镇村民李东梅向市政府提起了行政赋议
293,门头沟雁翅镇村民李冬梅向市政府提起了行政复议,7,False,False,1.0,0.13636363636363635,0.0,3.330318107508195,-0.40231695771217346,1.0,0.6886978149414062,1.0,0.35,9,门头沟,门头沟宴斥镇村民李东梅向市政府提起了行政复议
293,门头沟雁翅镇村民李冬梅向市政府提起了行政复议,8,False,False,1.0,0.18181818181818182,0.0,3.1849002676425457,-0.41476571559906006,1.0,0.6886978149414062,1.0,0.35,9,门头沟,门头沟厌斥镇村民李东梅向市政府提起了行政附议
293,门头沟雁翅镇村民李冬梅向市政府提起了行政复议,9,False,False,1.0,0.18181818181818182,0.0,2.85,-0.4434354603290558,1.0,0.6886978149414062,1.0,0.35,9,门头沟,门头沟宴斥镇村民李东梅向市政府提起了行政附议
294,实习生郭杨雪通讯员耿万志现代快报记者李伟豪,1,True,False,1.0,0.09523809523809523,0.0,3.195012176797872,-0.34633582830429077,1.0,0.6921384334564209,0.25,0.0875,2,李伟豪,实习生郭阳雪通讯员耿万智现代快报记者李伟豪
294,实习生郭杨雪通讯员耿万志现代快报记者李伟豪,2,False,True,1.0,0.047619047619047616,0.0,2.702277465935953,-0.39277705550193787,1.0,0.6921384334564209,0.25,0.0875,2,李伟豪,实习生郭杨雪通讯员耿万智现代快报记者李伟豪
294,实习生郭杨雪通讯员耿万志现代快报记者李伟豪,3,False,False,0.0,0.14285714285714285,0.3333333333333333,1.0,-0.3093430697917938,0.0,0.7786557376384735,0.0,0.0,0,,实习生郭阳雪通讯员耿万智现代快报记者李维豪
294,实习生郭杨雪通讯员耿万志现代快报记者李伟豪,4,False,False,0.0,0.14285714285714285,0.3333333333333333,0.7451861965514145,-0.3333597779273987,0.0,0.7786557376384735,0.0,0.0,0,,实习生郭阳雪通讯员耿万智现代快报记者李韦豪
294,实习生郭杨雪通讯员耿万志现代快报记者李伟豪,5,False,False,0.0,0.14285714285714285,0.3333333333333333,0.0,-0.40359506011009216,0.0,0.7786557376384735,0.0,0.0,0,,实习生郭阳雪通讯员耿万智现代快报记者李为豪
295,据伟嘉安捷数据统计显示,1,True,True,1.0,0.0,0.0,2.5,-0.6915950775146484,1.0,0.6908769011497498,0.0,0.0,0,,据伟嘉安捷数据统计显示
295,据伟嘉安捷数据统计显示,2,False,False,0.0,0.09090909090909091,0.25,1.0,-0.4238148629665375,0.0,0.7599645912647248,0.0,0.0,0,,据伟嘉安杰数据统计显示
295,据伟嘉安捷数据统计显示,3,False,False,0.0,0.09090909090909091,0.25,0.6443602394289373,-0.5190481543540955,0.0,0.7599645912647248,0.0,0.0,0,,据伟嘉安节数据统计显示
295,据伟嘉安捷数据统计显示,4,False,False,0.0,0.18181818181818182,0.5,0.5212154681252409,-0.5520238876342773,0.0,0.7599645912647248,0.0,0.0,0,,根据伟嘉安杰数据统计显示
296,据伟嘉安捷提供的数据显示,1,True,True,1.0,0.0,0.0,2.5,-0.8158963918685913,1.0,0.6893137097358704,0.0,0.0,0,,据伟嘉安捷提供的数据显示
296,据伟嘉安捷提供的数据显示,2,False,False,0.0,0.08333333333333333,0.25,1.0,-0.3976668417453766,0.0,0.7582450807094575,0.0,0.0,0,,据伟嘉安杰提供的数据显示
296,据伟嘉安捷提供的数据显示,3,False,False,0.0,0.16666666666666666,0.5,0.7280510750916293,-0.5114039182662964,0.0,0.7582450807094575,0.0,0.0,0,,根据伟嘉安杰提供的数据显示
297,伟嘉安捷对中新网房产频道表示,1,True,True,1.0,0.0,0.0,2.839708080848667,-0.9547147154808044,1.0,0.6907643675804138,0.5,0.175,3,伟嘉安捷,伟嘉安捷对中新网房产频道表示
297,伟嘉安捷对中新网房产频道表示,2,False,False,1.0,0.07142857142857142,0.0,2.834191207187625,-0.9572926163673401,1.0,0.6907643675804138,0.5,0.175,3,伟嘉安捷,伟嘉安捷对中新网房产频道表释
297,伟嘉安捷对中新网房产频道表示,3,False,False,1.0,0.07142857142857142,0.0,2.675,-1.0316787958145142,1.0,0.6907643675804138,0.5,0.175,3,伟嘉安捷,伟嘉安捷对中新网房产频导表示
297,伟嘉安捷对中新网房产频道表示,4,False,False,0.0,0.07142857142857142,0.25,1.0,-0.5644031167030334,0.0,0.6883810758590698,0.0,0.0,0,,伟嘉安杰对中新网房产频道表示
297,伟嘉安捷对中新网房产频道表示,5,False,False,0.0,0.14285714285714285,0.25,0.9633205073993075,-0.5815425515174866,0.0,0.6883810758590698,0.0,0.0,0,,伟嘉安杰对中芯网房产频道表示
298,想了解苹果最初的事,1,True,True,1.0,0.0,0.0,3.85,-0.4273120164871216,1.0,0.6830258369445801,1.0,0.35,2,苹果,想了解苹果最初的事
298,想了解苹果最初的事,2,False,False,1.0,0.1111111111111111,0.0,2.85,-0.5056180953979492,1.0,0.6830258369445801,1.0,0.35,2,苹果,想了解苹果最初的事儿
299,原创张驰乔布斯逝世已久,1,True,True,1.0,0.18181818181818182,0.0,3.54375,-0.5177575349807739,1.0,0.6918859481811523,0.125,0.04375,2,张驰,原创张驰乔布斯世事已久
299,原创张驰乔布斯逝世已久,2,False,False,1.0,0.18181818181818182,0.0,3.083645610463962,-0.7511191368103027,1.0,0.6918859481811523,0.125,0.04375,2,张驰,原创张驰乔布斯事事已久
299,原创张驰乔布斯逝世已久,3,False,False,0.0,0.2727272727272727,0.5,0.70846658977808,-0.6656211614608765,0.0,0.0,0.0,0.0,0,,原创张骰乔布斯世事已久
299,原创张驰乔布斯逝世已久,4,False,False,0.0,0.2727272727272727,0.5,0.701416053669393,-0.669197142124176,0.0,0.807200272878011,0.0,0.0,0,,原创张池乔布斯世事已久
299,原创张驰乔布斯逝世已久,5,False,False,0.0,0.2727272727272727,0.5,0.6573632181892667,-0.6915404200553894,0.0,0.0,0.0,0.0,0,,原创张骑乔布斯世事已久
299,原创张驰乔布斯逝世已久,6,False,False,0.0,0.2727272727272727,0.5,0.5944368749325736,-0.7234562039375305,0.0,0.807200272878011,0.0,0.0,0,,原创张池乔布斯事事已久
299,原创张驰乔布斯逝世已久,7,False,False,0.0,0.2727272727272727,0.5,0.5861894105754164,-0.7276392579078674,0.0,0.0,0.0,0.0,0,,原创张骰乔布斯事事已久
299,原创张驰乔布斯逝世已久,8,False,False,0.0,0.2727272727272727,0.5,0.5659646724600266,-0.7378970980644226,0.0,0.0,0.0,0.0,0,,原创张骑乔布斯事事已久
299,原创张驰乔布斯逝世已久,9,False,False,0.0,0.2727272727272727,0.5,0.0,-1.0249502658843994,0.0,0.0,0.0,0.0,0,,原创张诘乔布斯世事已久
300,而苹果的另1位联合创始人沃兹尼亚克还活跃在科技圈,1,True,False,1.0,0.041666666666666664,0.0,1.0,-0.16632546484470367,0.0,0.0,0.0,0.0,0,,而苹果的另1位联合创始人沃尔兹尼亚克还活跃在科技圈
300,而苹果的另1位联合创始人沃兹尼亚克还活跃在科技圈,2,False,True,1.0,0.0,0.0,0.9126038298112059,-0.1704404056072235,0.0,0.0,0.0,0.0,0,,而苹果的另1位联合创始人沃兹尼亚克还活跃在科技圈
300,而苹果的另1位联合创始人沃兹尼亚克还活跃在科技圈,3,False,False,1.0,0.08333333333333333,0.0,0.6340326318194737,-0.18355658650398254,0.0,0.0,0.0,0.0,0,,而苹果的另1位联合创始人沃尔茨尼亚克还活跃在科技圈
300,而苹果的另1位联合创始人沃兹尼亚克还活跃在科技圈,4,False,False,1.0,0.08333333333333333,0.0,0.0,-0.21340923011302948,0.0,0.0,0.0,0.0,0,,而苹果的另1位联合创始人沃尔兹尼亚克还活跃在科技圈儿
301,乔帮主在首批苹果产品的开发中,1,True,False,1.0,0.07142857142857142,0.0,3.85,-0.5245736241340637,1.0,0.6475774645805359,1.0,0.35,2,苹果,乔帮主在手批苹果产品的开发中
301,乔帮主在首批苹果产品的开发中,2,False,True,1.0,0.0,0.0,2.85,-0.5397360920906067,1.0,0.6475774645805359,1.0,0.35,2,苹果,乔帮主在首批苹果产品的开发中
302,苹果股价下跌5分析师出现重大分歧搜狐科技,1,True,True,1.0,0.0,0.0,1.0,-0.12061338871717453,0.0,0.0,0.0,0.0,0,,苹果股价下跌5分析师出现重大分歧搜狐科技
302,苹果股价下跌5分析师出现重大分歧搜狐科技,2,False,False,1.0,0.2,0.0,0.0,-0.14011350274085999,0.0,0.0,0.0,0.0,0,,苹果股价下跌5分析师出现重大分歧
303,本报记者纪佳鹏北京报道北京时间8月12日,1,True,False,1.0,0.05,0.0,2.688096598475339,-0.6675050854682922,1.0,0.6903952360153198,0.2,0.06999999999999999,2,纪佳鹏,本报记者纪佳鹏北京报导北京时间8月12日
303,本报记者纪佳鹏北京报道北京时间8月12日,2,False,True,1.0,0.0,0.0,2.57,-0.6969743371009827,1.0,0.6903952360153198,0.2,0.06999999999999999,2,纪佳鹏,本报记者纪佳鹏北京报道北京时间8月12日
303,本报记者纪佳鹏北京报道北京时间8月12日,3,False,False,0.0,0.1,0.3333333333333333,1.0,-0.44743919372558594,0.0,0.7766946405172348,0.0,0.0,0,,本报记者纪嘉鹏北京报导北京时间8月12日
303,本报记者纪佳鹏北京报道北京时间8月12日,4,False,False,0.0,0.15,0.6666666666666666,0.8303045141472422,-0.4897841811180115,0.0,0.7766946405172348,0.0,0.0,0,,本报记者季嘉鹏北京报导北京时间8月12日
303,本报记者纪佳鹏北京报道北京时间8月12日,5,False,False,0.0,0.05,0.3333333333333333,0.7531571083756021,-0.5090351700782776,0.0,0.7766946405172348,0.0,0.0,0,,本报记者纪嘉鹏北京报道北京时间8月12日
303,本报记者纪佳鹏北京报道北京时间8月12日,6,False,False,0.0,0.1,0.6666666666666666,0.5803349094292256,-0.552160382270813,0.0,0.7766946405172348,0.0,0.0,0,,本报记者季嘉鹏北京报道北京时间8月12日
304,作为科技股领头羊的苹果股份当天下挫2,1,True,True,1.0,0.0,0.0,3.85,-0.35527461767196655,1.0,0.6703431010246277,1.0,0.35,3,苹果,作为科技股领头羊的苹果股份当天下挫2
304,作为科技股领头羊的苹果股份当天下挫2,2,False,False,1.0,0.05555555555555555,0.0,3.2412402933778712,-0.4425232708454132,1.0,0.6703431010246277,1.0,0.35,3,苹果,作为科技股领头羊的苹果股分当天下挫2
304,作为科技股领头羊的苹果股份当天下挫2,3,False,False,1.0,0.05555555555555555,0.0,2.85,-0.4985966086387634,1.0,0.6703431010246277,1.0,0.35,3,苹果,作为科技股领头羊的苹果股份当天下错2
305,人民币的贬值很可能会增加苹果设备进口的费用,1,True,True,1.0,0.0,0.0,3.282595166135292,-0.21979209780693054,1.0,0.635337233543396,0.6666666666666666,0.2333333333333333,3,苹果,人民币的贬值很可能会增加苹果设备进口的费用
305,人民币的贬值很可能会增加苹果设备进口的费用,2,False,False,1.0,0.09523809523809523,0.0,2.753107481447259,-0.38840118050575256,1.0,0.635337233543396,0.6666666666666666,0.2333333333333333,3,苹果,人民币的贬值很可能会增加苹果设备的进口费用
305,人民币的贬值很可能会增加苹果设备进口的费用,3,False,False,1.0,0.047619047619047616,0.0,2.7333333333333334,-0.39469802379608154,1.0,0.635337233543396,0.6666666666666666,0.2333333333333333,3,苹果,人民币的贬值很可能会增加苹果设备进口费用
305,人民币的贬值很可能会增加苹果设备进口的费用,4,False,False,0.0,0.42857142857142855,1.0,1.0,-0.07625986635684967,0.0,0.0,0.0,0.0,0,,人民币的贬值很可能会增加
306,苹果股价的这轮连续下跌,1,True,True,1.0,0.0,0.0,3.6166666666666667,-0.2340380996465683,1.0,0.6601618528366089,0.3333333333333333,0.11666666666666665,3,苹果,苹果股价的这轮连续下跌
306,苹果股价的这轮连续下跌,2,False,False,1.0,0.09090909090909091,0.0,3.1584478813389434,-0.3897519111633301,1.0,0.6601618528366089,0.3333333333333333,0.11666666666666665,3,苹果,苹果股价这轮连续下跌
306,苹果股价的这轮连续下跌,3,False,False,1.0,0.2727272727272727,0.0,2.6166666666666667,-0.5738622546195984,1.0,0.6601618528366089,0.3333333333333333,0.11666666666666665,3,苹果,苹果股价连续下跌
306,苹果股价的这轮连续下跌,4,False,False,0.0,0.18181818181818182,1.0,0.47703742122469983,-0.41175341606140137,0.0,0.0,0.0,0.0,0,,评估股价的这轮连续下跌
306,苹果股价的这轮连续下跌,5,False,False,0.0,0.18181818181818182,1.0,0.321217609324675,-0.4647047519683838,0.0,0.0,0.0,0.0,0,,英国股价的这轮连续下跌
306,苹果股价的这轮连续下跌,6,False,False,0.0,0.09090909090909091,0.5,0.22866280617506182,-0.49615710973739624,0.0,0.770188828309377,0.0,0.0,0,,苹国股价的这轮连续下跌
306,苹果股价的这轮连续下跌,7,False,False,0.0,0.18181818181818182,1.0,0.20760481386426866,-0.5033131241798401,0.0,0.770188828309377,0.0,0.0,0,,平国股价的这轮连续下跌
307,苹果股价已下挫了79,1,True,True,1.0,0.0,0.0,3.7333333333333334,-0.29837122559547424,1.0,0.6633834838867188,0.6666666666666666,0.2333333333333333,5,苹果,苹果股价已下挫了79
307,苹果股价已下挫了79,2,False,False,1.0,0.2,0.0,3.1698022501359127,-0.5257276296615601,1.0,0.6633834838867188,0.6666666666666666,0.2333333333333333,5,苹果,苹果股价以下缩了79
307,苹果股价已下挫了79,3,False,False,1.0,0.1,0.0,3.0952225799850286,-0.5558167695999146,1.0,0.6633834838867188,0.6666666666666666,0.2333333333333333,5,苹果,苹果股价已下缩了79
307,苹果股价已下挫了79,4,False,False,1.0,0.1,0.0,3.0719285106046854,-0.5652147531509399,1.0,0.6633834838867188,0.6666666666666666,0.2333333333333333,5,苹果,苹果股价已下挫79
307,苹果股价已下挫了79,5,False,False,1.0,0.1,0.0,3.0468543519125815,-0.575330913066864,1.0,0.6633834838867188,0.6666666666666666,0.2333333333333333,5,苹果,苹果股价下挫了79
307,苹果股价已下挫了79,6,False,False,0.0,0.2,1.0,0.3795876099342546,-0.5486763715744019,0.0,0.0,0.0,0.0,0,,评估股价已下挫了79
307,苹果股价已下挫了79,7,False,False,0.0,0.1,0.5,0.0,-0.7018208503723145,0.0,0.7739473978678384,0.0,0.0,0,,苹国股价已下挫了79
308,根据近期公布的苹果第三财季业业绩,1,True,False,1.0,0.1875,0.0,3.85,-0.45660722255706787,1.0,0.6765613555908203,1.0,0.35,8,苹果,根据近期公布的苹果第三裁剪业绩
308,根据近期公布的苹果第三财季业业绩,2,False,False,1.0,0.125,0.0,3.6618205264182824,-0.4915689527988434,1.0,0.6765613555908203,1.0,0.35,8,苹果,根据近期公布的苹果第三财绩业绩
308,根据近期公布的苹果第三财季业业绩,3,False,False,1.0,0.1875,0.0,3.4707312288279826,-0.5270712971687317,1.0,0.6765613555908203,1.0,0.35,8,苹果,根据近期公布的苹果第三采集业绩
308,根据近期公布的苹果第三财季业业绩,4,False,False,1.0,0.1875,0.0,3.4258105399792815,-0.5354170799255371,1.0,0.6765613555908203,1.0,0.35,8,苹果,根据近期公布的苹果第三裁剂业绩
308,根据近期公布的苹果第三财季业业绩,5,False,False,1.0,0.1875,0.0,3.1616729498974503,-0.5844910144805908,1.0,0.6765613555908203,1.0,0.35,8,苹果,根据近期公布的苹果第三裁剃业绩
308,根据近期公布的苹果第三财季业业绩,6,False,False,1.0,0.125,0.0,2.965324313841362,-0.6209704875946045,1.0,0.6765613555908203,1.0,0.35,8,苹果,根据近期公布的苹果第3财季业绩
308,根据近期公布的苹果第三财季业业绩,7,False,True,1.0,0.0625,0.0,2.963943190097487,-0.6212270855903625,1.0,0.6765613555908203,1.0,0.35,8,苹果,根据近期公布的苹果第三财季业绩
308,根据近期公布的苹果第三财季业业绩,8,False,False,1.0,0.125,0.0,2.85,-0.6423965096473694,1.0,0.6765613555908203,1.0,0.35,8,苹果,根据近期公布的苹果第三财技业绩
309,该季度苹果大中华区营收为一百三十二点300000000美元,1,True,True,1.0,0.20689655172413793,0.0,3.85,-0.2798779308795929,1.0,0.6733174920082092,1.0,0.35,2,苹果,该季度苹果大中华区营收为132300000000美元
309,该季度苹果大中华区营收为一百三十二点300000000美元,2,False,False,1.0,0.20689655172413793,0.0,2.85,-0.4228932559490204,1.0,0.6733174920082092,1.0,0.35,2,苹果,该季度苹果大中华区营收为1323亿美元
310,赵伟国并未透露更多内容,1,True,True,1.0,0.0,0.0,2.98751083825667,-0.8230742812156677,1.0,0.686054527759552,0.8333333333333334,0.2916666666666667,6,赵伟国,赵伟国并未透露更多内容
310,赵伟国并未透露更多内容,2,False,False,1.0,0.09090909090909091,0.0,2.878985173962041,-0.9091320633888245,1.0,0.686054527759552,0.8333333333333334,0.2916666666666667,6,赵伟国,赵伟国并未透露更多内入
310,赵伟国并未透露更多内容,3,False,False,1.0,0.09090909090909091,0.0,2.8734095731555755,-0.9135533571243286,1.0,0.686054527759552,0.8333333333333334,0.2916666666666667,6,赵伟国,赵伟国并未透露更多内络
310,赵伟国并未透露更多内容,4,False,False,1.0,0.09090909090909091,0.0,2.8706194801842346,-0.9157658219337463,1.0,0.686054527759552,0.8333333333333334,0.2916666666666667,6,赵伟国,赵伟国并未透露更多内融
310,赵伟国并未透露更多内容,5,False,False,1.0,0.09090909090909091,0.0,2.8216323358350697,-0.9546112418174744,1.0,0.686054527759552,0.8333333333333334,0.2916666666666667,6,赵伟国,赵伟国并未透露更多内荣
310,赵伟国并未透露更多内容,6,False,False,1.0,0.09090909090909091,0.0,2.7916666666666665,-0.9783731698989868,1.0,0.686054527759552,0.8333333333333334,0.2916666666666667,6,赵伟国,赵伟国并未透露共多内容
310,赵伟国并未透露更多内容,7,False,False,0.0,0.09090909090909091,0.3333333333333333,1.0,-0.18540145456790924,0.0,0.771811343729496,0.0,0.0,0,,赵维国并未透露更多内容
311,沈阳机床董事长关锡友认为,1,True,True,1.0,0.08333333333333333,0.0,3.233642269343488,-0.8642674088478088,1.0,0.6846094727516174,0.25,0.0875,3,关锡友,沈阳鸡床董事长关锡友认为
311,沈阳机床董事长关锡友认为,2,False,False,1.0,0.16666666666666666,0.0,3.1062503468469305,-0.9217337369918823,1.0,0.6846094727516174,0.25,0.0875,3,关锡友,沈阳鸡床董事长关锡友认位
311,沈阳机床董事长关锡友认为,3,False,False,1.0,0.16666666666666666,0.0,3.0902904991688884,-0.9289332032203674,1.0,0.6846094727516174,0.25,0.0875,3,关锡友,沈阳鸡床董事长关锡友认维
311,沈阳机床董事长关锡友认为,4,False,False,0.0,0.08333333333333333,0.3333333333333333,1.0,-0.704642653465271,0.0,0.7701856568455696,0.0,0.0,0,,沈阳机床董事长关系友认为
311,沈阳机床董事长关锡友认为,5,False,False,0.0,0.16666666666666666,0.3333333333333333,0.9969087680261305,-0.7060371041297913,0.0,0.7701856568455696,0.0,0.0,0,,沈阳鸡床董事长关系友认为
311,沈阳机床董事长关锡友认为,6,False,False,0.0,0.16666666666666666,0.3333333333333333,0.8448076023561808,-0.7746497392654419,0.0,0.7701856568455696,0.0,0.0,0,,沈阳基床董事长关系友认为
311,沈阳机床董事长关锡友认为,7,False,False,0.0,0.16666666666666666,0.3333333333333333,0.7616983211287258,-0.8121402263641357,0.0,0.7701856568455696,0.0,0.0,0,,沈阳鸡床董事长关西友认为
311,沈阳机床董事长关锡友认为,8,False,False,0.0,0.16666666666666666,0.3333333333333333,0.5663181901064721,-0.9002759456634521,0.0,0.0,0.0,0.0,0,,沈阳鸡床董事长关绪友认为
311,沈阳机床董事长关锡友认为,9,False,False,0.0,0.16666666666666666,0.3333333333333333,0.0,-1.1557413339614868,0.0,0.0,0.0,0.0,0,,沈阳鸡床董事长关翡友认为
312,中国的中高端嵌入式芯片全部从德国日本进口,1,True,True,1.0,0.0,0.0,3.85,-0.10670686513185501,1.0,0.6674081087112427,1.0,0.35,2,德国,中国的中高端嵌入式芯片全部从德国日本进口
312,中国的中高端嵌入式芯片全部从德国日本进口,2,False,False,1.0,0.05,0.0,2.85,-0.1993168294429779,1.0,0.6674081087112427,1.0,0.35,2,德国,中国的中高端嵌入式芯片全部从德国和日本进口
313,德国制造业最核心的技术就是嵌入式系统,1,True,True,1.0,0.0,0.0,3.85,-0.025972066447138786,1.0,0.6458207964897156,1.0,0.35,3,德国,德国制造业最核心的技术就是嵌入式系统
313,德国制造业最核心的技术就是嵌入式系统,2,False,False,1.0,0.1111111111111111,0.0,2.9705866347343197,-0.23920635879039764,1.0,0.6458207964897156,1.0,0.35,3,德国,德国制造业最核心的基础就是嵌入式系统
313,德国制造业最核心的技术就是嵌入式系统,3,False,False,1.0,0.05555555555555555,0.0,2.85,-0.2684454023838043,1.0,0.6458207964897156,1.0,0.35,3,德国,德国制造业最核心的技术是嵌入式系统
314,医生此次将对惠若琪的心脏进行微创手术,1,True,True,1.0,0.0,0.0,2.730064837070277,-0.7674469947814941,1.0,0.6872929930686951,0.25,0.0875,2,惠若琪,医生此次将对惠若琪的心脏进行微创手术
314,医生此次将对惠若琪的心脏进行微创手术,2,False,False,1.0,0.05555555555555555,0.0,2.5875,-0.8425448536872864,1.0,0.6872929930686951,0.25,0.0875,2,惠若琪,医生此次将对惠若琪的心脏进行危创手术
314,医生此次将对惠若琪的心脏进行微创手术,3,False,False,0.0,0.1111111111111111,0.6666666666666666,1.0,-0.31578201055526733,0.0,0.773204617202282,0.0,0.0,0,,医生此次将对慧若奇的心脏进行微创手术
314,医生此次将对惠若琪的心脏进行微创手术,4,False,False,0.0,0.05555555555555555,0.3333333333333333,0.9592877670375737,-0.3372277021408081,0.0,0.0,0.0,0.0,0,,医生此次将对惠珞琪的心脏进行微创手术
314,医生此次将对惠若琪的心脏进行微创手术,5,False,False,0.0,0.05555555555555555,0.3333333333333333,0.8216046208852299,-0.40975406765937805,0.0,0.0,0.0,0.0,0,,医生此次将对惠如琪的心脏进行微创手术
315,惠若琪将在微创手术后回到南京调养,1,True,False,1.0,0.0625,0.0,2.7023768160804416,-0.6840671896934509,1.0,0.6818048357963562,0.2,0.06999999999999999,2,惠若琪,惠若琪将在V创手术后回到南京调养
315,惠若琪将在微创手术后回到南京调养,2,False,True,1.0,0.0,0.0,2.57,-0.7176113128662109,1.0,0.6818048357963562,0.2,0.06999999999999999,2,惠若琪,惠若琪将在微创手术后回到南京调养
315,惠若琪将在微创手术后回到南京调养,3,False,False,0.0,0.125,0.6666666666666666,1.0,-0.4642125368118286,0.0,0.0,0.0,0.0,0,,魁如琪将在微创手术后回到南京调养
315,惠若琪将在微创手术后回到南京调养,4,False,False,0.0,0.0625,0.3333333333333333,0.8029979352324428,-0.5141326189041138,0.0,0.0,0.0,0.0,0,,惠如琪将在微创手术后回到南京调养
315,惠若琪将在微创手术后回到南京调养,5,False,False,0.0,0.25,1.0,0.31233855037228386,-0.6384651064872742,0.0,0.0,0.0,0.0,0,,在微创手术后回到南京调养
315,惠若琪将在微创手术后回到南京调养,6,False,False,0.0,0.0625,0.3333333333333333,0.28677382068559315,-0.6449431777000427,0.0,0.0,0.0,0.0,0,,惠乐琪将在微创手术后回到南京调养
316,张蓉芳主持排管中心,1,True,True,1.0,0.3333333333333333,0.0,2.847643605608541,-1.5023012161254883,1.0,0.6861404776573181,0.5,0.175,4,钟欣,张蓉芳主持排馆钟欣
316,张蓉芳主持排管中心,2,False,False,0.0,0.5555555555555556,0.3333333333333333,2.846360674962609,-1.504224181175232,1.0,0.6861404776573181,0.5,0.175,4,钟欣,张荣芳主持牌馆钟欣
316,张蓉芳主持排管中心,3,False,False,0.0,0.6666666666666666,0.3333333333333333,2.7543672863779998,-1.6421116590499878,1.0,0.6861404776573181,0.5,0.175,4,钟欣,张荣芳主持牌馆的钟欣
316,张蓉芳主持排管中心,4,False,False,0.0,0.5555555555555556,0.3333333333333333,2.675,-1.7610740661621094,1.0,0.6861404776573181,0.5,0.175,4,钟欣,张荣芳主持排馆的钟欣
316,张蓉芳主持排管中心,5,False,False,0.0,0.2222222222222222,0.3333333333333333,1.0,-0.26218941807746887,0.0,0.6874547004699707,0.0,0.0,0,,张荣芳主持排馆中心
316,张蓉芳主持排管中心,6,False,False,0.0,0.1111111111111111,0.3333333333333333,0.886153445496116,-0.432832270860672,0.0,0.6874547004699707,0.0,0.0,0,,张荣芳主持排管中心
316,张蓉芳主持排管中心,7,False,False,0.0,0.4444444444444444,0.3333333333333333,0.3735887519328015,-1.2011076211929321,0.0,0.6874547004699707,0.0,0.0,0,,张荣芳主持排馆钟鑫
317,明年春天普鲁申科将再次进行手术,1,True,True,1.0,0.0,0.0,1.0,-0.9414130449295044,0.0,0.7554014563560486,0.0,0.0,0,,明年春天普鲁申科将再次进行手术
317,明年春天普鲁申科将再次进行手术,2,False,False,0.0,0.06666666666666667,0.25,0.8939298252552292,-0.9721067547798157,0.0,0.7554014563560486,0.0,0.0,0,,明年春天普鹿申科将再次进行手术
317,明年春天普鲁申科将再次进行手术,3,False,False,0.0,0.06666666666666667,0.25,0.0942801139972959,-1.2035027742385864,0.0,0.7554014563560486,0.0,0.0,0,,明年春天普鹭申科将再次进行手术
317,明年春天普鲁申科将再次进行手术,4,False,False,0.0,0.13333333333333333,0.25,0.0,-1.2307847738265991,0.0,0.7554014563560486,0.0,0.0,0,,明年春天普鹿申科再次进行手术
318,普鲁申科的职业生涯却堪称多灾多难,1,True,False,0.0,0.125,0.5,1.0,-0.3492640554904938,0.0,0.0,0.0,0.0,0,,普陵生科的职业生涯却堪称多灾多难
318,普鲁申科的职业生涯却堪称多灾多难,2,False,False,0.0,0.125,0.5,0.6217078773042332,-0.4724757671356201,0.0,0.0,0.0,0.0,0,,普陀生科的职业生涯却堪称多灾多难
318,普鲁申科的职业生涯却堪称多灾多难,3,False,True,0.0,0.0625,0.25,0.6144233068191145,-0.4748483896255493,0.0,0.7191246688365937,0.0,0.0,0,,普罗申科的职业生涯却堪称多灾多难
318,普鲁申科的职业生涯却堪称多灾多难,4,False,False,0.0,0.125,0.5,0.4659493544290512,-0.5232071280479431,0.0,0.0,0.0,0.0,0,,普沐生科的职业生涯却堪称多灾多难
318,普鲁申科的职业生涯却堪称多灾多难,5,False,False,0.0,0.0625,0.25,0.32512414614781626,-0.5690746307373047,0.0,0.7191246688365937,0.0,0.0,0,,普隆申科的职业生涯却堪称多灾多难
318,普鲁申科的职业生涯却堪称多灾多难,6,False,False,0.0,0.0625,0.25,0.15523916370729848,-0.6244070529937744,0.0,0.7191246688365937,0.0,0.0,0,,普陵申科的职业生涯却堪称多灾多难
318,普鲁申科的职业生涯却堪称多灾多难,7,False,False,0.0,0.0625,0.25,0.0,-0.6749692559242249,0.0,0.7191246688365937,0.0,0.0,0,,普洛申科的职业生涯却堪称多灾多难
319,照片中看到普鲁申科的背部肌肉伤痕累累,1,True,False,0.0,0.1111111111111111,0.5,1.0,-0.543510913848877,0.0,0.7144006758928299,0.0,0.0,0,,照片中看到普陀深科的背部肌肉伤痕累累
319,照片中看到普鲁申科的背部肌肉伤痕累累,2,False,False,0.0,0.1111111111111111,0.5,0.9315440496011677,-0.5560239553451538,0.0,0.0,0.0,0.0,0,,照片中看到普陀生科的背部肌肉伤痕累累
319,照片中看到普鲁申科的背部肌肉伤痕累累,3,False,False,0.0,0.1111111111111111,0.5,0.605888345199501,-0.6155504584312439,0.0,0.0,0.0,0.0,0,,照片中看到普洛森科的背部肌肉伤痕累累
319,照片中看到普鲁申科的背部肌肉伤痕累累,4,False,False,0.0,0.1111111111111111,0.5,0.4849444125969853,-0.6376577615737915,0.0,0.7144006758928299,0.0,0.0,0,,照片中看到普陀身科的背部肌肉伤痕累累
319,照片中看到普鲁申科的背部肌肉伤痕累累,5,False,True,0.0,0.05555555555555555,0.25,0.29869971063376877,-0.6717013716697693,0.0,0.7144006758928299,0.0,0.0,0,,照片中看到普陵申科的背部肌肉伤痕累累
319,照片中看到普鲁申科的背部肌肉伤痕累累,6,False,False,0.0,0.05555555555555555,0.25,0.0,-0.7263005971908569,0.0,0.7144006758928299,0.0,0.0,0,,照片中看到普洛申科的背部肌肉伤痕累累
320,普鲁申科出人意料地宣布复出,1,True,False,0.0,1.5384615384615385,1.0,1.0,-0.5706745982170105,0.0,0.0,0.0,0.0,0,,请不吝点赞订阅转发打赏支持明镜与点点栏目
320,普鲁申科出人意料地宣布复出,2,False,True,0.0,1.3846153846153846,1.0,0.0,-0.7279233932495117,0.0,0.0,0.0,0.0,0,,请不吝点赞订阅转发支持明镜与点点栏目
321,普鲁申科被诊断患上了一种新的脊椎疾病,1,True,True,0.0,0.16666666666666666,0.75,1.0,-0.14483563601970673,0.0,0.7142284214496611,0.0,0.0,0,,不如深科被诊断患上了一种新的脊椎疾病
321,普鲁申科被诊断患上了一种新的脊椎疾病,2,False,False,0.0,0.2222222222222222,0.75,0.760958276123333,-0.23903518915176392,0.0,0.7142284214496611,0.0,0.0,0,,不如深科被诊断患上一种新的脊椎疾病
321,普鲁申科被诊断患上了一种新的脊椎疾病,3,False,False,0.0,0.2777777777777778,0.75,0.6325073602711246,-0.28965404629707336,0.0,0.7142284214496611,0.0,0.0,0,,不如深科被诊断患上了一种新的鸡追疾病
321,普鲁申科被诊断患上了一种新的脊椎疾病,4,False,False,0.0,0.2222222222222222,1.0,0.6080288222314579,-0.29930034279823303,0.0,0.7142284214496611,0.0,0.0,0,,不如深刻被诊断患上了一种新的脊椎疾病
321,普鲁申科被诊断患上了一种新的脊椎疾病,5,False,False,0.0,0.2222222222222222,0.75,0.6024396331849374,-0.30150288343429565,0.0,0.7142284214496611,0.0,0.0,0,,不如深科被诊断患上了一种新的鸡椎疾病
321,普鲁申科被诊断患上了一种新的脊椎疾病,6,False,False,0.0,0.2222222222222222,0.75,0.5882122902640834,-0.3071094751358032,0.0,0.7142284214496611,0.0,0.0,0,,不如深科被诊断换上了一种新的脊椎疾病
321,普鲁申科被诊断患上了一种新的脊椎疾病,7,False,False,0.0,0.2777777777777778,0.75,0.5580317281862528,-0.31900277733802795,0.0,0.7142284214496611,0.0,0.0,0,,不如深科被诊断患上了一种新的鸡褶疾病
321,普鲁申科被诊断患上了一种新的脊椎疾病,8,False,False,0.0,0.2777777777777778,0.75,0.5490954539787701,-0.3225243091583252,0.0,0.7142284214496611,0.0,0.0,0,,不如深科被诊断患上了一种新的鸡锥疾病
321,普鲁申科被诊断患上了一种新的脊椎疾病,9,False,False,0.0,0.3333333333333333,1.0,0.0,-0.5389072299003601,0.0,0.7142284214496611,0.0,0.0,0,,诊断换上了一种新的脊椎疾病
322,普鲁申科将错过整个二零一五二零一六季一六赛季的比赛,1,True,True,0.0,0.52,0.75,1.0,-0.42119476199150085,0.0,0.0,0.0,0.0,0,,博洛森科将错过整个20152016季16赛季的比赛
322,普鲁申科将错过整个二零一五二零一六季一六赛季的比赛,2,False,False,0.0,0.56,0.75,0.8101239402765354,-0.4528072476387024,0.0,0.0,0.0,0.0,0,,博洛森科将错过整个201516赛季的比赛
322,普鲁申科将错过整个二零一五二零一六季一六赛季的比赛,3,False,False,0.0,0.56,0.75,0.6949668315349143,-0.4719797670841217,0.0,0.0,0.0,0.0,0,,博洛森科将错过整个20152016赛季的比赛
322,普鲁申科将错过整个二零一五二零一六季一六赛季的比赛,4,False,False,0.0,0.6,0.75,0.07199415875575339,-0.5756985545158386,0.0,0.0,0.0,0.0,0,,博洛森科将错过整个20152016季的比赛
322,普鲁申科将错过整个二零一五二零一六季一六赛季的比赛,5,False,False,0.0,0.56,0.75,0.0,-0.5876848697662354,0.0,0.0,0.0,0.0,0,,帕洛森科将错过整个20152016赛季的比赛
323,普鲁申科丝毫没有隐退的打算,1,True,False,0.0,0.23076923076923078,0.75,1.0,-0.45937037467956543,0.0,0.0,0.0,0.0,0,,不论升科丝毫没有隐退的打算
323,普鲁申科丝毫没有隐退的打算,2,False,False,0.0,0.15384615384615385,0.5,0.7369453881190446,-0.5686010122299194,0.0,0.0,0.0,0.0,0,,不说申科丝毫没有隐退的打算
323,普鲁申科丝毫没有隐退的打算,3,False,False,0.0,0.23076923076923078,1.0,0.6648179783396715,-0.5985511541366577,0.0,0.0,0.0,0.0,0,,不是说申科丝毫没有隐退的打算
323,普鲁申科丝毫没有隐退的打算,4,False,False,0.0,0.15384615384615385,0.5,0.557138163291759,-0.6432640552520752,0.0,0.0,0.0,0.0,0,,不是申科丝毫没有隐退的打算
323,普鲁申科丝毫没有隐退的打算,5,False,False,0.0,0.15384615384615385,0.5,0.3126564168461311,-0.7447825074195862,0.0,0.0,0.0,0.0,0,,不过申科丝毫没有隐退的打算
323,普鲁申科丝毫没有隐退的打算,6,False,False,0.0,0.15384615384615385,0.5,0.2265545367362749,-0.7805353999137878,0.0,0.0,0.0,0.0,0,,我说申科丝毫没有隐退的打算
323,普鲁申科丝毫没有隐退的打算,7,False,True,0.0,0.07692307692307693,0.25,0.0,-0.8746097683906555,0.0,0.7117060020565986,0.0,0.0,0,,普洛申科丝毫没有隐退的打算
324,他还在积极地为2018年韩国平昌冬奥会进行着准备,1,True,False,1.0,0.041666666666666664,0.0,3.85,-0.39685410261154175,2.0,0.6896430850028992,1.0,0.35,4,韩国平昌;平昌,他还在积极地为2018年韩国平昌冬奥会进行准备
324,他还在积极地为2018年韩国平昌冬奥会进行着准备,2,False,False,1.0,0.08333333333333333,0.0,3.7278119774520113,-0.4048115015029907,2.0,0.6896430850028992,1.0,0.35,4,韩国平昌;平昌,他还在积极的为2018年韩国平昌冬奥会进行准备
324,他还在积极地为2018年韩国平昌冬奥会进行着准备,3,False,True,1.0,0.0,0.0,2.9773326176113373,-0.4536858797073364,2.0,0.6896430850028992,1.0,0.35,4,韩国平昌;平昌,他还在积极地为2018年韩国平昌冬奥会进行着准备
324,他还在积极地为2018年韩国平昌冬奥会进行着准备,4,False,False,1.0,0.041666666666666664,0.0,2.85,-0.46197831630706787,2.0,0.6896430850028992,1.0,0.35,4,韩国平昌;平昌,他还在积极的为2018年韩国平昌冬奥会进行着准备
325,朴泰桓无法加入海外先进的训练团队进行训练,1,True,True,1.0,0.0,0.0,3.0627969247855322,-0.8484063148498535,1.0,0.6669451594352722,0.6666666666666666,0.2333333333333333,3,朴泰桓,朴泰桓无法加入海外先进的训练团队进行训练
325,朴泰桓无法加入海外先进的训练团队进行训练,2,False,False,1.0,0.2,0.0,2.980489799059451,-0.8902680277824402,1.0,0.6669451594352722,0.6666666666666666,0.2333333333333333,3,朴泰桓,朴泰桓无法加入海外先进的训练团队
325,朴泰桓无法加入海外先进的训练团队进行训练,3,False,False,1.0,0.1,0.0,2.7333333333333334,-1.0159727334976196,1.0,0.6669451594352722,0.6666666666666666,0.2333333333333333,3,朴泰桓,朴泰桓无法加入海外先进的训练团队进行课程
325,朴泰桓无法加入海外先进的训练团队进行训练,4,False,False,0.0,0.05,0.3333333333333333,1.0,-0.5073689818382263,0.0,0.7503133043646812,0.0,0.0,0,,朴太桓无法加入海外先进的训练团队进行训练
326,韩国媒体报道称朴泰桓确实人在日本,1,True,True,0.0,0.1875,1.0,1.0,-0.25637099146842957,0.0,0.0,0.0,0.0,0,,韩国媒体报道称陶在寰确实人在日本
326,韩国媒体报道称朴泰桓确实人在日本,2,False,False,0.0,0.1875,1.0,0.6684387763646973,-0.31489861011505127,0.0,0.0,0.0,0.0,0,,韩国媒体报道称樊太环确实人在日本
326,韩国媒体报道称朴泰桓确实人在日本,3,False,False,0.0,0.25,1.0,0.6159835639343908,-0.32415807247161865,0.0,0.0,0.0,0.0,0,,韩国媒体报导称陶在寰确实人在日本
326,韩国媒体报道称朴泰桓确实人在日本,4,False,False,0.0,0.1875,1.0,0.5322770008536111,-0.338934063911438,0.0,0.0,0.0,0.0,0,,韩国媒体报道称谭德怀确实人在日本
326,韩国媒体报道称朴泰桓确实人在日本,5,False,False,0.0,0.25,1.0,0.5150589086203916,-0.3419734239578247,0.0,0.0,0.0,0.0,0,,韩国媒体报道称陶在寰确实仍在日本
326,韩国媒体报道称朴泰桓确实人在日本,6,False,False,0.0,0.1875,1.0,0.39335449577516535,-0.3634568452835083,0.0,0.0,0.0,0.0,0,,韩国媒体报道称樊在寰确实人在日本
326,韩国媒体报道称朴泰桓确实人在日本,7,False,False,0.0,0.1875,1.0,0.36642843443402345,-0.3682098686695099,0.0,0.0,0.0,0.0,0,,韩国媒体报道称陶大煌确实人在日本
326,韩国媒体报道称朴泰桓确实人在日本,8,False,False,0.0,0.1875,1.0,0.34236946638501103,-0.37245678901672363,0.0,0.0,0.0,0.0,0,,韩国媒体报道称白大环确实人在日本
326,韩国媒体报道称朴泰桓确实人在日本,9,False,False,0.0,0.1875,1.0,0.2922777234516143,-0.38129904866218567,0.0,0.0,0.0,0.0,0,,韩国媒体报道称陶在浣确实人在日本
326,韩国媒体报道称朴泰桓确实人在日本,10,False,False,0.0,0.25,1.0,0.2839661581017418,-0.3827662169933319,0.0,0.0,0.0,0.0,0,,韩国媒体报导称樊太环确实人在日本
326,韩国媒体报道称朴泰桓确实人在日本,11,False,False,0.0,0.25,1.0,0.20294637647491032,-0.39706793427467346,0.0,0.0,0.0,0.0,0,,韩国媒体报导称谭德怀确实人在日本
326,韩国媒体报道称朴泰桓确实人在日本,12,False,False,0.0,0.3125,1.0,0.16795743830228638,-0.4032442271709442,0.0,0.0,0.0,0.0,0,,韩国媒体报导称陶在寰确实仍在日本
326,韩国媒体报道称朴泰桓确实人在日本,13,False,False,0.0,0.1875,1.0,0.16213022566668106,-0.4042728543281555,0.0,0.0,0.0,0.0,0,,韩国媒体报道称陶大焕确实人在日本
326,韩国媒体报道称朴泰桓确实人在日本,14,False,False,0.0,0.1875,1.0,0.1254067146237628,-0.41075533628463745,0.0,0.0,0.0,0.0,0,,韩国媒体报道称陶大环确实人在日本
326,韩国媒体报道称朴泰桓确实人在日本,15,False,False,0.0,0.25,1.0,0.0,-0.4328922927379608,0.0,0.0,0.0,0.0,0,,韩国媒体报导称白大环确实人在日本
327,21日抵达日本的朴泰桓目前确实在东京,1,True,True,1.0,0.0,0.0,2.96907724414529,-0.9321553111076355,1.0,0.5840255618095398,0.6666666666666666,0.2333333333333333,3,朴泰桓,21日抵达日本的朴泰桓目前确实在东京
327,21日抵达日本的朴泰桓目前确实在东京,2,False,False,1.0,0.05555555555555555,0.0,2.8506445636251923,-1.0316296815872192,1.0,0.5840255618095398,0.6666666666666666,0.2333333333333333,3,朴泰桓,21日抵达日本的朴泰桓目前确实是在东京
327,21日抵达日本的朴泰桓目前确实在东京,3,False,False,1.0,0.05555555555555555,0.6666666666666666,2.7333333333333334,-1.1301621198654175,1.0,0.5840255618095398,0.6666666666666666,0.2333333333333333,3,朴泰桓,21日抵达日本朴泰桓目前确实在东京
327,21日抵达日本的朴泰桓目前确实在东京,4,False,False,0.0,0.05555555555555555,0.3333333333333333,1.0,-0.29023879766464233,0.0,0.6570287570357323,0.0,0.0,0,,21日抵达日本的朴太桓目前确实在东京
328,首先要跨过大韩体育会这一关,1,True,True,1.0,0.0,0.0,3.85,-0.04546108841896057,1.0,0.687411367893219,1.0,0.35,3,大韩,首先要跨过大韩体育会这一关
328,首先要跨过大韩体育会这一关,2,False,False,1.0,0.07692307692307693,0.0,3.506017100282405,-0.3142782747745514,1.0,0.687411367893219,1.0,0.35,3,大韩,首先要跨过大韩体育会这关
328,首先要跨过大韩体育会这一关,3,False,False,1.0,0.23076923076923078,0.0,2.85,-0.8269452452659607,1.0,0.687411367893219,1.0,0.35,3,大韩,首先要跨过大韩体育会
329,朴泰桓的禁期禁赛期将在明年3月期满,1,True,False,0.0,0.35294117647058826,1.0,1.0,-0.24488484859466553,0.0,0.0,0.0,0.0,0,,裴大环的竞赛期将在明年3月期满
329,朴泰桓的禁期禁赛期将在明年3月期满,2,False,True,0.0,0.29411764705882354,1.0,0.9125644915614431,-0.2602609694004059,0.0,0.0,0.0,0.0,0,,裴大环的近期竞赛期将在明年3月期满
329,朴泰桓的禁期禁赛期将在明年3月期满,3,False,False,0.0,0.29411764705882354,1.0,0.7497381698530294,-0.2888950705528259,0.0,0.0,0.0,0.0,0,,裴大环的禁赛期将在明年3月期满
329,朴泰桓的禁期禁赛期将在明年3月期满,4,False,False,0.0,0.35294117647058826,1.0,0.34694494211943794,-0.35972896218299866,0.0,0.0,0.0,0.0,0,,陪在环的竞赛期将在明年3月期满
329,朴泰桓的禁期禁赛期将在明年3月期满,5,False,False,0.0,0.35294117647058826,1.0,0.33631345186697603,-0.36159858107566833,0.0,0.0,0.0,0.0,0,,北戴河的竞赛期将在明年3月期满
329,朴泰桓的禁期禁赛期将在明年3月期满,6,False,False,0.0,0.29411764705882354,1.0,0.3039597191689494,-0.367288202047348,0.0,0.0,0.0,0.0,0,,裴照环的近期竞赛期将在明年3月期满
329,朴泰桓的禁期禁赛期将在明年3月期满,7,False,False,0.0,0.35294117647058826,1.0,0.23249195190053099,-0.37985628843307495,0.0,0.0,0.0,0.0,0,,裴照环的竞赛期将在明年3月期满
329,朴泰桓的禁期禁赛期将在明年3月期满,8,False,False,0.0,0.35294117647058826,1.0,0.21511642883337978,-0.38291189074516296,0.0,0.0,0.0,0.0,0,,裴德环的竞赛期将在明年3月期满
329,朴泰桓的禁期禁赛期将在明年3月期满,9,False,False,0.0,0.29411764705882354,1.0,0.0,-0.42074155807495117,0.0,0.0,0.0,0.0,0,,裴照环的禁赛期将在明年3月期满
330,义不容辞地想拯救运动生涯在绝境中的朴泰桓,1,True,False,0.0,0.4,1.0,1.0,-0.09781700372695923,0.0,0.0,0.0,0.0,0,,义不容辞地想拯救运动生涯
330,义不容辞地想拯救运动生涯在绝境中的朴泰桓,2,False,True,0.0,0.05,0.3333333333333333,0.4309793587615897,-0.23027560114860535,0.0,0.0,0.0,0.0,0,,义不容辞地想拯救运动生涯在绝境中的朴槿桓
330,义不容辞地想拯救运动生涯在绝境中的朴泰桓,3,False,False,0.0,0.1,0.6666666666666666,0.38412154424378087,-0.2411833256483078,0.0,0.0,0.0,0.0,0,,义不容辞地想拯救运动生涯在绝境中的朴槿环
330,义不容辞地想拯救运动生涯在绝境中的朴泰桓,4,False,False,0.0,0.1,0.6666666666666666,0.35136021801281464,-0.24880962073802948,0.0,0.0,0.0,0.0,0,,义不容辞地想拯救运动生涯在绝境中的朴廉环
330,义不容辞地想拯救运动生涯在绝境中的朴泰桓,5,False,False,0.0,0.1,0.6666666666666666,0.17381838777700492,-0.2901384234428406,0.0,0.0,0.0,0.0,0,,义不容辞地想拯救运动生涯在绝境中的朴槿涵
330,义不容辞地想拯救运动生涯在绝境中的朴泰桓,6,False,False,0.0,0.1,0.6666666666666666,0.12367625977846135,-0.30181068181991577,0.0,0.0,0.0,0.0,0,,义不容辞地想拯救运动生涯在绝境中的朴奈欢
330,义不容辞地想拯救运动生涯在绝境中的朴泰桓,7,False,False,0.0,0.1,0.6666666666666666,0.0027351462062648983,-0.3299637734889984,0.0,0.0,0.0,0.0,0,,义不容辞地想拯救运动生涯在绝境中的朴莲环
330,义不容辞地想拯救运动生涯在绝境中的朴泰桓,8,False,False,0.0,0.1,0.6666666666666666,0.0,-0.33060047030448914,0.0,0.0,0.0,0.0,0,,义不容辞地想拯救运动生涯在绝境中的朴亮环
331,大韩体育会这一计划的顺利实施,1,True,True,1.0,0.0,0.0,2.9478386158664374,-0.4884641468524933,1.0,0.6853911280632019,0.25,0.0875,2,大韩,大韩体育会这一计划的顺利实施
331,大韩体育会这一计划的顺利实施,2,False,False,1.0,0.07142857142857142,0.0,2.5875,-0.6079492568969727,1.0,0.6853911280632019,0.25,0.0875,2,大韩,大韩体育会这一计划顺利实施
331,大韩体育会这一计划的顺利实施,3,False,False,0.0,0.07142857142857142,0.5,1.0,-0.27635806798934937,0.0,0.7996229827404021,0.0,0.0,0,,大汗体育会这一计划的顺利实施
331,大韩体育会这一计划的顺利实施,4,False,False,0.0,0.07142857142857142,0.5,0.6931357747560432,-0.3781115412712097,0.0,0.0,0.0,0.0,0,,大海体育会这一计划的顺利实施
331,大韩体育会这一计划的顺利实施,5,False,False,0.0,0.07142857142857142,0.5,0.5608835562844756,-0.42196521162986755,0.0,0.7996229827404021,0.0,0.0,0,,大汉体育会这一计划的顺利实施
332,民众自然会支持大韩体育会给他1个人修改规则,1,True,True,1.0,0.047619047619047616,0.0,2.937133898746668,-0.4602988362312317,1.0,0.6751405596733093,0.4,0.13999999999999999,3,大韩,民众自然会支持大韩体育会为他1个人修改规则
332,民众自然会支持大韩体育会给他1个人修改规则,2,False,False,1.0,0.09523809523809523,0.0,2.644218680927416,-0.5337783098220825,1.0,0.6751405596733093,0.4,0.13999999999999999,3,大韩,民众自然会支持大韩体育会为她1个人修改规则
332,民众自然会支持大韩体育会给他1个人修改规则,3,False,False,1.0,0.09523809523809523,0.0,2.64,-0.5348365902900696,1.0,0.6751405596733093,0.4,0.13999999999999999,3,大韩,民众自然会支持大韩体育会为它1个人修改规则
332,民众自然会支持大韩体育会给他1个人修改规则,4,False,False,0.0,0.09523809523809523,0.5,1.0,-0.2839808166027069,0.0,0.7876639862855275,0.0,0.0,0,,民众自然会支持大汉体育会为他1个人修改规则
332,民众自然会支持大韩体育会给他1个人修改规则,5,False,False,0.0,0.14285714285714285,0.5,0.7273299361329012,-0.3523816764354706,0.0,0.7876639862855275,0.0,0.0,0,,民众自然会支持大汉体育会为它1个人修改规则
332,民众自然会支持大韩体育会给他1个人修改规则,6,False,False,0.0,0.09523809523809523,0.5,0.5288853712754044,-0.40216264128685,0.0,0.0,0.0,0.0,0,,民众自然会支持大海体育会为他1个人修改规则
333,朴泰桓会面临更加严峻的舆论环境,1,True,False,0.0,0.13333333333333333,0.6666666666666666,1.0,-0.2214965671300888,0.0,0.0,0.0,0.0,0,,朴天环会面临更加严峻的舆论环境
333,朴泰桓会面临更加严峻的舆论环境,2,False,False,0.0,0.2,1.0,0.8309031913582783,-0.24180278182029724,0.0,0.0,0.0,0.0,0,,漂天环会面临更加严峻的舆论环境
333,朴泰桓会面临更加严峻的舆论环境,3,False,False,0.0,0.13333333333333333,0.6666666666666666,0.724272685320015,-0.2546076476573944,0.0,0.0,0.0,0.0,0,,朴建华会面临更加严峻的舆论环境
333,朴泰桓会面临更加严峻的舆论环境,4,False,False,0.0,0.13333333333333333,0.6666666666666666,0.6383880493226273,-0.2649212181568146,0.0,0.0,0.0,0.0,0,,朴槿环会面临更加严峻的舆论环境
333,朴泰桓会面临更加严峻的舆论环境,5,False,False,0.0,0.2,1.0,0.6313813484964431,-0.2657626271247864,0.0,0.0,0.0,0.0,0,,调电环会面临更加严峻的舆论环境
333,朴泰桓会面临更加严峻的舆论环境,6,False,False,0.0,0.13333333333333333,0.6666666666666666,0.5890046193895735,-0.2708514928817749,0.0,0.0,0.0,0.0,0,,朴建淮会面临更加严峻的舆论环境
333,朴泰桓会面临更加严峻的舆论环境,7,False,False,0.0,0.13333333333333333,0.6666666666666666,0.46052436468347807,-0.28628021478652954,0.0,0.0,0.0,0.0,0,,朴槿淮会面临更加严峻的舆论环境
333,朴泰桓会面临更加严峻的舆论环境,8,False,False,0.0,0.2,1.0,0.4039257676367753,-0.29307693243026733,0.0,0.0,0.0,0.0,0,,条件环会面临更加严峻的舆论环境
333,朴泰桓会面临更加严峻的舆论环境,9,False,True,0.0,0.06666666666666667,0.3333333333333333,0.38875264817330796,-0.29489901661872864,0.0,0.0,0.0,0.0,0,,朴建桓会面临更加严峻的舆论环境
333,朴泰桓会面临更加严峻的舆论环境,10,False,False,0.0,0.2,1.0,0.30313058042846525,-0.3051810562610626,0.0,0.0,0.0,0.0,0,,挑战环会面临更加严峻的舆论环境
333,朴泰桓会面临更加严峻的舆论环境,11,False,False,0.0,0.13333333333333333,0.6666666666666666,0.29950425972318406,-0.3056165277957916,0.0,0.0,0.0,0.0,0,,朴槿惠会面临更加严峻的舆论环境
333,朴泰桓会面临更加严峻的舆论环境,12,False,False,0.0,0.2,1.0,0.2786871637007581,-0.3081163763999939,0.0,0.0,0.0,0.0,0,,票戴环会面临更加严峻的舆论环境
333,朴泰桓会面临更加严峻的舆论环境,13,False,False,0.0,0.13333333333333333,0.6666666666666666,0.0,-0.34158289432525635,0.0,0.0,0.0,0.0,0,,朴天淮会面临更加严峻的舆论环境
334,朴泰桓和美容院都互不相让,1,True,True,1.0,0.0,0.0,2.5,-0.969757080078125,1.0,0.6261975765228271,0.0,0.0,0,,朴泰桓和美容院都互不相让
334,朴泰桓和美容院都互不相让,2,False,False,0.0,0.16666666666666666,0.6666666666666666,1.0,-0.16678602993488312,0.0,0.7044722735881805,0.0,0.0,0,,朴太环和美容院都互不相让
334,朴泰桓和美容院都互不相让,3,False,False,0.0,0.08333333333333333,0.3333333333333333,0.9378554080592579,-0.21668633818626404,0.0,0.7044722735881805,0.0,0.0,0,,朴太桓和美容院都互不相让
334,朴泰桓和美容院都互不相让,4,False,False,0.0,0.16666666666666666,0.3333333333333333,0.7115755855249393,-0.3983824849128723,0.0,0.7044722735881805,0.0,0.0,0,,朴太桓和美容院互不相让
335,退役之后的高桥大辅并未远离公众视线,1,True,True,1.0,0.0,0.0,2.5,-0.7208380103111267,1.0,0.6906986236572266,0.0,0.0,0,,退役之后的高桥大辅并未远离公众视线
335,退役之后的高桥大辅并未远离公众视线,2,False,False,0.0,0.058823529411764705,0.25,1.0,-0.22960378229618073,0.0,0.6906986236572266,0.0,0.0,0,,退役之后的高桥大普并未远离公众视线
336,其首脑恩斯特布鲁菲尔是邦德的最终敌人,1,True,True,1.0,0.0,0.0,3.85,-0.36518406867980957,1.0,0.674325704574585,1.0,0.35,3,邦德,其首脑恩斯特布鲁菲尔是邦德的最终敌人
336,其首脑恩斯特布鲁菲尔是邦德的最终敌人,2,False,False,1.0,0.05555555555555555,0.0,3.2378584954532283,-0.43374910950660706,1.0,0.674325704574585,1.0,0.35,3,邦德,其首脑恩斯特布鲁费尔是邦德的最终敌人
336,其首脑恩斯特布鲁菲尔是邦德的最终敌人,3,False,False,1.0,0.05555555555555555,0.0,2.85,-0.47719255089759827,1.0,0.674325704574585,1.0,0.35,3,邦德,其首脑恩斯特布鲁飞尔是邦德的最终敌人
337,这个角色拥有一只白色的波斯猫作为自己的宠物,1,True,True,1.0,0.0,0.0,3.85,-0.08409275114536285,1.0,0.6467456221580505,1.0,0.35,3,波斯,这个角色拥有一只白色的波斯猫作为自己的宠物
337,这个角色拥有一只白色的波斯猫作为自己的宠物,2,False,False,1.0,0.047619047619047616,0.0,3.2184452447947076,-0.19981183111667633,1.0,0.6467456221580505,1.0,0.35,3,波斯,这位角色拥有一只白色的波斯猫作为自己的宠物
337,这个角色拥有一只白色的波斯猫作为自己的宠物,3,False,False,1.0,0.047619047619047616,0.0,2.85,-0.2673216462135315,1.0,0.6467456221580505,1.0,0.35,3,波斯,这个角色拥有一只白色的波斯猫做为自己的宠物
338,清华附小昨迎百年校庆校长诠释成志教育理念,1,True,True,1.0,0.25,0.0,3.85,-0.6379449367523193,1.0,0.6919118165969849,1.0,0.35,5,成志教育,清华富小昨迎百年校庆校长全是成志教育
338,清华附小昨迎百年校庆校长诠释成志教育理念,2,False,False,1.0,0.4,0.0,3.423185063431428,-0.6949644088745117,1.0,0.6919118165969849,1.0,0.35,5,成志教育,清华傅晓左颖百年校庆校长全是成志教育
338,清华附小昨迎百年校庆校长诠释成志教育理念,3,False,False,1.0,0.45,0.0,3.4068687709642274,-0.6971441507339478,1.0,0.6919118165969849,1.0,0.35,5,成志教育,清华傅晓左颖百年孝庆校长全是成志教育
338,清华附小昨迎百年校庆校长诠释成志教育理念,4,False,False,1.0,0.3,0.0,2.9609472194485567,-0.7567161321640015,1.0,0.6919118165969849,1.0,0.35,5,成志教育,清华傅晓左颖百年校庆校长全是成志教育理念
338,清华附小昨迎百年校庆校长诠释成志教育理念,5,False,False,1.0,0.35,0.0,2.85,-0.7715378999710083,1.0,0.6919118165969849,1.0,0.35,5,成志教育,清华傅晓左颖百年孝庆校长全是成志教育理念
339,清华附小校长窦桂海诠释成志教育理念,1,True,True,1.0,0.23529411764705882,0.0,3.85,-0.7753332257270813,1.0,0.6908739805221558,1.0,0.35,3,成志教育,清华副小校长窦贵海全是成志教育理念
339,清华附小校长窦桂海诠释成志教育理念,2,False,False,1.0,0.35294117647058826,0.0,3.2929977409754545,-0.8378377556800842,1.0,0.6908739805221558,1.0,0.35,3,成志教育,清华副小校长窦贵海全是成志教育
339,清华附小校长窦桂海诠释成志教育理念,3,False,False,1.0,0.29411764705882354,0.0,2.85,-0.8875491619110107,1.0,0.6908739805221558,1.0,0.35,3,成志教育,清华副小校长窦贵海全是成志教育的理念
340,清晨飘来辣眼白雾济南8名村民中毒入院,1,True,True,1.0,0.0,0.0,3.85,-0.4801996350288391,1.0,0.6833432912826538,1.0,0.35,4,济南,清晨飘来辣眼白雾济南8名村民中毒入院
340,清晨飘来辣眼白雾济南8名村民中毒入院,2,False,False,1.0,0.1111111111111111,0.0,3.583414375347376,-0.5176224708557129,1.0,0.6833432912826538,1.0,0.35,4,济南,清晨飘来蜡烟白雾济南8名村民中毒入院
340,清晨飘来辣眼白雾济南8名村民中毒入院,3,False,False,1.0,0.05555555555555555,0.0,3.565435531474123,-0.5201463103294373,1.0,0.6833432912826538,1.0,0.35,4,济南,清晨飘来腊眼白雾济南8名村民中毒入院
340,清晨飘来辣眼白雾济南8名村民中毒入院,4,False,False,1.0,0.16666666666666666,0.0,2.85,-0.6205779314041138,1.0,0.6833432912826538,1.0,0.35,4,济南,清晨飘来腊眼百物济南8名村民中毒入院
341,记者李焜染摄13日早晨,1,True,True,1.0,0.09090909090909091,0.0,1.0,-0.26280224323272705,0.0,0.7650800719857216,0.0,0.0,0,,记者李焜染涉13日早晨
341,记者李焜染摄13日早晨,2,False,False,0.0,0.18181818181818182,0.6666666666666666,0.6865612019591733,-0.5740909576416016,0.0,0.7650800719857216,0.0,0.0,0,,记者李昆然摄13日早晨
341,记者李焜染摄13日早晨,3,False,False,0.0,0.09090909090909091,0.3333333333333333,0.5803676360705384,-0.6795560717582703,0.0,0.7650800719857216,0.0,0.0,0,,记者李坤染摄13日早晨
341,记者李焜染摄13日早晨,4,False,False,0.0,0.09090909090909091,0.3333333333333333,0.5650814151612069,-0.694737434387207,0.0,0.7650800719857216,0.0,0.0,0,,记者李昆染摄13日早晨
341,记者李焜染摄13日早晨,5,False,False,0.0,0.2727272727272727,0.6666666666666666,0.2509731949036528,-1.0066909790039062,0.0,0.7650800719857216,0.0,0.0,0,,记者李昆冉瑟13日早晨
341,记者李焜染摄13日早晨,6,False,False,0.0,0.2727272727272727,0.6666666666666666,0.2353982353996758,-1.0221590995788574,0.0,0.7650800719857216,0.0,0.0,0,,记者李昆然瑟13日早晨
341,记者李焜染摄13日早晨,7,False,False,0.0,0.18181818181818182,0.3333333333333333,0.1067665418526923,-1.149908423423767,0.0,0.7650800719857216,0.0,0.0,0,,记者李昆染瑟13日早晨
341,记者李焜染摄13日早晨,8,False,False,0.0,0.18181818181818182,0.3333333333333333,0.08694602670847004,-1.1695929765701294,0.0,0.7650800719857216,0.0,0.0,0,,记者李坤染瑟13日早晨
341,记者李焜染摄13日早晨,9,False,False,0.0,0.18181818181818182,0.3333333333333333,0.0,-1.2559425830841064,0.0,0.7650800719857216,0.0,0.0,0,,记者李坤染烁13日早晨
342,14日开宝马来上班重庆晨报记者罗伟雷罗伟雷键摄,1,True,False,0.6666666666666666,0.2608695652173913,0.4,3.85,-0.5702457427978516,1.0,0.6847215890884399,1.0,0.35,10,重庆,14日开宝马来上班重庆晨报记者罗伟磊
342,14日开宝马来上班重庆晨报记者罗伟雷罗伟雷键摄,2,False,False,0.6666666666666666,0.30434782608695654,0.5,3.7804193928339713,-0.5886363983154297,1.0,0.6847215890884399,1.0,0.35,10,重庆,14日开宝马来上班重庆晨报记者罗维磊
342,14日开宝马来上班重庆晨报记者罗伟雷罗伟雷键摄,3,False,False,0.3333333333333333,0.34782608695652173,0.5,3.430362484690503,-0.6811589598655701,1.0,0.6847215890884399,1.0,0.35,10,重庆,14日开把瓦来上班重庆晨报记者罗伟磊
342,14日开宝马来上班重庆晨报记者罗伟雷罗伟雷键摄,4,False,False,0.6666666666666666,0.2608695652173913,0.4,3.2240686041369417,-0.7356839179992676,1.0,0.6847215890884399,1.0,0.35,10,重庆,14日开宝马来上班重庆晨报记者罗维磊罗维累建设
342,14日开宝马来上班重庆晨报记者罗伟雷罗伟雷键摄,5,False,False,0.6666666666666666,0.21739130434782608,0.3,3.213977810447059,-0.7383509874343872,1.0,0.6847215890884399,1.0,0.35,10,重庆,14日开宝马来上班重庆晨报记者罗维磊罗维雷建设
342,14日开宝马来上班重庆晨报记者罗伟雷罗伟雷键摄,6,False,False,0.6666666666666666,0.2608695652173913,0.4,3.204731562020856,-0.740794837474823,1.0,0.6847215890884399,1.0,0.35,10,重庆,14日开宝马来上班重庆晨报记者罗伟磊建设
342,14日开宝马来上班重庆晨报记者罗伟雷罗伟雷键摄,7,False,False,0.6666666666666666,0.2608695652173913,0.4,3.1853363376142423,-0.7459211349487305,1.0,0.6847215890884399,1.0,0.35,10,重庆,14日开宝马来上班重庆晨报记者罗维磊罗维累建社
342,14日开宝马来上班重庆晨报记者罗伟雷罗伟雷键摄,8,False,False,0.6666666666666666,0.21739130434782608,0.3,3.0689821301438616,-0.7766743898391724,1.0,0.6847215890884399,1.0,0.35,10,重庆,14日开宝马来上班重庆晨报记者罗维磊罗维雷建社
342,14日开宝马来上班重庆晨报记者罗伟雷罗伟雷键摄,9,False,False,0.6666666666666666,0.21739130434782608,0.3,2.9656427147315534,-0.8039877414703369,1.0,0.6847215890884399,1.0,0.35,10,重庆,14日开宝马来上班重庆晨报记者罗维磊罗维雷建涉
342,14日开宝马来上班重庆晨报记者罗伟雷罗伟雷键摄,10,False,True,0.6666666666666666,0.17391304347826086,0.2,2.85,-0.8345529437065125,1.0,0.6847215890884399,1.0,0.35,10,重庆,14日开宝马来上班重庆晨报记者罗伟磊罗伟累建设
343,制图黄欣晨报记者佟继萍王亦菲实习生张诗欢,1,True,True,0.75,0.1,0.07692307692307693,3.1028439015005556,-0.882969081401825,2.0,0.6919233798980713,1.0,0.35,6,张诗欢;王亦菲,志图黄鑫晨报记者佟继萍王亦菲实习生张诗欢
343,制图黄欣晨报记者佟继萍王亦菲实习生张诗欢,2,False,False,0.5,0.15,0.15384615384615385,2.9860083468878114,-0.919999361038208,2.0,0.6919233798980713,1.0,0.35,6,张诗欢;王亦菲,智图黄鑫晨报记者彭继萍王亦菲实习生张诗欢
343,制图黄欣晨报记者佟继萍王亦菲实习生张诗欢,3,False,False,0.75,0.1,0.07692307692307693,2.910548787563017,-0.9439157843589783,2.0,0.6919233798980713,1.0,0.35,6,张诗欢;王亦菲,志图黄欣晨报记者彭继萍王亦菲实习生张诗欢
343,制图黄欣晨报记者佟继萍王亦菲实习生张诗欢,4,False,False,0.5,0.15,0.15384615384615385,2.9069455438161778,-0.9450578093528748,2.0,0.6919233798980713,1.0,0.35,6,张诗欢;王亦菲,志图黄鑫晨报记者彭继萍王亦菲实习生张诗欢
343,制图黄欣晨报记者佟继萍王亦菲实习生张诗欢,5,False,False,0.5,0.2,0.15384615384615385,2.85,-0.9631063342094421,2.0,0.6919233798980713,1.0,0.35,6,张诗欢;王亦菲,志徒黄鑫晨报记者彭继萍王亦菲实习生张诗欢
343,制图黄欣晨报记者佟继萍王亦菲实习生张诗欢,6,False,False,0.25,0.25,0.3076923076923077,2.05,-0.646162748336792,1.0,0.6919233798980713,1.0,0.35,6,张诗欢,志图黄鑫晨报记者彭继平王也菲实习生张诗欢
344,据伟嘉安捷提供的数据显示,1,True,True,1.0,0.0,0.0,2.5,-0.7954739332199097,1.0,0.6904587149620056,0.0,0.0,0,,据伟嘉安捷提供的数据显示
344,据伟嘉安捷提供的数据显示,2,False,False,0.0,0.08333333333333333,0.25,1.0,-0.3776061534881592,0.0,0.7595045864582063,0.0,0.0,0,,据伟嘉安杰提供的数据显示
344,据伟嘉安捷提供的数据显示,3,False,False,0.0,0.16666666666666666,0.5,0.680405747934074,-0.511154294013977,0.0,0.7595045864582063,0.0,0.0,0,,根据伟嘉安杰提供的数据显示
345,伟嘉安捷对中新网房产频道表示,1,True,True,1.0,0.14285714285714285,0.0,2.5,-1.1910877227783203,1.0,0.6908845901489258,0.0,0.0,0,,伟嘉安捷对钟欣网房产频道表示
345,伟嘉安捷对中新网房产频道表示,2,False,False,0.0,0.14285714285714285,0.5,1.0,-0.7166182994842529,0.0,0.6895265579223633,0.0,0.0,0,,伟嘉暗杰对中新网房产频道表示
345,伟嘉安捷对中新网房产频道表示,3,False,False,0.0,0.07142857142857142,0.25,0.9095380612431027,-0.7595397233963013,0.0,0.6895265579223633,0.0,0.0,0,,伟嘉按捷对中新网房产频道表示
345,伟嘉安捷对中新网房产频道表示,4,False,False,0.0,0.07142857142857142,0.25,0.908006204809984,-0.7602665424346924,0.0,0.6895265579223633,0.0,0.0,0,,伟嘉安杰对中新网房产频道表示
345,伟嘉安捷对中新网房产频道表示,5,False,False,0.0,0.14285714285714285,0.25,0.8974117229101102,-0.765293300151825,0.0,0.6895265579223633,0.0,0.0,0,,伟嘉安杰对中芯网房产频道表示
345,伟嘉安捷对中新网房产频道表示,6,False,False,0.0,0.14285714285714285,0.25,0.825893850916727,-0.7992263436317444,0.0,0.7599730491638185,0.0,0.0,0,,伟嘉安杰对中兴网房产频道表示
345,伟嘉安捷对中新网房产频道表示,7,False,False,0.0,0.07142857142857142,0.25,0.09030289904520898,-1.1482417583465576,0.0,0.6895265579223633,0.0,0.0,0,,伟嘉案捷对中新网房产频道表示
346,推动苹果柑橘等优势园艺产品生产,1,True,False,1.0,0.26666666666666666,0.0,3.1154002589496463,-0.7394287586212158,2.0,0.6771118640899658,1.0,0.35,5,苹果;甘肃,推动苹果甘肃等优势原液产品生产
346,推动苹果柑橘等优势园艺产品生产,2,False,True,1.0,0.13333333333333333,0.0,2.9400418509199606,-0.8255205750465393,2.0,0.6771118640899658,1.0,0.35,5,苹果;甘肃,推动苹果甘肃等优势园艺产品生产
346,推动苹果柑橘等优势园艺产品生产,3,False,False,1.0,0.26666666666666666,0.0,2.85,-0.8697264194488525,2.0,0.6771118640899658,1.0,0.35,5,苹果;甘肃,推动苹果甘肃等优势原意产品生产
346,推动苹果柑橘等优势园艺产品生产,4,False,False,1.0,0.13333333333333333,0.0,2.05,-0.3787786662578583,1.0,0.6771118640899658,1.0,0.35,5,苹果,推动苹果柑橘等优势原液产品生产
346,推动苹果柑橘等优势园艺产品生产,5,False,False,1.0,0.26666666666666666,0.0,1.9259262239358996,-0.4396924078464508,1.0,0.6771118640899658,1.0,0.35,5,苹果,推动苹果甘菊等优势原液产品生产
347,苹果的股价有一定的波动规律,1,True,True,1.0,0.0,0.0,3.7333333333333334,-0.28515297174453735,1.0,0.6800806522369385,0.6666666666666666,0.2333333333333333,3,苹果,苹果的股价有一定的波动规律
347,苹果的股价有一定的波动规律,2,False,False,1.0,0.15384615384615385,0.0,3.2953800670621796,-0.44060182571411133,1.0,0.6800806522369385,0.6666666666666666,0.2333333333333333,3,苹果,苹果的骨架有一定的波动规律
347,苹果的股价有一定的波动规律,3,False,False,1.0,0.23076923076923078,0.0,2.895927072244908,-0.582385241985321,1.0,0.6800806522369385,0.6666666666666666,0.2333333333333333,3,苹果,苹果的骨架有一定的拨动规律
347,苹果的股价有一定的波动规律,4,False,False,0.0,0.15384615384615385,1.0,0.0,-0.64009690284729,0.0,0.7934274276097615,0.0,0.0,0,,平国的股价有一定的波动规律
348,孙永杰对二十一世纪报道记者表示,1,True,False,1.0,0.2,0.0,3.85,-0.5853250026702881,1.0,0.6863085627555847,1.0,0.35,6,孙永杰,孙永杰对21世纪报道记者表示
348,孙永杰对二十一世纪报道记者表示,2,False,False,1.0,0.06666666666666667,0.0,3.798731723922487,-0.5896877646446228,1.0,0.6863085627555847,1.0,0.35,6,孙永杰,孙永杰对二十一世纪报导记者表示
348,孙永杰对二十一世纪报道记者表示,3,False,True,1.0,0.0,0.0,3.751021653220666,-0.5937477350234985,1.0,0.6863085627555847,1.0,0.35,6,孙永杰,孙永杰对二十一世纪报道记者表示
348,孙永杰对二十一世纪报道记者表示,4,False,False,1.0,0.26666666666666666,0.0,3.6804718264380267,-0.5997512936592102,1.0,0.6863085627555847,1.0,0.35,6,孙永杰,孙永杰对21世纪报导记者表示
348,孙永杰对二十一世纪报道记者表示,5,False,False,1.0,0.26666666666666666,0.0,2.8892194081891955,-0.667084276676178,1.0,0.6863085627555847,1.0,0.35,6,孙永杰,孙永杰对21世纪的报道记者表示
348,孙永杰对二十一世纪报道记者表示,6,False,False,1.0,0.06666666666666667,0.0,2.85,-0.6704217195510864,1.0,0.6863085627555847,1.0,0.35,6,孙永杰,孙永杰对二十一世纪的报道记者表示
349,苹果的股价会随着销量相反,1,True,False,1.0,0.08333333333333333,0.0,3.7333333333333334,-0.2508232295513153,1.0,0.675795316696167,0.6666666666666666,0.2333333333333333,3,苹果,苹果的股价会随著销量相反
349,苹果的股价会随着销量相反,2,False,True,1.0,0.0,0.0,3.4843481668778615,-0.33359548449516296,1.0,0.675795316696167,0.6666666666666666,0.2333333333333333,3,苹果,苹果的股价会随着销量相反
349,苹果的股价会随着销量相反,3,False,False,1.0,0.16666666666666666,0.0,2.7333333333333334,-0.5832617282867432,1.0,0.675795316696167,0.6666666666666666,0.2333333333333333,3,苹果,苹果的骨架会随着销量相反
349,苹果的股价会随着销量相反,4,False,False,0.0,0.16666666666666666,1.0,0.5066000823861688,-0.41484835743904114,0.0,0.0,0.0,0.0,0,,评估的股价会随着销量相反
351,苹果高端市场已经确立了1个独一无二的地位,1,True,True,1.0,0.0,0.0,3.5,-0.08563987165689468,1.0,0.6807403564453125,0.0,0.0,0,,苹果高端市场已经确立了1个独一无二的地位
351,苹果高端市场已经确立了1个独一无二的地位,2,False,False,0.0,0.1,1.0,0.0,-0.29503172636032104,0.0,0.0,0.0,0.0,0,,评估高端市场已经确立了1个独一无二的地位
352,苹果有2个竞争对手,1,True,True,1.0,0.0,0.0,3.5,-0.35938704013824463,1.0,0.6719931364059448,0.0,0.0,0,,苹果有2个竞争对手
352,苹果有2个竞争对手,2,False,False,0.0,0.2222222222222222,1.0,0.6738261836220502,-0.47239959239959717,0.0,0.0,0.0,0.0,0,,评估有2个竞争对手
352,苹果有2个竞争对手,3,False,False,0.0,0.1111111111111111,0.5,0.0,-0.7058665752410889,0.0,0.7839919924736022,0.0,0.0,0,,苹国有2个竞争对手
353,苹果在高端市场击溃了对手,1,True,True,1.0,0.0,0.0,3.5,-0.2468172311782837,1.0,0.6656640768051147,0.0,0.0,0,,苹果在高端市场击溃了对手
353,苹果在高端市场击溃了对手,2,False,False,0.0,0.16666666666666666,1.0,0.0,-0.4356018602848053,0.0,0.0,0.0,0.0,0,,评估在高端市场击溃了对手
354,而这对于未来苹果保持高利润和利润率至关重要,1,True,False,1.0,0.09523809523809523,1.0,3.85,-0.6312964558601379,1.0,0.6649936437606812,1.0,0.35,7,苹果,而这对未来苹果保持高利润和利润力至关重要
354,而这对于未来苹果保持高利润和利润率至关重要,2,False,False,1.0,0.047619047619047616,1.0,3.69075817765173,-0.6561524868011475,1.0,0.6649936437606812,1.0,0.35,7,苹果,而这对未来苹果保持高利润和利润率至关重要
354,而这对于未来苹果保持高利润和利润率至关重要,3,False,False,1.0,0.14285714285714285,1.0,3.610576121535708,-0.6686680912971497,1.0,0.6649936437606812,1.0,0.35,7,苹果,而这对未来苹果保持高利润和利润利益至关重要
354,而这对于未来苹果保持高利润和利润率至关重要,4,False,False,1.0,0.047619047619047616,0.0,3.5839982044889305,-0.6728166341781616,1.0,0.6649936437606812,1.0,0.35,7,苹果,而这对于未来苹果保持高利润和利润力至关重要
354,而这对于未来苹果保持高利润和利润率至关重要,5,False,True,1.0,0.0,0.0,3.3897958493985496,-0.7031296491622925,1.0,0.6649936437606812,1.0,0.35,7,苹果,而这对于未来苹果保持高利润和利润率至关重要
354,而这对于未来苹果保持高利润和利润率至关重要,6,False,False,1.0,0.09523809523809523,1.0,3.1689941930376784,-0.7375945448875427,1.0,0.6649936437606812,1.0,0.35,7,苹果,而这对未来苹果保持高利润和利润励至关重要
354,而这对于未来苹果保持高利润和利润率至关重要,7,False,False,1.0,0.19047619047619047,1.0,2.85,-0.7873862981796265,1.0,0.6649936437606812,1.0,0.35,7,苹果,而这对未来苹果保持高利润和利益韧力至关重要
356,苹果已然可以单点突破,1,True,True,1.0,0.1,0.0,3.85,-0.4833434522151947,1.0,0.6787896156311035,1.0,0.35,3,苹果,苹果依然可以单点突破
356,苹果已然可以单点突破,2,False,False,1.0,0.2,0.0,2.9458708253614767,-0.7730264663696289,1.0,0.6787896156311035,1.0,0.35,3,苹果,苹果依然可以淡点突破
356,苹果已然可以单点突破,3,False,False,1.0,0.2,0.0,2.85,-0.8037434816360474,1.0,0.6787896156311035,1.0,0.35,3,苹果,苹果依旧可以单点突破
359,高桥大辅堪称日本花样滑冰男单领域的领军人物,1,True,False,1.0,0.047619047619047616,0.0,3.64,-0.1404084861278534,1.0,0.6867010593414307,0.4,0.13999999999999999,3,高桥大辅,高桥大辅堪称日本花样华冰男单领域的领军人物
359,高桥大辅堪称日本花样滑冰男单领域的领军人物,2,False,True,1.0,0.0,0.0,3.5930897305111773,-0.15848061442375183,1.0,0.6867010593414307,0.4,0.13999999999999999,3,高桥大辅,高桥大辅堪称日本花样滑冰男单领域的领军人物
359,高桥大辅堪称日本花样滑冰男单领域的领军人物,3,False,False,1.0,0.09523809523809523,0.0,3.54901562156842,-0.1754601150751114,1.0,0.6867010593414307,0.4,0.13999999999999999,3,高桥大辅,高桥大辅堪称日本花样华兵男单领域的领军人物
359,高桥大辅堪称日本花样滑冰男单领域的领军人物,4,False,False,0.0,0.38095238095238093,1.0,0.11966775708804192,-0.47955548763275146,0.0,0.0,0.0,0.0,0,,日本花样华冰男丹领域的领军人物
359,高桥大辅堪称日本花样滑冰男单领域的领军人物,5,False,False,0.0,0.42857142857142855,1.0,0.018709492607107078,-0.5184495449066162,0.0,0.0,0.0,0.0,0,,日本花样华兵男丹领域的领军人物
359,高桥大辅堪称日本花样滑冰男单领域的领军人物,6,False,False,0.0,0.3333333333333333,1.0,0.0,-0.5256573557853699,0.0,0.0,0.0,0.0,0,,日本花样华冰男单领域的领军人物
360,高桥大辅丝毫不加掩饰,1,True,True,1.0,0.0,0.0,2.7150570181427103,-1.3388408422470093,2.0,0.6900997161865234,0.125,0.04375,2,高桥大辅丝;高桥大辅,高桥大辅丝毫不加掩饰
360,高桥大辅丝毫不加掩饰,2,False,False,1.0,0.2,0.0,2.54375,-1.5699573755264282,2.0,0.6900997161865234,0.125,0.04375,2,高桥大辅丝;高桥大辅,高桥大辅丝毫不加演示
360,高桥大辅丝毫不加掩饰,3,False,False,0.0,0.2,0.4444444444444444,1.0,-0.22082097828388214,0.0,0.7073150634765625,0.0,0.0,0,,高潮大副丝毫不加掩饰
360,高桥大辅丝毫不加掩饰,4,False,False,0.0,0.2,0.4444444444444444,0.9793280821236273,-0.24871021509170532,0.0,0.0,0.0,0.0,0,,高潮大户丝毫不加掩饰
360,高桥大辅丝毫不加掩饰,5,False,False,0.0,0.2,0.4444444444444444,0.9044751549141619,-0.3496970236301422,0.0,0.7073150634765625,0.0,0.0,0,,高潮大赋丝毫不加掩饰
360,高桥大辅丝毫不加掩饰,6,False,False,0.0,0.2,0.4444444444444444,0.8503723107821445,-0.42268913984298706,0.0,0.7073150634765625,0.0,0.0,0,,高朝大副丝毫不加掩饰
360,高桥大辅丝毫不加掩饰,7,False,False,0.0,0.1,0.2222222222222222,0.8472935274276411,-0.4268428385257721,0.0,0.6900622248649597,0.0,0.0,0,,高桥大副丝毫不加掩饰
360,高桥大辅丝毫不加掩饰,8,False,False,0.0,0.1,0.2222222222222222,0.7220781327067953,-0.5957754850387573,0.0,0.6900622248649597,0.0,0.0,0,,高桥大赋丝毫不加掩饰
360,高桥大辅丝毫不加掩饰,9,False,False,0.0,0.1,0.2222222222222222,0.6560328342884152,-0.6848796010017395,0.0,0.6900622248649597,0.0,0.0,0,,高桥大富丝毫不加掩饰
361,高桥大辅则是噘着嘴做出索吻的动作,1,True,True,1.0,0.125,0.0,3.4664183722680386,-0.45154115557670593,1.0,0.6880693435668945,0.5,0.175,5,高桥大辅,高桥大辅则是噘著嘴做出锁吻的动作
361,高桥大辅则是噘着嘴做出索吻的动作,2,False,False,1.0,0.1875,0.0,2.7670863984840572,-1.0375510454177856,1.0,0.6880693435668945,0.5,0.175,5,高桥大辅,高桥大辅则是撅着嘴做出锁稳的动作
361,高桥大辅则是噘着嘴做出索吻的动作,3,False,False,1.0,0.125,0.0,2.723975927867537,-1.0736757516860962,1.0,0.6880693435668945,0.5,0.175,5,高桥大辅,高桥大辅则是撅着嘴做出锁吻的动作
361,高桥大辅则是噘着嘴做出索吻的动作,4,False,False,1.0,0.125,0.0,2.6813214065716453,-1.1094183921813965,1.0,0.6880693435668945,0.5,0.175,5,高桥大辅,高桥大辅则是撅着嘴做出索稳的动作
361,高桥大辅则是噘着嘴做出索吻的动作,5,False,False,1.0,0.125,0.0,2.675,-1.1147154569625854,1.0,0.6880693435668945,0.5,0.175,5,高桥大辅,高桥大辅则是撅着嘴做出所吻的动作
361,高桥大辅则是噘着嘴做出索吻的动作,6,False,False,0.0,0.1875,0.25,1.0,-0.2767587900161743,0.0,0.7514517486095429,0.0,0.0,0,,高桥大副则是噘著嘴做出锁吻的动作
361,高桥大辅则是噘着嘴做出索吻的动作,7,False,False,0.0,0.25,0.25,0.9741654562551837,-0.29840701818466187,0.0,0.7514517486095429,0.0,0.0,0,,高桥大副则是撅著嘴做出锁吻的动作
361,高桥大辅则是噘着嘴做出索吻的动作,8,False,False,0.0,0.1875,0.25,0.8692350507661514,-0.3863341510295868,0.0,0.7514517486095429,0.0,0.0,0,,高桥大父则是噘著嘴做出锁吻的动作
361,高桥大辅则是噘着嘴做出索吻的动作,9,False,False,0.0,0.1875,0.25,0.8292141880616677,-0.41986989974975586,0.0,0.7514517486095429,0.0,0.0,0,,高桥大赋则是噘著嘴做出锁吻的动作
362,而对于他的好友小林尊,1,True,True,1.0,0.0,0.0,3.675,-0.6021726131439209,1.0,0.6904893517494202,0.5,0.175,2,小林尊,而对于他的好友小林尊
362,而对于他的好友小林尊,2,False,False,1.0,0.1,0.0,3.2722036174996374,-0.7446243762969971,1.0,0.6904893517494202,0.5,0.175,2,小林尊,而对于她的好友小林尊
362,而对于他的好友小林尊,3,False,False,0.0,0.1,0.3333333333333333,0.0,-0.9558296203613281,0.0,0.0,0.0,0.0,0,,而对于他的好友小龄尊
363,高桥大辅因为其比赛风格的妖娆多变,1,True,True,1.0,0.0,0.0,3.675,-0.30823519825935364,1.0,0.6896621584892273,0.5,0.175,5,高桥大辅,高桥大辅因为其比赛风格的妖娆多变
363,高桥大辅因为其比赛风格的妖娆多变,2,False,False,1.0,0.125,0.0,3.6706204275646925,-0.31093063950538635,1.0,0.6896621584892273,0.5,0.175,5,高桥大辅,高桥大辅因为其比赛风格的要饶多变
363,高桥大辅因为其比赛风格的妖娆多变,3,False,False,1.0,0.0625,0.0,3.6350872699197936,-0.3327997922897339,1.0,0.6896621584892273,0.5,0.175,5,高桥大辅,高桥大辅因为其比赛风格的妖饶多变
363,高桥大辅因为其比赛风格的妖娆多变,4,False,False,1.0,0.1875,0.0,3.6207718730090566,-0.341610312461853,1.0,0.6896621584892273,0.5,0.175,5,高桥大辅,高桥大辅因为其比赛风格的要饶多辩
363,高桥大辅因为其比赛风格的妖娆多变,5,False,False,1.0,0.1875,0.0,3.564066036469998,-0.376510351896286,1.0,0.6896621584892273,0.5,0.175,5,高桥大辅,高桥大辅因为其比赛风格的要饶多遍
363,高桥大辅因为其比赛风格的妖娆多变,6,False,False,0.0,0.25,1.0,0.5139052780665808,-0.6074059009552002,0.0,0.0,0.0,0.0,0,,因为其比赛风格的妖娆多变
363,高桥大辅因为其比赛风格的妖娆多变,7,False,False,0.0,0.3125,1.0,0.3343280876181782,-0.7179280519485474,0.0,0.0,0.0,0.0,0,,因为比赛风格的妖娆多变
363,高桥大辅因为其比赛风格的妖娆多变,8,False,False,0.0,0.5,1.0,0.003917616738601497,-0.9212816953659058,0.0,0.0,0.0,0.0,0,,因为比赛风格的要饶多遍
363,高桥大辅因为其比赛风格的妖娆多变,9,False,False,0.0,0.375,1.0,0.0,-0.9236928224563599,0.0,0.0,0.0,0.0,0,,因为比赛风格妖娆多变
364,退役前高桥大辅曾与花滑女神浅田真央传出恋情,1,True,True,1.0,0.14285714285714285,0.0,3.85,-0.8353650569915771,1.0,0.6893599033355713,1.0,0.35,4,高桥大辅,推移前高桥大辅曾与花华女神浅田真央传出恋情
364,退役前高桥大辅曾与花滑女神浅田真央传出恋情,2,False,False,1.0,0.19047619047619047,0.0,3.108012719412876,-0.8648086190223694,1.0,0.6893599033355713,1.0,0.35,4,高桥大辅,推移前高桥大辅曾与花华女神浅田真秧传出恋情
364,退役前高桥大辅曾与花滑女神浅田真央传出恋情,3,False,False,1.0,0.19047619047619047,0.0,2.9455773453858334,-0.8712543845176697,1.0,0.6893599033355713,1.0,0.35,4,高桥大辅,推移前高桥大辅曾与华女神浅田真央传出恋情
364,退役前高桥大辅曾与花滑女神浅田真央传出恋情,4,False,False,1.0,0.14285714285714285,0.0,2.85,-0.8750470876693726,1.0,0.6893599033355713,1.0,0.35,4,高桥大辅,推异前高桥大辅曾与花华女神浅田真央传出恋情
365,如今和小林尊出双入对,1,True,True,1.0,0.0,0.0,3.056661019427912,-0.7996572852134705,1.0,0.6911823153495789,0.5,0.175,4,小林尊,如今和小林尊出双入对
365,如今和小林尊出双入对,2,False,False,1.0,0.2,0.0,2.928172733093464,-0.8696718811988831,1.0,0.6911823153495789,0.5,0.175,4,小林尊,如今和小林尊初霜入对
365,如今和小林尊出双入对,3,False,False,1.0,0.2,0.0,2.8684507563023,-0.9022150039672852,1.0,0.6911823153495789,0.5,0.175,4,小林尊,如今和小林尊初相入对
365,如今和小林尊出双入对,4,False,False,1.0,0.1,0.0,2.725805076766733,-0.979944109916687,1.0,0.6911823153495789,0.5,0.175,4,小林尊,如今和小林尊初双入对
365,如今和小林尊出双入对,5,False,False,0.0,0.1,0.3333333333333333,1.0,-0.4627179801464081,0.0,0.0,0.0,0.0,0,,如今和小灵尊出双入对
365,如今和小林尊出双入对,6,False,False,0.0,0.2,0.3333333333333333,0.8915086432478129,-0.5218360424041748,0.0,0.0,0.0,0.0,0,,如今和小灵尊初双入对
365,如今和小林尊出双入对,7,False,False,0.0,0.1,0.3333333333333333,0.0,-1.007628321647644,0.0,0.0,0.0,0.0,0,,如今和小龄尊出双入对
366,高桥大辅应该是他的新欢,1,True,True,1.0,0.0,0.0,3.85,-1.295852780342102,1.0,0.6906866431236267,1.0,0.35,5,高桥大辅,高桥大辅应该是他的新欢
366,高桥大辅应该是他的新欢,2,False,False,1.0,0.09090909090909091,0.0,3.8196436000438623,-1.3044990301132202,1.0,0.6906866431236267,1.0,0.35,5,高桥大辅,高桥大辅应该是她的新欢
366,高桥大辅应该是他的新欢,3,False,False,1.0,0.18181818181818182,0.0,3.6906144607459477,-1.341249704360962,1.0,0.6906866431236267,1.0,0.35,5,高桥大辅,高桥大辅应该是她的心欢
366,高桥大辅应该是他的新欢,4,False,False,1.0,0.09090909090909091,0.0,3.6618204548479416,-1.349450945854187,1.0,0.6906866431236267,1.0,0.35,5,高桥大辅,高桥大辅应该是他的心欢
366,高桥大辅应该是他的新欢,5,False,False,1.0,0.09090909090909091,0.0,2.85,-1.5806773900985718,1.0,0.6906866431236267,1.0,0.35,5,高桥大辅,高桥大辅应该是它的新欢
367,来自中国的赛艇选手崔帅豪说,1,True,True,1.0,0.0,0.0,2.950179109846353,-0.9151957631111145,1.0,0.6777030825614929,0.0,0.0,0,,来自中国的赛艇选手崔帅豪说
367,来自中国的赛艇选手崔帅豪说,2,False,False,0.0,0.07692307692307693,0.3333333333333333,1.0,-0.4355148375034332,0.0,0.0,0.0,0.0,0,,来自中国的赛艇选手村帅豪说
367,来自中国的赛艇选手崔帅豪说,3,False,False,0.0,0.07692307692307693,0.3333333333333333,0.8471354466012171,-0.5688786506652832,0.0,0.0,0.0,0.0,0,,来自中国的赛艇选手春帅豪说
367,来自中国的赛艇选手崔帅豪说,4,False,False,0.0,0.15384615384615385,0.6666666666666666,0.7194535343471932,-0.6802723407745361,0.0,0.0,0.0,0.0,0,,来自中国的赛艇选手孙玥豪说
367,来自中国的赛艇选手崔帅豪说,5,False,False,0.0,0.07692307692307693,0.3333333333333333,0.7100897778177071,-0.6884415745735168,0.0,0.0,0.0,0.0,0,,来自中国的赛艇选手孙帅豪说
367,来自中国的赛艇选手崔帅豪说,6,False,False,0.0,0.15384615384615385,0.6666666666666666,0.5436370614336611,-0.8336601257324219,0.0,0.0,0.0,0.0,0,,来自中国的赛艇选手春水豪说
367,来自中国的赛艇选手崔帅豪说,7,False,False,0.0,0.15384615384615385,0.6666666666666666,0.46861633053431323,-0.8991105556488037,0.0,0.0,0.0,0.0,0,,来自中国的赛艇选手春晒豪说
367,来自中国的赛艇选手崔帅豪说,8,False,False,0.0,0.15384615384615385,0.6666666666666666,0.36671735453399074,-0.9880104064941406,0.0,0.0,0.0,0.0,0,,来自中国的赛艇选手春晨豪说
367,来自中国的赛艇选手崔帅豪说,9,False,False,0.0,0.15384615384615385,0.6666666666666666,0.25750812113233157,-1.0832879543304443,0.0,0.0,0.0,0.0,0,,来自中国的赛艇选手崔说
367,来自中国的赛艇选手崔帅豪说,10,False,False,0.0,0.07692307692307693,0.6666666666666666,0.0,-1.3079460859298706,0.0,0.0,0.0,0.0,0,,来自中国的赛艇选手崔豪说
368,将在本届美国电影学会影展中进行秘密放映,1,True,True,1.0,0.10526315789473684,0.0,3.6166666666666667,-0.10063421726226807,1.0,0.6917648315429688,0.3333333333333333,0.11666666666666665,2,美国电影学会,将在北界美国电影学会影展中进行秘密放映
368,将在本届美国电影学会影展中进行秘密放映,2,False,False,1.0,0.15789473684210525,0.0,3.2871739652613843,-0.2300080955028534,1.0,0.6917648315429688,0.3333333333333333,0.11666666666666665,2,美国电影学会,将在北界美国电影学会展中进行秘密放映
368,将在本届美国电影学会影展中进行秘密放映,3,False,False,0.0,0.2631578947368421,0.6666666666666666,0.22798895969807065,-0.40376099944114685,0.0,0.0,0.0,0.0,0,,将在北戴河电影协会影展中进行秘密放映
368,将在本届美国电影学会影展中进行秘密放映,4,False,False,0.0,0.3684210526315789,0.8333333333333334,0.0,-0.4932798743247986,0.0,0.0,0.0,0.0,0,,将在北戴河电影博物馆影展中进行秘密放映
369,陈冠希前女友嫩模黄榕在香港书展出席写真宣传活动,1,True,True,0.0,0.043478260869565216,0.5,1.0,-0.2113248109817505,0.0,0.0,0.0,0.0,0,,陈冠希前女友嫩模黄蓉在香港书展出席写真宣传活动
369,陈冠希前女友嫩模黄榕在香港书展出席写真宣传活动,2,False,False,0.0,0.043478260869565216,0.5,0.9511337631919018,-0.21997982263565063,0.0,0.0,0.0,0.0,0,,陈冠希前女友嫩模黄荣在香港书展出席写真宣传活动
369,陈冠希前女友嫩模黄榕在香港书展出席写真宣传活动,3,False,False,0.0,0.08695652173913043,0.5,0.8765908524930002,-0.23318259418010712,0.0,0.0,0.0,0.0,0,,陈冠希前女友嫩魔黄蓉在香港书展出席写真宣传活动
369,陈冠希前女友嫩模黄榕在香港书展出席写真宣传活动,4,False,False,0.0,0.08695652173913043,0.5,0.7732239729162179,-0.2514905631542206,0.0,0.0,0.0,0.0,0,,陈冠希前女友嫩魔黄荣在香港书展出席写真宣传活动
369,陈冠希前女友嫩模黄榕在香港书展出席写真宣传活动,5,False,False,0.0,0.08695652173913043,0.5,0.5462813644195563,-0.2916858196258545,0.0,0.0,0.0,0.0,0,,陈冠熙前女友嫩模黄蓉在香港书展出席写真宣传活动
369,陈冠希前女友嫩模黄榕在香港书展出席写真宣传活动,6,False,False,0.0,0.08695652173913043,0.5,0.5282098050829205,-0.29488658905029297,0.0,0.0,0.0,0.0,0,,陈冠熙前女友嫩模黄荣在香港书展出席写真宣传活动
369,陈冠希前女友嫩模黄榕在香港书展出席写真宣传活动,7,False,False,0.0,0.08695652173913043,0.5,0.23115779129872926,-0.34749937057495117,0.0,0.0,0.0,0.0,0,,程冠希前女友嫩模黄蓉在香港书展出席写真宣传活动
369,陈冠希前女友嫩模黄榕在香港书展出席写真宣传活动,8,False,False,0.0,0.13043478260869565,0.5,0.02149455497523153,-0.3846341669559479,0.0,0.0,0.0,0.0,0,,陈贯熙前女友嫩模黄蓉在香港书展出席写真宣传活动
369,陈冠希前女友嫩模黄榕在香港书展出席写真宣传活动,9,False,False,0.0,0.13043478260869565,0.5,0.0,-0.38844120502471924,0.0,0.0,0.0,0.0,0,,陈贯熙前女友嫩模黄荣在香港书展出席写真宣传活动
370,黄榕坦言可能他做了太多运动,1,True,True,1.0,0.0,0.0,2.6921060954265683,-0.7527173161506653,1.0,0.6592482328414917,0.25,0.0875,2,黄榕,黄榕坦言可能他做了太多运动
370,黄榕坦言可能他做了太多运动,2,False,False,1.0,0.07692307692307693,0.0,2.5875,-0.8113192319869995,1.0,0.6592482328414917,0.25,0.0875,2,黄榕,黄榕坦言可能她做了太多运动
370,黄榕坦言可能他做了太多运动,3,False,False,0.0,0.07692307692307693,0.5,1.0,-0.25110411643981934,0.0,0.7691229383150735,0.0,0.0,0,,黄荣坦言可能他做了太多运动
370,黄榕坦言可能他做了太多运动,4,False,False,0.0,0.15384615384615385,0.5,0.7951722817153163,-0.3658517003059387,0.0,0.7691229383150735,0.0,0.0,0,,黄蓉坦言可能她做了太多运动
370,黄榕坦言可能他做了太多运动,5,False,False,0.0,0.15384615384615385,0.5,0.732653250131665,-0.4008758068084717,0.0,0.7691229383150735,0.0,0.0,0,,黄荣坦言可能她做了太多运动
371,黄宗泽绯闻女友等女星,1,True,True,1.0,0.1,0.0,3.3405817238523596,-0.47527453303337097,1.0,0.6895696520805359,0.0,0.0,0,,黄宗泽绯闻女友邓女星
371,黄宗泽绯闻女友等女星,2,False,False,0.0,0.1,0.3333333333333333,1.0,-0.3814135491847992,0.0,0.0,0.0,0.0,0,,黄忠泽绯闻女友等女星
371,黄宗泽绯闻女友等女星,3,False,False,0.0,0.1,0.3333333333333333,0.9652625344435027,-0.40186598896980286,0.0,0.0,0.0,0.0,0,,黄中泽绯闻女友等女星
371,黄宗泽绯闻女友等女星,4,False,False,0.0,0.2,0.3333333333333333,0.14153136913053277,-0.8868556618690491,0.0,0.0,0.0,0.0,0,,黄忠泽绯闻女友邓女星
371,黄宗泽绯闻女友等女星,5,False,False,0.0,0.3,0.3333333333333333,0.08234156646750088,-0.9217049479484558,0.0,0.0,0.0,0.0,0,,黄忠泽绯闻女友邓女昕
371,黄宗泽绯闻女友等女星,6,False,False,0.0,0.2,0.3333333333333333,0.08198815311049057,-0.9219130277633667,0.0,0.0,0.0,0.0,0,,黄中泽绯闻女友邓女星
371,黄宗泽绯闻女友等女星,7,False,False,0.0,0.3,0.3333333333333333,0.0,-0.9701853394508362,0.0,0.0,0.0,0.0,0,,黄忠泽绯闻女友邓女心
372,目前正在根据海事部门的要求开往盐城大分港,1,True,True,1.0,0.0,0.0,3.85,-0.31397005915641785,1.0,0.6902445554733276,1.0,0.35,4,大分港,目前正在根据海事部门的要求开往盐城大分港
372,目前正在根据海事部门的要求开往盐城大分港,2,False,False,1.0,0.05,0.0,3.707892091518979,-0.3432345390319824,1.0,0.6902445554733276,1.0,0.35,4,大分港,目前正在根据海事部门的要求开往沿城大分港
372,目前正在根据海事部门的要求开往盐城大分港,3,False,False,1.0,0.1,0.0,3.6951376580682447,-0.3458610773086548,1.0,0.6902445554733276,1.0,0.35,4,大分港,目前正在根据海事部门的要求开往延程大分港
372,目前正在根据海事部门的要求开往盐城大分港,4,False,False,1.0,0.1,0.0,2.85,-0.5199014544487,1.0,0.6902445554733276,1.0,0.35,4,大分港,目前正在根据海事部门的要求开往延长大分港
373,快报讯通讯员李欢乐记者王晓宇8月26日,1,True,True,1.0,0.0,0.0,2.5,-0.7166663408279419,1.0,0.6903420686721802,0.0,0.0,0,,快报讯通讯员李欢乐记者王晓宇8月26日
373,快报讯通讯员李欢乐记者王晓宇8月26日,2,False,False,0.0,0.10526315789473684,0.6666666666666666,1.0,-0.36950668692588806,0.0,0.7766348272562027,0.0,0.0,0,,快报讯通讯员李欢乐记者王小于8月26日
373,快报讯通讯员李欢乐记者王晓宇8月26日,3,False,False,0.0,0.10526315789473684,0.6666666666666666,0.969156677393144,-0.38021424412727356,0.0,0.7766348272562027,0.0,0.0,0,,快报讯通讯员李欢乐记者王小余8月26日
373,快报讯通讯员李欢乐记者王晓宇8月26日,4,False,False,0.0,0.10526315789473684,0.6666666666666666,0.9322471219002562,-0.39302775263786316,0.0,0.7766348272562027,0.0,0.0,0,,快报讯通讯员李欢乐记者王小瑜8月26日
373,快报讯通讯员李欢乐记者王晓宇8月26日,5,False,False,0.0,0.05263157894736842,0.3333333333333333,0.632121486048497,-0.4972192645072937,0.0,0.7766348272562027,0.0,0.0,0,,快报讯通讯员李欢乐记者王小宇8月26日
373,快报讯通讯员李欢乐记者王晓宇8月26日,6,False,False,0.0,0.05263157894736842,0.3333333333333333,0.1658633612462115,-0.6590852737426758,0.0,0.7766348272562027,0.0,0.0,0,,快报讯通讯员李欢乐记者王晓鱼8月26日
374,渝武高速武胜段发生追尾事故已造成六死九伤,1,True,False,1.0,0.25,0.0,2.7524775862410675,-0.5493468642234802,1.0,0.628592312335968,0.3333333333333333,0.11666666666666665,4,渝武,渝武高速五圣段发生追尾事故已造成69伤
374,渝武高速武胜段发生追尾事故已造成六死九伤,2,False,True,1.0,0.15,0.0,2.7345141917149216,-0.5537768006324768,1.0,0.628592312335968,0.3333333333333333,0.11666666666666665,4,渝武,渝武高速五胜段发生追尾事故已造成6死9伤
374,渝武高速武胜段发生追尾事故已造成六死九伤,3,False,False,1.0,0.2,0.0,2.6266262694523683,-0.5803829431533813,1.0,0.628592312335968,0.3333333333333333,0.11666666666666665,4,渝武,渝武高速五胜段发生追尾事故已造成69伤
374,渝武高速武胜段发生追尾事故已造成六死九伤,4,False,False,1.0,0.25,0.0,2.6166666666666667,-0.5828390717506409,1.0,0.628592312335968,0.3333333333333333,0.11666666666666665,4,渝武,渝武高速五盛段发生追尾事故已造成69伤
374,渝武高速武胜段发生追尾事故已造成六死九伤,5,False,False,0.0,0.25,0.5,1.0,-0.33622997999191284,0.0,0.7341727092862129,0.0,0.0,0,,玉武高速五圣段发生追尾事故已造成6死9伤
374,渝武高速武胜段发生追尾事故已造成六死九伤,6,False,False,0.0,0.3,0.5,0.9476711781803803,-0.34913474321365356,0.0,0.7341727092862129,0.0,0.0,0,,玉武高速五圣段发生追尾事故已造成69伤
374,渝武高速武胜段发生追尾事故已造成六死九伤,7,False,False,0.0,0.2,0.5,0.9103814604968224,-0.35833072662353516,0.0,0.7341727092862129,0.0,0.0,0,,玉武高速五胜段发生追尾事故已造成6死9伤
374,渝武高速武胜段发生追尾事故已造成六死九伤,8,False,False,0.0,0.25,0.5,0.9020490818661125,-0.36038556694984436,0.0,0.7341727092862129,0.0,0.0,0,,玉武高速五胜段发生追尾事故已造成69伤
374,渝武高速武胜段发生追尾事故已造成六死九伤,9,False,False,0.0,0.25,0.5,0.8714416783043708,-0.36793363094329834,0.0,0.7341727092862129,0.0,0.0,0,,玉武高速五盛段发生追尾事故已造成6死9伤
374,渝武高速武胜段发生追尾事故已造成六死九伤,10,False,False,0.0,0.3,0.5,0.8552450878737298,-0.3719278573989868,0.0,0.7341727092862129,0.0,0.0,0,,玉武高速五盛段发生追尾事故已造成69伤
375,记者从广安消防部门获悉,1,True,True,1.0,0.0,0.0,3.85,-0.056016478687524796,1.0,0.6761766672134399,1.0,0.35,4,广安,记者从广安消防部门获悉
375,记者从广安消防部门获悉,2,False,False,1.0,0.45454545454545453,1.0,2.8772527775112375,-1.0405250787734985,1.0,0.6761766672134399,1.0,0.35,4,广安,广安消防部门霍西
375,记者从广安消防部门获悉,3,False,False,1.0,0.2727272727272727,1.0,2.867078377401468,-1.0508224964141846,1.0,0.6761766672134399,1.0,0.35,4,广安,广安消防部门获悉
375,记者从广安消防部门获悉,4,False,False,1.0,0.45454545454545453,1.0,2.85,-1.0681073665618896,1.0,0.6761766672134399,1.0,0.35,4,广安,广安消防部门霍锡
376,渝蓉高速四川段计划明年通车被称最拖沓高速,1,True,True,1.0,0.0,0.0,3.1886473589074926,-0.7084410786628723,2.0,0.6908724904060364,0.75,0.26249999999999996,7,渝蓉高速;渝蓉,渝蓉高速四川段计划明年通车被称最拖沓高速
376,渝蓉高速四川段计划明年通车被称最拖沓高速,2,False,False,1.0,0.1,0.0,2.9726743161132774,-0.7749291658401489,2.0,0.6908724904060364,0.75,0.26249999999999996,7,渝蓉高速;渝蓉,渝蓉高速四川段计划明年通车被称最脱塌高速
376,渝蓉高速四川段计划明年通车被称最拖沓高速,3,False,False,1.0,0.05,0.0,2.9026256978075393,-0.7964938879013062,2.0,0.6908724904060364,0.75,0.26249999999999996,7,渝蓉高速;渝蓉,渝蓉高速四川段计划明年通车被称最拖塌高速
376,渝蓉高速四川段计划明年通车被称最拖沓高速,4,False,False,1.0,0.1,0.0,2.8826596847351373,-0.8026404976844788,2.0,0.6908724904060364,0.75,0.26249999999999996,7,渝蓉高速;渝蓉,渝蓉高速四川段计划明年通车被称最托塌高速
376,渝蓉高速四川段计划明年通车被称最拖沓高速,5,False,False,1.0,0.05,0.0,2.8775012381588354,-0.8042285442352295,2.0,0.6908724904060364,0.75,0.26249999999999996,7,渝蓉高速;渝蓉,渝蓉高速四川段企划明年通车被称最拖沓高速
376,渝蓉高速四川段计划明年通车被称最拖沓高速,6,False,False,1.0,0.1,0.0,2.8407235644376003,-0.815550684928894,2.0,0.6908724904060364,0.75,0.26249999999999996,7,渝蓉高速;渝蓉,渝蓉高速四川段计划明年通车被称最脱胎高速
376,渝蓉高速四川段计划明年通车被称最拖沓高速,7,False,False,1.0,0.1,0.0,2.7625,-0.8396320939064026,2.0,0.6908724904060364,0.75,0.26249999999999996,7,渝蓉高速;渝蓉,渝蓉高速四川段计划明年通车被称最脱塔高速
376,渝蓉高速四川段计划明年通车被称最拖沓高速,8,False,False,0.0,0.05,0.3333333333333333,1.0,-0.5317784547805786,0.0,0.6813743114471436,0.0,0.0,0,,渝融高速四川段计划明年通车被称最拖沓高速
376,渝蓉高速四川段计划明年通车被称最拖沓高速,9,False,False,0.0,0.05,0.3333333333333333,0.9157976482533055,-0.5577004551887512,0.0,0.6813743114471436,0.0,0.0,0,,渝容高速四川段计划明年通车被称最拖沓高速
377,渝蓉高速四川段因烂尾被称为最拖沓高速,1,True,True,1.0,0.05555555555555555,0.0,2.9464829223097517,-0.8422801494598389,2.0,0.6799361109733582,0.5714285714285714,0.19999999999999998,5,渝蓉高速;渝蓉,渝蓉高速四川点因烂尾被称为最拖沓高速
377,渝蓉高速四川段因烂尾被称为最拖沓高速,2,False,False,1.0,0.16666666666666666,0.0,2.8048228844619874,-0.8881571292877197,2.0,0.6799361109733582,0.5714285714285714,0.19999999999999998,5,渝蓉高速;渝蓉,渝蓉高速四川点因烂尾被称为最脱塌高速
377,渝蓉高速四川段因烂尾被称为最拖沓高速,3,False,False,1.0,0.1111111111111111,0.0,2.7122727321249194,-0.9181297421455383,2.0,0.6799361109733582,0.5714285714285714,0.19999999999999998,5,渝蓉高速;渝蓉,渝蓉高速四川点阴烂尾被称为最拖沓高速
377,渝蓉高速四川段因烂尾被称为最拖沓高速,4,False,False,1.0,0.16666666666666666,0.0,2.711127213323061,-0.9185007214546204,2.0,0.6799361109733582,0.5714285714285714,0.19999999999999998,5,渝蓉高速;渝蓉,渝蓉高速四川点因烂尾被称为最坨塌高速
377,渝蓉高速四川段因烂尾被称为最拖沓高速,5,False,False,1.0,0.16666666666666666,0.0,2.7,-0.9221042990684509,2.0,0.6799361109733582,0.5714285714285714,0.19999999999999998,5,渝蓉高速;渝蓉,渝蓉高速四川点因烂尾被称为最托塌高速
377,渝蓉高速四川段因烂尾被称为最拖沓高速,6,False,False,0.0,0.1111111111111111,0.3333333333333333,1.0,-0.5982516407966614,0.0,0.6664100885391235,0.0,0.0,0,,渝融高速四川点因烂尾被称为最拖沓高速
377,渝蓉高速四川段因烂尾被称为最拖沓高速,7,False,False,0.0,0.1111111111111111,0.3333333333333333,0.8649509896848093,-0.6419876217842102,0.0,0.6664100885391235,0.0,0.0,0,,渝容高速四川点因烂尾被称为最拖沓高速
377,渝蓉高速四川段因烂尾被称为最拖沓高速,8,False,False,0.0,0.2222222222222222,0.3333333333333333,0.8129012950767354,-0.6588440537452698,0.0,0.6664100885391235,0.0,0.0,0,,渝融高速四川点因烂尾被称为最脱塌高速
378,渝蓉高速四川段资金断裂烂尾已修了六年,1,True,False,1.0,0.05555555555555555,0.0,2.713358886873149,-0.9807633757591248,1.0,0.607177197933197,0.375,0.13124999999999998,4,渝蓉高速,渝蓉高速四川段资金断裂烂尾已修了6年
378,渝蓉高速四川段资金断裂烂尾已修了六年,2,False,False,1.0,0.1111111111111111,0.0,2.6998807434155707,-0.9849401116371155,1.0,0.607177197933197,0.375,0.13124999999999998,4,渝蓉高速,渝蓉高速四川段资金断裂烂尾已休了6年
378,渝蓉高速四川段资金断裂烂尾已修了六年,3,False,False,1.0,0.05555555555555555,0.0,2.6466850266316144,-1.0014249086380005,1.0,0.607177197933197,0.375,0.13124999999999998,4,渝蓉高速,渝蓉高速四川段资金断裂烂尾已休了六年
378,渝蓉高速四川段资金断裂烂尾已修了六年,4,False,True,1.0,0.0,0.0,2.63125,-1.006208062171936,1.0,0.607177197933197,0.375,0.13124999999999998,4,渝蓉高速,渝蓉高速四川段资金断裂烂尾已修了六年
378,渝蓉高速四川段资金断裂烂尾已修了六年,5,False,False,0.0,0.16666666666666666,0.16666666666666666,1.0,-0.696318507194519,0.0,0.607177197933197,0.0,0.0,0,,渝蓉高子四川段资金断裂烂尾已休了6年
378,渝蓉高速四川段资金断裂烂尾已修了六年,6,False,False,0.0,0.1111111111111111,0.16666666666666666,0.998435108953808,-0.6968034505844116,0.0,0.607177197933197,0.0,0.0,0,,渝蓉高子四川段资金断裂烂尾已修了6年
378,渝蓉高速四川段资金断裂烂尾已修了六年,7,False,False,0.0,0.1111111111111111,0.16666666666666666,0.9642637049141733,-0.7073928117752075,0.0,0.607177197933197,0.0,0.0,0,,渝蓉高子四川段资金断裂烂尾已休了六年
378,渝蓉高速四川段资金断裂烂尾已修了六年,8,False,False,0.0,0.16666666666666666,0.16666666666666666,0.9606709566531335,-0.708506166934967,0.0,0.607177197933197,0.0,0.0,0,,渝蓉高子四川段资金断链烂尾已修了6年
378,渝蓉高速四川段资金断裂烂尾已修了六年,9,False,False,0.0,0.05555555555555555,0.16666666666666666,0.9326415960965432,-0.7171921730041504,0.0,0.607177197933197,0.0,0.0,0,,渝蓉高子四川段资金断裂烂尾已修了六年
379,蚌飞市发生一起惨剧,1,True,True,1.0,0.0,0.0,1.0,-0.7836209535598755,0.0,0.7725269570946693,0.0,0.0,0,,蚌飞市发生一起惨剧
379,蚌飞市发生一起惨剧,2,False,False,0.0,0.2222222222222222,0.6666666666666666,0.9128304825344301,-0.8799667358398438,0.0,0.0,0.0,0.0,0,,范飞事发生一起惨剧
379,蚌飞市发生一起惨剧,3,False,False,0.0,0.1111111111111111,0.3333333333333333,0.8692275501608664,-0.9281597137451172,0.0,0.0,0.0,0.0,0,,范飞市发生一起惨剧
379,蚌飞市发生一起惨剧,4,False,False,0.0,0.2222222222222222,0.3333333333333333,0.7940130526647303,-1.0112919807434082,0.0,0.0,0.0,0.0,0,,范飞市发生异起惨剧
379,蚌飞市发生一起惨剧,5,False,False,0.0,0.1111111111111111,0.3333333333333333,0.0,-1.8888901472091675,0.0,0.0,0.0,0.0,0,,皌飞市发生一起惨剧
380,山水湾小区斜对面的一处工地旁,1,True,True,1.0,0.0,0.0,3.85,-0.5287430882453918,1.0,0.6743488311767578,1.0,0.35,4,山水湾,山水湾小区斜对面的一处工地旁
380,山水湾小区斜对面的一处工地旁,2,False,False,1.0,0.07142857142857142,0.0,3.6688649281582966,-0.5754078030586243,1.0,0.6743488311767578,1.0,0.35,4,山水湾,山水湾小区斜对面的一处工地
380,山水湾小区斜对面的一处工地旁,3,False,False,1.0,0.07142857142857142,0.0,3.1668966068523727,-0.7047268152236938,1.0,0.6743488311767578,1.0,0.35,4,山水湾,山水湾小区斜对面一处工地旁
380,山水湾小区斜对面的一处工地旁,4,False,False,1.0,0.07142857142857142,0.0,2.85,-0.7863669395446777,1.0,0.6743488311767578,1.0,0.35,4,山水湾,山水湾小区邪对面的一处工地旁
381,长沙县湘龙西路一处十字路口,1,True,True,1.0,0.0,0.0,3.557225078730597,-0.3137480616569519,1.0,0.6903497576713562,0.5,0.175,2,湘龙西路,长沙县湘龙西路一处十字路口
381,长沙县湘龙西路一处十字路口,2,False,False,1.0,0.07692307692307693,0.0,2.675,-0.5883246064186096,1.0,0.6903497576713562,0.5,0.175,2,湘龙西路,长沙县湘龙西路的一处十字路口
381,长沙县湘龙西路一处十字路口,3,False,False,0.0,0.07692307692307693,0.25,1.0,-0.27709275484085083,0.0,0.7593847334384919,0.0,0.0,0,,长沙县湘隆西路一处十字路口
382,省城政务区习友路与怀宁路交叉口,1,True,False,1.0,0.2,0.0,3.85,-0.675072193145752,1.0,0.6863313913345337,1.0,0.35,9,习友路,省城郑雾区习友路与怀宁路交叉
382,省城政务区习友路与怀宁路交叉口,2,False,False,1.0,0.26666666666666666,0.0,3.6706961796960873,-0.6852618455886841,1.0,0.6863313913345337,1.0,0.35,9,习友路,省城郑雾区习友路与淮宁路交叉
382,省城政务区习友路与怀宁路交叉口,3,False,False,1.0,0.2,0.0,3.4389303065137313,-0.6984328627586365,1.0,0.6863313913345337,1.0,0.35,9,习友路,省城正雾区习友路与怀宁路交叉
382,省城政务区习友路与怀宁路交叉口,4,False,False,1.0,0.2,0.0,3.4378688779063427,-0.6984931826591492,1.0,0.6863313913345337,1.0,0.35,9,习友路,省城镇务区习友路与淮宁路交叉
382,省城政务区习友路与怀宁路交叉口,5,False,False,1.0,0.13333333333333333,0.0,3.4373004052727407,-0.6985254883766174,1.0,0.6863313913345337,1.0,0.35,9,习友路,省城镇务区习友路与怀宁路交叉
382,省城政务区习友路与怀宁路交叉口,6,False,False,1.0,0.26666666666666666,0.0,3.3897689609746684,-0.7012266516685486,1.0,0.6863313913345337,1.0,0.35,9,习友路,省城正雾区习友路与淮宁路交叉
382,省城政务区习友路与怀宁路交叉口,7,False,False,1.0,0.2,0.0,3.3696636991416278,-0.702369213104248,1.0,0.6863313913345337,1.0,0.35,9,习友路,省城镇雾区习友路与怀宁路交叉
382,省城政务区习友路与怀宁路交叉口,8,False,False,1.0,0.26666666666666666,0.0,3.365175702095168,-0.7026242613792419,1.0,0.6863313913345337,1.0,0.35,9,习友路,省城镇雾区习友路与淮宁路交叉
382,省城政务区习友路与怀宁路交叉口,9,False,True,1.0,0.06666666666666667,0.0,2.85,-0.7319011688232422,1.0,0.6863313913345337,1.0,0.35,9,习友路,省城政务区习友路与怀宁路交叉
383,唐山乐亭一船队在渤海与一山东渔船发生纠纷,1,True,False,0.0,0.4,1.0,1.0,-0.7350175380706787,0.0,0.0,0.0,0.0,0,,在渤海与山东渔船发生纠纷
383,唐山乐亭一船队在渤海与一山东渔船发生纠纷,2,False,True,0.0,0.35,0.8571428571428571,0.7750408117774873,-0.80563884973526,0.0,0.0,0.0,0.0,0,,在渤海与一山东渔船发生纠纷
383,唐山乐亭一船队在渤海与一山东渔船发生纠纷,3,False,False,0.0,0.45,1.0,0.7222055561736761,-0.8222253918647766,0.0,0.0,0.0,0.0,0,,在渤海与山东鱼船发生纠纷
383,唐山乐亭一船队在渤海与一山东渔船发生纠纷,4,False,False,0.0,0.45,1.0,0.554614113679075,-0.8748372793197632,0.0,0.0,0.0,0.0,0,,在渤海与山东渔船发生了纠纷
383,唐山乐亭一船队在渤海与一山东渔船发生纠纷,5,False,False,0.0,0.5,1.0,0.5531720785545549,-0.8752899765968323,0.0,0.0,0.0,0.0,0,,在渤海与山东船舶发生纠纷
383,唐山乐亭一船队在渤海与一山东渔船发生纠纷,6,False,False,0.0,0.45,1.0,0.3991437406182277,-0.9236440062522888,0.0,0.0,0.0,0.0,0,,在渤海与山东船发生纠纷
383,唐山乐亭一船队在渤海与一山东渔船发生纠纷,7,False,False,0.0,0.5,1.0,0.3935424926645126,-0.9254024028778076,0.0,0.0,0.0,0.0,0,,在渤海与山东船鱼发生纠纷
383,唐山乐亭一船队在渤海与一山东渔船发生纠纷,8,False,False,0.0,0.4,0.8571428571428571,0.3476143859474579,-0.9398205876350403,0.0,0.0,0.0,0.0,0,,在渤海与一山东渔船发生了纠纷
383,唐山乐亭一船队在渤海与一山东渔船发生纠纷,9,False,False,0.0,0.5,1.0,0.34344624939859825,-0.9411290884017944,0.0,0.0,0.0,0.0,0,,在渤海与山东船上发生纠纷
383,唐山乐亭一船队在渤海与一山东渔船发生纠纷,10,False,False,0.0,0.5,1.0,0.3331085948331283,-0.9443743824958801,0.0,0.0,0.0,0.0,0,,在渤海与山东船员发生纠纷
383,唐山乐亭一船队在渤海与一山东渔船发生纠纷,11,False,False,0.0,0.5,1.0,0.2649651728106793,-0.9657666087150574,0.0,0.0,0.0,0.0,0,,在渤海与山东船舰发生纠纷
383,唐山乐亭一船队在渤海与一山东渔船发生纠纷,12,False,False,0.0,0.5,1.0,0.0,-1.0489469766616821,0.0,0.0,0.0,0.0,0,,在渤海与山东发生纠纷
384,与韩国西海相连的中国渤海湾由于垃圾堆积,1,True,True,1.0,0.0,0.0,3.85,-0.37803906202316284,1.0,0.67329341173172,1.0,0.35,2,渤海湾,与韩国西海相连的中国渤海湾由于垃圾堆积
384,与韩国西海相连的中国渤海湾由于垃圾堆积,2,False,False,1.0,0.10526315789473684,0.0,2.85,-0.4350227117538452,1.0,0.67329341173172,1.0,0.35,2,渤海湾,与韩国西海相连的中国渤海湾由于垃圾追击
386,渤海湾溢油事故赔偿案宣判康菲公司被判赔一六八万,1,True,False,1.0,0.30434782608695654,0.0,3.85,-0.32031816244125366,1.0,0.6804661750793457,1.0,0.35,7,渤海湾,渤海湾义游事故赔偿案宣布康飞公司被判赔168万
386,渤海湾溢油事故赔偿案宣判康菲公司被判赔一六八万,2,False,True,1.0,0.2608695652173913,0.0,3.358668581848073,-0.36153843998908997,1.0,0.6804661750793457,1.0,0.35,7,渤海湾,渤海湾义游事故赔偿案宣布康菲公司被判赔168万
386,渤海湾溢油事故赔偿案宣判康菲公司被判赔一六八万,3,False,False,1.0,0.30434782608695654,0.0,3.334999383670136,-0.3635241687297821,1.0,0.6804661750793457,1.0,0.35,7,渤海湾,渤海湾易游事故赔偿案宣布康飞公司被判赔168万
386,渤海湾溢油事故赔偿案宣判康菲公司被判赔一六八万,4,False,False,1.0,0.30434782608695654,0.0,3.327075903775811,-0.36418890953063965,1.0,0.6804661750793457,1.0,0.35,7,渤海湾,渤海湾意游事故赔偿案宣布康飞公司被判赔168万
386,渤海湾溢油事故赔偿案宣判康菲公司被判赔一六八万,5,False,False,1.0,0.30434782608695654,0.0,3.04862055785135,-0.3875499367713928,1.0,0.6804661750793457,1.0,0.35,7,渤海湾,渤海湾易邮事故赔偿案宣布康飞公司被判赔168万
386,渤海湾溢油事故赔偿案宣判康菲公司被判赔一六八万,6,False,False,1.0,0.30434782608695654,0.0,3.0395184136983664,-0.38831356167793274,1.0,0.6804661750793457,1.0,0.35,7,渤海湾,渤海湾疫游事故赔偿案宣布康飞公司被判赔168万
386,渤海湾溢油事故赔偿案宣判康菲公司被判赔一六八万,7,False,False,1.0,0.2608695652173913,0.0,2.85,-0.40421321988105774,1.0,0.6804661750793457,1.0,0.35,7,渤海湾,渤海湾意游事故赔偿案宣布康菲公司被判赔168万
387,温岭倒塌厂房系违章建筑涉事负责人已被控制,1,True,False,1.0,0.1,0.0,2.7721098473735544,-0.5226933360099792,1.0,0.6217595338821411,0.3333333333333333,0.11666666666666665,4,温岭,温岭倒塌厂房系违章建筑设施负责人已被控制
387,温岭倒塌厂房系违章建筑涉事负责人已被控制,2,False,True,1.0,0.0,0.0,2.664404501354017,-0.5707623362541199,1.0,0.6217595338821411,0.3333333333333333,0.11666666666666665,4,温岭,温岭倒塌厂房系违章建筑涉事负责人已被控制
387,温岭倒塌厂房系违章建筑涉事负责人已被控制,3,False,False,1.0,0.15,0.0,2.633531151967887,-0.5845411419868469,1.0,0.6217595338821411,0.3333333333333333,0.11666666666666665,4,温岭,温岭倒塌厂房细违章建筑设施负责人已被控制
387,温岭倒塌厂房系违章建筑涉事负责人已被控制,4,False,False,1.0,0.15,0.0,2.6166666666666667,-0.5920677781105042,1.0,0.6217595338821411,0.3333333333333333,0.11666666666666665,4,温岭,温岭倒塌厂房戏违章建筑设施负责人已被控制
387,温岭倒塌厂房系违章建筑涉事负责人已被控制,5,False,False,0.0,0.15,0.5,1.0,-0.14576680958271027,0.0,0.7253861228624979,0.0,0.0,0,,温灵倒塌厂房系违章建筑设施负责人已被控制
387,温岭倒塌厂房系违章建筑涉事负责人已被控制,6,False,False,0.0,0.05,0.5,0.8535481798102492,-0.21112839877605438,0.0,0.7253861228624979,0.0,0.0,0,,温灵倒塌厂房系违章建筑涉事负责人已被控制
387,温岭倒塌厂房系违章建筑涉事负责人已被控制,7,False,False,0.0,0.2,1.0,0.8008286002578032,-0.2346571981906891,0.0,0.7253861228624979,0.0,0.0,0,,瘟灵倒塌厂房系违章建筑设施负责人已被控制
387,温岭倒塌厂房系违章建筑涉事负责人已被控制,8,False,False,0.0,0.2,1.0,0.7915901674719275,-0.23878031969070435,0.0,0.0,0.0,0.0,0,,文林倒塌厂房系违章建筑设施负责人已被控制
387,温岭倒塌厂房系违章建筑涉事负责人已被控制,9,False,False,0.0,0.15,0.5,0.7832672709943066,-0.2424948364496231,0.0,0.7253861228624979,0.0,0.0,0,,汶岭倒塌厂房系违章建筑设施负责人已被控制
387,温岭倒塌厂房系违章建筑涉事负责人已被控制,10,False,False,0.0,0.05,0.5,0.639876976707529,-0.30649006366729736,0.0,0.7253861228624979,0.0,0.0,0,,汶岭倒塌厂房系违章建筑涉事负责人已被控制
388,浙江温岭市大溪镇发生鞋厂厂房倒塌事故,1,True,False,1.0,0.1111111111111111,0.0,1.0,-0.11180682480335236,0.0,0.0,0.0,0.0,0,,浙江温岭市大西镇发生斜厂厂房倒塌事故
388,浙江温岭市大溪镇发生鞋厂厂房倒塌事故,2,False,False,0.0,0.16666666666666666,0.5,0.8867028813482403,-0.12452951818704605,0.0,0.0,0.0,0.0,0,,浙江温陵市大西镇发生斜厂厂房倒塌事故
388,浙江温岭市大溪镇发生鞋厂厂房倒塌事故,3,False,False,0.0,0.16666666666666666,0.5,0.7208225970695805,-0.14315703511238098,0.0,0.0,0.0,0.0,0,,浙江温灵市大西镇发生斜厂厂房倒塌事故
388,浙江温岭市大溪镇发生鞋厂厂房倒塌事故,4,False,True,1.0,0.05555555555555555,0.0,0.5965451634331592,-0.15711276233196259,0.0,0.0,0.0,0.0,0,,浙江温岭市大西镇发生鞋厂厂房倒塌事故
388,浙江温岭市大溪镇发生鞋厂厂房倒塌事故,5,False,False,1.0,0.05555555555555555,0.0,0.5644636282498402,-0.16071535646915436,0.0,0.0,0.0,0.0,0,,浙江温岭市大溪镇发生斜厂厂房倒塌事故
388,浙江温岭市大溪镇发生鞋厂厂房倒塌事故,6,False,False,0.0,0.1111111111111111,0.5,0.5228703981137969,-0.16538606584072113,0.0,0.0,0.0,0.0,0,,浙江温陵市大溪镇发生斜厂厂房倒塌事故
388,浙江温岭市大溪镇发生鞋厂厂房倒塌事故,7,False,False,0.0,0.1111111111111111,0.5,0.4801726011699066,-0.1701808124780655,0.0,0.0,0.0,0.0,0,,浙江温陵市大西镇发生鞋厂厂房倒塌事故
388,浙江温岭市大溪镇发生鞋厂厂房倒塌事故,8,False,False,0.0,0.1111111111111111,0.5,0.32770589011179163,-0.18730205297470093,0.0,0.0,0.0,0.0,0,,浙江温灵市大西镇发生鞋厂厂房倒塌事故
388,浙江温岭市大溪镇发生鞋厂厂房倒塌事故,9,False,False,1.0,0.1111111111111111,0.0,0.2651647707413469,-0.19432510435581207,0.0,0.0,0.0,0.0,0,,浙江温岭市大西镇发生携厂厂房倒塌事故
388,浙江温岭市大溪镇发生鞋厂厂房倒塌事故,10,False,False,0.0,0.1111111111111111,0.5,0.22553173532965692,-0.19877569377422333,0.0,0.0,0.0,0.0,0,,浙江温灵市大溪镇发生斜厂厂房倒塌事故
388,浙江温岭市大溪镇发生鞋厂厂房倒塌事故,11,False,False,0.0,0.16666666666666666,0.5,0.15246020892289344,-0.20698125660419464,0.0,0.0,0.0,0.0,0,,浙江温陵市大西镇发生携厂厂房倒塌事故
388,浙江温岭市大溪镇发生鞋厂厂房倒塌事故,12,False,False,1.0,0.1111111111111111,0.0,0.152291816890318,-0.20700016617774963,0.0,0.0,0.0,0.0,0,,浙江温岭市大西镇发生邪厂厂房倒塌事故
388,浙江温岭市大溪镇发生鞋厂厂房倒塌事故,13,False,False,0.0,0.16666666666666666,0.5,0.041458012262761634,-0.21944624185562134,0.0,0.0,0.0,0.0,0,,浙江温陵市大西镇发生邪厂厂房倒塌事故
388,浙江温岭市大溪镇发生鞋厂厂房倒塌事故,14,False,False,1.0,0.1111111111111111,0.0,0.03203111046119247,-0.22050483524799347,0.0,0.0,0.0,0.0,0,,浙江温岭市大熙镇发生斜厂厂房倒塌事故
388,浙江温岭市大溪镇发生鞋厂厂房倒塌事故,15,False,False,0.0,0.16666666666666666,0.5,0.006117978456966348,-0.22341474890708923,0.0,0.0,0.0,0.0,0,,浙江温灵市大西镇发生携厂厂房倒塌事故
388,浙江温岭市大溪镇发生鞋厂厂房倒塌事故,16,False,False,0.0,0.16666666666666666,0.5,0.0,-0.22410176694393158,0.0,0.0,0.0,0.0,0,,浙江温陵市大熙镇发生斜厂厂房倒塌事故
389,温岭医院助理殴打女病人五年后提拔为副院长,1,True,True,0.0,0.05,0.5,1.0,-0.1865232139825821,0.0,0.637394497791926,0.0,0.0,0,,温玲医院助理殴打女病人五年后提拔为副院长
389,温岭医院助理殴打女病人五年后提拔为副院长,2,False,False,0.0,0.05,0.5,0.9400585488614142,-0.19336046278476715,0.0,0.637394497791926,0.0,0.0,0,,温灵医院助理殴打女病人五年后提拔为副院长
389,温岭医院助理殴打女病人五年后提拔为副院长,3,False,False,0.0,0.1,0.5,0.9139280266258974,-0.19634105265140533,0.0,0.637394497791926,0.0,0.0,0,,温玲医院助理殴打女病人5年后提拔为副院长
389,温岭医院助理殴打女病人五年后提拔为副院长,4,False,False,0.0,0.1,0.5,0.8487364077168282,-0.20377716422080994,0.0,0.637394497791926,0.0,0.0,0,,温灵医院助理殴打女病人5年后提拔为副院长
389,温岭医院助理殴打女病人五年后提拔为副院长,5,False,False,0.0,0.1,1.0,0.0840868145137112,-0.2909972667694092,0.0,0.637394497791926,0.0,0.0,0,,瘟灵医院助理殴打女病人五年后提拔为副院长
389,温岭医院助理殴打女病人五年后提拔为副院长,6,False,False,0.0,0.15,1.0,0.0,-0.3005886673927307,0.0,0.637394497791926,0.0,0.0,0,,瘟灵医院助理殴打女病人5年后提拔为副院长
390,此关于滕灵方此后晋升为副院长一事,1,True,True,1.0,0.375,0.0,1.0,-0.3252626955509186,0.0,0.7719941362738609,0.0,0.0,0,,子冠于滕灵方子后继承为副院长一世
390,此关于滕灵方此后晋升为副院长一事,2,False,False,0.0,0.3125,0.3333333333333333,0.8502671639211853,-0.3780193328857422,0.0,0.7719941362738609,0.0,0.0,0,,此冠于滕陵方辞后继承为副院长一事
390,此关于滕灵方此后晋升为副院长一事,3,False,False,0.0,0.375,0.3333333333333333,0.7689572364328171,-0.40666794776916504,0.0,0.7719941362738609,0.0,0.0,0,,此冠于滕陵方辞后继承为副院长一世
390,此关于滕灵方此后晋升为副院长一事,4,False,False,0.0,0.3125,0.3333333333333333,0.7045404967487042,-0.4293644428253174,0.0,0.7719941362738609,0.0,0.0,0,,此冠于滕陵方辞后即成为副院长一事
390,此关于滕灵方此后晋升为副院长一事,5,False,False,0.0,0.25,0.3333333333333333,0.6499337662191562,-0.4486044943332672,0.0,0.7719941362738609,0.0,0.0,0,,此冠于滕陵方此后继承为副院长一事
390,此关于滕灵方此后晋升为副院长一事,6,False,False,0.0,0.3125,0.3333333333333333,0.5754531797247574,-0.47484686970710754,0.0,0.7719941362738609,0.0,0.0,0,,此冠于滕陵方此后继承为副院长一世
390,此关于滕灵方此后晋升为副院长一事,7,False,False,0.0,0.25,0.3333333333333333,0.32892454288710266,-0.561708390712738,0.0,0.7719941362738609,0.0,0.0,0,,此关于滕陵方辞后继承为副院长一事
390,此关于滕灵方此后晋升为副院长一事,8,False,False,0.0,0.25,0.3333333333333333,0.1415881237472528,-0.627714216709137,0.0,0.7719941362738609,0.0,0.0,0,,此关于滕陵方死后继承为副院长一事
390,此关于滕灵方此后晋升为副院长一事,9,False,False,0.0,0.1875,0.3333333333333333,0.1412521546807672,-0.6278325915336609,0.0,0.7719941362738609,0.0,0.0,0,,此关于滕陵方此后继承为副院长一事
390,此关于滕灵方此后晋升为副院长一事,10,False,False,0.0,0.25,0.3333333333333333,0.0,-0.677601158618927,0.0,0.7719941362738609,0.0,0.0,0,,此观于滕陵方此后继承为副院长一事
391,该医院党委书记杨幼萍向晚报记者表示,1,True,True,1.0,0.0,0.0,1.0,-0.16303642094135284,0.0,0.778192788362503,0.0,0.0,0,,该医院党委书记杨幼萍向晚报记者表示
391,该医院党委书记杨幼萍向晚报记者表示,2,False,False,0.0,0.17647058823529413,0.6666666666666666,0.8515940710263074,-0.2009110003709793,0.0,0.778192788362503,0.0,0.0,0,,该议院党委书记杨又平向晚报记者表示
391,该医院党委书记杨幼萍向晚报记者表示,3,False,False,0.0,0.17647058823529413,1.0,0.6453569955734311,-0.2535446286201477,0.0,0.778192788362503,0.0,0.0,0,,该院党委书记杨又平向晚报记者表示
391,该医院党委书记杨幼萍向晚报记者表示,4,False,False,0.0,0.17647058823529413,0.6666666666666666,0.3555401359354215,-0.3275085985660553,0.0,0.778192788362503,0.0,0.0,0,,该议院党委书记杨祐平向晚报记者表示
391,该医院党委书记杨幼萍向晚报记者表示,5,False,False,0.0,0.11764705882352941,0.3333333333333333,0.0,-0.41824576258659363,0.0,0.778192788362503,0.0,0.0,0,,该议院党委书记杨又萍向晚报记者表示
392,这个数据不及苹果的1个季度,1,True,True,1.0,0.0,0.0,3.85,-0.43456268310546875,1.0,0.6656395792961121,1.0,0.35,3,苹果,这个数据不及苹果的1个季度
392,这个数据不及苹果的1个季度,2,False,False,1.0,0.15384615384615385,0.0,2.907619785962497,-0.5870407819747925,1.0,0.6656395792961121,1.0,0.35,3,苹果,这个数据不及苹果的1个记录
392,这个数据不及苹果的1个季度,3,False,False,1.0,0.15384615384615385,0.0,2.85,-0.5963637232780457,1.0,0.6656395792961121,1.0,0.35,3,苹果,这个数据不及苹果的1个纪录
394,本报记者纪佳鹏北京报道北京时间8月12日,1,True,True,1.0,0.05,0.0,2.5,-0.6242907047271729,1.0,0.687893271446228,0.0,0.0,0,,本报记者纪佳鹏北京报导北京时间8月12日
394,本报记者纪佳鹏北京报道北京时间8月12日,2,False,False,0.0,0.1,0.3333333333333333,1.0,-0.4371933937072754,0.0,0.7738799303770065,0.0,0.0,0,,本报记者纪嘉鹏北京报导北京时间8月12日
394,本报记者纪佳鹏北京报道北京时间8月12日,3,False,False,0.0,0.05,0.3333333333333333,0.6992642814271679,-0.4934602379798889,0.0,0.7738799303770065,0.0,0.0,0,,本报记者纪嘉鹏北京报道北京时间8月12日
395,作为科技股领头羊的苹果股价当天下挫2,1,True,True,1.0,0.05555555555555555,0.0,2.5,-0.5303024053573608,1.0,0.6748483180999756,0.0,0.0,0,,作为科技股领头羊的苹果股价当天下脱2
395,作为科技股领头羊的苹果股价当天下挫2,2,False,False,0.0,0.1111111111111111,0.5,1.0,-0.4175177812576294,0.0,0.7873230377833047,0.0,0.0,0,,作为科技股领头羊的苹国股价当天下脱2
395,作为科技股领头羊的苹果股价当天下挫2,3,False,False,0.0,0.1111111111111111,0.5,0.7310837791959887,-0.4478473961353302,0.0,0.7873230377833047,0.0,0.0,0,,作为科技股领头羊的苹国股价当天下拖2
396,苹果股票每分钟交易量已超过六百七十万股,1,True,False,1.0,0.21052631578947367,0.0,3.5875,-0.26887381076812744,1.0,0.6754730343818665,0.25,0.0875,2,苹果,苹果股票每分钟交易量已超过670万股
396,苹果股票每分钟交易量已超过六百七十万股,2,False,True,1.0,0.0,0.0,2.8882869511123874,-0.3664194643497467,1.0,0.6754730343818665,0.25,0.0875,2,苹果,苹果股票每分钟交易量已超过六百七十万股
396,苹果股票每分钟交易量已超过六百七十万股,3,False,False,0.0,0.3157894736842105,1.0,0.37272275941743654,-0.3563838601112366,0.0,0.0,0.0,0.0,0,,评估股票每分钟交易量已超过670万股
396,苹果股票每分钟交易量已超过六百七十万股,4,False,False,0.0,0.2631578947368421,0.5,0.11933253352200678,-0.3917337656021118,0.0,0.7880518734455108,0.0,0.0,0,,苹国股票每分钟交易量已超过670万股
396,苹果股票每分钟交易量已超过六百七十万股,5,False,False,0.0,0.3157894736842105,1.0,0.0,-0.4083815813064575,0.0,0.7880518734455108,0.0,0.0,0,,平国股票每分钟交易量已超过670万股
397,瞬间将苹果估价拉低了至少6,1,True,True,1.0,0.0,0.0,3.85,-0.3685249388217926,1.0,0.679396390914917,1.0,0.35,2,苹果,瞬间将苹果估价拉低了至少6
397,瞬间将苹果估价拉低了至少6,2,False,False,1.0,0.0,0.0,2.85,-0.6443151235580444,1.0,0.679396390914917,1.0,0.35,2,苹果,瞬间将苹果估价拉低了至少百分之六
398,成为苹果近3个月以来股价下跌最严重的1次,1,True,True,1.0,0.0,0.0,3.5,-0.2477155327796936,1.0,0.6831825971603394,0.0,0.0,0,,成为苹果近3个月以来股价下跌最严重的1次
398,成为苹果近3个月以来股价下跌最严重的1次,2,False,False,0.0,0.05,0.5,0.0,-0.4294690191745758,0.0,0.7970463633537291,0.0,0.0,0,,成为苹国近3个月以来股价下跌最严重的1次
400,此举或与摩根士丹利下调苹果股票持股比例有关,1,True,True,1.0,0.047619047619047616,0.0,2.6906532842013586,-0.4449636936187744,1.0,0.6781557202339172,0.0,0.0,0,,此举或与摩根士丹利夏调苹果股票持股比例有关
400,此举或与摩根士丹利下调苹果股票持股比例有关,2,False,False,0.0,0.14285714285714285,0.5,1.0,-0.35434436798095703,0.0,0.7911816736062367,0.0,0.0,0,,此举或与摩根士单例下调苹国股票持股比例有关
400,此举或与摩根士丹利下调苹果股票持股比例有关,3,False,False,0.0,0.09523809523809523,0.5,0.5807073598945529,-0.4012908935546875,0.0,0.7911816736062367,0.0,0.0,0,,此举或与摩根士丹利夏调苹国股票持股比例有关
400,此举或与摩根士丹利下调苹果股票持股比例有关,4,False,False,0.0,0.14285714285714285,1.0,0.0,-0.46631038188934326,0.0,0.7911816736062367,0.0,0.0,0,,此举或与摩根士丹利夏调平国股票持股比例有关
401,同时将苹果持股比例由4下调至3,1,True,True,1.0,0.0,0.0,3.85,-0.3141407370567322,1.0,0.6733247637748718,1.0,0.35,2,苹果,同时将苹果持股比例由4下调至3
401,同时将苹果持股比例由4下调至3,2,False,False,1.0,0.06666666666666667,0.0,2.85,-0.5621481537818909,1.0,0.6733247637748718,1.0,0.35,2,苹果,同时将苹果持股比例从4下调至3
402,苹果领头的股价闪崩原因可能比想象中的更为复杂,1,True,False,1.0,0.13636363636363635,0.0,3.85,-0.2416967749595642,1.0,0.6724791526794434,1.0,0.35,2,苹果,苹果领头的骨架闪崩的原因可能比想象中的更为复杂
402,苹果领头的股价闪崩原因可能比想象中的更为复杂,2,False,True,1.0,0.09090909090909091,0.0,2.85,-0.33339616656303406,1.0,0.6724791526794434,1.0,0.35,2,苹果,苹果领头的骨架闪崩原因可能比想象中的更为复杂
404,苹果股价相较十月份低点已经上涨约25,1,True,False,1.0,0.1111111111111111,0.0,3.675,-0.2608085572719574,1.0,0.6741304993629456,0.5,0.175,3,苹果,苹果股价相较10月份低点已经上涨约25
404,苹果股价相较十月份低点已经上涨约25,2,False,True,1.0,0.0,0.0,3.3306513274799894,-0.3215353786945343,1.0,0.6741304993629456,0.5,0.175,3,苹果,苹果股价相较十月份低点已经上涨约25
404,苹果股价相较十月份低点已经上涨约25,3,False,False,1.0,0.16666666666666666,0.0,2.8142902137166312,-0.41259706020355225,1.0,0.6741304993629456,0.5,0.175,3,苹果,苹果股价相较10月份低点已上涨约25
404,苹果股价相较十月份低点已经上涨约25,4,False,False,0.0,0.16666666666666666,0.5,0.17940654829853914,-0.4055224359035492,0.0,0.786485582590103,0.0,0.0,0,,苹国股价相较10月份低点已经上涨约25
404,苹果股价相较十月份低点已经上涨约25,5,False,False,0.0,0.05555555555555555,0.5,0.0,-0.43716126680374146,0.0,0.786485582590103,0.0,0.0,0,,苹国股价相较十月份低点已经上涨约25
405,纳斯达克在此期间只涨了十,1,True,False,0.0,0.3333333333333333,0.5,1.0,-0.5446732640266418,0.0,0.6876735091209412,0.0,0.0,0,,维斯答克在此期间只涨了10
405,纳斯达克在此期间只涨了十,2,False,False,0.0,0.25,0.25,0.6633374100262138,-0.5970792174339294,0.0,0.6876735091209412,0.0,0.0,0,,威斯达克在此期间只涨了10
405,纳斯达克在此期间只涨了十,3,False,False,0.0,0.4166666666666667,0.5,0.6337868749889914,-0.6016791462898254,0.0,0.6876735091209412,0.0,0.0,0,,维斯答克在此期间只长了10
405,纳斯达克在此期间只涨了十,4,False,True,0.0,0.08333333333333333,0.25,0.504378551949499,-0.621823251247406,0.0,0.6876735091209412,0.0,0.0,0,,威斯达克在此期间只涨了十
405,纳斯达克在此期间只涨了十,5,False,False,0.0,0.3333333333333333,0.5,0.3644276254272295,-0.6436084508895874,0.0,0.6876735091209412,0.0,0.0,0,,维斯大克在此期间只涨了10
405,纳斯达克在此期间只涨了十,6,False,False,0.0,0.3333333333333333,0.25,0.3019584973774637,-0.6533325910568237,0.0,0.6876735091209412,0.0,0.0,0,,威斯达克在此期间只长了10
405,纳斯达克在此期间只涨了十,7,False,False,0.0,0.16666666666666666,0.25,0.18443065805787576,-0.6716273427009583,0.0,0.6876735091209412,0.0,0.0,0,,威斯达克在此期间只长了十
405,纳斯达克在此期间只涨了十,8,False,False,0.0,0.4166666666666667,0.5,0.0,-0.7003363966941833,0.0,0.6876735091209412,0.0,0.0,0,,维斯大克在此期间只长了10
406,苹果股票每分钟交易量已超过六十七万股,1,True,False,1.0,0.16666666666666666,0.0,3.5875,-0.24672210216522217,1.0,0.6758179068565369,0.25,0.0875,2,苹果,苹果股票每分钟交易量已超过67万股
406,苹果股票每分钟交易量已超过六十七万股,2,False,True,1.0,0.0,0.0,3.202048070327033,-0.382429301738739,1.0,0.6758179068565369,0.25,0.0875,2,苹果,苹果股票每分钟交易量已超过六十七万股
406,苹果股票每分钟交易量已超过六十七万股,3,False,False,0.0,0.2777777777777778,1.0,0.4873855641731129,-0.4271997809410095,0.0,0.0,0.0,0.0,0,,评估股票每分钟交易量已超过67万股
406,苹果股票每分钟交易量已超过六十七万股,4,False,False,0.0,0.2222222222222222,0.5,0.1720602207217304,-0.538217306137085,0.0,0.7884542246659596,0.0,0.0,0,,苹国股票每分钟交易量已超过67万股
406,苹果股票每分钟交易量已超过六十七万股,5,False,False,0.0,0.2777777777777778,1.0,0.0,-0.5987950563430786,0.0,0.7884542246659596,0.0,0.0,0,,平国股票每分钟交易量已超过67万股
407,这不仅创下苹果公司自2014年,1,True,True,1.0,0.0,0.0,3.85,-0.32412755489349365,1.0,0.675873339176178,1.0,0.35,2,苹果,这不仅创下苹果公司自2014年
407,这不仅创下苹果公司自2014年,2,False,False,1.0,0.06666666666666667,0.0,2.85,-0.47377732396125793,1.0,0.675873339176178,1.0,0.35,2,苹果,这不仅创业苹果公司自2014年
408,苹果背后那行字应该在每个中国人心里搜狐科技,1,True,True,1.0,0.0,0.0,3.85,-0.3409002423286438,1.0,0.6774320006370544,1.0,0.35,4,苹果,苹果背后那行字应该在每个中国人心里搜狐科技
408,苹果背后那行字应该在每个中国人心里搜狐科技,2,False,False,1.0,0.09523809523809523,0.0,3.6357030537311004,-0.3533689081668854,1.0,0.6774320006370544,1.0,0.35,4,苹果,苹果背后那行字应该在每个中国人心里搜狐克的
408,苹果背后那行字应该在每个中国人心里搜狐科技,3,False,False,1.0,0.09523809523809523,0.0,3.2952073493609952,-0.3731803297996521,1.0,0.6774320006370544,1.0,0.35,4,苹果,苹果背后那行字应该在每个中国人心里搜狐克第
408,苹果背后那行字应该在每个中国人心里搜狐科技,4,False,False,1.0,0.047619047619047616,0.0,2.85,-0.39908429980278015,1.0,0.6774320006370544,1.0,0.35,4,苹果,苹果背后那行字应该在每个中国人心里搜狐科第
409,翻译过来就是加利福尼亚苹果公司设计,1,True,True,1.0,0.0,0.0,3.85,-0.3298720121383667,1.0,0.6729696989059448,1.0,0.35,3,苹果,翻译过来就是加利福尼亚苹果公司设计
409,翻译过来就是加利福尼亚苹果公司设计,2,False,False,1.0,0.11764705882352941,0.0,2.9921880334329036,-0.43635544180870056,1.0,0.6729696989059448,1.0,0.35,3,苹果,翻译过来就是伽利弗尼亚苹果公司设计
409,翻译过来就是加利福尼亚苹果公司设计,3,False,False,1.0,0.11764705882352941,0.0,2.85,-0.45400577783584595,1.0,0.6729696989059448,1.0,0.35,3,苹果,翻译过来就是迦利弗尼亚苹果公司设计
410,像苹果这样在产品上强调在本国设计的很少,1,True,True,1.0,0.0,0.0,3.85,-0.2831754684448242,1.0,0.6794397830963135,1.0,0.35,3,苹果,像苹果这样在产品上强调在本国设计的很少
410,像苹果这样在产品上强调在本国设计的很少,2,False,False,1.0,0.05263157894736842,0.0,3.0427398756988393,-0.31708505749702454,1.0,0.6794397830963135,1.0,0.35,3,苹果,像苹果这样在产品上强调带本国设计的很少
410,像苹果这样在产品上强调在本国设计的很少,3,False,False,1.0,0.05263157894736842,0.0,2.85,-0.325181245803833,1.0,0.6794397830963135,1.0,0.35,3,苹果,像苹果这样在产品上强调的本国设计的很少
411,意大利选手弗菜戈也说我们在来里约之前,1,True,False,1.0,0.05555555555555555,0.0,3.85,-0.4598521888256073,1.0,0.6885941028594971,1.0,0.35,3,弗菜戈,意大利选手弗菜戈也说我们在来礼约之前
411,意大利选手弗菜戈也说我们在来里约之前,2,False,True,1.0,0.0,0.0,3.1407017181259307,-0.5027060508728027,1.0,0.6885941028594971,1.0,0.35,3,弗菜戈,意大利选手弗菜戈也说我们在来里约之前
411,意大利选手弗菜戈也说我们在来里约之前,3,False,False,1.0,0.05555555555555555,0.0,2.85,-0.5202694535255432,1.0,0.6885941028594971,1.0,0.35,3,弗菜戈,意大利选手弗菜戈也说我们在莱里约之前
412,北京市体育局副局长孙学才宣布比赛开幕,1,True,False,1.0,0.05555555555555555,0.0,3.85,-0.45193442702293396,1.0,0.6912722587585449,1.0,0.35,2,北京市体育局,北京市体育局副局长孙学材宣布比赛开幕
412,北京市体育局副局长孙学才宣布比赛开幕,2,False,True,1.0,0.0,0.0,2.85,-0.5122728943824768,1.0,0.6912722587585449,1.0,0.35,2,北京市体育局,北京市体育局副局长孙学才宣布比赛开幕
413,并邀请京城排球界全部媒体参加报道,1,True,True,1.0,0.0,0.0,3.85,-0.04964898154139519,1.0,0.6769919991493225,1.0,0.35,2,京城,并邀请京城排球界全部媒体参加报道
413,并邀请京城排球界全部媒体参加报道,2,False,False,1.0,0.0625,0.0,2.85,-0.14285188913345337,1.0,0.6769919991493225,1.0,0.35,2,京城,并邀请京城排球界全部媒体参加报导
414,因参演剧集僵而与陈嘉宝及赖慰玲成为好姐妹,1,True,False,0.5,0.3,0.3333333333333333,3.85,-0.8988637328147888,2.0,0.6915137767791748,1.0,0.35,7,赖慰玲;陈嘉宝,应参演剧集姜儿与陈嘉宝集赖威灵成为好姐妹
414,因参演剧集僵而与陈嘉宝及赖慰玲成为好姐妹,2,False,False,1.0,0.2,0.0,3.701987573999179,-0.9176782369613647,2.0,0.6915137767791748,1.0,0.35,7,赖慰玲;陈嘉宝,应参演剧集江儿与陈嘉宝集赖慰玲成为好姐妹
414,因参演剧集僵而与陈嘉宝及赖慰玲成为好姐妹,3,False,True,1.0,0.15,0.0,2.85,-1.0259780883789062,2.0,0.6915137767791748,1.0,0.35,7,赖慰玲;陈嘉宝,应参演剧集姜儿与陈嘉宝及赖慰玲成为好姐妹
414,因参演剧集僵而与陈嘉宝及赖慰玲成为好姐妹,4,False,False,0.5,0.25,0.3333333333333333,1.134913897192427,-0.926204264163971,1.0,0.687997579574585,1.0,0.35,7,陈嘉宝,应参演剧集姜儿与陈嘉宝及蓝慰灵成为好姐妹
414,因参演剧集僵而与陈嘉宝及赖慰玲成为好姐妹,5,False,False,0.5,0.15,0.3333333333333333,1.021586894085927,-0.9406097531318665,1.0,0.687997579574585,1.0,0.35,7,陈嘉宝,因参演剧集将而与陈嘉宝及蓝慰灵成为好姐妹
414,因参演剧集僵而与陈嘉宝及赖慰玲成为好姐妹,6,False,False,0.5,0.15,0.3333333333333333,0.8457167809624289,-0.9629653692245483,1.0,0.687997579574585,1.0,0.35,7,陈嘉宝,因参演剧集然而与陈嘉宝及蓝慰灵成为好姐妹
414,因参演剧集僵而与陈嘉宝及赖慰玲成为好姐妹,7,False,False,0.5,0.25,0.16666666666666666,0.812669245647969,-0.9671661853790283,1.0,0.687997579574585,1.0,0.35,7,陈嘉宝,应参演剧集姜儿与陈嘉宝集赖微玲成为好姐妹
416,除了看见陈嘉宝及赖慰玲外,1,True,False,0.5,0.16666666666666666,0.3333333333333333,3.85,-0.8114813566207886,1.0,0.6902742385864258,1.0,0.35,7,陈嘉宝,除了看见陈嘉宝及赖惠灵外
416,除了看见陈嘉宝及赖慰玲外,2,False,False,0.5,0.16666666666666666,0.3333333333333333,3.841872880858791,-0.8166506290435791,1.0,0.6902742385864258,1.0,0.35,7,陈嘉宝,除了看见陈嘉宝及赖惠琳外
416,除了看见陈嘉宝及赖慰玲外,3,False,False,0.5,0.16666666666666666,0.3333333333333333,3.793388391880715,-0.8474892973899841,1.0,0.6902742385864258,1.0,0.35,7,陈嘉宝,除了看见陈嘉宝及赖威琳外
416,除了看见陈嘉宝及赖慰玲外,4,False,True,0.5,0.08333333333333333,0.16666666666666666,3.7768366234081197,-0.858017086982727,1.0,0.6902742385864258,1.0,0.35,7,陈嘉宝,除了看见陈嘉宝及赖惠玲外
416,除了看见陈嘉宝及赖慰玲外,5,False,False,0.5,0.08333333333333333,0.16666666666666666,3.767966662749576,-0.8636588454246521,1.0,0.6902742385864258,1.0,0.35,7,陈嘉宝,除了看见陈嘉宝及赖慰琳外
416,除了看见陈嘉宝及赖慰玲外,6,False,False,0.5,0.08333333333333333,0.16666666666666666,3.5544743667667302,-0.9994511008262634,1.0,0.6902742385864258,1.0,0.35,7,陈嘉宝,除了看见陈嘉宝及赖威玲外
416,除了看见陈嘉宝及赖慰玲外,7,False,False,0.5,0.08333333333333333,0.16666666666666666,2.85,-1.4475336074829102,1.0,0.6902742385864258,1.0,0.35,7,陈嘉宝,除了看见陈嘉宝及赖微玲外
417,亮点正是与陈凯琳互相了解中郑嘉颖也有出席,1,True,True,1.0,0.0,0.0,3.85,-0.496917188167572,1.0,0.688768208026886,1.0,0.35,7,郑嘉颖,亮点正是与陈凯琳互相了解中郑嘉颖也有出席
417,亮点正是与陈凯琳互相了解中郑嘉颖也有出席,2,False,False,1.0,0.05,0.0,3.729532512784114,-0.5058196187019348,1.0,0.688768208026886,1.0,0.35,7,郑嘉颖,亮点正是与陈凯玲互相了解中郑嘉颖也有出席
417,亮点正是与陈凯琳互相了解中郑嘉颖也有出席,3,False,False,1.0,0.05,0.0,3.680898840154216,-0.5094135999679565,1.0,0.688768208026886,1.0,0.35,7,郑嘉颖,亮点正是与陈凯林互相了解中郑嘉颖也有出席
417,亮点正是与陈凯琳互相了解中郑嘉颖也有出席,4,False,False,1.0,0.05,0.0,3.434287235243826,-0.5276379585266113,1.0,0.688768208026886,1.0,0.35,7,郑嘉颖,亮点正是与陈凯霖互相了解中郑嘉颖也有出席
417,亮点正是与陈凯琳互相了解中郑嘉颖也有出席,5,False,False,1.0,0.05,0.0,3.2729339742865897,-0.5395618081092834,1.0,0.688768208026886,1.0,0.35,7,郑嘉颖,亮点正是与陈凯麟互相了解中郑嘉颖也有出席
417,亮点正是与陈凯琳互相了解中郑嘉颖也有出席,6,False,False,1.0,0.05,0.0,2.964239970318272,-0.5623739957809448,1.0,0.688768208026886,1.0,0.35,7,郑嘉颖,亮点正是与陈凯琳互相了解中郑嘉颖也有出息
417,亮点正是与陈凯琳互相了解中郑嘉颖也有出席,7,False,False,1.0,0.1,0.0,2.85,-0.5708162188529968,1.0,0.688768208026886,1.0,0.35,7,郑嘉颖,亮点正是与陈凯玲互相了解中郑嘉颖也有出息
418,陈凯琳田心妮等出席新剧开机机仪式,1,True,True,1.0,0.125,0.0,2.5,-0.6165204644203186,1.0,0.6861011385917664,0.0,0.0,0,,陈凯玲田心妮等出席新剧开机仪式
418,陈凯琳田心妮等出席新剧开机机仪式,2,False,False,0.0,0.1875,0.3333333333333333,1.0,-0.27305808663368225,0.0,0.7718637809157372,0.0,0.0,0,,陈凯玲田馨妮等出席新剧开机仪式
418,陈凯琳田心妮等出席新剧开机机仪式,3,False,False,0.0,0.25,0.6666666666666666,0.9727110979605951,-0.2824307978153229,0.0,0.7718637809157372,0.0,0.0,0,,陈凯玲田馨霓等出席新剧开机仪式
418,陈凯琳田心妮等出席新剧开机机仪式,4,False,False,0.0,0.1875,0.3333333333333333,0.7936557918936613,-0.34392955899238586,0.0,0.7718637809157372,0.0,0.0,0,,陈凯玲田欣妮等出席新剧开机仪式
418,陈凯琳田心妮等出席新剧开机机仪式,5,False,False,0.0,0.1875,0.3333333333333333,0.743615118330783,-0.3611166477203369,0.0,0.7718637809157372,0.0,0.0,0,,陈凯玲田新妮等出席新剧开机仪式
418,陈凯琳田心妮等出席新剧开机机仪式,6,False,False,0.0,0.1875,0.3333333333333333,0.7023854448082529,-0.37527748942375183,0.0,0.7718637809157372,0.0,0.0,0,,陈凯玲田心尼等出席新剧开机仪式
418,陈凯琳田心妮等出席新剧开机机仪式,7,False,False,0.0,0.1875,0.3333333333333333,0.6441146113754953,-0.3952913284301758,0.0,0.7718637809157372,0.0,0.0,0,,陈凯玲田心霓等出席新剧开机仪式
418,陈凯琳田心妮等出席新剧开机机仪式,8,False,False,0.0,0.1875,0.3333333333333333,0.4622065592248291,-0.45776990056037903,0.0,0.7718637809157372,0.0,0.0,0,,陈凯霖田心霓等出席新剧开机仪式
418,陈凯琳田心妮等出席新剧开机机仪式,9,False,False,0.0,0.1875,0.3333333333333333,0.23760475882854934,-0.5349121689796448,0.0,0.7718637809157372,0.0,0.0,0,,陈凯玲田忻妮等出席新剧开机仪式
419,谈及此前她曾到横店探班郑嘉颖,1,True,False,1.0,0.42857142857142855,0.0,3.85,-0.7019627094268799,1.0,0.6918704509735107,1.0,0.35,13,郑嘉颖,谭继此前他曾到恒殿太班郑嘉颖
419,谈及此前她曾到横店探班郑嘉颖,2,False,False,1.0,0.35714285714285715,0.0,3.8161185214725113,-0.7101259827613831,1.0,0.6918704509735107,1.0,0.35,13,郑嘉颖,谭继此前他曾到恒殿探班郑嘉颖
419,谈及此前她曾到横店探班郑嘉颖,3,False,False,1.0,0.2857142857142857,0.0,3.6783205986386753,-0.7433264851570129,1.0,0.6918704509735107,1.0,0.35,13,郑嘉颖,谈及此前他曾到恒殿太班郑嘉颖
419,谈及此前她曾到横店探班郑嘉颖,4,False,False,1.0,0.21428571428571427,0.0,3.656958669924928,-0.7484733462333679,1.0,0.6918704509735107,1.0,0.35,13,郑嘉颖,谈及此前他曾到恒殿探班郑嘉颖
419,谈及此前她曾到横店探班郑嘉颖,5,False,False,1.0,0.2857142857142857,0.0,3.6027515697987105,-0.761533796787262,1.0,0.6918704509735107,1.0,0.35,13,郑嘉颖,谈及此前他曾到恒电太班郑嘉颖
419,谈及此前她曾到横店探班郑嘉颖,6,False,False,1.0,0.2857142857142857,0.0,3.557812602820517,-0.7723612189292908,1.0,0.6918704509735107,1.0,0.35,13,郑嘉颖,谈及此前他曾到恒甸太班郑嘉颖
419,谈及此前她曾到横店探班郑嘉颖,7,False,False,1.0,0.14285714285714285,0.0,3.459993770777475,-0.7959293127059937,1.0,0.6918704509735107,1.0,0.35,13,郑嘉颖,谈及此前她曾到恒殿探班郑嘉颖
419,谈及此前她曾到横店探班郑嘉颖,8,False,False,1.0,0.21428571428571427,0.0,3.3129472584246646,-0.8313581347465515,1.0,0.6918704509735107,1.0,0.35,13,郑嘉颖,谈及此前他曾到恒定探班郑嘉颖
419,谈及此前她曾到横店探班郑嘉颖,9,False,False,1.0,0.21428571428571427,0.0,3.30812864061938,-0.8325191140174866,1.0,0.6918704509735107,1.0,0.35,13,郑嘉颖,谭继此前他曾到横店探班郑嘉颖
419,谈及此前她曾到横店探班郑嘉颖,10,False,False,1.0,0.14285714285714285,0.0,3.2807551905652264,-0.8391143679618835,1.0,0.6918704509735107,1.0,0.35,13,郑嘉颖,谈及此前他曾到横店太班郑嘉颖
419,谈及此前她曾到横店探班郑嘉颖,11,False,False,1.0,0.07142857142857142,0.0,3.1432613072263433,-0.8722416162490845,1.0,0.6918704509735107,1.0,0.35,13,郑嘉颖,谈及此前她曾到横店太班郑嘉颖
419,谈及此前她曾到横店探班郑嘉颖,12,False,False,1.0,0.07142857142857142,0.0,3.0409199804662665,-0.8968993425369263,1.0,0.6918704509735107,1.0,0.35,13,郑嘉颖,谈及此前他曾到横店探班郑嘉颖
419,谈及此前她曾到横店探班郑嘉颖,13,False,True,1.0,0.0,0.0,2.85,-0.9428988695144653,1.0,0.6918704509735107,1.0,0.35,13,郑嘉颖,谈及此前她曾到横店探班郑嘉颖
420,昨晚张保仔播映大结局故演员齐集饭局以及庆祝,1,True,False,1.0,0.14285714285714285,0.0,2.7969006243204233,-0.5239616632461548,1.0,0.6875748038291931,0.4,0.13999999999999999,3,张保仔,昨晚张保仔播映大结局故演员齐聚饭局与集庆祝
420,昨晚张保仔播映大结局故演员齐集饭局以及庆祝,2,False,True,1.0,0.047619047619047616,0.0,2.776045770521399,-0.5317049622535706,1.0,0.6875748038291931,0.4,0.13999999999999999,3,张保仔,昨晚张保仔播映大结局故演员齐聚饭局以及庆祝
420,昨晚张保仔播映大结局故演员齐集饭局以及庆祝,3,False,False,1.0,0.14285714285714285,0.0,2.64,-0.5822180509567261,1.0,0.6875748038291931,0.4,0.13999999999999999,3,张保仔,昨晚张保仔播映大结局故演员齐聚饭局与吉庆祝
420,昨晚张保仔播映大结局故演员齐集饭局以及庆祝,4,False,False,0.0,0.09523809523809523,0.3333333333333333,1.0,-0.2109232395887375,0.0,0.7735216543078423,0.0,0.0,0,,昨晚张宝仔播映大结局故演员齐聚饭局以及庆祝
420,昨晚张保仔播映大结局故演员齐集饭局以及庆祝,5,False,False,0.0,0.19047619047619047,0.3333333333333333,0.9834150126099779,-0.21708115935325623,0.0,0.7735216543078423,0.0,0.0,0,,昨晚张宝仔播映大结局故演员齐聚饭局与集庆祝
420,昨晚张保仔播映大结局故演员齐集饭局以及庆祝,6,False,False,0.0,0.19047619047619047,0.3333333333333333,0.8383579469468707,-0.2709400951862335,0.0,0.7735216543078423,0.0,0.0,0,,昨晚张宝仔播映大结局故演员齐聚饭局与吉庆祝
421,一直传他跟洪永城不和,1,True,True,1.0,0.0,0.0,3.85,-0.6829741597175598,1.0,0.688163161277771,1.0,0.35,5,洪永城,一直传他跟洪永城不和
421,一直传他跟洪永城不和,2,False,False,1.0,0.1,0.0,3.4537989858420253,-0.7769973278045654,1.0,0.688163161277771,1.0,0.35,5,洪永城,一直传她跟洪永城不和
421,一直传他跟洪永城不和,3,False,False,1.0,0.1,0.0,3.0433016043729,-0.8744131922721863,1.0,0.688163161277771,1.0,0.35,5,洪永城,一直传他与洪永城不和
421,一直传他跟洪永城不和,4,False,False,1.0,0.1,0.0,2.9996517207004216,-0.8847718238830566,1.0,0.688163161277771,1.0,0.35,5,洪永城,一直传他跟洪永城不合
421,一直传他跟洪永城不和,5,False,False,1.0,0.1,0.0,2.85,-0.9202859401702881,1.0,0.688163161277771,1.0,0.35,5,洪永城,一直传他和洪永城不和
422,温岭鞋厂倒塌事故已14人遇难鞋厂老板被控制,1,True,True,1.0,0.14285714285714285,0.0,3.85,-0.8352680206298828,1.0,0.66513991355896,1.0,0.35,6,温岭,温岭鞋厂倒塌事故已依次人遇难雪厂老板被控制
422,温岭鞋厂倒塌事故已14人遇难鞋厂老板被控制,2,False,False,1.0,0.14285714285714285,0.0,3.709398600136264,-0.8457602262496948,1.0,0.66513991355896,1.0,0.35,6,温岭,温岭鞋厂倒塌事故已依次人遇难携厂老板被控制
422,温岭鞋厂倒塌事故已14人遇难鞋厂老板被控制,3,False,False,1.0,0.14285714285714285,0.0,3.6742446558608415,-0.8483835458755493,1.0,0.66513991355896,1.0,0.35,6,温岭,温岭鞋厂倒塌事故已依次人遇难斜厂老板被控制
422,温岭鞋厂倒塌事故已14人遇难鞋厂老板被控制,4,False,False,1.0,0.14285714285714285,0.0,3.0246538879645746,-0.8968584537506104,1.0,0.66513991355896,1.0,0.35,6,温岭,温岭鞋厂倒塌事故已依次人遇难行厂老板被控制
422,温岭鞋厂倒塌事故已14人遇难鞋厂老板被控制,5,False,False,1.0,0.19047619047619047,0.0,3.0131848457522055,-0.8977143168449402,1.0,0.66513991355896,1.0,0.35,6,温岭,温岭鞋厂倒塌事故已依次人遇难携场老板被控制
422,温岭鞋厂倒塌事故已14人遇难鞋厂老板被控制,6,False,False,1.0,0.14285714285714285,0.0,2.85,-0.9098917841911316,1.0,0.66513991355896,1.0,0.35,6,温岭,温岭鞋厂倒塌事故已依次人遇难血厂老板被控制
423,新京报快讯记者杨锋7月4日下午四时零八分,1,True,True,1.0,0.15,0.0,3.85,-0.24769245088100433,1.0,0.6793193817138672,1.0,0.35,7,新京报,新京报快讯记者杨锋7月4日下午4时8分
423,新京报快讯记者杨锋7月4日下午四时零八分,2,False,False,0.5,0.1,0.2,3.78957620788615,-0.2557314336299896,1.0,0.6793193817138672,1.0,0.35,7,新京报,新京报快讯记者杨峰7月4日下午四十零八分
423,新京报快讯记者杨锋7月4日下午四时零八分,3,False,False,0.5,0.05,0.2,3.7171349035385677,-0.2653692662715912,1.0,0.6793193817138672,1.0,0.35,7,新京报,新京报快讯记者杨峰7月4日下午四时零八分
423,新京报快讯记者杨锋7月4日下午四时零八分,4,False,False,0.5,0.2,0.2,3.5697053622339623,-0.2849837839603424,1.0,0.6793193817138672,1.0,0.35,7,新京报,新京报快讯记者杨峰7月4日下午40零8分
423,新京报快讯记者杨锋7月4日下午四时零八分,5,False,False,0.5,0.25,0.2,3.3596486073016325,-0.3129304349422455,1.0,0.6793193817138672,1.0,0.35,7,新京报,新京报快讯记者杨峰7月4日下午4008分
423,新京报快讯记者杨锋7月4日下午四时零八分,6,False,False,0.5,0.25,0.2,3.2508155112452006,-0.327409952878952,1.0,0.6793193817138672,1.0,0.35,7,新京报,新京报快讯记者杨峰7月4日下午40点8分
423,新京报快讯记者杨锋7月4日下午四时零八分,7,False,False,0.5,0.25,0.2,2.85,-0.3807357847690582,1.0,0.6793193817138672,1.0,0.35,7,新京报,新京报快讯记者杨峰7月4日下午408分
424,浙江台州温岭市一一零指挥中心接警称,1,True,False,1.0,0.4117647058823529,0.0,1.0,-0.19777962565422058,0.0,0.6772024035453796,0.0,0.0,0,,浙江台州温岭市110指挥钟欣接京城
424,浙江台州温岭市一一零指挥中心接警称,2,False,True,1.0,0.23529411764705882,0.0,0.9870211873909186,-0.20075491070747375,0.0,0.6772024035453796,0.0,0.0,0,,浙江台州温岭市110指挥中心街警称
424,浙江台州温岭市一一零指挥中心接警称,3,False,False,1.0,0.23529411764705882,0.0,0.9151702238992729,-0.21722614765167236,0.0,0.7993228534857431,0.0,0.0,0,,浙江台州温岭市110指挥中心接警车
424,浙江台州温岭市一一零指挥中心接警称,4,False,False,1.0,0.23529411764705882,0.0,0.9147444610199459,-0.21732375025749207,0.0,0.6772024035453796,0.0,0.0,0,,浙江台州温岭市110指挥中心接警呈
424,浙江台州温岭市一一零指挥中心接警称,5,False,False,1.0,0.29411764705882354,0.0,0.5825610124706272,-0.2934740483760834,0.0,0.7993228534857431,0.0,0.0,0,,浙江台州温岭市110指挥中心接近城
424,浙江台州温岭市一一零指挥中心接警称,6,False,False,1.0,0.35294117647058826,0.0,0.5379193520603999,-0.3037077784538269,0.0,0.6772024035453796,0.0,0.0,0,,浙江台州温岭市110指挥中心街景城
424,浙江台州温岭市一一零指挥中心接警称,7,False,False,0.0,0.29411764705882354,0.5,0.3861388507002337,-0.3385021984577179,0.0,0.7993228534857431,0.0,0.0,0,,浙江台州温林市110指挥中心接警车
424,浙江台州温岭市一一零指挥中心接警称,8,False,False,1.0,0.29411764705882354,0.0,0.35363448744324516,-0.3459535539150238,0.0,0.7993228534857431,0.0,0.0,0,,浙江台州温岭市110指挥中心街警车
424,浙江台州温岭市一一零指挥中心接警称,9,False,False,1.0,0.29411764705882354,0.0,0.0,-0.427021324634552,0.0,0.6772024035453796,0.0,0.0,0,,浙江台州温岭市110指挥中心街警城
425,新京报记者从温岭市政府新闻办获悉,1,True,True,1.0,0.0,0.0,3.85,-0.3260049819946289,1.0,0.6866509318351746,1.0,0.35,6,新京报,新京报记者从温岭市政府新闻办获悉
425,新京报记者从温岭市政府新闻办获悉,2,False,False,0.5,0.0625,0.2,3.5106444053233896,-0.3832988142967224,1.0,0.6866509318351746,1.0,0.35,6,新京报,新京报记者从汶岭市政府新闻办获悉
425,新京报记者从温岭市政府新闻办获悉,3,False,False,0.5,0.0625,0.2,3.2908640226003825,-0.4204046130180359,1.0,0.6866509318351746,1.0,0.35,6,新京报,新京报记者从翁岭市政府新闻办获悉
425,新京报记者从温岭市政府新闻办获悉,4,False,False,0.5,0.0625,0.2,3.0512428162428598,-0.46086016297340393,1.0,0.6866509318351746,1.0,0.35,6,新京报,新京报记者从文岭市政府新闻办获悉
425,新京报记者从温岭市政府新闻办获悉,5,False,False,0.5,0.125,0.4,2.9786597069004137,-0.4731144607067108,1.0,0.6866509318351746,1.0,0.35,6,新京报,新京报记者从瘟疫市政府新闻办获悉
425,新京报记者从温岭市政府新闻办获悉,6,False,False,0.5,0.0625,0.2,2.85,-0.4948362410068512,1.0,0.6866509318351746,1.0,0.35,6,新京报,新京报记者从温林市政府新闻办获悉
426,前往温州龙湾万达广场游玩的市民,1,True,True,1.0,0.0,0.0,2.5,-0.4816858768463135,1.0,0.6793007254600525,0.0,0.0,0,,前往温州龙湾万达广场游玩的市民
426,前往温州龙湾万达广场游玩的市民,2,False,False,0.0,0.06666666666666667,0.5,1.0,-0.21985842287540436,0.0,0.7925175130367278,0.0,0.0,0,,前往温州隆湾万达广场游玩的市民
427,温州网8月27日讯记者项锐见习记者黄梦思,1,True,True,1.0,0.05,0.0,1.0,-0.2650936543941498,0.0,0.805259863535563,0.0,0.0,0,,温州网8月27日讯记者项锐见习记者黄孟思
427,温州网8月27日讯记者项锐见习记者黄梦思,2,False,False,0.0,0.05,0.5,0.7228164651387488,-0.2825350761413574,0.0,0.805259863535563,0.0,0.0,0,,温州网8月27日讯记者项瑞见习记者黄梦思
427,温州网8月27日讯记者项锐见习记者黄梦思,3,False,False,0.0,0.15,0.5,0.3219800413949237,-0.3077571988105774,0.0,0.805259863535563,0.0,0.0,0,,温州网8月27日训记者项瑞见习记者黄孟思
427,温州网8月27日讯记者项锐见习记者黄梦思,4,False,False,0.0,0.1,0.5,0.0,-0.32801738381385803,0.0,0.805259863535563,0.0,0.0,0,,温州网8月27日训记者项瑞见习记者黄梦思
428,金报讯记者蓝莹9月11日上午,1,True,False,1.0,0.07142857142857142,0.0,3.85,-0.7920931577682495,2.0,0.6893225908279419,1.0,0.35,2,蓝莹;金报讯,金报讯记者蓝莹9月1日上午
428,金报讯记者蓝莹9月11日上午,2,False,True,1.0,0.0,0.0,2.85,-0.8957098126411438,2.0,0.6893225908279419,1.0,0.35,2,蓝莹;金报讯,金报讯记者蓝莹9月11日上午
429,温州一住持被免政协委员遭准儿媳举报娶妻开路虎,1,True,False,1.0,0.09090909090909091,0.0,3.85,-0.1860324591398239,1.0,0.6731542944908142,1.0,0.35,7,政协,温州一住持背面政协委员遭准儿媳举报娶妻开路虎
429,温州一住持被免政协委员遭准儿媳举报娶妻开路虎,2,False,True,1.0,0.0,0.0,3.578942636350234,-0.2140042632818222,1.0,0.6731542944908142,1.0,0.35,7,政协,温州一住持被免政协委员遭准儿媳举报娶妻开路虎
429,温州一住持被免政协委员遭准儿媳举报娶妻开路虎,3,False,False,1.0,0.09090909090909091,0.0,3.234080334899136,-0.2495923787355423,1.0,0.6731542944908142,1.0,0.35,7,政协,温州一住持被免政协委员遭准儿媳举报娶妻开陆户
429,温州一住持被免政协委员遭准儿媳举报娶妻开路虎,4,False,False,1.0,0.09090909090909091,0.0,3.025186406844807,-0.271149218082428,1.0,0.6731542944908142,1.0,0.35,7,政协,温州一住持被免政协委员遭准儿媳举报娶妻开露户
429,温州一住持被免政协委员遭准儿媳举报娶妻开路虎,5,False,False,1.0,0.18181818181818182,0.0,3.008168249243463,-0.2729054093360901,1.0,0.6731542944908142,1.0,0.35,7,政协,温州一住持背面政协委员遭准儿媳举报娶妻开陆户
429,温州一住持被免政协委员遭准儿媳举报娶妻开路虎,6,False,False,1.0,0.045454545454545456,0.0,2.9095762586189298,-0.2830796241760254,1.0,0.6731542944908142,1.0,0.35,7,政协,温州一住持被免政协委员遭准儿媳举报娶妻开陆虎
429,温州一住持被免政协委员遭准儿媳举报娶妻开路虎,7,False,False,1.0,0.09090909090909091,0.0,2.85,-0.28922760486602783,1.0,0.6731542944908142,1.0,0.35,7,政协,温州一住持被免政协委员遭准儿媳举报娶妻开陆湖
430,关于中国嵩山少林寺方丈齐永信的举报风波尚未停歇,1,True,True,0.0,0.043478260869565216,0.5,1.0,-0.06892788410186768,0.0,0.0,0.0,0.0,0,,关于中国东山少林寺方丈齐永信的举报风波尚未停歇
430,关于中国嵩山少林寺方丈齐永信的举报风波尚未停歇,2,False,False,0.0,0.08695652173913043,0.5,0.2737808169249802,-0.1498049646615982,0.0,0.0,0.0,0.0,0,,关于中国东山少林寺方丈齐勇信的举报风波尚未停歇
430,关于中国嵩山少林寺方丈齐永信的举报风波尚未停歇,3,False,False,0.0,0.13043478260869565,0.5,0.19099796701354368,-0.15902426838874817,0.0,0.0,0.0,0.0,0,,关于中国东山少林寺坊长齐永信的举报风波尚未停歇
430,关于中国嵩山少林寺方丈齐永信的举报风波尚未停歇,4,False,False,0.0,0.08695652173913043,0.5,0.0,-0.1802951991558075,0.0,0.0,0.0,0.0,0,,关于中国东山少林寺方丈齐永幸的举报风波尚未停歇
432,温州永嘉县桥下镇吴山村的潘老伯1家六口,1,True,False,1.0,0.05263157894736842,0.0,3.8266666666666667,-0.15979529917240143,1.0,0.6826106309890747,0.9333333333333333,0.32666666666666666,15,桥下镇,温州永嘉县桥下镇吴山村的潘老婆1家六口
432,温州永嘉县桥下镇吴山村的潘老伯1家六口,2,False,True,1.0,0.0,0.0,3.665484297676189,-0.17296640574932098,1.0,0.6826106309890747,0.9333333333333333,0.32666666666666666,15,桥下镇,温州永嘉县桥下镇吴山村的潘老伯1家六口
432,温州永嘉县桥下镇吴山村的潘老伯1家六口,3,False,False,1.0,0.10526315789473684,0.0,3.6058003682822144,-0.17784351110458374,1.0,0.6826106309890747,0.9333333333333333,0.32666666666666666,15,桥下镇,温州永佳县桥下镇吴山村的潘老婆1家六口
432,温州永嘉县桥下镇吴山村的潘老伯1家六口,4,False,False,1.0,0.10526315789473684,0.0,3.4884066743036537,-0.18743640184402466,1.0,0.6826106309890747,0.9333333333333333,0.32666666666666666,15,桥下镇,温州永家县桥下镇吴山村的潘老婆1家六口
432,温州永嘉县桥下镇吴山村的潘老伯1家六口,5,False,False,1.0,0.05263157894736842,0.0,3.4317757162046,-0.19206403195858002,1.0,0.6826106309890747,0.9333333333333333,0.32666666666666666,15,桥下镇,温州永佳县桥下镇吴山村的潘老伯1家六口
432,温州永嘉县桥下镇吴山村的潘老伯1家六口,6,False,False,1.0,0.05263157894736842,0.0,3.3110092019494375,-0.20193253457546234,1.0,0.6826106309890747,0.9333333333333333,0.32666666666666666,15,桥下镇,温州永家县桥下镇吴山村的潘老伯1家六口
432,温州永嘉县桥下镇吴山村的潘老伯1家六口,7,False,False,1.0,0.10526315789473684,0.0,3.2068817641950766,-0.21044136583805084,1.0,0.6826106309890747,0.9333333333333333,0.32666666666666666,15,桥下镇,温州永嘉县桥下镇无山村的潘老婆1家六口
432,温州永嘉县桥下镇吴山村的潘老伯1家六口,8,False,False,1.0,0.10526315789473684,0.0,3.204967411509968,-0.21059779822826385,1.0,0.6826106309890747,0.9333333333333333,0.32666666666666666,15,桥下镇,温州永嘉县桥下镇吴山村的潘老婆1家6口
432,温州永嘉县桥下镇吴山村的潘老伯1家六口,9,False,False,1.0,0.05263157894736842,0.0,3.2008817693009894,-0.210931658744812,1.0,0.6826106309890747,0.9333333333333333,0.32666666666666666,15,桥下镇,温州永嘉县桥下镇无山村的潘老伯1家六口
432,温州永嘉县桥下镇吴山村的潘老伯1家六口,10,False,False,1.0,0.15789473684210525,0.0,3.024192560028214,-0.2253699153661728,1.0,0.6826106309890747,0.9333333333333333,0.32666666666666666,15,桥下镇,温州永佳县桥下镇吴山村的潘老婆1家6口
432,温州永嘉县桥下镇吴山村的潘老伯1家六口,11,False,False,1.0,0.10526315789473684,0.0,2.997337280933536,-0.22756440937519073,1.0,0.6826106309890747,0.9333333333333333,0.32666666666666666,15,桥下镇,温州永佳县桥下镇无山村的潘老伯1家六口
432,温州永嘉县桥下镇吴山村的潘老伯1家六口,12,False,False,1.0,0.15789473684210525,0.0,2.9970845382376354,-0.2275850623846054,1.0,0.6826106309890747,0.9333333333333333,0.32666666666666666,15,桥下镇,温州永佳县桥下镇无山村的潘老婆1家六口
432,温州永嘉县桥下镇吴山村的潘老伯1家六口,13,False,False,1.0,0.05263157894736842,0.0,2.965326670846221,-0.23018017411231995,1.0,0.6826106309890747,0.9333333333333333,0.32666666666666666,15,桥下镇,温州永嘉县桥下镇吴山村的潘老伯1家6口
432,温州永嘉县桥下镇吴山村的潘老伯1家六口,14,False,False,1.0,0.15789473684210525,0.0,2.8547703415017,-0.23921434581279755,1.0,0.6826106309890747,0.9333333333333333,0.32666666666666666,15,桥下镇,温州永家县桥下镇无山村的潘老婆1家六口
432,温州永嘉县桥下镇吴山村的潘老伯1家六口,15,False,False,1.0,0.10526315789473684,0.0,2.8266666666666667,-0.24151085317134857,1.0,0.6826106309890747,0.9333333333333333,0.32666666666666666,15,桥下镇,温州永家县桥下镇无山村的潘老伯1家六口
432,温州永嘉县桥下镇吴山村的潘老伯1家六口,16,False,False,0.0,0.15789473684210525,0.6666666666666666,0.09655865107612588,-0.2336205095052719,0.0,0.767936959862709,0.0,0.0,0,,温州永嘉县乔夏镇吴山村的潘老婆1家六口
433,伟嘉安捷提供数据显示,1,True,True,1.0,0.0,0.0,2.5,-0.873388409614563,1.0,0.6858901381492615,0.0,0.0,0,,伟嘉安捷提供数据显示
433,伟嘉安捷提供数据显示,2,False,False,0.0,0.1,0.25,1.0,-0.6018312573432922,0.0,0.7544791519641877,0.0,0.0,0,,伟嘉安杰提供数据显示
433,伟嘉安捷提供数据显示,3,False,False,0.0,0.2,0.25,0.8337784266939247,-0.6469699144363403,0.0,0.7544791519641877,0.0,0.0,0,,伟嘉安杰提供的数据显示
434,在自愿基础上组建联合社,1,True,True,1.0,0.0,0.0,3.57,-0.4773087203502655,1.0,0.6611664295196533,0.2,0.06999999999999999,2,联合社,在自愿基础上组建联合社
434,在自愿基础上组建联合社,2,False,False,1.0,0.09090909090909091,0.0,2.9634318536337925,-0.71896892786026,1.0,0.6611664295196533,0.2,0.06999999999999999,2,联合社,在自愿基础上组织联合社
434,在自愿基础上组建联合社,3,False,False,0.0,0.09090909090909091,0.3333333333333333,0.5319771575648828,-0.6637716889381409,0.0,0.74381223320961,0.0,0.0,0,,在自愿基础上组建联和社
434,在自愿基础上组建联合社,4,False,False,0.0,0.09090909090909091,0.3333333333333333,0.5214900918046507,-0.6679497957229614,0.0,0.0,0.0,0.0,0,,在自愿基础上组建联会社
434,在自愿基础上组建联合社,5,False,False,0.0,0.09090909090909091,0.3333333333333333,0.44527114451623045,-0.6983158588409424,0.0,0.74381223320961,0.0,0.0,0,,在自愿基础上组建联核社
434,在自愿基础上组建联合社,6,False,False,0.0,0.2727272727272727,0.3333333333333333,0.0,-0.8757144212722778,0.0,0.74381223320961,0.0,0.0,0,,在资源基础上组建联和社
435,实施一村一品强村富民工程,1,True,False,1.0,0.3333333333333333,0.0,3.85,-1.097847580909729,1.0,0.6829679012298584,1.0,0.35,9,一村一品强村,只是一村一品强村部民工厂
435,实施一村一品强村富民工程,2,False,False,1.0,0.3333333333333333,0.0,3.5851717140544985,-1.1547259092330933,1.0,0.6829679012298584,1.0,0.35,9,一村一品强村,只是一村一品强村不明工程
435,实施一村一品强村富民工程,3,False,True,1.0,0.25,0.0,3.504557080200571,-1.1720398664474487,1.0,0.6829679012298584,1.0,0.35,9,一村一品强村,只是一村一品强村部民工程
435,实施一村一品强村富民工程,4,False,False,1.0,0.25,0.0,3.2130650212193435,-1.234644889831543,1.0,0.6829679012298584,1.0,0.35,9,一村一品强村,只是一村一品强村不民工程
435,实施一村一品强村富民工程,5,False,False,1.0,0.3333333333333333,0.0,3.211901648370557,-1.2348947525024414,1.0,0.6829679012298584,1.0,0.35,9,一村一品强村,只是一村一品强村不名工程
435,实施一村一品强村富民工程,6,False,False,1.0,0.3333333333333333,0.0,3.144391610394426,-1.249394178390503,1.0,0.6829679012298584,1.0,0.35,9,一村一品强村,只是一村一品强村部明工程
435,实施一村一品强村富民工程,7,False,False,1.0,0.3333333333333333,0.0,3.059741804493417,-1.2675747871398926,1.0,0.6829679012298584,1.0,0.35,9,一村一品强村,只是一村一品强村布民工厂
435,实施一村一品强村富民工程,8,False,False,1.0,0.3333333333333333,0.0,2.860667951409202,-1.3103307485580444,1.0,0.6829679012298584,1.0,0.35,9,一村一品强村,只是一村一品强村部民工场
435,实施一村一品强村富民工程,9,False,False,1.0,0.4166666666666667,0.0,2.85,-1.3126219511032104,1.0,0.6829679012298584,1.0,0.35,9,一村一品强村,只是一村一品强村不名工厂
436,苹果市场价值达到700000000000美元刚刚过去几个月,1,True,True,1.0,0.0,0.0,3.675,-0.23364034295082092,1.0,0.65964275598526,0.5,0.175,2,苹果,苹果市场价值达到700000000000美元刚刚过去几个月
436,苹果市场价值达到700000000000美元刚刚过去几个月,2,False,False,1.0,0.3448275862068966,0.0,2.675,-0.31126177310943604,1.0,0.65964275598526,0.5,0.175,2,苹果,苹果市场价值达到70美元刚刚过去几个月
436,苹果市场价值达到700000000000美元刚刚过去几个月,3,False,False,0.0,0.06896551724137931,1.0,0.36858558296023525,-0.2826516330242157,0.0,0.0,0.0,0.0,0,,评估市场价值达到700000000000美元刚刚过去几个月
437,那么苹果能突破一万亿大关吗,1,True,False,1.0,0.07692307692307693,0.0,3.85,-0.6016051173210144,1.0,0.660097062587738,1.0,0.35,2,苹果,那么苹果能突破1万亿大关吗
437,那么苹果能突破一万亿大关吗,2,False,True,1.0,0.0,0.0,2.85,-0.6041496396064758,1.0,0.660097062587738,1.0,0.35,2,苹果,那么苹果能突破一万亿大关吗
438,苹果公司上次发布全新产品是在五年以前,1,True,True,1.0,0.0,0.0,3.85,-0.2970350384712219,1.0,0.6514739990234375,1.0,0.35,2,苹果,苹果公司上次发布全新产品是在五年以前
438,苹果公司上次发布全新产品是在五年以前,2,False,False,1.0,0.05555555555555555,0.0,2.85,-0.3130575120449066,1.0,0.6514739990234375,1.0,0.35,2,苹果,苹果公司上次发布全新产品是在5年以前
439,苹果的目标股价也开始相应地上涨,1,True,False,1.0,0.06666666666666667,0.0,3.85,-0.30367791652679443,1.0,0.6583088636398315,1.0,0.35,2,苹果,苹果的目标股价也开始相应的上涨
439,苹果的目标股价也开始相应地上涨,2,False,True,1.0,0.0,0.0,2.85,-0.3810655474662781,1.0,0.6583088636398315,1.0,0.35,2,苹果,苹果的目标股价也开始相应地上涨
441,中国电力科学研究院高级工程师邬雄表示,1,True,True,1.0,0.0,0.0,2.5,-0.7814263701438904,1.0,0.6427983641624451,0.0,0.0,0,,中国电力科学研究院高级工程师邬雄表示
441,中国电力科学研究院高级工程师邬雄表示,2,False,False,0.0,0.05555555555555555,0.5,1.0,-0.13193044066429138,0.0,0.7499314248561858,0.0,0.0,0,,中国电力科学研究院高级工程师吴雄表示
441,中国电力科学研究院高级工程师邬雄表示,3,False,False,0.0,0.2222222222222222,1.0,0.9733249418277505,-0.14925578236579895,0.0,0.0,0.0,0.0,0,,中国电力科学研究院高级工程师
441,中国电力科学研究院高级工程师邬雄表示,4,False,False,0.0,0.05555555555555555,0.5,0.4891530567394348,-0.46372345089912415,0.0,0.7499314248561858,0.0,0.0,0,,中国电力科学研究院高级工程师巫雄表示
441,中国电力科学研究院高级工程师邬雄表示,5,False,False,0.0,0.05555555555555555,0.5,0.14107062451330024,-0.6898015737533569,0.0,0.7499314248561858,0.0,0.0,0,,中国电力科学研究院高级工程师邬熊表示
442,高清图女排凯旋郎平受热捧,1,True,False,1.0,0.16666666666666666,0.0,3.104806420460651,-0.6720366477966309,1.0,0.6879763007164001,0.6666666666666666,0.2333333333333333,5,郎平,高清土女牌凯旋郎平受热捧
442,高清图女排凯旋郎平受热捧,2,False,True,1.0,0.08333333333333333,0.0,2.9154692222557985,-0.7513396143913269,1.0,0.6879763007164001,0.6666666666666666,0.2333333333333333,5,郎平,高清土女排凯旋郎平受热捧
442,高清图女排凯旋郎平受热捧,3,False,False,1.0,0.08333333333333333,0.0,2.91396845141373,-0.7519682049751282,1.0,0.6879763007164001,0.6666666666666666,0.2333333333333333,5,郎平,高清徒女排凯旋郎平受热捧
442,高清图女排凯旋郎平受热捧,4,False,False,1.0,0.08333333333333333,0.0,2.8606066984006793,-0.774318516254425,1.0,0.6879763007164001,0.6666666666666666,0.2333333333333333,5,郎平,高清途女排凯旋郎平受热捧
442,高清图女排凯旋郎平受热捧,5,False,False,1.0,0.25,0.0,2.7333333333333334,-0.8276263475418091,1.0,0.6879763007164001,0.6666666666666666,0.2333333333333333,5,郎平,高清徒女排楷玄郎平受热捧
442,高清图女排凯旋郎平受热捧,6,False,False,0.0,0.16666666666666666,0.5,1.0,-0.4087812006473541,0.0,0.8026390175024667,0.0,0.0,0,,高清土女排凯旋朗平受热捧
442,高清图女排凯旋郎平受热捧,7,False,False,0.0,0.16666666666666666,0.5,0.7604855262634541,-0.5091006755828857,0.0,0.8026390175024667,0.0,0.0,0,,高清徒女排凯旋朗平受热捧
443,主教练郎平训练结束后通知她的,1,True,False,0.0,0.21428571428571427,1.0,1.0,-0.21700124442577362,0.0,0.0,0.0,0.0,0,,主教练冷瓶训练结束后通知他的
443,主教练郎平训练结束后通知她的,2,False,False,0.0,0.21428571428571427,1.0,0.9666781087435411,-0.2205524444580078,0.0,0.0,0.0,0.0,0,,主教练两篇训练结束后通知他的
443,主教练郎平训练结束后通知她的,3,False,False,0.0,0.21428571428571427,1.0,0.8094881616450863,-0.23730458319187164,0.0,0.0,0.0,0.0,0,,主教练两瓶训练结束后通知他的
443,主教练郎平训练结束后通知她的,4,False,False,0.0,0.21428571428571427,1.0,0.5324231871940089,-0.2668321132659912,0.0,0.0,0.0,0.0,0,,主教练凉皮训练结束后通知他的
443,主教练郎平训练结束后通知她的,5,False,False,0.0,0.21428571428571427,1.0,0.3918209890568536,-0.2818164527416229,0.0,0.0,0.0,0.0,0,,主教练冷排训练结束后通知他的
443,主教练郎平训练结束后通知她的,6,False,False,0.0,0.21428571428571427,1.0,0.1712407708930343,-0.3053242564201355,0.0,0.0,0.0,0.0,0,,主教练冷疹训练结束后通知他的
443,主教练郎平训练结束后通知她的,7,False,True,0.0,0.14285714285714285,0.5,0.10544906190116982,-0.3123358488082886,0.0,0.0,0.0,0.0,0,,主教练冷平训练结束后通知他的
443,主教练郎平训练结束后通知她的,8,False,False,0.0,0.2857142857142857,1.0,0.07105152220403763,-0.31600168347358704,0.0,0.0,0.0,0.0,0,,主教练两篇训练结束后通知他打
443,主教练郎平训练结束后通知她的,9,False,False,0.0,0.21428571428571427,1.0,0.019134881113092694,-0.32153457403182983,0.0,0.0,0.0,0.0,0,,主教练冷皮训练结束后通知他的
443,主教练郎平训练结束后通知她的,10,False,False,0.0,0.21428571428571427,1.0,0.0,-0.3235738277435303,0.0,0.0,0.0,0.0,0,,主教练冷拼训练结束后通知他的
444,虽然知道惠若琪的心脏不太好,1,True,True,1.0,0.0,0.0,2.5,-1.1704471111297607,1.0,0.6635669469833374,0.0,0.0,0,,虽然知道惠若琪的心脏不太好
444,虽然知道惠若琪的心脏不太好,2,False,False,0.0,0.15384615384615385,0.6666666666666666,1.0,-0.3955165445804596,0.0,0.7465128153562546,0.0,0.0,0,,虽然知道会若起的心脏不太好
444,虽然知道惠若琪的心脏不太好,3,False,False,0.0,0.15384615384615385,0.6666666666666666,0.6965725219888736,-0.6306517720222473,0.0,0.7465128153562546,0.0,0.0,0,,虽然知道会若企的心脏不太好
444,虽然知道惠若琪的心脏不太好,4,False,False,0.0,0.15384615384615385,0.6666666666666666,0.5717694416524964,-0.7273654937744141,0.0,0.7465128153562546,0.0,0.0,0,,虽然知道会若奇的心脏不太好
444,虽然知道惠若琪的心脏不太好,5,False,False,0.0,0.15384615384615385,0.6666666666666666,0.4800089068855494,-0.7984735369682312,0.0,0.0,0.0,0.0,0,,虽然知道会若曦的心脏不太好
444,虽然知道惠若琪的心脏不太好,6,False,False,0.0,0.07692307692307693,0.3333333333333333,0.35000106721102764,-0.8992205858230591,0.0,0.0,0.0,0.0,0,,虽然知道惠诺琪的心脏不太好
444,虽然知道惠若琪的心脏不太好,7,False,False,0.0,0.07692307692307693,0.3333333333333333,0.2433821090435847,-0.9818428754806519,0.0,0.0,0.0,0.0,0,,虽然知道惠如琪的心脏不太好
444,虽然知道惠若琪的心脏不太好,8,False,False,0.0,0.07692307692307693,0.3333333333333333,0.0757377552917803,-1.111755609512329,0.0,0.0,0.0,0.0,0,,虽然知道惠乐琪的心脏不太好
445,洪永城还主动跟陈展鹏碰杯,1,True,True,1.0,0.16666666666666666,0.0,3.85,-0.5664933323860168,1.0,0.6785969138145447,1.0,0.35,10,洪永城,洪永城还主动跟陈展鹏特别
445,洪永城还主动跟陈展鹏碰杯,2,False,False,1.0,0.16666666666666666,0.0,3.7540624242243,-0.614106297492981,1.0,0.6785969138145447,1.0,0.35,10,洪永城,洪永城还主动跟陈展鹏特比
445,洪永城还主动跟陈展鹏碰杯,3,False,False,1.0,0.25,0.0,3.6523314565280027,-0.6645944714546204,1.0,0.6785969138145447,1.0,0.35,10,洪永城,洪永城还主动跟陈栈鹏特别
445,洪永城还主动跟陈展鹏碰杯,4,False,False,1.0,0.25,0.0,3.6109768851613,-0.6851183772087097,1.0,0.6785969138145447,1.0,0.35,10,洪永城,洪永城还主动跟陈斩鹏特别
445,洪永城还主动跟陈展鹏碰杯,5,False,False,1.0,0.25,0.0,3.506029034455898,-0.737203061580658,1.0,0.6785969138145447,1.0,0.35,10,洪永城,洪永城还主动跟陈斩鹏特比
445,洪永城还主动跟陈展鹏碰杯,6,False,False,1.0,0.3333333333333333,0.0,3.180915236543887,-0.8985541462898254,1.0,0.6785969138145447,1.0,0.35,10,洪永城,洪永城还主动跟陈栈彭腾比
445,洪永城还主动跟陈展鹏碰杯,7,False,False,1.0,0.4166666666666667,0.0,3.0827831904921985,-0.9472562074661255,1.0,0.6785969138145447,1.0,0.35,10,洪永城,洪永城还注冬根陈展鹏腾碑
445,洪永城还主动跟陈展鹏碰杯,8,False,False,1.0,0.4166666666666667,0.0,2.999631598738612,-0.9885236024856567,1.0,0.6785969138145447,1.0,0.35,10,洪永城,洪永城还注冬根陈展鹏腾飞
445,洪永城还主动跟陈展鹏碰杯,9,False,False,1.0,0.4166666666666667,0.0,2.910977978072832,-1.0325216054916382,1.0,0.6785969138145447,1.0,0.35,10,洪永城,洪永城还驻东根陈展鹏腾碑
445,洪永城还主动跟陈展鹏碰杯,10,False,False,1.0,0.4166666666666667,0.0,2.85,-1.0627844333648682,1.0,0.6785969138145447,1.0,0.35,10,洪永城,洪永城还驻东根陈展鹏腾飞
446,问及男友郑嘉颖会不会介意这么性感,1,True,True,1.0,0.0,0.0,3.6281447467116408,-0.3717361390590668,1.0,0.669579029083252,0.6666666666666666,0.2333333333333333,3,郑嘉颖,问及男友郑嘉颖会不会介意这么性感
446,问及男友郑嘉颖会不会介意这么性感,2,False,False,1.0,0.0625,0.0,3.1973235965602944,-0.5267680883407593,1.0,0.669579029083252,0.6666666666666666,0.2333333333333333,3,郑嘉颖,问题男友郑嘉颖会不会介意这么性感
446,问及男友郑嘉颖会不会介意这么性感,3,False,False,1.0,0.0625,0.0,2.7333333333333334,-0.6937360167503357,1.0,0.669579029083252,0.6666666666666666,0.2333333333333333,3,郑嘉颖,问几男友郑嘉颖会不会介意这么性感
446,问及男友郑嘉颖会不会介意这么性感,4,False,False,0.0,0.125,0.3333333333333333,1.0,-0.33388379216194153,0.0,0.7532764077186584,0.0,0.0,0,,问题男友郑佳颖会不会介意这么性感
447,她透露有些不懂的会问男友郑嘉颖,1,True,False,1.0,0.06666666666666667,0.0,3.583796758795462,-0.48801371455192566,1.0,0.6731235980987549,0.8,0.27999999999999997,5,郑嘉颖,她透露有些不懂的回问男友郑嘉颖
447,她透露有些不懂的会问男友郑嘉颖,2,False,False,1.0,0.13333333333333333,0.0,3.5488859895598988,-0.5053772330284119,1.0,0.6731235980987549,0.8,0.27999999999999997,5,郑嘉颖,她透露有些不懂得回问男友郑嘉颖
447,她透露有些不懂的会问男友郑嘉颖,3,False,True,1.0,0.0,0.0,3.4642948905198714,-0.5474501848220825,1.0,0.6731235980987549,0.8,0.27999999999999997,5,郑嘉颖,她透露有些不懂的会问男友郑嘉颖
447,她透露有些不懂的会问男友郑嘉颖,4,False,False,1.0,0.06666666666666667,0.0,3.4220306791590276,-0.5684710741043091,1.0,0.6731235980987549,0.8,0.27999999999999997,5,郑嘉颖,他透露有些不懂的会问男友郑嘉颖
447,她透露有些不懂的会问男友郑嘉颖,5,False,False,1.0,0.13333333333333333,0.0,2.78,-0.887796938419342,1.0,0.6731235980987549,0.8,0.27999999999999997,5,郑嘉颖,她透露有些不懂的绘文男友郑嘉颖
447,她透露有些不懂的会问男友郑嘉颖,6,False,False,0.0,0.06666666666666667,0.3333333333333333,1.0,-0.3904283940792084,0.0,0.7572640478610992,0.0,0.0,0,,她透露有些不懂的会问男友郑佳颖
448,温州一网友造谣苏迪罗登陆期间水库崩塌被拘,1,True,True,1.0,0.2,0.0,2.85,-1.2278498411178589,2.0,0.68503338098526,1.0,0.35,12,苏迪罗,温州一网友造谣苏迪罗登陆骑艰水库崩塌宾虚
448,温州一网友造谣苏迪罗登陆期间水库崩塌被拘,2,False,False,1.0,0.2,0.0,2.05,-0.7157694697380066,1.0,0.68503338098526,1.0,0.35,12,苏迪罗,温州一网友造谣苏迪罗登陆骑艰水库崩塌遍区
448,温州一网友造谣苏迪罗登陆期间水库崩塌被拘,3,False,False,1.0,0.2,0.0,1.9815177954212428,-0.7508378624916077,1.0,0.68503338098526,1.0,0.35,12,苏迪罗,温州一网友造谣苏迪罗登陆骑艰水库崩塌避需
448,温州一网友造谣苏迪罗登陆期间水库崩塌被拘,4,False,False,1.0,0.2,0.0,1.9516426300937821,-0.7661363482475281,1.0,0.68503338098526,1.0,0.35,12,苏迪罗,温州一网友造谣苏迪罗登陆骑艰水库崩塌便驱
448,温州一网友造谣苏迪罗登陆期间水库崩塌被拘,5,False,False,1.0,0.2,0.0,1.9311508129810182,-0.7766298055648804,1.0,0.68503338098526,1.0,0.35,12,苏迪罗,温州一网友造谣苏迪罗登陆骑艰水库崩塌避驱
448,温州一网友造谣苏迪罗登陆期间水库崩塌被拘,6,False,False,1.0,0.2,0.0,1.9282098087095956,-0.7781358361244202,1.0,0.68503338098526,1.0,0.35,12,苏迪罗,温州一网友造谣苏迪罗登陆骑监水库崩塌避屈
448,温州一网友造谣苏迪罗登陆期间水库崩塌被拘,7,False,False,1.0,0.2,0.0,1.8586693221489736,-0.8137461543083191,1.0,0.68503338098526,1.0,0.35,12,苏迪罗,温州一网友造谣苏迪罗登陆骑兼水库崩塌避屈
448,温州一网友造谣苏迪罗登陆期间水库崩塌被拘,8,False,False,1.0,0.2,0.0,1.8564782640730146,-0.814868152141571,1.0,0.68503338098526,1.0,0.35,12,苏迪罗,温州一网友造谣苏迪罗登陆骑监水库崩塌遍区
448,温州一网友造谣苏迪罗登陆期间水库崩塌被拘,9,False,False,1.0,0.2,0.0,1.8364842771446361,-0.825106680393219,1.0,0.68503338098526,1.0,0.35,12,苏迪罗,温州一网友造谣苏迪罗登陆骑监水库崩塌避需
448,温州一网友造谣苏迪罗登陆期间水库崩塌被拘,10,False,False,1.0,0.2,0.0,1.822494981250181,-0.8322703242301941,1.0,0.68503338098526,1.0,0.35,12,苏迪罗,温州一网友造谣苏迪罗登陆骑兼水库崩塌遍区
448,温州一网友造谣苏迪罗登陆期间水库崩塌被拘,11,False,False,1.0,0.2,0.0,1.763309991068854,-0.8625777959823608,1.0,0.68503338098526,1.0,0.35,12,苏迪罗,温州一网友造谣苏迪罗登陆骑兼水库崩塌避需
448,温州一网友造谣苏迪罗登陆期间水库崩塌被拘,12,False,False,1.0,0.2,0.0,1.6928681257502518,-0.8986496925354004,1.0,0.68503338098526,1.0,0.35,12,苏迪罗,温州一网友造谣苏迪罗登陆骑兼水库崩塌便居
450,因在台风苏迪罗登陆期间在网络散布水库崩塌谣言,1,True,True,1.0,0.09090909090909091,0.0,1.0,-0.376356840133667,0.0,0.7675480395555496,0.0,0.0,0,,因在潭峰苏迪罗登陆期间在网络散布水库崩塌谣言
450,因在台风苏迪罗登陆期间在网络散布水库崩塌谣言,2,False,False,0.0,0.5,1.0,0.0,-0.5775265097618103,0.0,0.0,0.0,0.0,0,,在网络散布水库崩塌谣言
451,此前温州政协委员连续2届提出要求整治垃圾污染问题,1,True,True,1.0,0.08333333333333333,0.0,3.85,-0.15705695748329163,2.0,0.5718286633491516,1.0,0.35,4,温州政协;政协,此前温州政协委员两居2届提出要求整治垃圾污染问题
451,此前温州政协委员连续2届提出要求整治垃圾污染问题,2,False,False,1.0,0.08333333333333333,0.0,3.7093611973544696,-0.16529858112335205,2.0,0.5718286633491516,1.0,0.35,4,温州政协;政协,此前温州政协委员2届提出要求整治垃圾污染问题
451,此前温州政协委员连续2届提出要求整治垃圾污染问题,3,False,False,1.0,0.16666666666666666,0.0,3.079906145188892,-0.2021854966878891,2.0,0.5718286633491516,1.0,0.35,4,温州政协;政协,此前温州政协委员两居两界提出要求整治垃圾污染问题
451,此前温州政协委员连续2届提出要求整治垃圾污染问题,4,False,False,1.0,0.08333333333333333,0.0,2.85,-0.2156583070755005,2.0,0.5718286633491516,1.0,0.35,4,温州政协;政协,此前温州政协委员两局2届提出要求整治垃圾污染问题
452,本报讯记者范跃红通讯员瓯文为了卖相好,1,True,True,0.5,0.2777777777777778,0.2,1.0,-0.557339072227478,0.0,0.758237823843956,0.0,0.0,0,,本报讯记者范跃红通讯员欧文魏蓝麦强好
452,本报讯记者范跃红通讯员瓯文为了卖相好,2,False,False,0.0,0.3888888888888889,0.4,0.8782677937851158,-0.5671163201332092,0.0,0.758237823843956,0.0,0.0,0,,本报讯记者范月红通讯员欧文魏蓝麦强豪
452,本报讯记者范跃红通讯员瓯文为了卖相好,3,False,False,0.0,0.3333333333333333,0.4,0.8163898220936886,-0.5720862150192261,0.0,0.758237823843956,0.0,0.0,0,,本报讯记者范月红通讯员欧文蔚蓝麦强好
452,本报讯记者范跃红通讯员瓯文为了卖相好,4,False,False,0.0,0.3333333333333333,0.4,0.4533401310716753,-0.6012455224990845,0.0,0.758237823843956,0.0,0.0,0,,本报讯记者范越红通讯员欧文魏蓝麦强好
452,本报讯记者范跃红通讯员瓯文为了卖相好,5,False,False,0.0,0.3333333333333333,0.4,0.40926169585760963,-0.6047857999801636,0.0,0.758237823843956,0.0,0.0,0,,本报讯记者范月红通讯员欧文魏冷麦强好
452,本报讯记者范跃红通讯员瓯文为了卖相好,6,False,False,0.0,0.3888888888888889,0.4,0.34189655415519177,-0.6101964116096497,0.0,0.758237823843956,0.0,0.0,0,,本报讯记者范越红通讯员欧文魏蓝麦强豪
452,本报讯记者范跃红通讯员瓯文为了卖相好,7,False,False,0.0,0.3333333333333333,0.4,0.3393451759434274,-0.6104013323783875,0.0,0.0,0.0,0.0,0,,本报讯记者范蕊红通讯员欧文魏蓝麦强好
452,本报讯记者范跃红通讯员瓯文为了卖相好,8,False,False,0.0,0.3333333333333333,0.4,0.28184640228214025,-0.6150195002555847,0.0,0.0,0.0,0.0,0,,本报讯记者范蕊红通讯员欧文蔚蓝麦强好
452,本报讯记者范跃红通讯员瓯文为了卖相好,9,False,False,0.0,0.3888888888888889,0.4,0.25820496665323445,-0.6169183254241943,0.0,0.0,0.0,0.0,0,,本报讯记者范蕊红通讯员欧文魏蓝麦强豪
452,本报讯记者范跃红通讯员瓯文为了卖相好,10,False,False,0.0,0.3333333333333333,0.4,0.05489025288922433,-0.6332480907440186,0.0,0.758237823843956,0.0,0.0,0,,本报讯记者范悦红通讯员欧文魏蓝麦强好
452,本报讯记者范跃红通讯员瓯文为了卖相好,11,False,False,0.0,0.3888888888888889,0.4,0.0,-0.6376567482948303,0.0,0.758237823843956,0.0,0.0,0,,本报讯记者范悦红通讯员欧文魏蓝麦强豪
453,浙江温州乐清75岁的企业家虞一杰退休之后,1,True,True,1.0,0.0,0.0,2.675218561661356,-0.6633619666099548,1.0,0.6828571557998657,0.25,0.0875,2,虞一杰,浙江温州乐清75岁的企业家虞一杰退休之后
453,浙江温州乐清75岁的企业家虞一杰退休之后,2,False,False,1.0,0.05,0.0,2.5875,-0.6888906359672546,1.0,0.6828571557998657,0.25,0.0875,2,虞一杰,浙江温州热清75岁的企业家虞一杰退休之后
453,浙江温州乐清75岁的企业家虞一杰退休之后,3,False,False,0.0,0.15,0.6666666666666666,1.0,-0.3978613615036011,0.0,0.7682143002748489,0.0,0.0,0,,浙江温州热清75岁的企业家于一洁退休之后
453,浙江温州乐清75岁的企业家虞一杰退休之后,4,False,False,0.0,0.15,0.6666666666666666,0.5927751281524563,-0.516375720500946,0.0,0.7682143002748489,0.0,0.0,0,,浙江温州热清75岁的企业家虞姨姐退休之后
453,浙江温州乐清75岁的企业家虞一杰退休之后,5,False,False,0.0,0.1,0.3333333333333333,0.2897948475226931,-0.6045518517494202,0.0,0.7682143002748489,0.0,0.0,0,,浙江温州热清75岁的企业家虞姨杰退休之后
455,当事水产摊贩已退还郑女士100元购虾款,1,True,True,1.0,0.3157894736842105,0.0,3.85,-0.5077844858169556,1.0,0.680129885673523,1.0,0.35,12,郑女士,当赤水穿坦方以退还郑女士100元购家款
455,当事水产摊贩已退还郑女士100元购虾款,2,False,False,1.0,0.3157894736842105,0.0,3.594935432043585,-0.5228867530822754,1.0,0.680129885673523,1.0,0.35,12,郑女士,当赤水穿坦方以退还郑女士一零零元购家款
455,当事水产摊贩已退还郑女士100元购虾款,3,False,False,1.0,0.3157894736842105,0.0,3.587222309467148,-0.5233434438705444,1.0,0.680129885673523,1.0,0.35,12,郑女士,当赤水穿坦方以退还郑女士100元购下款
455,当事水产摊贩已退还郑女士100元购虾款,4,False,False,1.0,0.3157894736842105,0.0,3.504323858534366,-0.5282518267631531,1.0,0.680129885673523,1.0,0.35,12,郑女士,当赤水穿坦方以退还郑女士一零零元购下款
455,当事水产摊贩已退还郑女士100元购虾款,5,False,False,1.0,0.3157894736842105,0.0,3.405648840514933,-0.5340943336486816,1.0,0.680129885673523,1.0,0.35,12,郑女士,当赤水穿坦方以退还郑女士100元购价款
455,当事水产摊贩已退还郑女士100元购虾款,6,False,False,1.0,0.3157894736842105,0.0,3.3674949565721604,-0.5363534092903137,1.0,0.680129885673523,1.0,0.35,12,郑女士,当赤水川坦方以退还郑女士100元购家款
455,当事水产摊贩已退还郑女士100元购虾款,7,False,False,1.0,0.3157894736842105,0.0,3.3139621410710185,-0.5395230650901794,1.0,0.680129885673523,1.0,0.35,12,郑女士,当赤水穿坦方以退还郑女士一零零元购加款
455,当事水产摊贩已退还郑女士100元购虾款,8,False,False,1.0,0.3157894736842105,0.0,3.313391357920296,-0.5395568609237671,1.0,0.680129885673523,1.0,0.35,12,郑女士,当赤水穿坦方以退还郑女士100元购加款
455,当事水产摊贩已退还郑女士100元购虾款,9,False,False,1.0,0.3157894736842105,0.0,3.132005130001651,-0.5502966642379761,1.0,0.680129885673523,1.0,0.35,12,郑女士,当赤水川坦方以退还郑女士100元购下款
455,当事水产摊贩已退还郑女士100元购虾款,10,False,False,1.0,0.3157894736842105,0.0,3.007002613321092,-0.5576980113983154,1.0,0.680129885673523,1.0,0.35,12,郑女士,当赤水穿坦方以退还郑女士100元购呷款
455,当事水产摊贩已退还郑女士100元购虾款,11,False,False,1.0,0.3157894736842105,0.0,3.0005317242684515,-0.5580811500549316,1.0,0.680129885673523,1.0,0.35,12,郑女士,当赤水川坦方以退还郑女士100元购价款
455,当事水产摊贩已退还郑女士100元购虾款,12,False,False,1.0,0.3157894736842105,0.0,2.85,-0.5669940710067749,1.0,0.680129885673523,1.0,0.35,12,郑女士,当赤水川坦方以退还郑女士100元购加款
456,温州医生夫妇贩婴被批捕女儿欲捐款替父赎罪,1,True,False,0.0,0.35,1.0,1.0,-0.25458332896232605,0.0,0.0,0.0,0.0,0,,温州医生夫妇犯因被逼补女儿预捐款贴付赎罪
456,温州医生夫妇贩婴被批捕女儿欲捐款替父赎罪,2,False,False,0.0,0.25,1.0,0.968148605320059,-0.2568380832672119,0.0,0.0,0.0,0.0,0,,温州医生夫妇犯因被逼补女儿预捐款替父赎罪
456,温州医生夫妇贩婴被批捕女儿欲捐款替父赎罪,3,False,False,0.0,0.3,1.0,0.93935238823363,-0.2588765621185303,0.0,0.0,0.0,0.0,0,,温州医生夫妇犯因被逼补女儿预捐款替夫赎罪
456,温州医生夫妇贩婴被批捕女儿欲捐款替父赎罪,4,False,True,0.0,0.1,1.0,0.8682682527600585,-0.26390859484672546,0.0,0.7849036455154418,0.0,0.0,0,,温州医生夫妇范英被批捕女儿欲捐款替父赎罪
456,温州医生夫妇贩婴被批捕女儿欲捐款替父赎罪,5,False,False,0.0,0.35,1.0,0.7427348491482382,-0.27279508113861084,0.0,0.0,0.0,0.0,0,,温州医生夫妇犯因被逼补女儿预捐款剔附赎罪
456,温州医生夫妇贩婴被批捕女儿欲捐款替父赎罪,6,False,False,0.0,0.15,1.0,0.6261754245337033,-0.2810463011264801,0.0,0.7849036455154418,0.0,0.0,0,,温州医生夫妇范英被批捕女儿欲捐款替妇赎罪
456,温州医生夫妇贩婴被批捕女儿欲捐款替父赎罪,7,False,False,0.0,0.1,1.0,0.39589030830476163,-0.29734814167022705,0.0,0.0,0.0,0.0,0,,温州医生夫妇犯因被批捕女儿欲捐款替父赎罪
456,温州医生夫妇贩婴被批捕女儿欲捐款替父赎罪,8,False,False,0.0,0.1,1.0,0.2768183716497033,-0.3057772219181061,0.0,0.7849036455154418,0.0,0.0,0,,温州医生夫妇范莹被批捕女儿欲捐款替父赎罪
456,温州医生夫妇贩婴被批捕女儿欲捐款替父赎罪,9,False,False,0.0,0.15,1.0,0.0,-0.3253731429576874,0.0,0.7849036455154418,0.0,0.0,0,,温州医生夫妇范莹被批捕女儿欲捐款替妇赎罪
457,继陕西富平妇产科医生张淑侠因贩卖婴儿被判刑之后,1,True,True,0.3333333333333333,0.08695652173913043,0.2857142857142857,3.85,-0.4958404302597046,1.0,0.6781917214393616,1.0,0.35,13,陕西,继陕西妇平妇产科医生张淑祥因贩卖婴儿被判刑之后
457,继陕西富平妇产科医生张淑侠因贩卖婴儿被判刑之后,2,False,False,0.3333333333333333,0.08695652173913043,0.2857142857142857,3.84342158883678,-0.4967641234397888,1.0,0.6781917214393616,1.0,0.35,13,陕西,继陕西妇平妇产科医生张书侠因贩卖婴儿被判刑之后
457,继陕西富平妇产科医生张淑侠因贩卖婴儿被判刑之后,3,False,False,0.3333333333333333,0.08695652173913043,0.2857142857142857,3.7338880927234634,-0.5121440291404724,1.0,0.6781917214393616,1.0,0.35,13,陕西,继陕西妇平妇产科医生张叔侠因贩卖婴儿被判刑之后
457,继陕西富平妇产科医生张淑侠因贩卖婴儿被判刑之后,4,False,False,0.3333333333333333,0.13043478260869565,0.2857142857142857,3.6141501424607854,-0.5289567708969116,1.0,0.6781917214393616,1.0,0.35,13,陕西,继陕西妇平妇产科医生张叔侠一贩卖婴儿被判刑之后
457,继陕西富平妇产科医生张淑侠因贩卖婴儿被判刑之后,5,False,False,0.3333333333333333,0.13043478260869565,0.2857142857142857,3.4592346510814456,-0.5507088899612427,1.0,0.6781917214393616,1.0,0.35,13,陕西,继陕西副平复产科医生张叔侠因贩卖婴儿被判刑之后
457,继陕西富平妇产科医生张淑侠因贩卖婴儿被判刑之后,6,False,False,0.3333333333333333,0.17391304347826086,0.2857142857142857,3.4570366119123705,-0.5510175228118896,1.0,0.6781917214393616,1.0,0.35,13,陕西,继陕西妇平妇产科医生张书侠因贩卖因而被判刑之后
457,继陕西富平妇产科医生张淑侠因贩卖婴儿被判刑之后,7,False,False,0.3333333333333333,0.13043478260869565,0.2857142857142857,3.400965388311764,-0.5588906407356262,1.0,0.6781917214393616,1.0,0.35,13,陕西,继陕西妇平妇产科医生张淑小姨贩卖婴儿被判刑之后
457,继陕西富平妇产科医生张淑侠因贩卖婴儿被判刑之后,8,False,False,0.3333333333333333,0.17391304347826086,0.2857142857142857,3.3858533384046434,-0.5610125660896301,1.0,0.6781917214393616,1.0,0.35,13,陕西,继陕西妇平妇产科医生张叔侠因贩卖因而被判刑之后
457,继陕西富平妇产科医生张淑侠因贩卖婴儿被判刑之后,9,False,False,0.3333333333333333,0.13043478260869565,0.2857142857142857,3.3586809387809162,-0.5648279190063477,1.0,0.6781917214393616,1.0,0.35,13,陕西,继陕西妇平妇产科医生张淑小依贩卖婴儿被判刑之后
457,继陕西富平妇产科医生张淑侠因贩卖婴儿被判刑之后,10,False,False,0.3333333333333333,0.13043478260869565,0.2857142857142857,3.3429189858286326,-0.5670410990715027,1.0,0.6781917214393616,1.0,0.35,13,陕西,继陕西妇平妇产科医生张叔侠因贩卖婴儿被判刑后
457,继陕西富平妇产科医生张淑侠因贩卖婴儿被判刑之后,11,False,False,0.3333333333333333,0.21739130434782608,0.2857142857142857,3.184231849409272,-0.5893228054046631,1.0,0.6781917214393616,1.0,0.35,13,陕西,继陕西副平复产科医生张叔侠因贩卖因而被判刑之后
457,继陕西富平妇产科医生张淑侠因贩卖婴儿被判刑之后,12,False,False,0.3333333333333333,0.13043478260869565,0.2857142857142857,3.156311063718515,-0.5932432413101196,1.0,0.6781917214393616,1.0,0.35,13,陕西,继陕西妇平复产科医生张叔侠因贩卖婴儿被判刑之后
457,继陕西富平妇产科医生张淑侠因贩卖婴儿被判刑之后,13,False,False,0.3333333333333333,0.21739130434782608,0.2857142857142857,2.85,-0.6362532377243042,1.0,0.6781917214393616,1.0,0.35,13,陕西,继陕西妇平复产科医生张叔侠因贩卖因而被判刑之后
458,满堂红链家市场研究部高级经理周峰透露,1,True,True,1.0,0.1111111111111111,0.0,2.9907431890158414,-0.25177130103111267,1.0,0.6737125515937805,0.0,0.0,0,,满堂红廉价市场研究部高级经理周峰透露
458,满堂红链家市场研究部高级经理周峰透露,2,False,False,0.0,0.16666666666666666,0.5,1.0,-0.13783463835716248,0.0,0.7859979768594105,0.0,0.0,0,,满堂红廉价市场研究部高级经理周锋透露
458,满堂红链家市场研究部高级经理周峰透露,3,False,False,0.0,0.16666666666666666,0.5,0.0,-0.36156588792800903,0.0,0.7859979768594105,0.0,0.0,0,,满堂红廉价市场研究部高级经理周风透露
459,提升垦区现代农业发展水平,1,True,True,1.0,0.0,0.0,3.5,-0.10771168768405914,1.0,0.6891219019889832,0.0,0.0,0,,提升垦区现代农业发展水平
459,提升垦区现代农业发展水平,2,False,False,0.0,0.08333333333333333,0.5,0.7928384135012552,-0.1762397736310959,0.0,0.8039755523204802,0.0,0.0,0,,提升肯区现代农业发展水平
459,提升垦区现代农业发展水平,3,False,False,0.0,0.08333333333333333,0.5,0.0,-0.4385070204734802,0.0,0.0,0.0,0.0,0,,提升坎区现代农业发展水平
460,业界首次开始认真讨论苹果市值晋升万亿大关的潜力,1,True,False,1.0,0.043478260869565216,0.0,3.85,-0.3330391049385071,1.0,0.6814591884613037,1.0,0.35,5,苹果,业界首次开始认真讨论苹果市值晋升万亿大冠的潜力
460,业界首次开始认真讨论苹果市值晋升万亿大关的潜力,2,False,True,1.0,0.0,0.0,3.78639511877766,-0.3358711898326874,1.0,0.6814591884613037,1.0,0.35,5,苹果,业界首次开始认真讨论苹果市值晋升万亿大关的潜力
460,业界首次开始认真讨论苹果市值晋升万亿大关的潜力,3,False,False,1.0,0.13043478260869565,0.0,3.2553935204397173,-0.35951468348503113,1.0,0.6814591884613037,1.0,0.35,5,苹果,业界首次开始认真讨论苹果市值晋升外溢大观的潜力
460,业界首次开始认真讨论苹果市值晋升万亿大关的潜力,4,False,False,1.0,0.043478260869565216,0.0,3.113086559236225,-0.3658510744571686,1.0,0.6814591884613037,1.0,0.35,5,苹果,业界首次开始认真讨论苹果市值晋升万亿大观的潜力
460,业界首次开始认真讨论苹果市值晋升万亿大关的潜力,5,False,False,1.0,0.08695652173913043,0.0,2.85,-0.37756532430648804,1.0,0.6814591884613037,1.0,0.35,5,苹果,业界首次开始认真讨论苹果市值晋升外溢大关的潜力
461,苹果股票价格创下历史新高,1,True,True,1.0,0.0,0.0,3.5,-0.24421334266662598,1.0,0.6729815006256104,0.0,0.0,0,,苹果股票价格创下历史新高
461,苹果股票价格创下历史新高,2,False,False,0.0,0.16666666666666666,1.0,0.7254318232626669,-0.3096587061882019,0.0,0.0,0.0,0.0,0,,评估股票价格创下历史新高
461,苹果股票价格创下历史新高,3,False,False,0.0,0.08333333333333333,0.5,0.0,-0.4825707674026489,0.0,0.7851450840632119,0.0,0.0,0,,苹国股票价格创下历史新高
462,苹果市值超过700000000000美元,1,True,True,0.0,1.0,1.0,1.0,-0.2825157642364502,0.0,0.0,0.0,0.0,0,,请不吝点赞订阅转发打赏支持明镜与点点栏目
462,苹果市值超过700000000000美元,2,False,False,0.0,1.0,1.0,0.13120086504657463,-0.4523357152938843,0.0,0.0,0.0,0.0,0,,请不吝点赞订阅转发打赏明镜与点点栏目
462,苹果市值超过700000000000美元,3,False,False,0.0,1.0,1.0,0.00849631986231464,-0.47632017731666565,0.0,0.0,0.0,0.0,0,,请不吝点赞订阅转发打赏支持明镜与点点标签
462,苹果市值超过700000000000美元,4,False,False,0.0,1.0,1.0,0.0,-0.47798091173171997,0.0,0.0,0.0,0.0,0,,请不吝点赞订阅转发支持明镜与点点栏目
463,那么苹果市价约为4000000000美元,1,True,True,1.0,0.0,0.0,3.85,-0.4199674725532532,1.0,0.683631956577301,1.0,0.35,5,苹果,那么苹果市价约为4000000000美元
463,那么苹果市价约为4000000000美元,2,False,False,1.0,0.15,0.0,3.615549064263789,-0.44466471672058105,1.0,0.683631956577301,1.0,0.35,5,苹果,那么苹果市价约为7441000000000美元
463,那么苹果市价约为4000000000美元,3,False,False,1.0,0.1,0.0,3.2492058619665314,-0.4832555949687958,1.0,0.683631956577301,1.0,0.35,5,苹果,那么苹果市价约为744000000000美元
463,那么苹果市价约为4000000000美元,4,False,False,1.0,0.5,0.0,2.8598131356711414,-0.5242745280265808,1.0,0.683631956577301,1.0,0.35,5,苹果,那么苹果市价约为744十亿美元
463,那么苹果市价约为4000000000美元,5,False,False,1.0,0.1,0.0,2.85,-0.5253082513809204,1.0,0.683631956577301,1.0,0.35,5,苹果,那么苹果市价约为74400000000美元
467,苹果公司的市价将突破一万亿美金大关,1,True,False,1.0,0.058823529411764705,0.0,3.85,-0.28775638341903687,1.0,0.677806556224823,1.0,0.35,2,苹果,苹果公司的市价将突破1万亿美金大关
467,苹果公司的市价将突破一万亿美金大关,2,False,True,1.0,0.0,0.0,2.85,-0.2946518659591675,1.0,0.677806556224823,1.0,0.35,2,苹果,苹果公司的市价将突破一万亿美金大关
469,苹果公司现在已将约三百万的原始订单削减了一半,1,True,False,1.0,0.13636363636363635,0.0,3.85,-0.24814191460609436,1.0,0.680428683757782,1.0,0.35,2,苹果,苹果公司现在已将约300万的原始订单削减了一半
469,苹果公司现在已将约三百万的原始订单削减了一半,2,False,True,1.0,0.0,0.0,2.85,-0.3576517105102539,1.0,0.680428683757782,1.0,0.35,2,苹果,苹果公司现在已将约三百万的原始订单削减了一半
470,苹果作为消费数码产品的公司是否具备造车能力,1,True,True,1.0,0.0,0.0,2.5,-0.2993132770061493,1.0,0.6702135801315308,0.0,0.0,0,,苹果作为消费数码产品的公司是否具备造车能力
470,苹果作为消费数码产品的公司是否具备造车能力,2,False,False,0.0,0.09523809523809523,1.0,1.0,-0.23234836757183075,0.0,0.6444153785705566,0.0,0.0,0,,评估作为消费数码产品的公司是否具备造车能力
472,苹果市场价值达到700000000000美元刚刚过去几个月,1,True,False,1.0,0.034482758620689655,0.0,3.85,-0.22354796528816223,1.0,0.6617755889892578,1.0,0.35,3,苹果,苹果市场的价值达到700000000000美元刚刚过去几个月
472,苹果市场价值达到700000000000美元刚刚过去几个月,2,False,True,1.0,0.0,0.0,2.865698039407192,-0.2734059989452362,1.0,0.6617755889892578,1.0,0.35,3,苹果,苹果市场价值达到700000000000美元刚刚过去几个月
472,苹果市场价值达到700000000000美元刚刚过去几个月,3,False,False,1.0,0.3793103448275862,0.0,2.85,-0.2742011547088623,1.0,0.6617755889892578,1.0,0.35,3,苹果,苹果市场的价值达到70美元刚刚过去几个月
473,苹果能否摆脱王者魔咒,1,True,True,1.0,0.0,0.0,3.675,-0.37032222747802734,1.0,0.6837865114212036,0.5,0.175,2,苹果,苹果能否摆脱王者魔咒
473,苹果能否摆脱王者魔咒,2,False,False,1.0,0.1,0.0,3.4297261743193754,-0.45478546619415283,1.0,0.6837865114212036,0.5,0.175,2,苹果,苹果能否摆脱亡者魔咒
473,苹果能否摆脱王者魔咒,3,False,False,0.0,0.2,1.0,0.0,-0.7146852612495422,0.0,0.0,0.0,0.0,0,,请问能否摆脱王者魔咒
474,苹果晋身道指固属众望所归,1,True,False,1.0,0.16666666666666666,0.0,3.85,-1.0153963565826416,2.0,0.6908612847328186,1.0,0.35,11,苹果晋身道指;苹果,苹果晋身道指故蜀众望所归
474,苹果晋身道指固属众望所归,2,False,False,1.0,0.25,0.0,3.77498992249081,-1.0480494499206543,2.0,0.6908612847328186,1.0,0.35,11,苹果晋身道指;苹果,苹果晋身道指故蜀众忘所归
474,苹果晋身道指固属众望所归,3,False,True,1.0,0.08333333333333333,0.0,3.5756064031617094,-1.1348443031311035,2.0,0.6908612847328186,1.0,0.35,11,苹果晋身道指;苹果,苹果晋身道指故属众望所归
474,苹果晋身道指固属众望所归,4,False,False,1.0,0.16666666666666666,0.0,3.3229553062467416,-1.244827389717102,2.0,0.6908612847328186,1.0,0.35,11,苹果晋身道指;苹果,苹果晋身道指顾蜀众望所归
474,苹果晋身道指固属众望所归,5,False,False,1.0,0.25,0.0,3.298730124303885,-1.2553730010986328,2.0,0.6908612847328186,1.0,0.35,11,苹果晋身道指;苹果,苹果晋身道指顾蜀众忘所归
474,苹果晋身道指固属众望所归,6,False,False,1.0,0.25,0.0,3.1879687137154904,-1.3035892248153687,2.0,0.6908612847328186,1.0,0.35,11,苹果晋身道指;苹果,苹果晋身道指顾蜀众旺所归
474,苹果晋身道指固属众望所归,7,False,False,1.0,0.25,0.0,3.173791191818815,-1.3097609281539917,2.0,0.6908612847328186,1.0,0.35,11,苹果晋身道指;苹果,苹果晋身道指顾蜀众望索归
474,苹果晋身道指固属众望所归,8,False,False,1.0,0.25,0.0,3.1030730926123096,-1.340545654296875,2.0,0.6908612847328186,1.0,0.35,11,苹果晋身道指;苹果,苹果晋身道指顾蜀众望所规
474,苹果晋身道指固属众望所归,9,False,False,1.0,0.25,0.0,3.0394533389416867,-1.3682403564453125,2.0,0.6908612847328186,1.0,0.35,11,苹果晋身道指;苹果,苹果晋身道指顾蜀众王所归
474,苹果晋身道指固属众望所归,10,False,False,1.0,0.3333333333333333,0.0,2.8603053485284646,-1.4462263584136963,2.0,0.6908612847328186,1.0,0.35,11,苹果晋身道指;苹果,苹果晋身道指顾蜀众王所规
474,苹果晋身道指固属众望所归,11,False,False,1.0,0.3333333333333333,0.0,2.85,-1.4507124423980713,2.0,0.6908612847328186,1.0,0.35,11,苹果晋身道指;苹果,苹果晋身道指顾蜀众王索归
475,而苹果得以顺利跻身道指,1,True,True,1.0,0.18181818181818182,0.0,3.85,-1.3418281078338623,1.0,0.6826674342155457,1.0,0.35,4,苹果,而苹果德以顺利晋身道指
475,而苹果得以顺利跻身道指,2,False,False,1.0,0.2727272727272727,1.0,3.5039488230377223,-1.3678369522094727,1.0,0.6826674342155457,1.0,0.35,4,苹果,苹果德以顺利晋身道指
475,而苹果得以顺利跻身道指,3,False,False,1.0,0.2727272727272727,0.0,2.91311709033925,-1.4122432470321655,1.0,0.6826674342155457,1.0,0.35,4,苹果,而苹果德以顺力晋身道指
475,而苹果得以顺利跻身道指,4,False,False,1.0,0.36363636363636365,1.0,2.85,-1.4169870615005493,1.0,0.6826674342155457,1.0,0.35,4,苹果,苹果德以顺力晋身道指
476,苹果固然不会因此而升格,1,True,True,1.0,0.0,0.0,3.85,-0.48195499181747437,1.0,0.677428662776947,1.0,0.35,6,苹果,苹果固然不会因此而升格
476,苹果固然不会因此而升格,2,False,False,1.0,0.09090909090909091,0.0,3.7913517482959427,-0.5345585942268372,1.0,0.677428662776947,1.0,0.35,6,苹果,苹果固然不会因此而生格
476,苹果固然不会因此而升格,3,False,False,1.0,0.09090909090909091,0.0,3.622952288246194,-0.6856017708778381,1.0,0.677428662776947,1.0,0.35,6,苹果,苹果固然不会因此而升歌
476,苹果固然不会因此而升格,4,False,False,1.0,0.09090909090909091,0.0,3.209189989562105,-1.056719183921814,1.0,0.677428662776947,1.0,0.35,6,苹果,苹果固然不会因此而升科
476,苹果固然不会因此而升格,5,False,False,1.0,0.18181818181818182,0.0,3.1739515437644994,-1.0883257389068604,1.0,0.677428662776947,1.0,0.35,6,苹果,苹果固然不会因此而申歌
476,苹果固然不会因此而升格,6,False,False,1.0,0.18181818181818182,0.0,2.85,-1.3788888454437256,1.0,0.677428662776947,1.0,0.35,6,苹果,苹果固然不会因此而申科
477,老毕于跟苹果押注太阳能一文问过大家,1,True,False,1.0,0.17647058823529413,0.0,3.85,-0.5169088840484619,1.0,0.682346522808075,1.0,0.35,5,苹果,老毕于跟苹果压住太阳能一闻问过大家
477,老毕于跟苹果押注太阳能一文问过大家,2,False,False,1.0,0.23529411764705882,0.0,3.702873711063949,-0.5177270174026489,1.0,0.682346522808075,1.0,0.35,5,苹果,老毕于跟苹果压住太阳能疑闻问过大家
477,老毕于跟苹果押注太阳能一文问过大家,3,False,True,1.0,0.11764705882352941,0.0,3.5139226531180996,-0.5187777280807495,1.0,0.682346522808075,1.0,0.35,5,苹果,老毕于跟苹果压住太阳能一文问过大家
477,老毕于跟苹果押注太阳能一文问过大家,4,False,False,1.0,0.23529411764705882,0.0,2.9230057667159732,-0.522063672542572,1.0,0.682346522808075,1.0,0.35,5,苹果,老毕于跟苹果压住太阳能依闻问过大家
477,老毕于跟苹果押注太阳能一文问过大家,5,False,False,1.0,0.17647058823529413,0.0,2.85,-0.5224696397781372,1.0,0.682346522808075,1.0,0.35,5,苹果,老毕于跟苹果压住太阳能依文问过大家
478,苹果股价在说不准的时间内有望上升三成,1,True,True,1.0,0.0,0.0,3.5,-0.31452205777168274,1.0,0.6813547015190125,0.0,0.0,0,,苹果股价在说不准的时间内有望上升三成
478,苹果股价在说不准的时间内有望上升三成,2,False,False,0.0,1.1111111111111112,1.0,0.30400610267347805,-0.3611546456813812,0.0,0.0,0.0,0.0,0,,请不吝点赞订阅转发打赏支持明镜与点点栏目
478,苹果股价在说不准的时间内有望上升三成,3,False,False,0.0,0.1111111111111111,1.0,0.0,-0.3815234899520874,0.0,0.0,0.0,0.0,0,,评估股价在说不准的时间内有望上升三成
479,若定苹果第三期发育的立场已呼之欲出,1,True,True,1.0,0.058823529411764705,0.0,3.85,-0.6512239575386047,1.0,0.6798197031021118,1.0,0.35,2,苹果,若定苹果第三区发育的立场已呼之欲出
479,若定苹果第三期发育的立场已呼之欲出,2,False,False,1.0,0.058823529411764705,0.0,2.85,-0.7259606122970581,1.0,0.6798197031021118,1.0,0.35,2,苹果,若定苹果第三驱发育的立场已呼之欲出
480,手机辐射的比吸收率最高限值为二瓦特每千克,1,True,True,0.0,0.15,1.0,1.0,-0.22845399379730225,0.0,0.0,0.0,0.0,0,,手机辐射的比吸收率最高限值为2W每千克
480,手机辐射的比吸收率最高限值为二瓦特每千克,2,False,False,0.0,0.25,1.0,0.0,-0.44647493958473206,0.0,0.0,0.0,0.0,0,,手机辐射的比吸收率最高限值为2W每kg
482,由郎平挂帅的中国女排在名古屋赛区,1,True,True,1.0,0.0,0.0,2.903854931048392,-0.3950333297252655,2.0,0.685355007648468,0.5,0.175,5,郎平;名古屋,由郎平挂帅的中国女排在名古屋赛区
482,由郎平挂帅的中国女排在名古屋赛区,2,False,False,1.0,0.0625,0.0,2.7351480280525937,-0.4439322054386139,2.0,0.685355007648468,0.5,0.175,5,郎平;名古屋,由郎平挂帅的中国女牌在名古屋赛区
482,由郎平挂帅的中国女排在名古屋赛区,3,False,False,0.5,0.125,0.4,2.6486506488819974,-0.1715206801891327,1.0,0.6429590582847595,0.375,0.13124999999999998,4,名古屋,由狼瓶挂帅的中国女排在名古屋赛区
482,由郎平挂帅的中国女排在名古屋赛区,4,False,False,0.5,0.0625,0.2,2.57461991408537,-0.1929781287908554,1.0,0.6429590582847595,0.375,0.13124999999999998,4,名古屋,由狼平挂帅的中国女排在名古屋赛区
482,由郎平挂帅的中国女排在名古屋赛区,5,False,False,0.5,0.125,0.4,1.8500935488264914,-0.4509904980659485,1.0,0.685355007648468,0.5,0.175,5,郎平,由郎平挂帅的中国女排在明谷屋赛区
482,由郎平挂帅的中国女排在名古屋赛区,6,False,False,0.5,0.1875,0.6,1.8244450251226827,-0.4584245979785919,1.0,0.685355007648468,0.5,0.175,5,郎平,由郎平挂帅的中国女排在明谷乌赛区
482,由郎平挂帅的中国女排在名古屋赛区,7,False,False,0.5,0.125,0.4,1.8142974649080779,-0.46136581897735596,1.0,0.685355007648468,0.5,0.175,5,郎平,由郎平挂帅的中国女排在蒙古乌赛区
482,由郎平挂帅的中国女排在名古屋赛区,8,False,False,0.0,0.25,0.8,0.6849556361059469,-0.262834757566452,0.0,0.664381742477417,0.0,0.0,0,,由狼平挂帅的中国女排在明谷乌赛区
482,由郎平挂帅的中国女排在名古屋赛区,9,False,False,0.0,0.1875,0.6,0.6465748244142334,-0.2739592492580414,0.0,0.7995808422565459,0.0,0.0,0,,由狼平挂帅的中国女排在蒙古乌赛区
483,而主教练郎平则在全面性方面对大家做了更多要求,1,True,True,1.0,0.0,0.0,3.85,-0.3971085548400879,1.0,0.6878196001052856,1.0,0.35,3,郎平,而主教练郎平则在全面性方面对大家做了更多要求
483,而主教练郎平则在全面性方面对大家做了更多要求,2,False,False,1.0,0.045454545454545456,0.0,3.078232508377121,-0.4717278778553009,1.0,0.6878196001052856,1.0,0.35,3,郎平,而主教练郎平则在全面性方面对大家做了更多的要求
483,而主教练郎平则在全面性方面对大家做了更多要求,3,False,False,1.0,0.045454545454545456,0.0,2.85,-0.49379482865333557,1.0,0.6878196001052856,1.0,0.35,3,郎平,而朱教练郎平则在全面性方面对大家做了更多要求
484,以前接触比较多的巴西队速度也很快,1,True,True,1.0,0.0,0.0,2.9167652250828255,-0.6089643239974976,1.0,0.6888135671615601,0.3333333333333333,0.11666666666666665,2,巴西队,以前接触比较多的巴西队速度也很快
484,以前接触比较多的巴西队速度也很快,2,False,False,1.0,0.0625,0.0,2.6166666666666667,-0.7569050788879395,1.0,0.6888135671615601,0.3333333333333333,0.11666666666666665,2,巴西队,以前接触比较多的巴西队的速度也很快
484,以前接触比较多的巴西队速度也很快,3,False,False,0.0,0.0625,0.3333333333333333,1.0,-0.26393118500709534,0.0,0.7749152630567551,0.0,0.0,0,,以前接触比较多的巴西对速度也很快
484,以前接触比较多的巴西队速度也很快,4,False,False,0.0,0.0625,0.3333333333333333,0.641669879301457,-0.4405785799026489,0.0,0.0,0.0,0.0,0,,以前接触比较多的巴西速度也很快
485,接下来中国女排将转战名古屋,1,True,True,1.0,0.0,0.0,3.5,-0.2763011157512665,1.0,0.6171334385871887,0.0,0.0,0,,接下来中国女排将转战名古屋
485,接下来中国女排将转战名古屋,2,False,False,0.0,0.15384615384615385,0.6666666666666666,0.965260638180777,-0.28810563683509827,0.0,0.6942751184105873,0.0,0.0,0,,接下来中国女排将转战明谷屋
485,接下来中国女排将转战名古屋,3,False,False,0.0,0.23076923076923078,0.6666666666666666,0.8186985671396794,-0.3379077911376953,0.0,0.6942751184105873,0.0,0.0,0,,接下来中国女排将转站明谷屋
485,接下来中国女排将转战名古屋,4,False,False,0.0,0.07692307692307693,0.3333333333333333,0.6862181224691123,-0.38292497396469116,0.0,0.0,0.0,0.0,0,,接下来中国女排将转战民古屋
485,接下来中国女排将转战名古屋,5,False,False,0.0,0.23076923076923078,0.6666666666666666,0.4781633799130827,-0.4536224901676178,0.0,0.0,0.0,0.0,0,,接下来中国女排将转站宁谷屋
485,接下来中国女排将转战名古屋,6,False,False,0.0,0.15384615384615385,0.6666666666666666,0.427397799959112,-0.47087275981903076,0.0,0.0,0.0,0.0,0,,接下来中国女排将转战宁谷屋
485,接下来中国女排将转战名古屋,7,False,False,0.0,0.07692307692307693,0.3333333333333333,0.28449100363194524,-0.5194328427314758,0.0,0.6942751184105873,0.0,0.0,0,,接下来中国女排将转战明古屋
485,接下来中国女排将转战名古屋,8,False,False,0.0,0.15384615384615385,0.3333333333333333,0.0,-0.6161035895347595,0.0,0.6942751184105873,0.0,0.0,0,,接下来中国女排将转站明古屋
486,广州日报社记者许胚日前,1,True,True,1.0,0.0,0.0,2.9003237372706985,-1.0373046398162842,1.0,0.6877206563949585,0.375,0.13124999999999998,4,许胚,广州日报社记者许胚日前
486,广州日报社记者许胚日前,2,False,False,1.0,0.09090909090909091,1.0,2.836194811702954,-1.094916582107544,1.0,0.6877206563949585,0.375,0.13124999999999998,4,许胚,广州日报记者许胚日前
486,广州日报社记者许胚日前,3,False,False,1.0,0.09090909090909091,0.0,2.7484629267255003,-1.173732876777649,1.0,0.6877206563949585,0.375,0.13124999999999998,4,许胚,广州日报社记者许胚日签
486,广州日报社记者许胚日前,4,False,False,1.0,0.09090909090909091,0.0,2.63125,-1.2790342569351196,1.0,0.6877206563949585,0.375,0.13124999999999998,4,许胚,广州日报社记者许胚日浅
486,广州日报社记者许胚日前,5,False,False,0.0,0.18181818181818182,1.0,1.0,-0.3806574046611786,0.0,0.8023407657941182,0.0,0.0,0,,广州日报社记者徐培日前
486,广州日报社记者许胚日前,6,False,False,0.0,0.09090909090909091,0.5,0.7046949321642985,-0.6459526419639587,0.0,0.8023407657941182,0.0,0.0,0,,广州日报社记者许培日前
486,广州日报社记者许胚日前,7,False,False,0.0,0.09090909090909091,0.5,0.701965414946827,-0.6484047770500183,0.0,0.8023407657941182,0.0,0.0,0,,广州日报社记者许佩日前
486,广州日报社记者许胚日前,8,False,False,0.0,0.09090909090909091,0.5,0.5825082332529705,-0.7557223439216614,0.0,0.8023407657941182,0.0,0.0,0,,广州日报社记者许配日前
486,广州日报社记者许胚日前,9,False,False,0.0,0.09090909090909091,0.5,0.5648527551852285,-0.771583616733551,0.0,0.8023407657941182,0.0,0.0,0,,广州日报社记者徐胚日前
487,在英格兰多塞特群的波维顿坦克博物馆,1,True,True,1.0,0.0,0.0,3.5,-0.4883706271648407,1.0,0.6861724257469177,0.0,0.0,0,,在英格兰多塞特群的波维顿坦克博物馆
487,在英格兰多塞特群的波维顿坦克博物馆,2,False,False,0.0,0.058823529411764705,0.125,0.2746998688519247,-0.5971343517303467,0.0,0.724293116066191,0.0,0.0,0,,在英格兰多塞特群的波维顿坦克博午馆
487,在英格兰多塞特群的波维顿坦克博物馆,3,False,False,0.0,0.058823529411764705,0.125,0.0,-0.6383274793624878,0.0,0.7195280297762818,0.0,0.0,0,,在英格兰多塞特群的波维顿坦克博博馆
488,陈凯琳的心被郑嘉颖成功俘虏,1,True,True,1.0,0.0,0.0,3.85,-0.45558634400367737,1.0,0.6916049122810364,1.0,0.35,5,郑嘉颖,陈凯琳的心被郑嘉颖成功俘虏
488,陈凯琳的心被郑嘉颖成功俘虏,2,False,False,1.0,0.07692307692307693,0.0,3.240708416734859,-0.5364245176315308,1.0,0.6916049122810364,1.0,0.35,5,郑嘉颖,陈凯霖的心被郑嘉颖成功俘虏
488,陈凯琳的心被郑嘉颖成功俘虏,3,False,False,1.0,0.07692307692307693,0.0,3.1728535867167342,-0.5454272031784058,1.0,0.6916049122810364,1.0,0.35,5,郑嘉颖,陈凯玲的心被郑嘉颖成功俘虏
488,陈凯琳的心被郑嘉颖成功俘虏,4,False,False,1.0,0.07692307692307693,0.0,3.0503334788156944,-0.5616826415061951,1.0,0.6916049122810364,1.0,0.35,5,郑嘉颖,陈凯林的心被郑嘉颖成功俘虏
488,陈凯琳的心被郑嘉颖成功俘虏,5,False,False,1.0,0.07692307692307693,0.0,2.85,-0.5882620215415955,1.0,0.6916049122810364,1.0,0.35,5,郑嘉颖,陈凯麟的心被郑嘉颖成功俘虏
489,更是郑嘉颖愿意公开承认的女友,1,True,True,1.0,0.0,0.0,2.5,-0.6281313300132751,1.0,0.6908446550369263,0.0,0.0,0,,更是郑嘉颖愿意公开承认的女友
489,更是郑嘉颖愿意公开承认的女友,2,False,False,0.0,0.07142857142857142,0.3333333333333333,1.0,-0.4312272071838379,0.0,0.777200236916542,0.0,0.0,0,,更是郑佳颖愿意公开承认的女友
489,更是郑嘉颖愿意公开承认的女友,3,False,False,0.0,0.07142857142857142,0.3333333333333333,0.3017076115868519,-0.5687238574028015,0.0,0.0,0.0,0.0,0,,更是郑嘉银愿意公开承认的女友
490,不过2人因给陈嘉宝把生日合照在网上公开才泄露恋情,1,True,True,1.0,0.0,0.0,2.967647684784935,-0.2644297778606415,1.0,0.6916224360466003,0.5,0.175,2,陈嘉宝,不过2人因给陈嘉宝把生日合照在网上公开才泄露恋情
490,不过2人因给陈嘉宝把生日合照在网上公开才泄露恋情,2,False,False,1.0,0.041666666666666664,0.0,2.675,-0.33973509073257446,1.0,0.6916224360466003,0.5,0.175,2,陈嘉宝,不过2人应给陈嘉宝把生日合照在网上公开才泄露恋情
490,不过2人因给陈嘉宝把生日合照在网上公开才泄露恋情,3,False,False,0.0,0.041666666666666664,0.3333333333333333,1.0,-0.08241095393896103,0.0,0.7780752405524254,0.0,0.0,0,,不过2人因给陈家宝把生日合照在网上公开才泄露恋情
491,对此陈凯琳没有怪责陈嘉宝,1,True,True,1.0,0.0,0.0,3.85,-0.46325406432151794,1.0,0.6925274133682251,1.0,0.35,6,陈嘉宝,对此陈凯琳没有怪责陈嘉宝
491,对此陈凯琳没有怪责陈嘉宝,2,False,False,1.0,0.08333333333333333,0.0,3.485821899576439,-0.522335410118103,1.0,0.6925274133682251,1.0,0.35,6,陈嘉宝,对此陈凯玲没有怪责陈嘉宝
491,对此陈凯琳没有怪责陈嘉宝,3,False,False,1.0,0.08333333333333333,0.0,3.2874606303949796,-0.5545159578323364,1.0,0.6925274133682251,1.0,0.35,6,陈嘉宝,对此陈凯麟没有怪责陈嘉宝
491,对此陈凯琳没有怪责陈嘉宝,4,False,False,1.0,0.08333333333333333,0.0,3.150067069549341,-0.576805591583252,1.0,0.6925274133682251,1.0,0.35,6,陈嘉宝,对此陈凯霖没有怪责陈嘉宝
491,对此陈凯琳没有怪责陈嘉宝,5,False,False,1.0,0.08333333333333333,0.0,3.0598250000964433,-0.5914457440376282,1.0,0.6925274133682251,1.0,0.35,6,陈嘉宝,对此陈凯林没有怪责陈嘉宝
491,对此陈凯琳没有怪责陈嘉宝,6,False,False,1.0,0.08333333333333333,0.0,2.85,-0.6254860758781433,1.0,0.6925274133682251,1.0,0.35,6,陈嘉宝,对此陈凯临没有怪责陈嘉宝
492,东越花苑不少商铺都关门转租记者谢国林摄,1,True,False,1.0,0.10526315789473684,0.0,3.85,-0.7449242472648621,1.0,0.6908562183380127,1.0,0.35,3,东越花苑,东越花苑不少商铺都关门转租记者谢国陵社
492,东越花苑不少商铺都关门转租记者谢国林摄,2,False,True,1.0,0.05263157894736842,0.0,3.7414104685466634,-0.746023416519165,1.0,0.6908562183380127,1.0,0.35,3,东越花苑,东越花苑不少商铺都关门转租记者谢国林社
492,东越花苑不少商铺都关门转租记者谢国林摄,3,False,False,1.0,0.10526315789473684,0.0,2.85,-0.7550464868545532,1.0,0.6908562183380127,1.0,0.35,3,东越花苑,东越花苑不少商铺都关门转租记者谢国邻社
493,金报讯记者蓝莹还记得小温吗,1,True,True,1.0,0.0,0.0,3.85,-0.6812182068824768,2.0,0.6889793872833252,1.0,0.35,4,蓝莹;金报讯,金报讯记者蓝莹还记得小温吗
493,金报讯记者蓝莹还记得小温吗,2,False,False,1.0,0.07692307692307693,0.0,3.6000973403673533,-0.741547703742981,2.0,0.6889793872833252,1.0,0.35,4,蓝莹;金报讯,金报讯记者蓝莹还记得晓温吗
493,金报讯记者蓝莹还记得小温吗,3,False,False,0.5,0.07692307692307693,0.2,1.2210337040867647,-0.7123522162437439,1.0,0.688059389591217,1.0,0.35,4,金报讯,金报讯记者蓝营还记得小温吗
493,金报讯记者蓝莹还记得小温吗,4,False,False,0.5,0.07692307692307693,0.2,0.35,-0.9226301908493042,1.0,0.688059389591217,1.0,0.35,4,金报讯,金报讯记者蓝嬴还记得小温吗
494,温州14岁少年小温迷失莒溪大峡谷,1,True,False,0.0,0.25,0.2,1.0,-0.9335341453552246,0.0,0.6794803738594055,0.0,0.0,0,,温州疑似碎少年小温迷失绿溪大峡谷
494,温州14岁少年小温迷失莒溪大峡谷,2,False,True,0.0,0.1875,0.2,0.0,-0.9357123374938965,0.0,0.6794803738594055,0.0,0.0,0,,温州疑似岁少年小温迷失绿溪大峡谷
495,温州市民郑女士在农贸市场购买了三只大虾,1,True,True,1.0,0.0,0.0,3.85,-0.09145347774028778,1.0,0.6914510726928711,1.0,0.35,2,郑女士,温州市民郑女士在农贸市场购买了三只大虾
495,温州市民郑女士在农贸市场购买了三只大虾,2,False,False,1.0,0.05263157894736842,0.0,2.85,-0.15987065434455872,1.0,0.6914510726928711,1.0,0.35,2,郑女士,温州市民郑女士在农贸市场购买了3只大虾
497,温州市域铁路将成为全国第一条城市交通铁路,1,True,True,0.0,0.05,0.25,1.0,-0.5508266687393188,0.0,0.0,0.0,0.0,0,,温州市玉铁路将成为全国第一条城市交通铁路
497,温州市域铁路将成为全国第一条城市交通铁路,2,False,False,0.0,0.1,0.25,0.7965303991708264,-0.5827587842941284,0.0,0.0,0.0,0.0,0,,温州市玉铁路将成为全国第一条城市交通铝路
497,温州市域铁路将成为全国第一条城市交通铁路,3,False,False,0.0,0.1,0.25,0.7341217166992723,-0.5925530791282654,0.0,0.0,0.0,0.0,0,,温州市玉铁路将成为全国第一条城市交通链路
497,温州市域铁路将成为全国第一条城市交通铁路,4,False,False,0.0,0.1,0.25,0.6962555398192848,-0.5984957218170166,0.0,0.0,0.0,0.0,0,,温州市玉铁路将成为全国第一条城市交通铤路
497,温州市域铁路将成为全国第一条城市交通铁路,5,False,False,0.0,0.15,0.25,0.6273489042656181,-0.6093097925186157,0.0,0.0,0.0,0.0,0,,温州市玉铁路将成为全国第一条城市交通链
497,温州市域铁路将成为全国第一条城市交通铁路,6,False,False,0.0,0.1,0.25,0.4480803711987506,-0.6374438405036926,0.0,0.0,0.0,0.0,0,,温州市玉铁路将成为全国第一条城市交通铅路
497,温州市域铁路将成为全国第一条城市交通铁路,7,False,False,0.0,0.1,0.25,0.43860556638611037,-0.6389307975769043,0.0,0.0,0.0,0.0,0,,温州市玉铁路将成为全国第一条城市交通铆路
497,温州市域铁路将成为全国第一条城市交通铁路,8,False,False,0.0,0.1,0.25,0.41806308662076436,-0.6421546936035156,0.0,0.0,0.0,0.0,0,,温州市裕铁路将成为全国第一条城市交通链路
497,温州市域铁路将成为全国第一条城市交通铁路,9,False,False,0.0,0.1,0.25,0.33374085590374114,-0.6553880572319031,0.0,0.0,0.0,0.0,0,,温州市御铁路将成为全国第一条城市交通链路
497,温州市域铁路将成为全国第一条城市交通铁路,10,False,False,0.0,0.1,0.25,0.25579314412588305,-0.6676210165023804,0.0,0.0,0.0,0.0,0,,温州市玉铁路将成为全国第一条城市交通电路
497,温州市域铁路将成为全国第一条城市交通铁路,11,False,False,0.0,0.1,0.25,0.0793806872281363,-0.6953068375587463,0.0,0.0,0.0,0.0,0,,温州市玉铁路将成为全国第一条城市交通这路
497,温州市域铁路将成为全国第一条城市交通铁路,12,False,False,0.0,0.1,0.25,0.0,-0.7077646851539612,0.0,0.0,0.0,0.0,0,,温州市玉铁路将成为全国第一条城市交通血路
498,温州市治堵办的负责人表示,1,True,True,1.0,0.0,0.0,3.85,-0.7861053943634033,1.0,0.6910238862037659,1.0,0.35,2,温州市治堵办,温州市治堵办的负责人表示
498,温州市治堵办的负责人表示,2,False,False,1.0,0.08333333333333333,0.0,2.85,-0.8528851270675659,1.0,0.6910238862037659,1.0,0.35,2,温州市治堵办,温州市治堵办的负责人表释
499,开水淋顾客的火锅店服务员朱某被依法批准逮捕,1,True,True,1.0,0.0,0.0,3.78,-0.24980419874191284,1.0,0.6547296643257141,0.8,0.27999999999999997,5,朱某,开水淋顾客的火锅店服务员朱某被依法批准逮捕
499,开水淋顾客的火锅店服务员朱某被依法批准逮捕,2,False,False,1.0,0.047619047619047616,0.0,3.4468492343176984,-0.2930572032928467,1.0,0.6547296643257141,0.8,0.27999999999999997,5,朱某,开水龄顾客的火锅店服务员朱某被依法批准逮捕
499,开水淋顾客的火锅店服务员朱某被依法批准逮捕,3,False,False,1.0,0.047619047619047616,0.0,3.303896927170657,-0.3116167187690735,1.0,0.6547296643257141,0.8,0.27999999999999997,5,朱某,开水铃顾客的火锅店服务员朱某被依法批准逮捕
499,开水淋顾客的火锅店服务员朱某被依法批准逮捕,4,False,False,1.0,0.047619047619047616,0.0,3.243900269398234,-0.31940609216690063,1.0,0.6547296643257141,0.8,0.27999999999999997,5,朱某,开水临顾客的火锅店服务员朱某被依法批准逮捕
499,开水淋顾客的火锅店服务员朱某被依法批准逮捕,5,False,False,1.0,0.047619047619047616,0.0,3.0868004231039747,-0.3398023843765259,1.0,0.6547296643257141,0.8,0.27999999999999997,5,朱某,开水灵顾客的火锅店服务员朱某被依法批准逮捕
499,开水淋顾客的火锅店服务员朱某被依法批准逮捕,6,False,False,0.0,0.047619047619047616,0.5,0.0,-0.3796343207359314,0.0,0.0,0.0,0.0,0,,开水淋顾客的火锅店服务员周某被依法批准逮捕
500,温州昆明出现注胶虾产地均指向广东湛江,1,True,True,1.0,0.1111111111111111,0.0,3.85,-0.31697356700897217,2.0,0.6905184984207153,1.0,0.35,7,广东;湛江,温州昆明出现珠礁虾产地均指向广东湛江
500,温州昆明出现注胶虾产地均指向广东湛江,2,False,False,1.0,0.16666666666666666,0.0,3.748067396016101,-0.35347113013267517,2.0,0.6905184984207153,1.0,0.35,7,广东;湛江,温州昆明出县珠礁虾产地均指向广东湛江
500,温州昆明出现注胶虾产地均指向广东湛江,3,False,False,1.0,0.2222222222222222,0.0,3.6679784857453916,-0.3821474313735962,2.0,0.6905184984207153,1.0,0.35,7,广东;湛江,温州昆明出县驻郊厦产地均指向广东湛江
500,温州昆明出现注胶虾产地均指向广东湛江,4,False,False,1.0,0.1111111111111111,0.0,3.6641519814621835,-0.3835175335407257,2.0,0.6905184984207153,1.0,0.35,7,广东;湛江,温州昆明出县铸胶虾产地均指向广东湛江
500,温州昆明出现注胶虾产地均指向广东湛江,5,False,False,1.0,0.16666666666666666,0.0,3.598052913347028,-0.4071846902370453,2.0,0.6905184984207153,1.0,0.35,7,广东;湛江,温州昆明出县珠江虾产地均指向广东湛江
500,温州昆明出现注胶虾产地均指向广东湛江,6,False,False,1.0,0.2222222222222222,0.0,2.8851491049044644,-0.6624440550804138,2.0,0.6905184984207153,1.0,0.35,7,广东;湛江,温州昆明出县珠礁峡产地均指向广东湛江
500,温州昆明出现注胶虾产地均指向广东湛江,7,False,False,1.0,0.2222222222222222,0.0,2.85,-0.6750293970108032,2.0,0.6905184984207153,1.0,0.35,7,广东;湛江,温州昆明初县珠礁虾产地均指向广东湛江
501,且产地均指向广东省湛江市,1,True,True,1.0,0.0,0.0,3.85,-0.5065111517906189,3.0,0.6872768998146057,1.0,0.35,8,广东省;湛江;广东,且产地均指向广东省湛江市
501,且产地均指向广东省湛江市,2,False,False,1.0,0.16666666666666666,0.0,3.7735281337042683,-0.5228117108345032,3.0,0.6872768998146057,1.0,0.35,8,广东省;湛江;广东,且阐帝均指向广东省湛江市
501,且产地均指向广东省湛江市,3,False,False,1.0,0.3333333333333333,0.0,3.759343768271885,-0.5258352160453796,3.0,0.6872768998146057,1.0,0.35,8,广东省;湛江;广东,且铲递军旨向广东省湛江市
501,且产地均指向广东省湛江市,4,False,False,1.0,0.25,0.0,3.7338233192802064,-0.5312750935554504,3.0,0.6872768998146057,1.0,0.35,8,广东省;湛江;广东,且阐帝君指向广东省湛江市
501,且产地均指向广东省湛江市,5,False,False,1.0,0.25,0.0,3.5504922276243076,-0.5703535079956055,3.0,0.6872768998146057,1.0,0.35,8,广东省;湛江;广东,且阐帝军指向广东省湛江市
501,且产地均指向广东省湛江市,6,False,False,1.0,0.16666666666666666,0.0,3.363742135137637,-0.6101607084274292,3.0,0.6872768998146057,1.0,0.35,8,广东省;湛江;广东,且颤帝均指向广东省湛江市
501,且产地均指向广东省湛江市,7,False,False,1.0,0.25,0.0,3.319157547793169,-0.6196642518043518,3.0,0.6872768998146057,1.0,0.35,8,广东省;湛江;广东,且颤帝君指向广东省湛江市
501,且产地均指向广东省湛江市,8,False,False,1.0,0.25,0.0,2.85,-0.7196687459945679,3.0,0.6872768998146057,1.0,0.35,8,广东省;湛江;广东,且颤帝军指向广东省湛江市
502,火锅店服务员朱某被温州市鹿城区检察院依法批准逮捕,1,True,False,1.0,0.08333333333333333,0.0,1.0,-0.2325069159269333,0.0,0.6806862354278564,0.0,0.0,0,,火锅店服务员朱某被温州市陆成区检察院依法批准逮捕
502,火锅店服务员朱某被温州市鹿城区检察院依法批准逮捕,2,False,False,1.0,0.08333333333333333,0.0,0.5047146287148623,-0.265996515750885,0.0,0.6806862354278564,0.0,0.0,0,,火锅店服务员朱某被温州市陆澄区检察院依法批准逮捕
502,火锅店服务员朱某被温州市鹿城区检察院依法批准逮捕,3,False,True,1.0,0.041666666666666664,0.0,0.19801462640090706,-0.28673458099365234,0.0,0.6806862354278564,0.0,0.0,0,,火锅店服务员朱某被温州市陆城区检察院依法批准逮捕
502,火锅店服务员朱某被温州市鹿城区检察院依法批准逮捕,4,False,False,1.0,0.041666666666666664,0.0,0.0,-0.3001236915588379,0.0,0.6806862354278564,0.0,0.0,0,,火锅店服务员朱某被温州市路城区检察院依法批准逮捕
503,上海易居研究院研究院严跃进认为,1,True,False,0.0,0.3333333333333333,0.0,3.85,-1.0338189601898193,1.0,0.6916247010231018,1.0,0.35,9,易居研究院,上海易居研究院严岳靖认为
503,上海易居研究院研究院严跃进认为,2,False,False,0.0,0.26666666666666666,0.0,3.7676159161464766,-1.063239574432373,1.0,0.6916247010231018,1.0,0.35,9,易居研究院,上海易居研究院严岳进认为
503,上海易居研究院研究院严跃进认为,3,False,False,0.0,0.3333333333333333,0.0,3.743616850819508,-1.071810007095337,1.0,0.6916247010231018,1.0,0.35,9,易居研究院,上海易居研究院严岳静认为
503,上海易居研究院研究院严跃进认为,4,False,False,0.0,0.4,0.0,3.721128617685349,-1.079840898513794,1.0,0.6916247010231018,1.0,0.35,9,易居研究院,上海易居研究院颜岳靖认为
503,上海易居研究院研究院严跃进认为,5,False,False,0.0,0.4,0.0,3.7099552692192144,-1.0838310718536377,1.0,0.6916247010231018,1.0,0.35,9,易居研究院,上海易居研究院颜岳静认为
503,上海易居研究院研究院严跃进认为,6,False,True,0.0,0.2,0.0,3.6916303368161034,-1.0903751850128174,1.0,0.6916247010231018,1.0,0.35,9,易居研究院,上海易居研究院严跃进认为
503,上海易居研究院研究院严跃进认为,7,False,False,0.0,0.26666666666666666,0.0,3.608996561738492,-1.119884967803955,1.0,0.6916247010231018,1.0,0.35,9,易居研究院,上海易居研究院严跃靖认为
503,上海易居研究院研究院严跃进认为,8,False,False,0.0,0.26666666666666666,0.0,3.598289214540842,-1.123708724975586,1.0,0.6916247010231018,1.0,0.35,9,易居研究院,上海易居研究院严跃静认为
503,上海易居研究院研究院严跃进认为,9,False,False,0.0,0.5333333333333333,0.0,2.85,-1.3909342288970947,1.0,0.6916247010231018,1.0,0.35,9,易居研究院,上海易居研究院岩岳靖任维
504,同策咨询研究部总监张宏伟认为,1,True,False,1.0,0.21428571428571427,0.0,3.85,-1.0669562816619873,1.0,0.6889152526855469,1.0,0.35,13,同策咨询研究部,同策咨询研究部总监张洪伟
504,同策咨询研究部总监张宏伟认为,2,False,False,1.0,0.21428571428571427,0.0,3.6868862439874888,-1.1253063678741455,1.0,0.6889152526855469,1.0,0.35,13,同策咨询研究部,同策咨询研究部总监张红伟
504,同策咨询研究部总监张宏伟认为,3,False,True,1.0,0.14285714285714285,0.0,3.280741069292255,-1.2705951929092407,1.0,0.6889152526855469,1.0,0.35,13,同策咨询研究部,同策咨询研究部总监张宏伟任微
504,同策咨询研究部总监张宏伟认为,4,False,False,1.0,0.14285714285714285,0.0,3.223571143411847,-1.291046380996704,1.0,0.6889152526855469,1.0,0.35,13,同策咨询研究部,同策咨询研究部总监张宏伟郑薇
504,同策咨询研究部总监张宏伟认为,5,False,False,1.0,0.21428571428571427,0.0,3.2133429595717984,-1.2947052717208862,1.0,0.6889152526855469,1.0,0.35,13,同策咨询研究部,同策咨询研究部总监张洪伟任微
504,同策咨询研究部总监张宏伟认为,6,False,False,1.0,0.21428571428571427,0.0,3.206637139240996,-1.2971041202545166,1.0,0.6889152526855469,1.0,0.35,13,同策咨询研究部,同策咨询研究部总监张洪伟任威
504,同策咨询研究部总监张宏伟认为,7,False,False,1.0,0.21428571428571427,0.0,3.141327454507526,-1.3204671144485474,1.0,0.6889152526855469,1.0,0.35,13,同策咨询研究部,同策咨询研究部总监张洪伟郑薇
504,同策咨询研究部总监张宏伟认为,8,False,False,1.0,0.21428571428571427,0.0,3.120716462733927,-1.3278402090072632,1.0,0.6889152526855469,1.0,0.35,13,同策咨询研究部,同策咨询研究部总监张红伟任威
504,同策咨询研究部总监张宏伟认为,9,False,False,1.0,0.21428571428571427,0.0,3.104773852266009,-1.333543300628662,1.0,0.6889152526855469,1.0,0.35,13,同策咨询研究部,同策咨询研究部总监张红伟任微
504,同策咨询研究部总监张宏伟认为,10,False,False,1.0,0.21428571428571427,0.0,3.0486293107297793,-1.3536276817321777,1.0,0.6889152526855469,1.0,0.35,13,同策咨询研究部,同策咨询研究部总监张红伟郑薇
504,同策咨询研究部总监张宏伟认为,11,False,False,1.0,0.14285714285714285,0.0,2.998694059568932,-1.3714908361434937,1.0,0.6889152526855469,1.0,0.35,13,同策咨询研究部,同策咨询研究部总监张宏伟任薇
504,同策咨询研究部总监张宏伟认为,12,False,False,1.0,0.21428571428571427,0.0,2.9142643058944437,-1.40169358253479,1.0,0.6889152526855469,1.0,0.35,13,同策咨询研究部,同策咨询研究部总监张洪伟任薇
504,同策咨询研究部总监张宏伟认为,13,False,False,1.0,0.21428571428571427,0.0,2.85,-1.4246826171875,1.0,0.6889152526855469,1.0,0.35,13,同策咨询研究部,同策咨询研究部总监张红伟任薇
505,加强京津风沙源区草地治理,1,True,True,1.0,0.0,0.0,2.733867009110079,-1.0068459510803223,1.0,0.6872008442878723,0.14285714285714285,0.049999999999999996,2,京津风沙源区,加强京津风沙源区草地治理
505,加强京津风沙源区草地治理,2,False,False,1.0,0.08333333333333333,0.0,2.55,-1.0894443988800049,1.0,0.6872008442878723,0.14285714285714285,0.049999999999999996,2,京津风沙源区,加强京津风沙源区的草地治理
505,加强京津风沙源区草地治理,3,False,False,0.0,0.16666666666666666,0.3333333333333333,1.0,-0.6402150988578796,0.0,0.7362866188798631,0.0,0.0,0,,加强精进风沙源区草地治理
505,加强京津风沙源区草地治理,4,False,False,0.0,0.16666666666666666,0.3333333333333333,0.8334474619723419,-0.7150353789329529,0.0,0.7281056564478647,0.0,0.0,0,,加强经济风沙源区草地治理
505,加强京津风沙源区草地治理,5,False,False,0.0,0.08333333333333333,0.16666666666666666,0.7617181099129778,-0.7472583055496216,0.0,0.7362866188798631,0.0,0.0,0,,加强京津风沙园区草地治理
505,加强京津风沙源区草地治理,6,False,False,0.0,0.16666666666666666,0.16666666666666666,0.5525754439838463,-0.8412113189697266,0.0,0.7362866188798631,0.0,0.0,0,,加强京津风沙园区的草地治理
505,加强京津风沙源区草地治理,7,False,False,0.0,0.08333333333333333,0.16666666666666666,0.39203326815550915,-0.9133315682411194,0.0,0.7362866188798631,0.0,0.0,0,,加强京津风沙原区草地治理
505,加强京津风沙源区草地治理,8,False,False,0.0,0.08333333333333333,0.16666666666666666,0.22337904714947968,-0.9890959858894348,0.0,0.7362866188798631,0.0,0.0,0,,加强京津风沙圆区草地治理
506,苹果市盈率仅一五倍,1,True,False,1.0,0.4444444444444444,0.0,3.85,-0.5309176445007324,1.0,0.675209105014801,1.0,0.35,6,苹果,苹果试验率仅15倍
506,苹果市盈率仅一五倍,2,False,False,1.0,0.2222222222222222,0.0,3.580661479916547,-0.5992010235786438,1.0,0.675209105014801,1.0,0.35,6,苹果,苹果市盈率仅15倍
506,苹果市盈率仅一五倍,3,False,False,1.0,0.2222222222222222,0.0,3.1286658773377174,-0.713792085647583,1.0,0.675209105014801,1.0,0.35,6,苹果,苹果试验率仅一五倍
506,苹果市盈率仅一五倍,4,False,False,1.0,0.3333333333333333,0.0,2.9933708828838657,-0.7480924129486084,1.0,0.675209105014801,1.0,0.35,6,苹果,苹果试验率仅1五倍
506,苹果市盈率仅一五倍,5,False,False,1.0,0.4444444444444444,0.0,2.9921652597144592,-0.7483980655670166,1.0,0.675209105014801,1.0,0.35,6,苹果,苹果试阅率仅15倍
506,苹果市盈率仅一五倍,6,False,True,1.0,0.0,0.0,2.85,-0.7844401597976685,1.0,0.675209105014801,1.0,0.35,6,苹果,苹果市盈率仅一五倍
507,苹果早晚将步之前过气股王的后尘,1,True,True,1.0,0.26666666666666666,0.0,3.85,-0.4355199635028839,1.0,0.681387722492218,1.0,0.35,3,苹果,苹果早晚将不值钱过气鼓王的后尘
507,苹果早晚将步之前过气股王的后尘,2,False,False,1.0,0.26666666666666666,0.0,2.8729576421881,-0.5702051520347595,1.0,0.681387722492218,1.0,0.35,3,苹果,苹果早晚将不知前过期古王的后尘
507,苹果早晚将步之前过气股王的后尘,3,False,False,1.0,0.26666666666666666,0.0,2.85,-0.5733698606491089,1.0,0.681387722492218,1.0,0.35,3,苹果,苹果早晚将不知前过去古王的后尘
508,苹果的拿手好戏是把市场上原霸主拉下马,1,True,False,1.0,0.05555555555555555,0.0,3.85,-0.3739255666732788,1.0,0.6729034185409546,1.0,0.35,7,苹果,苹果的拿手好处是把市场上原霸主拉下马
508,苹果的拿手好戏是把市场上原霸主拉下马,2,False,False,1.0,0.05555555555555555,0.0,3.7604110519344256,-0.3791623115539551,1.0,0.6729034185409546,1.0,0.35,7,苹果,苹果的拿手好进是把市场上原霸主拉下马
508,苹果的拿手好戏是把市场上原霸主拉下马,3,False,False,1.0,0.05555555555555555,0.0,3.2673302375191065,-0.4079843759536743,1.0,0.6729034185409546,1.0,0.35,7,苹果,苹果的拿手好心是把市场上原霸主拉下马
508,苹果的拿手好戏是把市场上原霸主拉下马,4,False,True,1.0,0.0,0.0,3.2496531994669,-0.4090176522731781,1.0,0.6729034185409546,1.0,0.35,7,苹果,苹果的拿手好戏是把市场上原霸主拉下马
508,苹果的拿手好戏是把市场上原霸主拉下马,5,False,False,1.0,0.1111111111111111,0.0,3.2389702950710686,-0.4096421003341675,1.0,0.6729034185409546,1.0,0.35,7,苹果,苹果的拿手好处是把市场上的原霸主拉下马
508,苹果的拿手好戏是把市场上原霸主拉下马,6,False,False,1.0,0.1111111111111111,0.0,2.897431422514401,-0.4296060800552368,1.0,0.6729034185409546,1.0,0.35,7,苹果,苹果的拿手好进是把市场上的原霸主拉下马
508,苹果的拿手好戏是把市场上原霸主拉下马,7,False,False,1.0,0.05555555555555555,0.0,2.85,-0.4323785901069641,1.0,0.6729034185409546,1.0,0.35,7,苹果,苹果的拿手好性是把市场上原霸主拉下马
509,快速建立以苹果产品服务为核心的生态系统,1,True,True,1.0,0.0,0.0,3.78,-0.24615478515625,1.0,0.6642539501190186,0.8,0.27999999999999997,5,苹果,快速建立以苹果产品服务为核心的生态系统
509,快速建立以苹果产品服务为核心的生态系统,2,False,False,1.0,0.05263157894736842,0.0,2.849978228833757,-0.566084086894989,1.0,0.6642539501190186,0.8,0.27999999999999997,5,苹果,快速建立以苹果产品服务为核性的生态系统
509,快速建立以苹果产品服务为核心的生态系统,3,False,False,1.0,0.05263157894736842,0.0,2.841806547637096,-0.568895161151886,1.0,0.6642539501190186,0.8,0.27999999999999997,5,苹果,快速建立以苹果产品服务为核星的生态系统
509,快速建立以苹果产品服务为核心的生态系统,4,False,False,1.0,0.05263157894736842,0.0,2.809785693060343,-0.579910397529602,1.0,0.6642539501190186,0.8,0.27999999999999997,5,苹果,快速建立以苹果产品服务为核新的生态系统
509,快速建立以苹果产品服务为核心的生态系统,5,False,False,1.0,0.05263157894736842,0.0,2.78,-0.5901567339897156,1.0,0.6642539501190186,0.8,0.27999999999999997,5,苹果,快速建立以苹果产品服务为核芯的生态系统
509,快速建立以苹果产品服务为核心的生态系统,6,False,False,0.0,0.05263157894736842,0.5,0.8874668082846522,-0.28486642241477966,0.0,0.7749629418055215,0.0,0.0,0,,快速建立以平果产品服务为核心的生态系统
510,消费者贪新忘旧虽亦可能适用于苹果,1,True,False,1.0,0.3125,1.0,3.675,-0.5372188687324524,1.0,0.682075560092926,0.5,0.175,2,苹果,消费者贪心忘记我随意可能适用于苹果
510,消费者贪新忘旧虽亦可能适用于苹果,2,False,True,1.0,0.1875,0.0,2.675,-0.6218886971473694,1.0,0.682075560092926,0.5,0.175,2,苹果,消费者贪心忘旧随意可能适用于苹果
510,消费者贪新忘旧虽亦可能适用于苹果,3,False,False,0.0,0.3125,1.0,0.9494165533282085,-0.5415017604827881,0.0,0.0,0.0,0.0,0,,消费者贪心忘旧随意可能适用于
511,苹果能否第三期发育,1,True,False,1.0,0.1111111111111111,0.0,3.85,-0.6228222846984863,1.0,0.6828703284263611,1.0,0.35,2,苹果,苹果能否第3期发育
511,苹果能否第三期发育,2,False,True,1.0,0.0,0.0,2.85,-0.6362401843070984,1.0,0.6828703284263611,1.0,0.35,2,苹果,苹果能否第三期发育
512,从市场始终不愿给予苹果较高估值可见,1,True,False,1.0,0.058823529411764705,1.0,3.675,-0.49327608942985535,1.0,0.6777053475379944,0.5,0.175,2,苹果,从市场中始终不愿给予苹果较高估值可见
512,从市场始终不愿给予苹果较高估值可见,2,False,True,1.0,0.0,0.0,3.6294645596808834,-0.4955979883670807,1.0,0.6777053475379944,0.5,0.175,2,苹果,从市场始终不愿给予苹果较高估值可见
512,从市场始终不愿给予苹果较高估值可见,3,False,False,0.0,0.11764705882352941,1.0,0.0,-0.5442671179771423,0.0,0.0,0.0,0.0,0,,从市场始终不愿给予评估较高估值可见
513,苹果有意进军汽车产业,1,True,True,1.0,0.0,0.0,3.5,-0.33511319756507874,1.0,0.6738908290863037,0.0,0.0,0,,苹果有意进军汽车产业
513,苹果有意进军汽车产业,2,False,False,0.0,0.1,0.5,0.6987594089166249,-0.36419856548309326,0.0,0.7862059672673543,0.0,0.0,0,,苹国有意进军汽车产业
513,苹果有意进军汽车产业,3,False,False,0.0,0.2,1.0,0.0,-0.4316651523113251,0.0,0.7862059672673543,0.0,0.0,0,,平国有意进军汽车产业
514,汽车是苹果下1个颠复目标,1,True,True,1.0,0.08333333333333333,0.0,3.85,-0.2823062837123871,1.0,0.6703637838363647,1.0,0.35,3,苹果,汽车是苹果下1个颠覆目标
514,汽车是苹果下1个颠复目标,2,False,False,1.0,0.16666666666666666,0.0,3.1100293763443854,-0.40902456641197205,1.0,0.6703637838363647,1.0,0.35,3,苹果,汽车是苹果的下1个颠覆目标
514,汽车是苹果下1个颠复目标,3,False,False,1.0,0.16666666666666666,0.0,2.85,-0.4535540044307709,1.0,0.6703637838363647,1.0,0.35,3,苹果,汽车是苹果下1个巅峰目标
515,三藩市纪事报指此君曾与库克碰头,1,True,False,1.0,0.2,0.0,3.85,-0.8662695288658142,1.0,0.6887056231498718,1.0,0.35,10,三藩市,三藩市纪事报直辞军曾与库克碰头
515,三藩市纪事报指此君曾与库克碰头,2,False,False,1.0,0.26666666666666666,0.0,3.552498973726078,-0.9339579343795776,1.0,0.6887056231498718,1.0,0.35,10,三藩市,三藩市纪事报直辞军曾与库科碰头
515,三藩市纪事报指此君曾与库克碰头,3,False,True,1.0,0.13333333333333333,0.0,3.53846986815229,-0.9371498823165894,1.0,0.6887056231498718,1.0,0.35,10,三藩市,三藩市纪事报执此军曾与库克碰头
515,三藩市纪事报指此君曾与库克碰头,4,False,False,1.0,0.26666666666666666,0.0,3.4960047883177414,-0.9468116760253906,1.0,0.6887056231498718,1.0,0.35,10,三藩市,三藩市记事报直辞军曾与库克碰头
515,三藩市纪事报指此君曾与库克碰头,5,False,False,1.0,0.3333333333333333,0.0,3.484535407694684,-0.949421226978302,1.0,0.6887056231498718,1.0,0.35,10,三藩市,三藩市济世报直辞军曾与库克碰头
515,三藩市纪事报指此君曾与库克碰头,6,False,False,1.0,0.26666666666666666,0.0,3.455808120963836,-0.9559573531150818,1.0,0.6887056231498718,1.0,0.35,10,三藩市,三藩市纪事报直辞军曾与库克共头
515,三藩市纪事报指此君曾与库克碰头,7,False,False,1.0,0.3333333333333333,0.0,3.4421803559513537,-0.9590579867362976,1.0,0.6887056231498718,1.0,0.35,10,三藩市,三藩市纪事报直辞军曾与库克共投
515,三藩市纪事报指此君曾与库克碰头,8,False,False,1.0,0.26666666666666666,0.0,3.2247934026108616,-1.0085185766220093,1.0,0.6887056231498718,1.0,0.35,10,三藩市,三藩市纪市报直辞军曾与库克碰头
515,三藩市纪事报指此君曾与库克碰头,9,False,False,1.0,0.4,0.0,3.086865331117752,-1.0399004220962524,1.0,0.6887056231498718,1.0,0.35,10,三藩市,三藩市记事报直辞军曾与库克共投
515,三藩市纪事报指此君曾与库克碰头,10,False,False,1.0,0.4,0.0,2.85,-1.0937927961349487,1.0,0.6887056231498718,1.0,0.35,10,三藩市,三藩市纪市报直辞军曾与库克共投
516,哈立以争议性的点数优势宣告获胜,1,True,True,1.0,0.0,0.0,2.5,-0.4241043031215668,1.0,0.6802110075950623,0.0,0.0,0,,哈立以争议性的点数优势宣告获胜
516,哈立以争议性的点数优势宣告获胜,2,False,False,0.0,0.06666666666666667,0.5,1.0,-0.05318443849682808,0.0,0.7935795088609059,0.0,0.0,0,,哈利以争议性的点数优势宣告获胜
517,昆仑决雄霸山城在重庆江南体育馆重装上阵,1,True,False,0.0,0.3684210526315789,0.4444444444444444,1.0,-0.6191722750663757,0.0,0.0,0.0,0.0,0,,昆仑绝雄霸山成岭江南体育馆重庄上镇
517,昆仑决雄霸山城在重庆江南体育馆重装上阵,2,False,False,0.0,0.42105263157894735,0.5555555555555556,0.9903692627831799,-0.6198740601539612,0.0,0.0,0.0,0.0,0,,昆仑绝雄坝山成岭江南体育馆重庄上镇
517,昆仑决雄霸山城在重庆江南体育馆重装上阵,3,False,False,0.0,0.3157894736842105,0.3333333333333333,0.8817654006726956,-0.6277879476547241,0.0,0.0,0.0,0.0,0,,昆仑绝雄霸山城江南体育馆重庄上镇
517,昆仑决雄霸山城在重庆江南体育馆重装上阵,4,False,False,0.0,0.47368421052631576,0.5555555555555556,0.8471825962910129,-0.6303079724311829,0.0,0.0,0.0,0.0,0,,昆仑绝雄坝山重庄江南体育馆
517,昆仑决雄霸山城在重庆江南体育馆重装上阵,5,False,False,0.0,0.3684210526315789,0.3333333333333333,0.7897687118009659,-0.6344916820526123,0.0,0.0,0.0,0.0,0,,昆仑绝雄霸山城江南体育馆重庄商镇
517,昆仑决雄霸山城在重庆江南体育馆重装上阵,6,False,False,0.0,0.47368421052631576,0.5555555555555556,0.7363914918399665,-0.6383812427520752,0.0,0.0,0.0,0.0,0,,昆仑绝雄坝山成岭江南体育馆重庄山镇
517,昆仑决雄霸山城在重庆江南体育馆重装上阵,7,False,False,0.0,0.3684210526315789,0.3333333333333333,0.7241285385229489,-0.6392748355865479,0.0,0.0,0.0,0.0,0,,昆仑绝雄霸山城江南体育馆重庄
517,昆仑决雄霸山城在重庆江南体育馆重装上阵,8,False,False,0.0,0.42105263157894735,0.4444444444444444,0.712730175764635,-0.6401054263114929,0.0,0.0,0.0,0.0,0,,昆仑绝雄霸山成岭江南体育馆重庄
517,昆仑决雄霸山城在重庆江南体育馆重装上阵,9,False,False,0.0,0.42105263157894735,0.4444444444444444,0.7123833579813896,-0.6401306986808777,0.0,0.0,0.0,0.0,0,,昆仑绝雄霸山成岭江南体育馆重庄山镇
517,昆仑决雄霸山城在重庆江南体育馆重装上阵,10,False,False,0.0,0.47368421052631576,0.5555555555555556,0.6907015207632609,-0.641710638999939,0.0,0.0,0.0,0.0,0,,昆仑绝雄坝山成岭江南体育馆重庄商镇
517,昆仑决雄霸山城在重庆江南体育馆重装上阵,11,False,False,0.0,0.3684210526315789,0.3333333333333333,0.6341784017589551,-0.645829439163208,0.0,0.0,0.0,0.0,0,,昆仑绝雄霸山城江南体育馆重庄山镇
517,昆仑决雄霸山城在重庆江南体育馆重装上阵,12,False,False,0.0,0.42105263157894735,0.4444444444444444,0.6024740213849153,-0.6481397151947021,0.0,0.0,0.0,0.0,0,,昆仑绝雄霸山成岭江南体育馆重庄商镇
517,昆仑决雄霸山城在重庆江南体育馆重装上阵,13,False,True,0.0,0.2631578947368421,0.3333333333333333,0.194552506903637,-0.677864670753479,0.0,0.0,0.0,0.0,0,,昆仑绝雄霸山城江南体育馆重庄上阵
517,昆仑决雄霸山城在重庆江南体育馆重装上阵,14,False,False,0.0,0.3157894736842105,0.3333333333333333,0.0,-0.6920415759086609,0.0,0.0,0.0,0.0,0,,昆仑绝雄霸山城江南体育馆重庄上震
518,雅桑克莱并没有采取矮个子拳手惯用的闪击式打法,1,True,False,1.0,0.13636363636363635,0.0,3.85,-0.5349322557449341,1.0,0.6891898512840271,1.0,0.35,7,雅桑克莱,雅桑克莱并没有采取X拳手惯用的闪击式打法
518,雅桑克莱并没有采取矮个子拳手惯用的闪击式打法,2,False,True,1.0,0.045454545454545456,0.0,3.2819977230234447,-0.5840582847595215,1.0,0.6891898512840271,1.0,0.35,7,雅桑克莱,雅桑克莱并没有采取矮个子全手惯用的闪击式打法
518,雅桑克莱并没有采取矮个子拳手惯用的闪击式打法,3,False,False,1.0,0.18181818181818182,0.0,3.2540689240252036,-0.586473822593689,1.0,0.6891898512840271,1.0,0.35,7,雅桑克莱,雅桑克莱并没有采取X全手惯用的闪击式打法
518,雅桑克莱并没有采取矮个子拳手惯用的闪击式打法,4,False,False,1.0,0.18181818181818182,0.0,3.159808021380424,-0.5946263670921326,1.0,0.6891898512840271,1.0,0.35,7,雅桑克莱,雅桑克莱并没有采取艾戈兹全手惯用的闪击式打法
518,雅桑克莱并没有采取矮个子拳手惯用的闪击式打法,5,False,False,1.0,0.18181818181818182,0.0,3.0829111324443663,-0.6012771129608154,1.0,0.6891898512840271,1.0,0.35,7,雅桑克莱,雅桑克莱并没有采取艾克兹全手惯用的闪击式打法
518,雅桑克莱并没有采取矮个子拳手惯用的闪击式打法,6,False,False,1.0,0.18181818181818182,0.0,2.857460819670211,-0.6207761168479919,1.0,0.6891898512840271,1.0,0.35,7,雅桑克莱,雅桑克莱并没有采取艾格兹全手惯用的闪击式打法
518,雅桑克莱并没有采取矮个子拳手惯用的闪击式打法,7,False,False,1.0,0.13636363636363635,0.0,2.85,-0.6214213967323303,1.0,0.6891898512840271,1.0,0.35,7,雅桑克莱,雅桑克莱并没有采取艾克兹拳手惯用的闪击式打法
519,雅桑克莱的优势继续在扩大,1,True,True,1.0,0.0,0.0,3.85,-0.7647428512573242,1.0,0.6899407505989075,1.0,0.35,3,雅桑克莱,雅桑克莱的优势继续在扩大
519,雅桑克莱的优势继续在扩大,2,False,False,1.0,0.08333333333333333,0.0,3.079513623280478,-0.8780905604362488,1.0,0.6899407505989075,1.0,0.35,3,雅桑克莱,雅桑克莱的优势继续扩大
519,雅桑克莱的优势继续在扩大,3,False,False,1.0,0.08333333333333333,0.0,2.85,-0.9118547439575195,1.0,0.6899407505989075,1.0,0.35,3,雅桑克莱,雅桑克莱的优势继续再扩大
520,祖耶夫的右肋很快便被踢出大片鲜红的淤血斑痕,1,True,False,1.0,0.09523809523809523,0.0,3.64,-0.30682194232940674,1.0,0.6830872297286987,0.4,0.13999999999999999,3,祖耶夫,祖耶夫的左肋很快便被剔出大片鲜红的淤血斑痕
520,祖耶夫的右肋很快便被踢出大片鲜红的淤血斑痕,2,False,True,1.0,0.047619047619047616,0.0,3.538257862480123,-0.31582769751548767,1.0,0.6830872297286987,0.4,0.13999999999999999,3,祖耶夫,祖耶夫的左肋很快便被踢出大片鲜红的淤血斑痕
520,祖耶夫的右肋很快便被踢出大片鲜红的淤血斑痕,3,False,False,1.0,0.14285714285714285,0.0,3.294421234125465,-0.3374110162258148,1.0,0.6830872297286987,0.4,0.13999999999999999,3,祖耶夫,祖耶夫的左肋很快便被剔出大片鲜红的瘀血斑痕
520,祖耶夫的右肋很快便被踢出大片鲜红的淤血斑痕,4,False,False,0.0,0.14285714285714285,0.3333333333333333,0.4298860605766767,-0.35728585720062256,0.0,0.0,0.0,0.0,0,,主耶夫的左肋很快便被剔出大片鲜红的淤血斑痕
520,祖耶夫的右肋很快便被踢出大片鲜红的淤血斑痕,5,False,False,0.0,0.09523809523809523,0.3333333333333333,0.3817474033588915,-0.3615468740463257,0.0,0.0,0.0,0.0,0,,主耶夫的左肋很快便被踢出大片鲜红的淤血斑痕
520,祖耶夫的右肋很快便被踢出大片鲜红的淤血斑痕,6,False,False,0.0,0.19047619047619047,0.3333333333333333,0.0,-0.39533743262290955,0.0,0.0,0.0,0.0,0,,主耶夫的左肋很快便被剔出大片鲜红的瘀血斑痕
521,经验丰富的雅桑克莱开始刻意放缓节奏,1,True,True,1.0,0.0,0.0,3.85,-0.6796312928199768,1.0,0.6861511468887329,1.0,0.35,2,雅桑克莱,经验丰富的雅桑克莱开始刻意放缓节奏
521,经验丰富的雅桑克莱开始刻意放缓节奏,2,False,False,1.0,0.058823529411764705,0.0,2.85,-0.8310595154762268,1.0,0.6861511468887329,1.0,0.35,2,雅桑克莱,经验丰富的雅桑克莱开始刻意放宽节奏
522,此时的祖耶夫右眼已经肿胀得完全封闭,1,True,False,1.0,0.058823529411764705,0.0,3.85,-0.601189374923706,1.0,0.6877398490905762,1.0,0.35,5,祖耶夫,此时的祖耶夫右眼已经肿胀的完全封闭
522,此时的祖耶夫右眼已经肿胀得完全封闭,2,False,False,1.0,0.058823529411764705,0.0,3.8273452067246736,-0.6033344268798828,1.0,0.6877398490905762,1.0,0.35,5,祖耶夫,此时的祖耶夫右眼已经肿胀完全封闭
522,此时的祖耶夫右眼已经肿胀得完全封闭,3,False,False,1.0,0.11764705882352941,0.0,3.5520940008989403,-0.629396378993988,1.0,0.6877398490905762,1.0,0.35,5,祖耶夫,此时的祖耶夫右眼已经肿障的完全封闭
522,此时的祖耶夫右眼已经肿胀得完全封闭,4,False,True,1.0,0.0,0.0,3.1373264599273045,-0.6686683297157288,1.0,0.6877398490905762,1.0,0.35,5,祖耶夫,此时的祖耶夫右眼已经肿胀得完全封闭
522,此时的祖耶夫右眼已经肿胀得完全封闭,5,False,False,1.0,0.058823529411764705,0.0,2.85,-0.6958736181259155,1.0,0.6877398490905762,1.0,0.35,5,祖耶夫,此时的祖耶夫右眼已经肿胀地完全封闭
523,雅桑克莱的组合拳将祖耶夫重重击倒然而,1,True,True,1.0,0.0,0.0,3.85,-0.8392887711524963,2.0,0.6850919723510742,1.0,0.35,6,雅桑克莱;祖耶夫,雅桑克莱的组合拳将祖耶夫重重击倒然而
523,雅桑克莱的组合拳将祖耶夫重重击倒然而,2,False,False,1.0,0.1111111111111111,0.0,3.7732926316203037,-0.8700112700462341,2.0,0.6850919723510742,1.0,0.35,6,雅桑克莱;祖耶夫,雅桑克莱的组合拳将祖耶夫重重击倒
523,雅桑克莱的组合拳将祖耶夫重重击倒然而,3,False,False,1.0,0.2777777777777778,0.0,3.0438609758380673,-1.162160038948059,2.0,0.6850919723510742,1.0,0.35,6,雅桑克莱;祖耶夫,雅桑克莱的祖和权将祖耶夫重重祭祷然而
523,雅桑克莱的组合拳将祖耶夫重重击倒然而,4,False,False,1.0,0.2777777777777778,0.0,3.039721404912273,-1.1638180017471313,2.0,0.6850919723510742,1.0,0.35,6,雅桑克莱;祖耶夫,雅桑克莱的祖和权将祖耶夫重重祈祷然而
523,雅桑克莱的组合拳将祖耶夫重重击倒然而,5,False,False,1.0,0.3888888888888889,0.0,2.8623103719794982,-1.23487389087677,2.0,0.6850919723510742,1.0,0.35,6,雅桑克莱;祖耶夫,雅桑克莱的祖和权将祖耶夫重重祭祷
523,雅桑克莱的组合拳将祖耶夫重重击倒然而,6,False,False,1.0,0.3888888888888889,0.0,2.85,-1.2398043870925903,2.0,0.6850919723510742,1.0,0.35,6,雅桑克莱;祖耶夫,雅桑克莱的祖和权将祖耶夫重重祈祷
524,布拉德皮特新片狂怒接受了宣传媒体拍照,1,True,False,1.0,0.05555555555555555,0.0,3.7333333333333334,-0.1362430304288864,1.0,0.683573842048645,0.6666666666666666,0.2333333333333333,3,皮特,布拉德皮特芯片狂怒接受了宣传媒体拍照
524,布拉德皮特新片狂怒接受了宣传媒体拍照,2,False,True,1.0,0.0,0.0,3.609142748613749,-0.1828179806470871,1.0,0.683573842048645,0.6666666666666666,0.2333333333333333,3,皮特,布拉德皮特新片狂怒接受了宣传媒体拍照
524,布拉德皮特新片狂怒接受了宣传媒体拍照,3,False,False,1.0,0.05555555555555555,0.0,3.3176194253707285,-0.2921473979949951,1.0,0.683573842048645,0.6666666666666666,0.2333333333333333,3,皮特,布拉德皮特晶片狂怒接受了宣传媒体拍照
524,布拉德皮特新片狂怒接受了宣传媒体拍照,4,False,False,0.0,0.05555555555555555,0.5,0.0,-0.511271059513092,0.0,0.0,0.0,0.0,0,,布拉德皮克新片狂怒接受了宣传媒体拍照
525,我们可以清晰看到皮特的结婚戒指,1,True,True,1.0,0.0,0.0,3.85,-0.041884150356054306,1.0,0.6637163162231445,1.0,0.35,4,皮特,我们可以清晰看到皮特的结婚戒指
525,我们可以清晰看到皮特的结婚戒指,2,False,False,1.0,0.06666666666666667,1.0,3.010753731934177,-0.2583821415901184,1.0,0.6637163162231445,1.0,0.35,4,皮特,我们可以清晰地看到皮特的结婚戒指
525,我们可以清晰看到皮特的结婚戒指,3,False,False,1.0,0.13333333333333333,1.0,2.9650358892909074,-0.27017584443092346,1.0,0.6637163162231445,1.0,0.35,4,皮特,我们可以看到皮特的结婚戒指
525,我们可以清晰看到皮特的结婚戒指,4,False,False,1.0,0.06666666666666667,1.0,2.85,-0.29985132813453674,1.0,0.6637163162231445,1.0,0.35,4,皮特,我们可以清晰的看到皮特的结婚戒指
526,看来郑嘉颖是她的初恋,1,True,False,1.0,0.1,0.0,2.633877964478486,-1.2353260517120361,1.0,0.6872047781944275,0.3333333333333333,0.11666666666666665,2,郑嘉颖,看来郑嘉颖是他的初恋
526,看来郑嘉颖是她的初恋,2,False,True,1.0,0.0,0.0,2.6166666666666667,-1.2464207410812378,1.0,0.6872047781944275,0.3333333333333333,0.11666666666666665,2,郑嘉颖,看来郑嘉颖是她的初恋
526,看来郑嘉颖是她的初恋,3,False,False,0.0,0.2,0.3333333333333333,1.0,-0.6018040776252747,0.0,0.0,0.0,0.0,0,,看来邓嘉颖是他的初恋
526,看来郑嘉颖是她的初恋,4,False,False,0.0,0.1,0.3333333333333333,0.9212513175143157,-0.6525667905807495,0.0,0.0,0.0,0.0,0,,看来邓嘉颖是她的初恋
527,陈势安两天一夜没洗澡刷牙,1,True,True,1.0,0.0,0.0,2.5,-0.9794115424156189,1.0,0.6906001567840576,0.0,0.0,0,,陈势安两天一夜没洗澡刷牙
527,陈势安两天一夜没洗澡刷牙,2,False,False,0.0,0.08333333333333333,0.3333333333333333,1.0,-0.14400844275951385,0.0,0.7769251763820648,0.0,0.0,0,,陈士安两天一夜没洗澡刷牙
527,陈势安两天一夜没洗澡刷牙,3,False,False,0.0,0.08333333333333333,0.3333333333333333,0.954895454757797,-0.18168891966342926,0.0,0.7769251763820648,0.0,0.0,0,,陈世安两天一夜没洗澡刷牙
527,陈势安两天一夜没洗澡刷牙,4,False,False,0.0,0.16666666666666666,0.3333333333333333,0.8614686422243937,-0.2597379684448242,0.0,0.7769251763820648,0.0,0.0,0,,陈士安两天一夜没洗澡刷烟
527,陈势安两天一夜没洗澡刷牙,5,False,False,0.0,0.16666666666666666,0.3333333333333333,0.8376380744696056,-0.279646098613739,0.0,0.7769251763820648,0.0,0.0,0,,陈世安两天一夜没洗澡刷烟
527,陈势安两天一夜没洗澡刷牙,6,False,False,0.0,0.08333333333333333,0.3333333333333333,0.8095082683211496,-0.3031458258628845,0.0,0.7769251763820648,0.0,0.0,0,,陈试安两天一夜没洗澡刷牙
527,陈势安两天一夜没洗澡刷牙,7,False,False,0.0,0.16666666666666666,0.3333333333333333,0.6856678063319284,-0.40660253167152405,0.0,0.7769251763820648,0.0,0.0,0,,陈试安两天一夜没洗澡刷烟
527,陈势安两天一夜没洗澡刷牙,8,False,False,0.0,0.08333333333333333,0.3333333333333333,0.6843304169154272,-0.40771979093551636,0.0,0.7769251763820648,0.0,0.0,0,,陈式安两天一夜没洗澡刷牙
527,陈势安两天一夜没洗澡刷牙,9,False,False,0.0,0.08333333333333333,0.3333333333333333,0.64232049995654,-0.44281500577926636,0.0,0.7769251763820648,0.0,0.0,0,,陈室安两天一夜没洗澡刷牙
527,陈势安两天一夜没洗澡刷牙,10,False,False,0.0,0.08333333333333333,0.3333333333333333,0.5244874632272759,-0.5412530899047852,0.0,0.7769251763820648,0.0,0.0,0,,陈事安两天一夜没洗澡刷牙
528,执法人员将王靖苏押解回温州,1,True,True,0.0,0.07692307692307693,0.3333333333333333,1.0,-0.24704110622406006,0.0,0.0,0.0,0.0,0,,执法人员将王晋苏押解回温州
528,执法人员将王靖苏押解回温州,2,False,False,0.0,0.23076923076923078,0.3333333333333333,0.9774769880495048,-0.2530706524848938,0.0,0.0,0.0,0.0,0,,执法人员将王晋苏押解回游问州
528,执法人员将王靖苏押解回温州,3,False,False,0.0,0.07692307692307693,0.3333333333333333,0.6773844994012952,-0.3334072232246399,0.0,0.7762681022286415,0.0,0.0,0,,执法人员将王敬苏押解回温州
528,执法人员将王靖苏押解回温州,4,False,False,0.0,0.15384615384615385,0.6666666666666666,0.5945477118076877,-0.355583131313324,0.0,0.0,0.0,0.0,0,,执法人员将王晋肃押解回温州
528,执法人员将王靖苏押解回温州,5,False,False,0.0,0.07692307692307693,0.3333333333333333,0.0,-0.514747142791748,0.0,0.0,0.0,0.0,0,,执法人员将王建苏押解回温州
529,温州美女学霸将赴非洲支教教当地小学生汉语,1,True,False,1.0,0.05,0.0,3.75,-0.23553912341594696,1.0,0.6550710201263428,0.7142857142857143,0.25,6,温州美女,温州美女学霸将赴非洲之教教当地小学生汉语
529,温州美女学霸将赴非洲支教教当地小学生汉语,2,False,True,1.0,0.0,0.0,3.687686727137687,-0.24656952917575836,1.0,0.6550710201263428,0.7142857142857143,0.25,6,温州美女,温州美女学霸将赴非洲支教教当地小学生汉语
529,温州美女学霸将赴非洲支教教当地小学生汉语,3,False,False,1.0,0.05,0.0,3.6595269005351243,-0.2515542507171631,1.0,0.6550710201263428,0.7142857142857143,0.25,6,温州美女,温州美女学霸将赴非洲执教教当地小学生汉语
529,温州美女学霸将赴非洲支教教当地小学生汉语,4,False,False,1.0,0.15,0.0,3.024212981759277,-0.36401456594467163,1.0,0.6550710201263428,0.7142857142857143,0.25,6,温州美女,温州美女学霸江户非洲之教教当地小学生汉语
529,温州美女学霸将赴非洲支教教当地小学生汉语,5,False,False,1.0,0.25,0.0,2.8498218834293167,-0.39488446712493896,1.0,0.6550710201263428,0.7142857142857143,0.25,6,温州美女,温州美女学霸江户费州之教教当地小学生汉语
529,温州美女学霸将赴非洲支教教当地小学生汉语,6,False,False,1.0,0.15,0.0,2.75,-0.41255447268486023,1.0,0.6550710201263428,0.7142857142857143,0.25,6,温州美女,温州美女学霸江湖非洲之教教当地小学生汉语
529,温州美女学霸将赴非洲支教教当地小学生汉语,7,False,False,0.0,0.15,0.5,0.6204990715361235,-0.30271661281585693,0.0,0.6550710201263428,0.0,0.0,0,,本周美女学霸将赴非洲之教教当地小学生汉语
529,温州美女学霸将赴非洲支教教当地小学生汉语,8,False,False,0.0,0.1,0.5,0.5894123887276513,-0.30821943283081055,0.0,0.6550710201263428,0.0,0.0,0,,本周美女学霸将赴非洲支教教当地小学生汉语
530,麻丽贤等17位志愿者将远赴非洲支教,1,True,True,1.0,0.11764705882352941,0.0,1.0,-0.232292041182518,0.0,0.7759345695376396,0.0,0.0,0,,麻丽贤等17位志愿者将远赴非洲之要
530,麻丽贤等17位志愿者将远赴非洲支教,2,False,False,0.0,0.23529411764705882,0.6666666666666666,0.899559467108596,-0.26048019528388977,0.0,0.7759345695376396,0.0,0.0,0,,马立贤等17位志愿者将远赴非洲之要
530,麻丽贤等17位志愿者将远赴非洲支教,3,False,False,0.0,0.23529411764705882,0.6666666666666666,0.7079805164985193,-0.31424590945243835,0.0,0.7759345695376396,0.0,0.0,0,,马利贤等17位志愿者将远赴非洲之要
530,麻丽贤等17位志愿者将远赴非洲支教,4,False,False,0.0,0.23529411764705882,0.6666666666666666,0.6121172376380505,-0.3411494791507721,0.0,0.7759345695376396,0.0,0.0,0,,马立贤等17位志愿者将远赴非洲之跃
530,麻丽贤等17位志愿者将远赴非洲支教,5,False,False,0.0,0.23529411764705882,0.6666666666666666,0.5475953022921951,-0.3592572510242462,0.0,0.7759345695376396,0.0,0.0,0,,马立贤等17位志愿者将远赴非洲之交
530,麻丽贤等17位志愿者将远赴非洲支教,6,False,False,0.0,0.17647058823529413,0.6666666666666666,0.5435356819748515,-0.3603965640068054,0.0,0.7759345695376396,0.0,0.0,0,,马立贤等17位志愿者将远赴非洲之教
530,麻丽贤等17位志愿者将远赴非洲支教,7,False,False,0.0,0.17647058823529413,0.3333333333333333,0.23807412860965094,-0.4461228847503662,0.0,0.7759345695376396,0.0,0.0,0,,马丽贤等17位志愿者将远赴非洲之要
530,麻丽贤等17位志愿者将远赴非洲支教,8,False,False,0.0,0.17647058823529413,0.3333333333333333,0.0,-0.5129372477531433,0.0,0.7759345695376396,0.0,0.0,0,,麻利贤等17位志愿者将远赴非洲之要
531,29岁的章某被控洗钱20000元,1,True,False,1.0,0.125,0.0,3.675,-0.5561454892158508,1.0,0.6644706726074219,0.5,0.175,3,章某,29岁的章某被控洗钱1220000元
531,29岁的章某被控洗钱20000元,2,False,False,1.0,0.1875,0.0,3.4241893095926583,-0.6150718927383423,1.0,0.6644706726074219,0.5,0.175,3,章某,29岁的章某被控洗钱12200元
531,29岁的章某被控洗钱20000元,3,False,True,1.0,0.0,0.0,3.412273644735193,-0.6178714036941528,1.0,0.6644706726074219,0.5,0.175,3,章某,29岁的章某被控洗钱20000元
531,29岁的章某被控洗钱20000元,4,False,False,0.0,0.1875,0.5,0.11581976516743275,-0.7638781070709229,0.0,0.7752157847086587,0.0,0.0,0,,29岁的张某被控洗钱122万元
531,29岁的章某被控洗钱20000元,5,False,False,0.0,0.1875,0.5,0.0,-0.7910892367362976,0.0,0.7752157847086587,0.0,0.0,0,,29岁的张某被控洗钱1220000元
532,陆续有人从乐清赶往平阳法院,1,True,True,1.0,0.0,0.0,3.85,-0.14134976267814636,1.0,0.6150869131088257,1.0,0.35,8,平阳,陆续有人从乐清赶往平阳法院
532,陆续有人从乐清赶往平阳法院,2,False,False,1.0,0.15384615384615385,0.0,3.497843519360688,-0.2214871048927307,1.0,0.6150869131088257,1.0,0.35,8,平阳,陆续有人从勒青赶往平阳法院
532,陆续有人从乐清赶往平阳法院,3,False,False,1.0,0.07692307692307693,0.0,3.355654946072432,-0.2538437843322754,1.0,0.6150869131088257,1.0,0.35,8,平阳,陆续有人从乐青赶往平阳法院
532,陆续有人从乐清赶往平阳法院,4,False,False,1.0,0.07692307692307693,0.0,3.1987880948779455,-0.28954067826271057,1.0,0.6150869131088257,1.0,0.35,8,平阳,陆续有人从乐庆赶往平阳法院
532,陆续有人从乐清赶往平阳法院,5,False,False,1.0,0.07692307692307693,0.0,3.113989769117586,-0.30883753299713135,1.0,0.6150869131088257,1.0,0.35,8,平阳,陆续有人从热清赶往平阳法院
532,陆续有人从乐清赶往平阳法院,6,False,False,1.0,0.15384615384615385,0.0,3.037509470310862,-0.32624152302742004,1.0,0.6150869131088257,1.0,0.35,8,平阳,陆续有人从勒庆赶往平阳法院
532,陆续有人从乐清赶往平阳法院,7,False,False,1.0,0.07692307692307693,0.0,3.0315895192388918,-0.32758867740631104,1.0,0.6150869131088257,1.0,0.35,8,平阳,陆续有人从勒清赶往平阳法院
532,陆续有人从乐清赶往平阳法院,8,False,False,1.0,0.07692307692307693,0.0,2.85,-0.3689115047454834,1.0,0.6150869131088257,1.0,0.35,8,平阳,陆续有人从乐卿赶往平阳法院
533,平阳法院内外已聚集了三零零多人等待开庭,1,True,False,1.0,0.15789473684210525,0.0,1.0,-0.12328827381134033,0.0,0.0,0.0,0.0,0,,平阳法院内外已聚集了300多人等待开庭
533,平阳法院内外已聚集了三零零多人等待开庭,2,False,True,1.0,0.0,0.0,0.7957114120093223,-0.15172916650772095,0.0,0.0,0.0,0.0,0,,平阳法院内外已聚集了三零零多人等待开庭
533,平阳法院内外已聚集了三零零多人等待开庭,3,False,False,1.0,0.15789473684210525,0.0,0.3051863662042021,-0.22001966834068298,0.0,0.0,0.0,0.0,0,,平阳法院内外已聚集了30多人等待开庭
533,平阳法院内外已聚集了三零零多人等待开庭,4,False,False,1.0,0.21052631578947367,0.0,0.2401804504453784,-0.22906973958015442,0.0,0.0,0.0,0.0,0,,平阳法院内外已聚集了3000多人等待开庭
533,平阳法院内外已聚集了三零零多人等待开庭,5,False,False,1.0,0.21052631578947367,0.0,0.18125244973638643,-0.23727364838123322,0.0,0.0,0.0,0.0,0,,平阳法院内外已聚集300多人等待开庭
533,平阳法院内外已聚集了三零零多人等待开庭,6,False,False,1.0,0.05263157894736842,0.0,0.0,-0.26250746846199036,0.0,0.0,0.0,0.0,0,,平阳法院内外已聚集三零零多人等待开庭
534,龙湾永强中学1名高三男生从宿舍楼五楼楼顶坠楼身亡,1,True,False,0.0,0.20833333333333334,1.0,1.0,-0.40511104464530945,0.0,0.0,0.0,0.0,0,,中学1名高三男生从宿舍楼五楼顶坠楼身亡
534,龙湾永强中学1名高三男生从宿舍楼五楼楼顶坠楼身亡,2,False,True,0.0,0.16666666666666666,1.0,0.8854418124440792,-0.41294482350349426,0.0,0.0,0.0,0.0,0,,中学1名高三男生从宿舍楼五楼楼顶坠楼身亡
534,龙湾永强中学1名高三男生从宿舍楼五楼楼顶坠楼身亡,3,False,False,0.0,0.25,1.0,0.8037512578790406,-0.41853103041648865,0.0,0.0,0.0,0.0,0,,1名高三男生从宿舍楼五楼楼顶坠楼身亡
534,龙湾永强中学1名高三男生从宿舍楼五楼楼顶坠楼身亡,4,False,False,0.0,0.2916666666666667,1.0,0.7528555869877016,-0.4220114052295685,0.0,0.0,0.0,0.0,0,,1名高三男生从宿舍楼五楼顶坠楼身亡
534,龙湾永强中学1名高三男生从宿舍楼五楼楼顶坠楼身亡,5,False,False,0.0,0.20833333333333334,1.0,0.7242925261174694,-0.42396461963653564,0.0,0.0,0.0,0.0,0,,中学1名高三男生从宿舍楼5楼楼顶坠楼身亡
534,龙湾永强中学1名高三男生从宿舍楼五楼楼顶坠楼身亡,6,False,False,0.0,0.2916666666666667,1.0,0.5720256417743536,-0.4343770146369934,0.0,0.0,0.0,0.0,0,,1名高三男生从宿舍楼5楼楼顶坠楼身亡
534,龙湾永强中学1名高三男生从宿舍楼五楼楼顶坠楼身亡,7,False,False,0.0,0.3333333333333333,1.0,0.443160428443734,-0.4431891441345215,0.0,0.0,0.0,0.0,0,,1名高三男生从宿舍楼5楼顶坠楼身亡
534,龙湾永强中学1名高三男生从宿舍楼五楼楼顶坠楼身亡,8,False,False,0.0,0.3333333333333333,1.0,0.12341487629094672,-0.46505415439605713,0.0,0.0,0.0,0.0,0,,1名高三男生从宿舍楼5楼的楼顶坠楼身亡
534,龙湾永强中学1名高三男生从宿舍楼五楼楼顶坠楼身亡,9,False,False,0.0,0.2916666666666667,1.0,0.0,-0.4734935760498047,0.0,0.0,0.0,0.0,0,,1名高三男生从宿舍楼五楼的楼顶坠楼身亡
535,龙湾警方已对此事展开调查,1,True,True,1.0,0.0,0.0,3.5,-0.4012249708175659,1.0,0.6783919930458069,0.0,0.0,0,,龙湾警方已对此事展开调查
535,龙湾警方已对此事展开调查,2,False,False,0.0,0.08333333333333333,0.5,0.0,-0.4643336534500122,0.0,0.7914573252201079,0.0,0.0,0,,隆湾警方已对此事展开调查
536,一辆货车在金丽温高速温州段发生事故,1,True,True,0.0,0.17647058823529413,0.8,1.0,-0.38012993335723877,0.0,0.0,0.0,0.0,0,,一辆货车在经历高速温州段发生事故
536,一辆货车在金丽温高速温州段发生事故,2,False,False,0.0,0.23529411764705882,0.8,0.8568476146718457,-0.44993820786476135,0.0,0.6344092488288879,0.0,0.0,0,,一辆货车在经历高速温州时段发生事故
536,一辆货车在金丽温高速温州段发生事故,3,False,False,0.0,0.17647058823529413,0.8,0.8126751608005025,-0.4714789092540741,0.0,0.0,0.0,0.0,0,,一辆货车在经过高速温州段发生事故
536,一辆货车在金丽温高速温州段发生事故,4,False,False,0.0,0.29411764705882354,0.8,0.5101010082490661,-0.6190292239189148,0.0,0.0,0.0,0.0,0,,一辆货车在经历温州高速时段发生事故
536,一辆货车在金丽温高速温州段发生事故,5,False,False,0.0,0.17647058823529413,0.8,0.0,-0.8677800297737122,0.0,0.0,0.0,0.0,0,,一辆货车在高速温州段发生事故
537,永嘉县人谢某女,1,True,False,1.0,0.42857142857142855,0.3333333333333333,2.85,-3.3189573287963867,2.0,0.6789979338645935,1.0,0.35,4,谢某女,郑嘉颖谢某女
537,永嘉县人谢某女,2,False,False,1.0,0.14285714285714285,0.0,1.35,-1.0389920473098755,1.0,0.6778125762939453,1.0,0.35,4,谢某女,永嘉县仁谢某女
537,永嘉县人谢某女,3,False,True,1.0,0.0,0.0,1.321263692611029,-1.1045098304748535,1.0,0.6778125762939453,1.0,0.35,4,谢某女,永嘉县人谢某女
537,永嘉县人谢某女,4,False,False,1.0,0.5714285714285714,0.0,0.8532019945900118,-2.1716742515563965,1.0,0.6778125762939453,1.0,0.35,4,谢某女,姓永姓任谢某女
538,建立健全以工促农以城带乡的长效机制,1,True,True,1.0,0.0,0.0,3.5,-0.913192093372345,1.0,0.6884025931358337,0.0,0.0,0,,建立健全以工促农以城带乡的长效机制
538,建立健全以工促农以城带乡的长效机制,2,False,False,0.0,0.058823529411764705,0.14285714285714285,0.0,-0.9500646591186523,0.0,0.681645929813385,0.0,0.0,0,,建立健全以工促浓以城带乡的长效机制
539,谁是苹果进军汽车市场的合作伙伴收购对象,1,True,True,1.0,0.0,0.0,3.85,-0.09617028385400772,1.0,0.679147481918335,1.0,0.35,2,苹果,谁是苹果进军汽车市场的合作伙伴收购对象
539,谁是苹果进军汽车市场的合作伙伴收购对象,2,False,False,1.0,0.05263157894736842,0.0,2.85,-0.2587396502494812,1.0,0.679147481918335,1.0,0.35,2,苹果,谁是苹果进军汽车市场的合作伙伴收购的对象
540,在苹果发布靓丽的第四财季业绩报告后,1,True,False,1.0,0.11764705882352941,0.0,3.85,-0.34140971302986145,1.0,0.6781393885612488,1.0,0.35,7,苹果,在苹果发布亮丽的第四财绩业绩报告后
540,在苹果发布靓丽的第四财季业绩报告后,2,False,False,1.0,0.17647058823529413,0.0,3.5230921548058967,-0.3753837049007416,1.0,0.6781393885612488,1.0,0.35,7,苹果,在苹果发布量力的第四财绩业绩报告后
540,在苹果发布靓丽的第四财季业绩报告后,3,False,False,1.0,0.11764705882352941,0.0,3.3455774823824815,-0.3938319683074951,1.0,0.6781393885612488,1.0,0.35,7,苹果,在苹果发布亮丽的第四财暨业绩报告后
540,在苹果发布靓丽的第四财季业绩报告后,4,False,False,1.0,0.058823529411764705,0.0,3.327036001277833,-0.39575889706611633,1.0,0.6781393885612488,1.0,0.35,7,苹果,在苹果发布亮丽的第四财季业绩报告后
540,在苹果发布靓丽的第四财季业绩报告后,5,False,False,1.0,0.17647058823529413,0.0,2.9667424782501723,-0.43320250511169434,1.0,0.6781393885612488,1.0,0.35,7,苹果,在苹果发布量力的第四财暨业绩报告后
540,在苹果发布靓丽的第四财季业绩报告后,6,False,True,1.0,0.0,0.0,2.8774278107591464,-0.4424845576286316,1.0,0.6781393885612488,1.0,0.35,7,苹果,在苹果发布靓丽的第四财季业绩报告后
540,在苹果发布靓丽的第四财季业绩报告后,7,False,False,1.0,0.11764705882352941,0.0,2.85,-0.4453350007534027,1.0,0.6781393885612488,1.0,0.35,7,苹果,在苹果发布量力的第四财季业绩报告后
542,乔斯维亚克还谈及了苹果涉足可穿戴设备市场的问题,1,True,True,1.0,0.0,0.0,3.85,-0.4426151514053345,1.0,0.6622180342674255,1.0,0.35,4,苹果,乔斯维亚克还谈及了苹果涉足可穿戴设备市场的问题
542,乔斯维亚克还谈及了苹果涉足可穿戴设备市场的问题,2,False,False,1.0,0.043478260869565216,0.0,3.815036731512921,-0.443922758102417,1.0,0.6622180342674255,1.0,0.35,4,苹果,乔斯维亚克还谈及了苹果设足可穿戴设备市场的问题
542,乔斯维亚克还谈及了苹果涉足可穿戴设备市场的问题,3,False,False,1.0,0.08695652173913043,0.0,3.4564823410631944,-0.4573324918746948,1.0,0.6622180342674255,1.0,0.35,4,苹果,乔斯维亚克还谈及了苹果社组可穿戴设备市场的问题
542,乔斯维亚克还谈及了苹果涉足可穿戴设备市场的问题,4,False,False,1.0,0.08695652173913043,0.0,2.85,-0.4800145924091339,1.0,0.6622180342674255,1.0,0.35,4,苹果,乔斯维亚克还谈及了苹果社族可穿戴设备市场的问题
543,乔斯维亚克还为苹果平板电脑业务做了辩护,1,True,False,1.0,0.05263157894736842,0.0,3.85,-0.4638761878013611,1.0,0.6726406216621399,1.0,0.35,3,苹果,乔思维亚克还为苹果平板电脑业务做了辩护
543,乔斯维亚克还为苹果平板电脑业务做了辩护,2,False,True,1.0,0.0,0.0,3.7944985406283673,-0.47197556495666504,1.0,0.6726406216621399,1.0,0.35,3,苹果,乔斯维亚克还为苹果平板电脑业务做了辩护
543,乔斯维亚克还为苹果平板电脑业务做了辩护,3,False,False,1.0,0.05263157894736842,0.0,2.85,-0.6098070740699768,1.0,0.6726406216621399,1.0,0.35,3,苹果,乔斯韦亚克还为苹果平板电脑业务做了辩护
545,根据苹果官方的支持页面显示,1,True,True,1.0,0.0,0.0,3.5,-0.3639834225177765,1.0,0.6826014518737793,0.0,0.0,0,,根据苹果官方的支持页面显示
545,根据苹果官方的支持页面显示,2,False,False,0.0,0.07692307692307693,0.5,0.0,-0.5074630379676819,0.0,0.7963683605194091,0.0,0.0,0,,根据平果官方的支持页面显示
546,乌云网合伙人邬迪接受第一财经日报记者采访时称,1,True,True,0.0,0.045454545454545456,0.5,1.0,-0.043567411601543427,0.0,0.7738207678000131,0.0,0.0,0,,乌云网合伙人吴迪接受第一财经日报记者采访时称
546,乌云网合伙人邬迪接受第一财经日报记者采访时称,2,False,False,0.0,0.09090909090909091,1.0,0.0,-0.0822954922914505,0.0,0.7738207678000131,0.0,0.0,0,,乌云网合伙人无敌接受第一财经日报记者采访时称
547,正是得益于我国女子散打名将鄂美蝶的惊艳一击,1,True,True,1.0,0.09523809523809523,0.0,1.0,-0.504040002822876,0.0,0.7683381512761116,0.0,0.0,0,,正是得益于我国女子散打名将鄂美蝶的经验一击
547,正是得益于我国女子散打名将鄂美蝶的惊艳一击,2,False,False,0.0,0.047619047619047616,0.3333333333333333,0.8560403204798972,-0.5121762156486511,0.0,0.7683381512761116,0.0,0.0,0,,正是得益于我国女子散打名将鄂美谍的惊艳一击
547,正是得益于我国女子散打名将鄂美蝶的惊艳一击,3,False,False,0.0,0.14285714285714285,0.3333333333333333,0.8528996427980085,-0.5123537182807922,0.0,0.7683381512761116,0.0,0.0,0,,正是得益于我国女子散打名将鄂美碟的经验一击
547,正是得益于我国女子散打名将鄂美蝶的惊艳一击,4,False,False,0.0,0.14285714285714285,0.3333333333333333,0.8379334383038232,-0.5131995677947998,0.0,0.7683381512761116,0.0,0.0,0,,正是得益于我国女子散打名将鄂美迭的经验一击
547,正是得益于我国女子散打名将鄂美蝶的惊艳一击,5,False,False,0.0,0.047619047619047616,0.3333333333333333,0.5014696220113204,-0.5322155952453613,0.0,0.7683381512761116,0.0,0.0,0,,正是得益于我国女子散打名将鄂美碟的惊艳一击
547,正是得益于我国女子散打名将鄂美蝶的惊艳一击,6,False,False,0.0,0.14285714285714285,0.3333333333333333,0.3359111920126808,-0.5415725111961365,0.0,0.0,0.0,0.0,0,,正是得益于我国女子散打名将鄂美莉的经验一击
547,正是得益于我国女子散打名将鄂美蝶的惊艳一击,7,False,False,0.0,0.047619047619047616,0.3333333333333333,0.28218746407678524,-0.5446088314056396,0.0,0.7683381512761116,0.0,0.0,0,,正是得益于我国女子散打名将鄂美迭的惊艳一击
547,正是得益于我国女子散打名将鄂美蝶的惊艳一击,8,False,False,0.0,0.14285714285714285,0.3333333333333333,0.0,-0.5605573058128357,0.0,0.0,0.0,0.0,0,,正是得益于我国女子散打名将鄂美蓝的经验一击
548,鄂美蝶便毫无保留地将炮火轰向对手,1,True,True,1.0,0.0,0.0,1.0,-0.29618415236473083,0.0,0.7749843969941139,0.0,0.0,0,,鄂美蝶便毫无保留地将炮火轰向对手
548,鄂美蝶便毫无保留地将炮火轰向对手,2,False,False,0.0,0.0625,0.3333333333333333,0.6166095260584457,-0.3859902322292328,0.0,0.7749843969941139,0.0,0.0,0,,鄂美谍便毫无保留地将炮火轰向对手
548,鄂美蝶便毫无保留地将炮火轰向对手,3,False,False,0.0,0.0625,0.3333333333333333,0.6008580824242088,-0.389679878950119,0.0,0.7749843969941139,0.0,0.0,0,,鄂美迭便毫无保留地将炮火轰向对手
548,鄂美蝶便毫无保留地将炮火轰向对手,4,False,False,0.0,0.1875,0.6666666666666666,0.549092724531292,-0.40180549025535583,0.0,0.7749843969941139,0.0,0.0,0,,鄂梅迭便毫无保留的将炮火轰向对手
548,鄂美蝶便毫无保留地将炮火轰向对手,5,False,False,0.0,0.1875,0.6666666666666666,0.4105484951305057,-0.4342583417892456,0.0,0.7749843969941139,0.0,0.0,0,,鄂梅迭便毫无保留地将砲火轰向对手
548,鄂美蝶便毫无保留地将炮火轰向对手,6,False,False,0.0,0.125,0.6666666666666666,0.23129293417903216,-0.47624748945236206,0.0,0.7749843969941139,0.0,0.0,0,,鄂玫迭便毫无保留地将炮火轰向对手
548,鄂美蝶便毫无保留地将炮火轰向对手,7,False,False,0.0,0.0625,0.3333333333333333,0.0,-0.5304259657859802,0.0,0.0,0.0,0.0,0,,鄂美蓝便毫无保留地将炮火轰向对手
549,33岁的大滨芳美在面对强大的火力下,1,True,True,1.0,0.0,0.0,2.5,-0.7844923138618469,1.0,0.690461277961731,0.0,0.0,0,,33岁的大滨芳美在面对强大的火力下
549,33岁的大滨芳美在面对强大的火力下,2,False,False,0.0,0.11764705882352941,0.5,1.0,-0.12767285108566284,0.0,0.7422458738088608,0.0,0.0,0,,33岁的大兵方美在面对强大的火力下
549,33岁的大滨芳美在面对强大的火力下,3,False,False,0.0,0.058823529411764705,0.25,0.41283677940455565,-0.5133330821990967,0.0,0.7595074057579041,0.0,0.0,0,,33岁的大宾芳美在面对强大的火力下
549,33岁的大滨芳美在面对强大的火力下,4,False,False,0.0,0.058823529411764705,0.25,0.2928275449512605,-0.5921574831008911,0.0,0.7422458738088608,0.0,0.0,0,,33岁的大兵芳美在面对强大的火力下
550,鄂美蝶继续将自己所学到的新搏击技能尽情展现,1,True,True,0.0,0.42857142857142855,1.0,1.0,-1.0641474723815918,0.0,0.0,0.0,0.0,0,,射击技能继续展现鲁迈迭将自己所学到的新搏击技能尽情展现
550,鄂美蝶继续将自己所学到的新搏击技能尽情展现,2,False,False,0.0,0.47619047619047616,1.0,0.7014168930155819,-1.0884822607040405,0.0,0.0,0.0,0.0,0,,射击技能继续展现鲁迈迭将自己所学到的新搏击技能进情展现
550,鄂美蝶继续将自己所学到的新搏击技能尽情展现,3,False,False,0.0,0.47619047619047616,1.0,0.48065978331936476,-1.1064741611480713,0.0,0.0,0.0,0.0,0,,射击技能继续展现鲁迈迭将自己所学到的新搏击技能尽情展线
550,鄂美蝶继续将自己所学到的新搏击技能尽情展现,4,False,False,0.0,0.5238095238095238,1.0,0.11242264278996429,-1.1364858150482178,0.0,0.0,0.0,0.0,0,,射击技能继续展现鲁迈迭将自己所学到的新搏击技能进行展现
550,鄂美蝶继续将自己所学到的新搏击技能尽情展现,5,False,False,0.0,0.6190476190476191,1.0,0.0,-1.1456483602523804,0.0,0.0,0.0,0.0,0,,射击技能继续展现鲁迈迭将自己所学到的新游戏技能进行展现
551,面对兵行诡道的波斯弯刀,1,True,False,1.0,0.18181818181818182,0.0,3.85,-0.13490428030490875,1.0,0.6776211857795715,1.0,0.35,12,波斯,面对冰行轨道的波斯弯刀
551,面对兵行诡道的波斯弯刀,2,False,False,1.0,0.2727272727272727,0.0,3.519329145804021,-0.21620498597621918,1.0,0.6776211857795715,1.0,0.35,12,波斯,面对冰行轨道的波斯弯道
551,面对兵行诡道的波斯弯刀,3,False,True,1.0,0.09090909090909091,0.0,3.438366636292534,-0.23611091077327728,1.0,0.6776211857795715,1.0,0.35,12,波斯,面对兵行轨道的波斯弯刀
551,面对兵行诡道的波斯弯刀,4,False,False,1.0,0.2727272727272727,0.0,3.407603144525823,-0.2436746060848236,1.0,0.6776211857795715,1.0,0.35,12,波斯,面对冰形轨道的波斯弯刀
551,面对兵行诡道的波斯弯刀,5,False,False,1.0,0.2727272727272727,0.0,3.213518676152447,-0.29139336943626404,1.0,0.6776211857795715,1.0,0.35,12,波斯,面对冰刑轨道的波斯弯刀
551,面对兵行诡道的波斯弯刀,6,False,False,1.0,0.2727272727272727,0.0,3.1101658142818223,-0.31680431962013245,1.0,0.6776211857795715,1.0,0.35,12,波斯,面对冰性轨道的波斯弯刀
551,面对兵行诡道的波斯弯刀,7,False,False,1.0,0.18181818181818182,0.0,3.01491523980464,-0.34022319316864014,1.0,0.6776211857795715,1.0,0.35,12,波斯,面对兵刑轨道的波斯弯刀
551,面对兵行诡道的波斯弯刀,8,False,False,1.0,0.2727272727272727,0.0,3.005943850177442,-0.34242895245552063,1.0,0.6776211857795715,1.0,0.35,12,波斯,面对冰雄轨道的波斯弯刀
551,面对兵行诡道的波斯弯刀,9,False,False,1.0,0.2727272727272727,0.0,2.997033188614276,-0.3446197807788849,1.0,0.6776211857795715,1.0,0.35,12,波斯,面对冰心轨道的波斯弯刀
551,面对兵行诡道的波斯弯刀,10,False,False,1.0,0.2727272727272727,0.0,2.9309797218569815,-0.36086007952690125,1.0,0.6776211857795715,1.0,0.35,12,波斯,面对冰雪轨道的波斯弯刀
551,面对兵行诡道的波斯弯刀,11,False,False,1.0,0.2727272727272727,0.0,2.88345849658041,-0.37254393100738525,1.0,0.6776211857795715,1.0,0.35,12,波斯,面对冰零轨道的波斯弯刀
551,面对兵行诡道的波斯弯刀,12,False,False,1.0,0.2727272727272727,0.0,2.85,-0.3807702362537384,1.0,0.6776211857795715,1.0,0.35,12,波斯,面对冰行轨道的波斯湾刀
552,张春雨选择了加强压迫对手的力度,1,True,True,1.0,0.0,0.0,2.5,-0.23238661885261536,1.0,0.6913414001464844,0.0,0.0,0,,张春雨选择了加强压迫对手的力度
552,张春雨选择了加强压迫对手的力度,2,False,False,0.0,0.06666666666666667,0.3333333333333333,1.0,-0.17652904987335205,0.0,0.7777590751647949,0.0,0.0,0,,章春雨选择了加强压迫对手的力度
553,张春雨被对手的一记肘击打破了右侧眉弓,1,True,False,1.0,0.1111111111111111,0.0,3.224107530078233,-0.3231264650821686,1.0,0.691387951374054,0.6,0.21,4,张春雨,张春雨被对手的一击走击打破了右侧眉弓
553,张春雨被对手的一记肘击打破了右侧眉弓,2,False,False,1.0,0.1111111111111111,0.0,3.1526482491048125,-0.33152255415916443,1.0,0.691387951374054,0.6,0.21,4,张春雨,张春雨被对手的一击手击打破了右侧眉弓
553,张春雨被对手的一记肘击打破了右侧眉弓,3,False,True,1.0,0.05555555555555555,0.0,3.0439163858992933,-0.34429797530174255,1.0,0.691387951374054,0.6,0.21,4,张春雨,张春雨被对手的一击肘击打破了右侧眉弓
553,张春雨被对手的一记肘击打破了右侧眉弓,4,False,False,1.0,0.1111111111111111,0.0,2.71,-0.383531391620636,1.0,0.691387951374054,0.6,0.21,4,张春雨,张春雨被对手的一击斗击打破了右侧眉弓
553,张春雨被对手的一记肘击打破了右侧眉弓,5,False,False,0.0,0.16666666666666666,0.3333333333333333,1.0,-0.26603665947914124,0.0,0.7778114452958107,0.0,0.0,0,,章春雨被对手的一击走击打破了右侧眉弓
553,张春雨被对手的一记肘击打破了右侧眉弓,6,False,False,0.0,0.16666666666666666,0.3333333333333333,0.9182811583299704,-0.2756381928920746,0.0,0.7778114452958107,0.0,0.0,0,,章春雨被对手的一击手击打破了右侧眉弓
554,张春雨在全场观众的喝彩声中再次投入比赛,1,True,True,1.0,0.0,0.0,3.267866848581921,-0.2649618983268738,1.0,0.6906784772872925,0.5,0.175,2,张春雨,张春雨在全场观众的喝彩声中再次投入比赛
554,张春雨在全场观众的喝彩声中再次投入比赛,2,False,False,1.0,0.05263157894736842,0.0,2.675,-0.3689812421798706,1.0,0.6906784772872925,0.5,0.175,2,张春雨,张春雨在全场观众的喝采声中再次投入比赛
554,张春雨在全场观众的喝彩声中再次投入比赛,3,False,False,0.0,0.05263157894736842,0.3333333333333333,1.0,-0.19352979958057404,0.0,0.777013286948204,0.0,0.0,0,,章春雨在全场观众的喝彩声中再次投入比赛
555,伊萨的眉弓同样被张春雨以牙还牙的肘法击破,1,True,False,1.0,0.1,0.0,3.85,-0.29934820532798767,1.0,0.6915335655212402,1.0,0.35,10,张春雨,依萨的眉弓同样被张春雨以牙还牙的走法击破
555,伊萨的眉弓同样被张春雨以牙还牙的肘法击破,2,False,False,1.0,0.05,0.0,3.763934240685455,-0.3072800040245056,1.0,0.6915335655212402,1.0,0.35,10,张春雨,伊萨的眉弓同样被张春雨以牙还牙的走法击破
555,伊萨的眉弓同样被张春雨以牙还牙的肘法击破,3,False,False,1.0,0.1,0.0,3.5424690075696037,-0.3276901841163635,1.0,0.6915335655212402,1.0,0.35,10,张春雨,依萨的眉弓同样被张春雨以牙还牙的手法击破
555,伊萨的眉弓同样被张春雨以牙还牙的肘法击破,4,False,False,1.0,0.05,0.0,3.3755079602427656,-0.34307727217674255,1.0,0.6915335655212402,1.0,0.35,10,张春雨,伊萨的眉弓同样被张春雨以牙还牙的手法击破
555,伊萨的眉弓同样被张春雨以牙还牙的肘法击破,5,False,False,1.0,0.05,0.0,3.106961008521625,-0.3678264915943146,1.0,0.6915335655212402,1.0,0.35,10,张春雨,依萨的眉弓同样被张春雨以牙还牙的肘法击破
555,伊萨的眉弓同样被张春雨以牙还牙的肘法击破,6,False,False,1.0,0.1,0.0,3.0490093029031473,-0.3731673061847687,1.0,0.6915335655212402,1.0,0.35,10,张春雨,依萨的眉弓同样被张春雨以牙还牙的轴法击破
555,伊萨的眉弓同样被张春雨以牙还牙的肘法击破,7,False,False,1.0,0.15,0.0,2.981549026506548,-0.37938442826271057,1.0,0.6915335655212402,1.0,0.35,10,张春雨,依萨的眉弓同样被张春雨以牙还牙地走法击破
555,伊萨的眉弓同样被张春雨以牙还牙的肘法击破,8,False,False,1.0,0.1,0.0,2.888179802662555,-0.3879893124103546,1.0,0.6915335655212402,1.0,0.35,10,张春雨,伊萨的眉弓同样被张春雨以牙还牙地走法击破
555,伊萨的眉弓同样被张春雨以牙还牙的肘法击破,9,False,True,1.0,0.0,0.0,2.8734499904280475,-0.38934680819511414,1.0,0.6915335655212402,1.0,0.35,10,张春雨,伊萨的眉弓同样被张春雨以牙还牙的肘法击破
555,伊萨的眉弓同样被张春雨以牙还牙的肘法击破,10,False,False,1.0,0.05,0.0,2.85,-0.39150795340538025,1.0,0.6915335655212402,1.0,0.35,10,张春雨,伊萨的眉弓同样被张春雨以牙还牙的轴法击破
556,文本报记者刘艾林,1,True,False,0.0,0.25,0.6666666666666666,1.0,-0.18073084950447083,0.0,0.0,0.0,0.0,0,,文本报记者刘爱玲
556,文本报记者刘艾林,2,False,False,0.0,0.25,0.6666666666666666,0.46491105645372716,-0.540770411491394,0.0,0.778083086013794,0.0,0.0,0,,文本报记者刘爱麟
556,文本报记者刘艾林,3,False,False,0.0,0.25,0.6666666666666666,0.4460363502263391,-0.5534704327583313,0.0,0.778083086013794,0.0,0.0,0,,文本报记者刘爱琳
556,文本报记者刘艾林,4,False,True,0.0,0.125,0.3333333333333333,0.2464310899066328,-0.6877766847610474,0.0,0.778083086013794,0.0,0.0,0,,文本报记者刘爱林
556,文本报记者刘艾林,5,False,False,0.0,0.25,0.6666666666666666,0.16550205867271495,-0.7422305345535278,0.0,0.0,0.0,0.0,0,,文本报记者刘爱龄
556,文本报记者刘艾林,6,False,False,0.0,0.25,0.6666666666666666,0.0,-0.8535901308059692,0.0,0.778083086013794,0.0,0.0,0,,文本报记者刘爱霖
557,黄煜坤被警方送到附近医院接受检查,1,True,True,0.0,0.0625,0.3333333333333333,2.5,-0.33618980646133423,1.0,0.6903477311134338,0.0,0.0,0,,黄立坤被警方送到附近医院接受检查
557,黄煜坤被警方送到附近医院接受检查,2,False,False,0.0,0.0625,0.3333333333333333,1.0,-0.30329573154449463,0.0,0.7766411975026131,0.0,0.0,0,,黄丽坤被警方送到附近医院接受检查
558,广东惠州惊爆港商杀情妇碎尸凶案,1,True,True,1.0,0.13333333333333333,0.0,3.85,-0.5864480137825012,1.0,0.6815893650054932,1.0,0.35,5,广东,广东惠州京报港商杀情妇碎尸凶案
558,广东惠州惊爆港商杀情妇碎尸凶案,2,False,False,1.0,0.26666666666666666,0.0,3.809651884952166,-0.598872721195221,1.0,0.6815893650054932,1.0,0.35,5,广东,广东惠州京报岗山杀情妇碎尸凶案
558,广东惠州惊爆港商杀情妇碎尸凶案,3,False,False,1.0,0.2,0.0,3.7743349931808567,-0.609748125076294,1.0,0.6815893650054932,1.0,0.35,5,广东,广东惠州京报港山杀情妇碎尸凶案
558,广东惠州惊爆港商杀情妇碎尸凶案,4,False,False,1.0,0.26666666666666666,0.0,3.1659826167006497,-0.797082781791687,1.0,0.6815893650054932,1.0,0.35,5,广东,广东惠州京报港商沙勤妇碎尸凶案
558,广东惠州惊爆港商杀情妇碎尸凶案,5,False,False,1.0,0.13333333333333333,0.0,2.85,-0.8943857550621033,1.0,0.6815893650054932,1.0,0.35,5,广东,广东惠州荆报港商杀情妇碎尸凶案
559,港媒关注马云回应被逼捐花钱比挣钱难,1,True,True,1.0,0.0,0.0,3.85,-0.3355952501296997,1.0,0.6785916090011597,1.0,0.35,2,马云,港媒关注马云回应被逼捐花钱比挣钱难
559,港媒关注马云回应被逼捐花钱比挣钱难,2,False,False,1.0,0.058823529411764705,0.0,2.85,-0.47600096464157104,1.0,0.6785916090011597,1.0,0.35,2,马云,港媒关注马云回应被逼捐花钱笔挣钱难
560,易居研究院智库中心研究总监严跃进认为,1,True,True,1.0,0.16666666666666666,0.0,3.85,-0.7774032950401306,1.0,0.6899827718734741,1.0,0.35,8,易居研究院,易居研究院智库钟欣研究总监闫跃进认为
560,易居研究院智库中心研究总监严跃进认为,2,False,False,1.0,0.16666666666666666,0.0,3.832890459184202,-0.7784858345985413,1.0,0.6899827718734741,1.0,0.35,8,易居研究院,易居研究院智库中心研究总监闫跃进任委
560,易居研究院智库中心研究总监严跃进认为,3,False,False,1.0,0.2777777777777778,0.0,3.3477348369732636,-0.8091821670532227,1.0,0.6899827718734741,1.0,0.35,8,易居研究院,易居研究院智库中心研究总监阎月静任委
560,易居研究院智库中心研究总监严跃进认为,4,False,False,1.0,0.2777777777777778,0.0,3.30153756948808,-0.812105119228363,1.0,0.6899827718734741,1.0,0.35,8,易居研究院,易居研究院智库中心研究总监颜悦静任委
560,易居研究院智库中心研究总监严跃进认为,5,False,False,1.0,0.2777777777777778,0.0,3.0983125501053688,-0.824963390827179,1.0,0.6899827718734741,1.0,0.35,8,易居研究院,易居研究院智库中心研究总监颜月静任委
560,易居研究院智库中心研究总监严跃进认为,6,False,False,1.0,0.2777777777777778,0.0,2.966755988857414,-0.8332871198654175,1.0,0.6899827718734741,1.0,0.35,8,易居研究院,易居研究院智库中心研究总监闫月静任委
560,易居研究院智库中心研究总监严跃进认为,7,False,False,1.0,0.2222222222222222,0.0,2.9510557572069303,-0.8342804908752441,1.0,0.6899827718734741,1.0,0.35,8,易居研究院,易居研究院智库中心研究总监闫跃静任委
560,易居研究院智库中心研究总监严跃进认为,8,False,False,1.0,0.16666666666666666,0.0,2.85,-0.8406744003295898,1.0,0.6899827718734741,1.0,0.35,8,易居研究院,易居研究院智库中心研究总监闫跃静任为
562,苹果表这么火爆微软也该出智能手表吗,1,True,True,1.0,0.0,0.0,3.85,-0.3103446066379547,1.0,0.6822596192359924,1.0,0.35,5,苹果,苹果表这么火爆微软也该出智能手表吗
562,苹果表这么火爆微软也该出智能手表吗,2,False,False,1.0,0.058823529411764705,0.0,3.647836054216063,-0.39177653193473816,1.0,0.6822596192359924,1.0,0.35,5,苹果,苹果表这么火爆微软也该出智能手表么
562,苹果表这么火爆微软也该出智能手表吗,3,False,False,1.0,0.11764705882352941,0.0,2.9776439016843503,-0.6617308855056763,1.0,0.6822596192359924,1.0,0.35,5,苹果,苹果表折磨火爆微软也该出智能手表吗
562,苹果表这么火爆微软也该出智能手表吗,4,False,False,1.0,0.058823529411764705,0.0,2.977344251786413,-0.6618515849113464,1.0,0.6822596192359924,1.0,0.35,5,苹果,苹果表这么火爆微软也该出智能守表吗
562,苹果表这么火爆微软也该出智能手表吗,5,False,False,1.0,0.11764705882352941,0.0,2.85,-0.7131460309028625,1.0,0.6822596192359924,1.0,0.35,5,苹果,苹果表这么火爆微软也该出智能守标吗
563,在谷歌与苹果相机推出智能手表后,1,True,True,1.0,0.06666666666666667,0.0,3.85,-0.3194774389266968,1.0,0.6784741282463074,1.0,0.35,4,苹果,在谷歌与苹果相继推出智能手表后
563,在谷歌与苹果相机推出智能手表后,2,False,False,1.0,0.13333333333333333,0.0,3.400023080406274,-0.41098931431770325,1.0,0.6784741282463074,1.0,0.35,4,苹果,在谷歌与苹果先继推出智能手表后
563,在谷歌与苹果相机推出智能手表后,3,False,False,1.0,0.2,0.0,3.226005609637792,-0.44637927412986755,1.0,0.6784741282463074,1.0,0.35,4,苹果,在谷歌与苹果先击退出智能手表后
563,在谷歌与苹果相机推出智能手表后,4,False,False,1.0,0.13333333333333333,0.0,2.85,-0.522847592830658,1.0,0.6784741282463074,1.0,0.35,4,苹果,在谷歌与苹果先即推出智能手表后
564,苹果通过发布不必要的软件升级包,1,True,False,1.0,0.06666666666666667,0.0,3.85,-0.45285338163375854,1.0,0.6857050061225891,1.0,0.35,2,苹果,苹果通过发布不必要的软件升级报
564,苹果通过发布不必要的软件升级包,2,False,True,1.0,0.0,0.0,2.85,-0.5021271705627441,1.0,0.6857050061225891,1.0,0.35,2,苹果,苹果通过发布不必要的软件升级包
565,一起针对苹果的集体反垄断案2名原告的律师称,1,True,False,1.0,0.047619047619047616,0.0,3.85,-0.22319717705249786,1.0,0.6732605695724487,1.0,0.35,4,苹果,一起针对苹果的集体反垄断案2名原告的律师程
565,一起针对苹果的集体反垄断案2名原告的律师称,2,False,True,1.0,0.0,0.0,3.2058952101468177,-0.3476409912109375,1.0,0.6732605695724487,1.0,0.35,4,苹果,一起针对苹果的集体反垄断案2名原告的律师称
565,一起针对苹果的集体反垄断案2名原告的律师称,3,False,False,1.0,0.047619047619047616,0.0,3.0461047904701943,-0.3785131871700287,1.0,0.6732605695724487,1.0,0.35,4,苹果,一起针对苹果的集体反垄断案2名原告的律师呈
565,一起针对苹果的集体反垄断案2名原告的律师称,4,False,False,1.0,0.047619047619047616,0.0,2.85,-0.4164014756679535,1.0,0.6732605695724487,1.0,0.35,4,苹果,一起针对苹果的集体反垄断案2名原告的律师撑
566,由于苹果要打压竞争对手,1,True,True,1.0,0.09090909090909091,0.0,3.1640465785612157,-0.6946027874946594,1.0,0.683957040309906,0.5,0.175,2,苹果,由于苹果要打要竞争对手
566,由于苹果要打压竞争对手,2,False,False,1.0,0.2727272727272727,0.0,2.675,-0.8063034415245056,1.0,0.683957040309906,0.5,0.175,2,苹果,鱿鱼苹果要打要竞争对手
566,由于苹果要打压竞争对手,3,False,False,0.0,0.36363636363636365,0.5,1.0,-0.5778985023498535,0.0,0.0,0.0,0.0,0,,鱿鱼片果要打要竞争对手
568,苹果担忧这会蚕食其市场份额,1,True,True,1.0,0.0,0.0,3.85,-0.2559012472629547,1.0,0.6778626441955566,1.0,0.35,2,苹果,苹果担忧这会蚕食其市场份额
568,苹果担忧这会蚕食其市场份额,2,False,False,1.0,0.07692307692307693,0.0,2.85,-0.5260066986083984,1.0,0.6778626441955566,1.0,0.35,2,苹果,苹果担忧这回蚕食其市场份额
570,海信科龙和惠而浦则是营收增,1,True,True,1.0,0.3076923076923077,0.0,3.2731746755036832,-0.4649159610271454,1.0,0.6900449991226196,0.75,0.26249999999999996,4,海信科龙,海信科龙和惠儿普泽市营收增
570,海信科龙和惠而浦则是营收增,2,False,False,1.0,0.38461538461538464,0.0,3.099033998978734,-0.5095335245132446,1.0,0.6900449991226196,0.75,0.26249999999999996,4,海信科龙,海信科龙和惠尔普泽市营售增
570,海信科龙和惠而浦则是营收增,3,False,False,1.0,0.3076923076923077,0.0,2.90455395496425,-0.5593623518943787,1.0,0.6900449991226196,0.75,0.26249999999999996,4,海信科龙,海信科龙和惠尔普泽氏营收增
570,海信科龙和惠而浦则是营收增,4,False,False,1.0,0.3076923076923077,0.0,2.7625,-0.5957587957382202,1.0,0.6900449991226196,0.75,0.26249999999999996,4,海信科龙,海信科龙和惠尔普泽市营收增
570,海信科龙和惠而浦则是营收增,5,False,False,0.0,0.38461538461538464,0.25,1.0,-0.3395431637763977,0.0,0.7590494990348816,0.0,0.0,0,,海信科隆和惠尔普泽市营收增
571,海信科龙一季报营收为六十四点300000000元,1,True,True,1.0,0.16666666666666666,0.0,3.85,-0.5931863784790039,1.0,0.6919655203819275,1.0,0.35,6,海信科龙,海信科龙一季报营收为64300000000元
571,海信科龙一季报营收为六十四点300000000元,2,False,False,1.0,0.25,0.0,3.5115448469509016,-0.6333339214324951,1.0,0.6919655203819275,1.0,0.35,6,海信科龙,海信科龙遗迹报营收为64300000000元
571,海信科龙一季报营收为六十四点300000000元,3,False,False,1.0,0.20833333333333334,0.0,3.4940026269865077,-0.6354147791862488,1.0,0.6919655203819275,1.0,0.35,6,海信科龙,海信科龙一级报营收为64300000000元
571,海信科龙一季报营收为六十四点300000000元,4,False,False,1.0,0.25,0.0,3.367353034727174,-0.6504379510879517,1.0,0.6919655203819275,1.0,0.35,6,海信科龙,海信科龙一级报银收为64300000000元
571,海信科龙一季报营收为六十四点300000000元,5,False,False,1.0,0.20833333333333334,0.0,3.3187567992370286,-0.6562024354934692,1.0,0.6919655203819275,1.0,0.35,6,海信科龙,海信科龙一记报营收为64300000000元
571,海信科龙一季报营收为六十四点300000000元,6,False,False,1.0,0.2916666666666667,0.0,2.85,-0.7118063569068909,1.0,0.6919655203819275,1.0,0.35,6,海信科龙,海信科龙遗迹报银收为64300000000元
572,张晓雅的人气肯定在前3名,1,True,True,1.0,0.0,0.0,1.0,-0.22253113985061646,0.0,0.7782334238290787,0.0,0.0,0,,张晓雅的人气肯定在前3名
572,张晓雅的人气肯定在前3名,2,False,False,0.0,0.16666666666666666,0.3333333333333333,0.0,-0.41915181279182434,0.0,0.7782334238290787,0.0,0.0,0,,张小雅人气肯定在前3名
573,张晓雅最大的优点是有想法,1,True,True,1.0,0.0,0.0,1.0,-0.25849953293800354,0.0,0.7757753133773804,0.0,0.0,0,,张晓雅最大的优点是有想法
573,张晓雅最大的优点是有想法,2,False,False,0.0,0.16666666666666666,0.6666666666666666,0.6568478331503886,-0.36000582575798035,0.0,0.0,0.0,0.0,0,,张逍遥最大的优点是有想法
573,张晓雅最大的优点是有想法,3,False,False,0.0,0.16666666666666666,0.3333333333333333,0.0,-0.5543050169944763,0.0,0.7757753133773804,0.0,0.0,0,,张小雅最大的优点是她有想法
574,张晓雅这个娃娃训练很自觉,1,True,True,1.0,0.0,0.0,1.0,-0.11266447603702545,0.0,0.7754983082413673,0.0,0.0,0,,张晓雅这个娃娃训练很自觉
574,张晓雅这个娃娃训练很自觉,2,False,False,0.0,0.16666666666666666,0.6666666666666666,0.5030033330259043,-0.23945578932762146,0.0,0.7754983082413673,0.0,0.0,0,,章小雅这个娃娃训练很自觉
574,张晓雅这个娃娃训练很自觉,3,False,False,0.0,0.16666666666666666,0.3333333333333333,0.0679976302064913,-0.35043227672576904,0.0,0.7754983082413673,0.0,0.0,0,,张小雅这个娃娃的训练很自觉
574,张晓雅这个娃娃训练很自觉,4,False,False,0.0,0.16666666666666666,0.3333333333333333,0.0,-0.3677794933319092,0.0,0.7754983082413673,0.0,0.0,0,,张小雅这个娃娃训练很直觉
575,中国最帅的竞走冠军陈定将亮相苏州吴中,1,True,True,1.0,0.05555555555555555,0.0,3.85,-0.5189013481140137,1.0,0.6864985823631287,1.0,0.35,6,陈定,中国最帅的竞走冠军陈定将亮相苏州吴忠
575,中国最帅的竞走冠军陈定将亮相苏州吴中,2,False,False,1.0,0.1111111111111111,0.0,3.4638486511428623,-0.5468345284461975,1.0,0.6864985823631287,1.0,0.35,6,陈定,中国最帅的靖走冠军陈定将亮相苏州吴忠
575,中国最帅的竞走冠军陈定将亮相苏州吴中,3,False,False,1.0,0.1111111111111111,0.0,3.3940467362106754,-0.5518838167190552,1.0,0.6864985823631287,1.0,0.35,6,陈定,中国最帅的健走冠军陈定将亮相苏州吴忠
575,中国最帅的竞走冠军陈定将亮相苏州吴中,4,False,False,1.0,0.1111111111111111,0.0,3.2038191526177884,-0.565644383430481,1.0,0.6864985823631287,1.0,0.35,6,陈定,中国最帅的劲走冠军陈定将亮相苏州吴忠
575,中国最帅的竞走冠军陈定将亮相苏州吴中,5,False,False,1.0,0.1111111111111111,0.0,3.1384683838433776,-0.570371687412262,1.0,0.6864985823631287,1.0,0.35,6,陈定,中国最帅的静走冠军陈定将亮相苏州吴忠
575,中国最帅的竞走冠军陈定将亮相苏州吴中,6,False,False,1.0,0.1111111111111111,1.0,2.85,-0.5912387371063232,1.0,0.6864985823631287,1.0,0.35,6,陈定,中国最帅竞走冠军陈定将亮相苏州吴忠
576,1992年8月5日出生于云南省保山市龙陵县,1,True,True,1.0,0.0,0.0,3.85,-0.5418807864189148,2.0,0.6890886425971985,1.0,0.35,3,云南省;保山市,1992年8月5日出生于云南省保山市龙陵县
576,1992年8月5日出生于云南省保山市龙陵县,2,False,False,1.0,0.047619047619047616,0.0,3.54591544120296,-0.5670364499092102,2.0,0.6890886425971985,1.0,0.35,3,云南省;保山市,1992年8月5日出生于云南省保山市龙岭县
576,1992年8月5日出生于云南省保山市龙陵县,3,False,False,1.0,0.09523809523809523,0.0,2.85,-0.6246066689491272,2.0,0.6890886425971985,1.0,0.35,3,云南省;保山市,1992年8月5日出生于云南省保山市隆宁县
577,取得瑞士卢加诺竞走挑战赛男子二十公里竞走银牌,1,True,True,1.0,0.18181818181818182,0.0,1.0,-0.41603678464889526,0.0,0.7733322232961655,0.0,0.0,0,,取得瑞士卢加诺竞走挑战赛男子20公里竞赢牌
577,取得瑞士卢加诺竞走挑战赛男子二十公里竞走银牌,2,False,False,0.0,0.2727272727272727,0.6666666666666666,0.781124374727554,-0.48532000184059143,0.0,0.7733322232961655,0.0,0.0,0,,取得瑞士鲁迦诺竞走挑战赛男子20公里竞赛金牌
577,取得瑞士卢加诺竞走挑战赛男子二十公里竞走银牌,3,False,False,0.0,0.2727272727272727,0.6666666666666666,0.6011755545659364,-0.5422812700271606,0.0,0.7733322232961655,0.0,0.0,0,,取得瑞士鲁迦诺竞走挑战赛男子20公里竞赢牌
577,取得瑞士卢加诺竞走挑战赛男子二十公里竞走银牌,4,False,False,0.0,0.18181818181818182,0.6666666666666666,0.5375268915403568,-0.5624287128448486,0.0,0.7733322232961655,0.0,0.0,0,,取得瑞士鲁迦诺竞走挑战赛男子20公里竞走银牌
577,取得瑞士卢加诺竞走挑战赛男子二十公里竞走银牌,5,False,False,0.0,0.2727272727272727,0.6666666666666666,0.4163227530911737,-0.6007948517799377,0.0,0.7733322232961655,0.0,0.0,0,,取得瑞士鲁迦诺竞走挑战赛男子20公里竞走一排
577,取得瑞士卢加诺竞走挑战赛男子二十公里竞走银牌,6,False,False,0.0,0.22727272727272727,0.6666666666666666,0.3226499029786176,-0.630446195602417,0.0,0.7733322232961655,0.0,0.0,0,,取得瑞士鲁迦诺竞走挑战赛男子20公里竞走颐牌
577,取得瑞士卢加诺竞走挑战赛男子二十公里竞走银牌,7,False,False,0.0,0.22727272727272727,0.3333333333333333,0.0,-0.7325782775878906,0.0,0.7733322232961655,0.0,0.0,0,,取得瑞士卢迦诺竞走挑战赛男子20公里竞走一排
578,欧米茄计时管理委员会成员彼得许尔泽勒介绍说,1,True,False,0.0,0.19047619047619047,1.0,3.3659613865698197,-0.30339545011520386,1.0,0.6755823493003845,0.8333333333333334,0.2916666666666667,11,皮特,奥米茄基时管理委员会成员皮特许尔泽勒介绍说
578,欧米茄计时管理委员会成员彼得许尔泽勒介绍说,2,False,False,0.0,0.19047619047619047,1.0,3.280733994729499,-0.31199777126312256,1.0,0.6755823493003845,0.8333333333333334,0.2916666666666667,11,皮特,欧米切基时管理委员会成员皮特许尔泽勒介绍说
578,欧米茄计时管理委员会成员彼得许尔泽勒介绍说,3,False,False,0.0,0.23809523809523808,1.0,3.2456156299134133,-0.31554239988327026,1.0,0.6755823493003845,0.8333333333333334,0.2916666666666667,11,皮特,奥米奇级时管理委员会成员皮特许尔泽勒介绍说
578,欧米茄计时管理委员会成员彼得许尔泽勒介绍说,4,False,True,0.0,0.14285714285714285,1.0,3.2055190778838276,-0.3195894956588745,1.0,0.6755823493003845,0.8333333333333334,0.2916666666666667,11,皮特,欧米茄季时管理委员会成员皮特许尔泽勒介绍说
578,欧米茄计时管理委员会成员彼得许尔泽勒介绍说,5,False,False,0.0,0.19047619047619047,1.0,3.182988204117486,-0.3218636214733124,1.0,0.6755823493003845,0.8333333333333334,0.2916666666666667,11,皮特,欧米奇吉时管理委员会成员皮特许尔泽勒介绍说
578,欧米茄计时管理委员会成员彼得许尔泽勒介绍说,6,False,False,0.0,0.14285714285714285,1.0,3.016310169704217,-0.33868706226348877,1.0,0.6755823493003845,0.8333333333333334,0.2916666666666667,11,皮特,欧米茄基时管理委员会成员皮特许尔泽勒介绍说
578,欧米茄计时管理委员会成员彼得许尔泽勒介绍说,7,False,False,0.0,0.23809523809523808,1.0,2.9743180090203807,-0.342925488948822,1.0,0.6755823493003845,0.8333333333333334,0.2916666666666667,11,皮特,欧米奇迪斯管理委员会成员皮特许尔泽勒介绍说
578,欧米茄计时管理委员会成员彼得许尔泽勒介绍说,8,False,False,0.0,0.23809523809523808,1.0,2.8681332167032054,-0.35364311933517456,1.0,0.6755823493003845,0.8333333333333334,0.2916666666666667,11,皮特,欧米切基什管理委员会成员皮特许尔泽勒介绍说
578,欧米茄计时管理委员会成员彼得许尔泽勒介绍说,9,False,False,0.0,0.23809523809523808,1.0,2.8418589587439373,-0.35629507899284363,1.0,0.6755823493003845,0.8333333333333334,0.2916666666666667,11,皮特,欧米奇基石管理委员会成员皮特许尔泽勒介绍说
578,欧米茄计时管理委员会成员彼得许尔泽勒介绍说,10,False,False,0.0,0.23809523809523808,1.0,2.8238524481254292,-0.35811254382133484,1.0,0.6755823493003845,0.8333333333333334,0.2916666666666667,11,皮特,欧米奇吉时管理委员会成员皮特许尔泽乐介绍说
578,欧米茄计时管理委员会成员彼得许尔泽勒介绍说,11,False,False,0.0,0.19047619047619047,1.0,2.7916666666666665,-0.36136117577552795,1.0,0.6755823493003845,0.8333333333333334,0.2916666666666667,11,皮特,欧米奇基时管理委员会成员皮特许尔泽勒介绍说
578,欧米茄计时管理委员会成员彼得许尔泽勒介绍说,12,False,False,0.0,0.19047619047619047,1.0,1.0,-0.26042741537094116,0.0,0.0,0.0,0.0,0,,欧米切基时管理委员会成员皮德许尔泽勒介绍说
578,欧米茄计时管理委员会成员彼得许尔泽勒介绍说,13,False,False,0.0,0.19047619047619047,1.0,0.7841075949834282,-0.28221824765205383,0.0,0.0,0.0,0.0,0,,欧米奇吉时管理委员会成员皮德许尔泽勒介绍说
579,现年18岁的莎宾娜身高达182厘米,1,True,True,1.0,0.0,0.0,1.0,-0.25918257236480713,0.0,0.7745034098625183,0.0,0.0,0,,现年18岁的莎宾娜身高达182厘米
579,现年18岁的莎宾娜身高达182厘米,2,False,False,0.0,0.058823529411764705,0.3333333333333333,0.8463908344742991,-0.3067217767238617,0.0,0.0,0.0,0.0,0,,现年18岁的莎贝娜身高达182厘米
579,现年18岁的莎宾娜身高达182厘米,3,False,False,0.0,0.058823529411764705,0.3333333333333333,0.7212213266762181,-0.3454594314098358,0.0,0.0,0.0,0.0,0,,现年18岁的莎比娜身高达182厘米
579,现年18岁的莎宾娜身高达182厘米,4,False,False,0.0,0.058823529411764705,0.3333333333333333,0.518834360282722,-0.40809446573257446,0.0,0.7745034098625183,0.0,0.0,0,,现年18岁的莎斌娜身高达182厘米
579,现年18岁的莎宾娜身高达182厘米,5,False,False,0.0,0.058823529411764705,0.3333333333333333,0.005162705337716542,-0.5670663714408875,0.0,0.7745034098625183,0.0,0.0,0,,现年18岁的沙宾娜身高达182厘米
579,现年18岁的莎宾娜身高达182厘米,6,False,False,0.0,0.058823529411764705,0.3333333333333333,0.0,-0.5686641335487366,0.0,0.0,0.0,0.0,0,,现年18岁的莎贫娜身高达182厘米
580,莎宾娜也凭借兼具清纯和性感气质的漂亮外形走红日本,1,True,True,1.0,0.08333333333333333,0.0,1.0,-0.13649702072143555,0.0,0.7747456133365631,0.0,0.0,0,,莎宾娜也凭借兼具青春和性感气质的漂亮外形走红日本
580,莎宾娜也凭借兼具清纯和性感气质的漂亮外形走红日本,2,False,False,0.0,0.125,0.3333333333333333,0.9889267327613496,-0.13999879360198975,0.0,0.0,0.0,0.0,0,,莎贝娜也凭借兼具青春和性感气质的漂亮外形走红日本
580,莎宾娜也凭借兼具清纯和性感气质的漂亮外形走红日本,3,False,False,0.0,0.125,0.3333333333333333,0.8796504541783018,-0.1745559573173523,0.0,0.0,0.0,0.0,0,,莎比娜也凭借兼具青春和性感气质的漂亮外形走红日本
580,莎宾娜也凭借兼具清纯和性感气质的漂亮外形走红日本,4,False,False,0.0,0.20833333333333334,0.3333333333333333,0.8548122204765727,-0.18241071701049805,0.0,0.0,0.0,0.0,0,,莎贝娜也凭借艰巨青春和性感气质的漂亮外形走红日本
580,莎宾娜也凭借兼具清纯和性感气质的漂亮外形走红日本,5,False,False,0.0,0.20833333333333334,0.3333333333333333,0.8492400581615116,-0.1841728389263153,0.0,0.7747456133365631,0.0,0.0,0,,莎彬娜也凭借艰巨青春和性感气质的漂亮外形走红日本
580,莎宾娜也凭借兼具清纯和性感气质的漂亮外形走红日本,6,False,False,0.0,0.16666666666666666,0.6666666666666666,0.8175787599090427,-0.1941853016614914,0.0,0.7747456133365631,0.0,0.0,0,,沙彬娜也凭借兼具青春和性感气质的漂亮外形走红日本
580,莎宾娜也凭借兼具清纯和性感气质的漂亮外形走红日本,7,False,False,0.0,0.041666666666666664,0.3333333333333333,0.8110859143234456,-0.19623857736587524,0.0,0.0,0.0,0.0,0,,莎贝娜也凭借兼具清纯和性感气质的漂亮外形走红日本
580,莎宾娜也凭借兼具清纯和性感气质的漂亮外形走红日本,8,False,False,0.0,0.16666666666666666,0.3333333333333333,0.8109680193675685,-0.19627586007118225,0.0,0.0,0.0,0.0,0,,莎贝娜也凭借兼具青春和性感气质的漂亮外型走红日本
580,莎宾娜也凭借兼具清纯和性感气质的漂亮外形走红日本,9,False,False,0.0,0.16666666666666666,0.3333333333333333,0.7591572386042179,-0.21266032755374908,0.0,0.0,0.0,0.0,0,,莎贝娜也凭借坚具青春和性感气质的漂亮外形走红日本
580,莎宾娜也凭借兼具清纯和性感气质的漂亮外形走红日本,10,False,False,0.0,0.125,0.3333333333333333,0.0,-0.4527336657047272,0.0,0.7747456133365631,0.0,0.0,0,,沙宾娜也凭借兼具青春和性感气质的漂亮外形走红日本
581,莎宾娜透露目前单身理想型是喜欢运动,1,True,False,0.0,0.17647058823529413,0.3333333333333333,1.0,-0.1893644630908966,0.0,0.0,0.0,0.0,0,,莎贝娜透露目前单身理想形式喜欢运动
581,莎宾娜透露目前单身理想型是喜欢运动,2,False,False,0.0,0.17647058823529413,0.3333333333333333,0.7817698514070324,-0.22047065198421478,0.0,0.0,0.0,0.0,0,,莎贝娜透露目前单身理想形势喜欢运动
581,莎宾娜透露目前单身理想型是喜欢运动,3,False,False,0.0,0.17647058823529413,0.3333333333333333,0.7490008461575935,-0.2251414954662323,0.0,0.0,0.0,0.0,0,,莎贝娜透露目前单身理想行事喜欢运动
581,莎宾娜透露目前单身理想型是喜欢运动,4,False,False,0.0,0.17647058823529413,0.3333333333333333,0.349329900474555,-0.28210997581481934,0.0,0.776898019015789,0.0,0.0,0,,莎彬娜透露目前单身理想形式喜欢运动
581,莎宾娜透露目前单身理想型是喜欢运动,5,False,True,0.0,0.058823529411764705,0.3333333333333333,0.15133299615266965,-0.31033214926719666,0.0,0.0,0.0,0.0,0,,莎贝娜透露目前单身理想型是喜欢运动
581,莎宾娜透露目前单身理想型是喜欢运动,6,False,False,0.0,0.17647058823529413,0.3333333333333333,0.0,-0.3319029211997986,0.0,0.776898019015789,0.0,0.0,0,,莎彬娜透露目前单身理想形势喜欢运动
582,莎宾娜已经在今年8月秘密抵达日本,1,True,True,1.0,0.0,0.0,1.0,-0.19408491253852844,0.0,0.7756929025053978,0.0,0.0,0,,莎宾娜已经在今年8月秘密抵达日本
582,莎宾娜已经在今年8月秘密抵达日本,2,False,False,0.0,0.0625,0.3333333333333333,0.865162848458413,-0.24492983520030975,0.0,0.0,0.0,0.0,0,,莎贝娜已经在今年8月秘密抵达日本
582,莎宾娜已经在今年8月秘密抵达日本,3,False,False,0.0,0.125,0.6666666666666666,0.6700555772590764,-0.31850165128707886,0.0,0.7756929025053978,0.0,0.0,0,,沙宾纳已经在今年8月秘密抵达日本
582,莎宾娜已经在今年8月秘密抵达日本,4,False,False,0.0,0.1875,1.0,0.3708133598812662,-0.4313410818576813,0.0,0.0,0.0,0.0,0,,撒贝纳已经在今年8月秘密抵达日本
582,莎宾娜已经在今年8月秘密抵达日本,5,False,False,0.0,0.125,0.6666666666666666,0.19968438698767715,-0.49587106704711914,0.0,0.0,0.0,0.0,0,,撒贝娜已经在今年8月秘密抵达日本
582,莎宾娜已经在今年8月秘密抵达日本,6,False,False,0.0,0.0625,0.3333333333333333,0.07786079912354833,-0.5418087840080261,0.0,0.7756929025053978,0.0,0.0,0,,沙宾娜已经在今年8月秘密抵达日本
582,莎宾娜已经在今年8月秘密抵达日本,7,False,False,0.0,0.375,1.0,-1.5,-0.571168839931488,0.0,0.0,0.0,0.0,0,,Sabina已经在今年8月秘密抵达日本
583,她的母亲在采访中表示莎宾娜为了提升自己的实力,1,True,False,0.0,0.09090909090909091,0.3333333333333333,1.0,-0.2825741469860077,0.0,0.0,0.0,0.0,0,,他的母亲在采访中表示莎贝娜为了提升自己的实力
583,她的母亲在采访中表示莎宾娜为了提升自己的实力,2,False,True,0.0,0.045454545454545456,0.3333333333333333,0.9823082524166412,-0.2907066345214844,0.0,0.0,0.0,0.0,0,,她的母亲在采访中表示莎贝娜为了提升自己的实力
583,她的母亲在采访中表示莎宾娜为了提升自己的实力,3,False,False,0.0,0.045454545454545456,0.3333333333333333,0.8083808836207163,-0.3706570267677307,0.0,0.0,0.0,0.0,0,,她的母亲在采访中表示莎丁娜为了提升自己的实力
583,她的母亲在采访中表示莎宾娜为了提升自己的实力,4,False,False,0.0,0.045454545454545456,0.3333333333333333,0.6965783696875759,-0.4220500588417053,0.0,0.0,0.0,0.0,0,,她的母亲在采访中表示莎丹娜为了提升自己的实力
583,她的母亲在采访中表示莎宾娜为了提升自己的实力,5,False,False,0.0,0.045454545454545456,0.3333333333333333,0.0,-0.7422510385513306,0.0,0.0,0.0,0.0,0,,她的母亲在采访中表示莎贫娜为了提升自己的实力
584,对此莎宾娜已经做好了吃苦的心理准备,1,True,True,0.0,0.058823529411764705,0.3333333333333333,1.0,-0.24576976895332336,0.0,0.0,0.0,0.0,0,,对此莎贝娜已经做好了吃苦的心理准备
584,对此莎宾娜已经做好了吃苦的心理准备,2,False,False,0.0,0.058823529411764705,0.3333333333333333,0.6780141930477088,-0.28353267908096313,0.0,0.0,0.0,0.0,0,,对此莎便娜已经做好了吃苦的心理准备
584,对此莎宾娜已经做好了吃苦的心理准备,3,False,False,0.0,0.11764705882352941,0.6666666666666666,0.0,-0.36305105686187744,0.0,0.0,0.0,0.0,0,,对此莎贝纳已经做好了吃苦的心理准备
585,家人和哈排协也表明了全力支持她的态度,1,True,False,1.0,0.05555555555555555,0.0,3.028975560416809,-0.48336362838745117,1.0,0.6907670497894287,0.6666666666666666,0.2333333333333333,5,哈排协,家人和哈排协也表明了全力支持他的态度
585,家人和哈排协也表明了全力支持她的态度,2,False,True,1.0,0.0,0.0,3.0106543034563575,-0.4907713830471039,1.0,0.6907670497894287,0.6666666666666666,0.2333333333333333,5,哈排协,家人和哈排协也表明了全力支持她的态度
585,家人和哈排协也表明了全力支持她的态度,3,False,False,1.0,0.1111111111111111,0.0,2.980418623924561,-0.5029964447021484,1.0,0.6907670497894287,0.6666666666666666,0.2333333333333333,5,哈排协,佳人和哈排协也表明了全力支持他的态度
585,家人和哈排协也表明了全力支持她的态度,4,False,False,1.0,0.05555555555555555,0.0,2.9747468864552156,-0.5052896738052368,1.0,0.6907670497894287,0.6666666666666666,0.2333333333333333,5,哈排协,佳人和哈排协也表明了全力支持她的态度
585,家人和哈排协也表明了全力支持她的态度,5,False,False,1.0,0.16666666666666666,0.0,2.7333333333333334,-0.6028993725776672,1.0,0.6907670497894287,0.6666666666666666,0.2333333333333333,5,哈排协,嘉仁和哈排协也表明了全力支持他的态度
585,家人和哈排协也表明了全力支持她的态度,6,False,False,0.0,0.1111111111111111,0.3333333333333333,1.0,-0.19857369363307953,0.0,0.7771129310131073,0.0,0.0,0,,家人和哈牌协也表明了全力支持他的态度
585,家人和哈排协也表明了全力支持她的态度,7,False,False,0.0,0.2222222222222222,0.3333333333333333,0.5729457282433,-0.3712427020072937,0.0,0.7771129310131073,0.0,0.0,0,,嘉仁和哈牌协也表明了全力支持他的态度
586,因此不得不放弃宾虚的演出,1,True,True,1.0,0.0,0.0,2.5,-0.8869355916976929,1.0,0.6901585459709167,0.0,0.0,0,,因此不得不放弃宾虚的演出
586,因此不得不放弃宾虚的演出,2,False,False,0.0,0.16666666666666666,1.0,1.0,-0.08337189257144928,0.0,0.0,0.0,0.0,0,,因此不得不放弃必须的演出
586,因此不得不放弃宾虚的演出,3,False,False,0.0,0.08333333333333333,0.5,0.3083832627922355,-0.6391299962997437,0.0,0.0,0.0,0.0,0,,因此不得不放弃冰虚的演出
587,不开心时会找太太徐濠所倾诉,1,True,True,1.0,0.0,0.0,2.5,-0.8678103089332581,1.0,0.6883367896080017,0.0,0.0,0,,不开心时会找太太徐濠所倾诉
587,不开心时会找太太徐濠所倾诉,2,False,False,0.0,0.15384615384615385,1.0,1.0,-0.31384605169296265,0.0,0.8030595878760018,0.0,0.0,0,,不开心时会找太太许昊所倾诉
587,不开心时会找太太徐濠所倾诉,3,False,False,0.0,0.23076923076923078,1.0,0.8122987271973314,-0.417825847864151,0.0,0.8030595878760018,0.0,0.0,0,,不开心时会找太太许皓索倾诉
587,不开心时会找太太徐濠所倾诉,4,False,False,0.0,0.23076923076923078,1.0,0.7861979014798615,-0.43228477239608765,0.0,0.8030595878760018,0.0,0.0,0,,不开心时会找太太许昊索倾诉
587,不开心时会找太太徐濠所倾诉,5,False,False,0.0,0.07692307692307693,0.5,0.5762093476012101,-0.5486109256744385,0.0,0.0,0.0,0.0,0,,不开心时会找太太徐涛所倾诉
587,不开心时会找太太徐濠所倾诉,6,False,False,0.0,0.07692307692307693,0.5,0.3196809805230871,-0.6907184720039368,0.0,0.8030595878760018,0.0,0.0,0,,不开心时会找太太许濠所倾诉
589,东莞常平一地盘2日两度地陷,1,True,True,0.0,0.23076923076923078,0.5,1.0,-0.557120680809021,0.0,0.0,0.0,0.0,0,,东莞城平一地盘2日两度德县
589,东莞常平一地盘2日两度地陷,2,False,False,0.0,0.23076923076923078,0.5,0.9575093778741957,-0.5652962327003479,0.0,0.0,0.0,0.0,0,,东莞城平一地盘2日两度得县
589,东莞常平一地盘2日两度地陷,3,False,False,0.0,0.3076923076923077,0.5,0.8883895892198358,-0.5785954594612122,0.0,0.0,0.0,0.0,0,,东莞城平一地盘2日两渡得县
589,东莞常平一地盘2日两度地陷,4,False,False,0.0,0.3076923076923077,0.5,0.8675607799937858,-0.5826030969619751,0.0,0.0,0.0,0.0,0,,东莞城平一地盘2日两渡德县
589,东莞常平一地盘2日两度地陷,5,False,False,0.0,0.23076923076923078,0.5,0.6648515509388406,-0.6216060519218445,0.0,0.7737323145071664,0.0,0.0,0,,东莞厂平一地盘2日两度德县
589,东莞常平一地盘2日两度地陷,6,False,False,0.0,0.3076923076923077,0.5,0.5772554372154072,-0.6384602785110474,0.0,0.0,0.0,0.0,0,,东莞城平一帝盘2日两度德县
589,东莞常平一地盘2日两度地陷,7,False,False,0.0,0.38461538461538464,0.5,0.4946694270303961,-0.6543505191802979,0.0,0.0,0.0,0.0,0,,东莞城平一帝盘2日两渡德县
589,东莞常平一地盘2日两度地陷,8,False,False,0.0,0.23076923076923078,0.5,0.49193993823567406,-0.6548756957054138,0.0,0.0,0.0,0.0,0,,东莞长平一地盘2日两度德县
589,东莞常平一地盘2日两度地陷,9,False,False,0.0,0.38461538461538464,0.5,0.45586211233499074,-0.6618173718452454,0.0,0.0,0.0,0.0,0,,东莞城平一帝盘2日两渡得县
589,东莞常平一地盘2日两度地陷,10,False,False,0.0,0.3076923076923077,0.5,0.4459840951749292,-0.6637179851531982,0.0,0.0,0.0,0.0,0,,东莞长平一地盘2日两渡德县
589,东莞常平一地盘2日两度地陷,11,False,False,0.0,0.38461538461538464,0.5,0.0,-0.7495290637016296,0.0,0.0,0.0,0.0,0,,东莞城平一帝盘2日两渡得宪
590,东莞常平住宅大厦联邦花园旁边发生大面积地陷,1,True,False,1.0,0.047619047619047616,0.0,3.85,-0.23263977468013763,1.0,0.6824127435684204,1.0,0.35,4,常平,东莞常平驻宅大厦联邦花园旁边发生大面积地陷
590,东莞常平住宅大厦联邦花园旁边发生大面积地陷,2,False,False,1.0,0.09523809523809523,0.0,3.3065218469183617,-0.2734730541706085,1.0,0.6824127435684204,1.0,0.35,4,常平,东莞常平驻宅大厦联邦花园旁边发生大面积地震
590,东莞常平住宅大厦联邦花园旁边发生大面积地陷,3,False,True,1.0,0.0,0.0,3.264854742273419,-0.276603639125824,1.0,0.6824127435684204,1.0,0.35,4,常平,东莞常平住宅大厦联邦花园旁边发生大面积地陷
590,东莞常平住宅大厦联邦花园旁边发生大面积地陷,4,False,False,1.0,0.047619047619047616,0.0,2.85,-0.30777302384376526,1.0,0.6824127435684204,1.0,0.35,4,常平,东莞常平住宅大厦联邦花园旁边发生大面积地震
592,审计署审计长刘家义受国务院委托,1,True,True,1.0,0.06666666666666667,0.0,3.269400160599013,-0.8601112961769104,1.0,0.6910980939865112,0.4,0.13999999999999999,5,审计署,审计署沈计长刘家义受国务院委托
592,审计署审计长刘家义受国务院委托,2,False,False,0.5,0.13333333333333333,0.16666666666666666,3.265854768682775,-0.861526608467102,1.0,0.6910980939865112,0.4,0.13999999999999999,5,审计署,审计署沈计长刘嘉义受国务院委托
592,审计署审计长刘家义受国务院委托,3,False,False,0.5,0.2,0.16666666666666666,3.09509200101651,-0.9296947121620178,1.0,0.6910980939865112,0.4,0.13999999999999999,5,审计署,审计署沈记长刘嘉义受国务院委托
592,审计署审计长刘家义受国务院委托,4,False,False,0.5,0.2,0.16666666666666666,3.089560920867211,-0.9319027066230774,1.0,0.6910980939865112,0.4,0.13999999999999999,5,审计署,审计署沈机长刘嘉义受国务院委托
592,审计署审计长刘家义受国务院委托,5,False,False,0.5,0.26666666666666666,0.3333333333333333,2.64,-1.1113663911819458,1.0,0.6910980939865112,0.4,0.13999999999999999,5,审计署,审计署沈机长刘嘉毅受国务院委托
592,审计署审计长刘家义受国务院委托,6,False,False,0.0,0.2,0.3333333333333333,1.0,-0.7121686935424805,0.0,0.7762083560228348,0.0,0.0,0,,试计署沈计长刘嘉义受国务院委托
592,审计署审计长刘家义受国务院委托,7,False,False,0.0,0.2,0.3333333333333333,0.9773665285738132,-0.7212039232254028,0.0,0.7762083560228348,0.0,0.0,0,,试计署沈计长刘佳义受国务院委托
592,审计署审计长刘家义受国务院委托,8,False,False,0.0,0.26666666666666666,0.3333333333333333,0.8447637943293438,-0.7741386294364929,0.0,0.7762083560228348,0.0,0.0,0,,试计署沈记长刘嘉义受国务院委托
592,审计署审计长刘家义受国务院委托,9,False,False,0.0,0.26666666666666666,0.3333333333333333,0.7450560857260685,-0.8139417171478271,0.0,0.7762083560228348,0.0,0.0,0,,试计署沈机长刘嘉义受国务院委托
592,审计署审计长刘家义受国务院委托,10,False,False,0.0,0.26666666666666666,0.5,0.5496354868273274,-0.89195317029953,0.0,0.7762083560228348,0.0,0.0,0,,试计署沈计长刘嘉逸受国务院委托
592,审计署审计长刘家义受国务院委托,11,False,False,0.0,0.26666666666666666,0.5,0.40435564349647163,-0.9499485492706299,0.0,0.7762083560228348,0.0,0.0,0,,试计署沈计长刘嘉毅受国务院委托
593,刘家义在报告中指出,1,True,True,1.0,0.0,0.0,2.6485311753718275,-1.2148882150650024,1.0,0.6909927129745483,0.0,0.0,0,,刘家义在报告中指出
593,刘家义在报告中指出,2,False,False,0.0,0.1111111111111111,0.3333333333333333,1.0,-0.3368481397628784,0.0,0.7773668020963669,0.0,0.0,0,,刘嘉义在报告中指出
593,刘家义在报告中指出,3,False,False,0.0,0.2222222222222222,0.6666666666666666,0.6851066530441532,-0.6615681648254395,0.0,0.7773668020963669,0.0,0.0,0,,刘嘉毅在报告中指出
593,刘家义在报告中指出,4,False,False,0.0,0.1111111111111111,0.3333333333333333,0.0,-1.3680545091629028,0.0,0.7773668020963669,0.0,0.0,0,,刘加义在报告中指出
594,审计署审计长刘家义受国务院委托,1,True,True,1.0,0.06666666666666667,0.0,3.2193312815196387,-1.0232263803482056,1.0,0.6870154142379761,0.2222222222222222,0.07777777777777777,3,审计署,审计署沈计长刘家义受国务院委托
594,审计署审计长刘家义受国务院委托,2,False,False,0.5,0.26666666666666666,0.16666666666666666,3.19041651818015,-1.0298761129379272,1.0,0.6870154142379761,0.2222222222222222,0.07777777777777777,3,审计署,审计署沈记掌刘嘉义受国务院委托
594,审计署审计长刘家义受国务院委托,3,False,False,0.5,0.2,0.16666666666666666,2.7589286508785005,-1.1291084289550781,1.0,0.6870154142379761,0.2222222222222222,0.07777777777777777,3,审计署,审计署沈记长刘嘉义受国务院委托
594,审计署审计长刘家义受国务院委托,4,False,False,0.0,0.3333333333333333,0.3333333333333333,1.0,-0.9407919049263,0.0,0.7754121422767639,0.0,0.0,0,,试计署沈记掌刘嘉义受国务院委托
594,审计署审计长刘家义受国务院委托,5,False,False,0.0,0.2,0.3333333333333333,0.9336070236822497,-0.9560607671737671,0.0,0.7754121422767639,0.0,0.0,0,,试计署沈计长刘嘉义受国务院委托
594,审计署审计长刘家义受国务院委托,6,False,False,0.0,0.26666666666666666,0.3333333333333333,0.877612466388052,-0.9689382314682007,0.0,0.7754121422767639,0.0,0.0,0,,试计署沈计长刘嘉义受过务院委托
594,审计署审计长刘家义受国务院委托,7,False,False,0.0,0.26666666666666666,0.5,0.5939194609129491,-1.0341811180114746,0.0,0.7754121422767639,0.0,0.0,0,,试计署沈计长刘嘉译受国务院委托
594,审计署审计长刘家义受国务院委托,8,False,False,0.0,0.26666666666666666,0.5,0.42405883305795833,-1.0732451677322388,0.0,0.7754121422767639,0.0,0.0,0,,试计署沈计长刘嘉毅受国务院委托
594,审计署审计长刘家义受国务院委托,9,False,False,0.0,0.3333333333333333,0.5,0.2621041241455276,-1.1104910373687744,0.0,0.7754121422767639,0.0,0.0,0,,试计署沈计长刘嘉毅受过务院委托
594,审计署审计长刘家义受国务院委托,10,False,False,0.0,0.26666666666666666,0.5,0.0,-1.1707689762115479,0.0,0.7754121422767639,0.0,0.0,0,,试计署沈计长刘加伊受国务院委托
595,由此可见苹果现在的业务确实比汽车行业更加赚钱,1,True,True,1.0,0.0,0.0,3.5,-0.32594573497772217,1.0,0.6665458679199219,0.0,0.0,0,,由此可见苹果现在的业务确实比汽车行业更加赚钱
595,由此可见苹果现在的业务确实比汽车行业更加赚钱,2,False,False,0.0,0.045454545454545456,0.5,0.0,-0.3390747904777527,0.0,0.7776368459065754,0.0,0.0,0,,由此可见苹国现在的业务确实比汽车行业更加赚钱
597,苹果公司一直在秘密从事电汽汽车的研发,1,True,True,1.0,0.05555555555555555,0.0,3.85,-0.3903355002403259,1.0,0.6716205477714539,1.0,0.35,2,苹果,苹果公司一直在秘密从事电器汽车的研发
597,苹果公司一直在秘密从事电汽汽车的研发,2,False,False,1.0,0.05555555555555555,0.0,2.85,-0.4204069674015045,1.0,0.6716205477714539,1.0,0.35,2,苹果,苹果公司一直在秘密从事电气汽车的研发
598,苹果已为汽车项目招募了数百名员工,1,True,True,1.0,0.0,0.0,3.5,-0.2029535472393036,1.0,0.6575153470039368,0.0,0.0,0,,苹果已为汽车项目招募了数百名员工
598,苹果已为汽车项目招募了数百名员工,2,False,False,0.0,0.0625,0.5,0.0,-0.4281213581562042,0.0,0.7671012381712594,0.0,0.0,0,,苹国已为汽车项目招募了数百名员工
600,除了苹果上周公布的选定合作伙伴,1,True,True,1.0,0.0,0.0,3.6166666666666667,-0.2789205014705658,1.0,0.6811362504959106,0.3333333333333333,0.11666666666666665,2,苹果,除了苹果上周公布的选定合作伙伴
600,除了苹果上周公布的选定合作伙伴,2,False,False,1.0,0.06666666666666667,0.0,2.8920413187023697,-0.4292280077934265,1.0,0.6811362504959106,0.3333333333333333,0.11666666666666665,2,苹果,除了苹果上周公布的选定合作伙伴儿
600,除了苹果上周公布的选定合作伙伴,3,False,False,0.0,0.06666666666666667,0.5,0.47379479535209496,-0.38807013630867004,0.0,0.7946589589118956,0.0,0.0,0,,除了平果上周公布的选定合作伙伴
600,除了苹果上周公布的选定合作伙伴,4,False,False,0.0,0.13333333333333333,1.0,0.0,-0.48634839057922363,0.0,0.0,0.0,0.0,0,,除了上周公布的选定合作伙伴
601,有报道称苹果计划在2014年秋季推出其可穿戴设备,1,True,False,1.0,0.08333333333333333,0.0,3.85,-0.33855268359184265,1.0,0.6632433533668518,1.0,0.35,6,苹果,有报道称苹果计划在2014年秋季推出旗客穿戴设备
601,有报道称苹果计划在2014年秋季推出其可穿戴设备,2,False,False,1.0,0.041666666666666664,0.0,3.434550991026447,-0.35088497400283813,1.0,0.6632433533668518,1.0,0.35,6,苹果,有报道称苹果计划在2014年秋季推出即可穿戴设备
601,有报道称苹果计划在2014年秋季推出其可穿戴设备,3,False,True,1.0,0.0,0.0,3.4181580421630504,-0.3513715863227844,1.0,0.6632433533668518,1.0,0.35,6,苹果,有报道称苹果计划在2014年秋季推出其可穿戴设备
601,有报道称苹果计划在2014年秋季推出其可穿戴设备,4,False,False,1.0,0.041666666666666664,0.0,3.1286580431670274,-0.35996517539024353,1.0,0.6632433533668518,1.0,0.35,6,苹果,有报道称苹果计划在2014年秋季推出旗可穿戴设备
601,有报道称苹果计划在2014年秋季推出其可穿戴设备,5,False,False,1.0,0.041666666666666664,0.0,3.0295212632449764,-0.3629079759120941,1.0,0.6632433533668518,1.0,0.35,6,苹果,有报道称苹果计划在2014年秋季推出齐可穿戴设备
601,有报道称苹果计划在2014年秋季推出其可穿戴设备,6,False,False,1.0,0.041666666666666664,0.0,2.85,-0.3682369291782379,1.0,0.6632433533668518,1.0,0.35,6,苹果,有报道称苹果计划在2014年秋季推出昔可穿戴设备
602,这将是苹果零售店采用的全新模式,1,True,True,1.0,0.0,0.0,3.85,-0.3384990394115448,1.0,0.6753694415092468,1.0,0.35,2,苹果,这将是苹果零售店采用的全新模式
602,这将是苹果零售店采用的全新模式,2,False,False,1.0,0.06666666666666667,0.0,2.85,-0.36541855335235596,1.0,0.6753694415092468,1.0,0.35,2,苹果,这将是苹果零售件采用的全新模式
603,美的集团总裁方洪波提出了上述3个问题,1,True,True,1.0,0.05555555555555555,0.0,3.85,-0.4381120204925537,1.0,0.6664792895317078,1.0,0.35,4,美的集团,美的集团总裁方鸿波提出了上述3个问题
603,美的集团总裁方洪波提出了上述3个问题,2,False,False,1.0,0.05555555555555555,0.0,3.2588919808591155,-0.4957703649997711,1.0,0.6664792895317078,1.0,0.35,4,美的集团,美的集团总裁方宏波提出了上述3个问题
603,美的集团总裁方洪波提出了上述3个问题,3,False,False,1.0,0.1111111111111111,0.0,2.949115977603381,-0.5259867906570435,1.0,0.6664792895317078,1.0,0.35,4,美的集团,美的集团总裁方宏不提出了上述3个问题
603,美的集团总裁方洪波提出了上述3个问题,4,False,False,1.0,0.1111111111111111,0.0,2.85,-0.5356548428535461,1.0,0.6664792895317078,1.0,0.35,4,美的集团,美的集团总裁方宏都提出了上述3个问题
605,威灵电机将有可能兼并美芝压缩机,1,True,True,1.0,0.0,0.0,3.85,-0.7131741642951965,3.0,0.6903575658798218,1.0,0.35,3,威灵电机;美芝;威灵,威灵电机将有可能兼并美芝压缩机
605,威灵电机将有可能兼并美芝压缩机,2,False,False,1.0,0.06666666666666667,0.0,3.299367837841365,-0.7835949659347534,3.0,0.6903575658798218,1.0,0.35,3,威灵电机;美芝;威灵,威灵电机将有可能兼并美芝压索机
605,威灵电机将有可能兼并美芝压缩机,3,False,False,0.5,0.06666666666666667,0.125,1.0499999999999998,-0.841064989566803,2.0,0.6903575658798218,1.0,0.35,3,威灵电机;威灵,威灵电机将有可能兼并美�芝压缩机
606,这一点对于京津冀一带的居民来说是才最重要的,1,True,False,0.0,0.09523809523809523,0.3333333333333333,1.0,-0.6828075647354126,0.0,0.0,0.0,0.0,0,,这一点对于京军冀一带的居民来说是财最重要的
606,这一点对于京津冀一带的居民来说是才最重要的,2,False,False,0.0,0.09523809523809523,0.3333333333333333,0.8315769019648929,-0.6940184235572815,0.0,0.0,0.0,0.0,0,,这一点对于京冀冀一带的居民来说是财最重要的
606,这一点对于京津冀一带的居民来说是才最重要的,3,False,True,0.0,0.047619047619047616,0.3333333333333333,0.6459485669615393,-0.7063745260238647,0.0,0.0,0.0,0.0,0,,这一点对于京冀冀一带的居民来说是才最重要的
606,这一点对于京津冀一带的居民来说是才最重要的,4,False,False,0.0,0.047619047619047616,0.3333333333333333,0.3403402542907877,-0.726716935634613,0.0,0.0,0.0,0.0,0,,这一点对于京军冀一带的居民来说是才最重要的
606,这一点对于京津冀一带的居民来说是才最重要的,5,False,False,0.0,0.14285714285714285,0.3333333333333333,0.2586426900129214,-0.7321550250053406,0.0,0.0,0.0,0.0,0,,这一点对于京冀冀一带的居民来说才是最重要的
606,这一点对于京津冀一带的居民来说是才最重要的,6,False,False,0.0,0.09523809523809523,0.3333333333333333,0.0,-0.7493712306022644,0.0,0.0,0.0,0.0,0,,这一点对于京冀冀一带的居民来说是最重要的
607,崇礼县发展较成熟的万龙滑雪场和云顶滑雪场,1,True,True,1.0,0.05,0.0,1.0,-0.3997635841369629,0.0,0.7489492446184158,0.0,0.0,0,,崇礼县发展较成熟的万龙滑雪场和云顶滑鞋场
607,崇礼县发展较成熟的万龙滑雪场和云顶滑雪场,2,False,False,0.0,0.1,0.2,0.9784229774028511,-0.4051121771335602,0.0,0.7489492446184158,0.0,0.0,0,,崇礼县发展较成熟的万隆滑雪场和云顶滑水场
607,崇礼县发展较成熟的万龙滑雪场和云顶滑雪场,3,False,False,0.0,0.15,0.2,0.6097760435164095,-0.49649375677108765,0.0,0.7489492446184158,0.0,0.0,0,,冲礼县发展较成熟的万隆滑雪场和云顶滑鞋场
607,崇礼县发展较成熟的万龙滑雪场和云顶滑雪场,4,False,False,0.0,0.15,0.6,0.0,-0.6476473212242126,0.0,0.0,0.0,0.0,0,,崇礼县发展较成熟的万龙和云顶滑雪场
608,小海坨山是位于延庆境内的海坨山主峰,1,True,False,0.6666666666666666,0.058823529411764705,0.125,3.215470549799223,-0.543086051940918,2.0,0.6923140287399292,0.5,0.175,2,海坨山;小海坨山,小海坨山是位于延庆境内的海陀山主峰
608,小海坨山是位于延庆境内的海坨山主峰,2,False,True,1.0,0.0,0.0,2.675,-0.6827092170715332,2.0,0.6923140287399292,0.5,0.175,2,海坨山;小海坨山,小海坨山是位于延庆境内的海坨山主峰
608,小海坨山是位于延庆境内的海坨山主峰,3,False,False,0.3333333333333333,0.11764705882352941,0.3125,1.0,-0.42437291145324707,0.0,0.6921952366828918,0.0,0.0,0,,小海驼山是位于延庆境内的海陀山主峰
610,尤为引人瞩目的莫过于李子成,1,True,True,1.0,0.07692307692307693,0.0,2.5,-0.8281271457672119,1.0,0.6914902329444885,0.0,0.0,0,,尤为引人注目的莫过于李子成
610,尤为引人瞩目的莫过于李子成,2,False,False,0.0,0.15384615384615385,0.3333333333333333,1.0,-0.5956498384475708,0.0,0.7779265120625496,0.0,0.0,0,,尤为引人注目的莫过于李子诚
611,而十公里女子组由刘庆红以三十四分十秒夺得冠军,1,True,False,0.0,0.36363636363636365,1.0,1.0,-0.1614694595336914,0.0,0.0,0.0,0.0,0,,而10公里女子组由刘秋红以34分10秒夺得冠军
611,而十公里女子组由刘庆红以三十四分十秒夺得冠军,2,False,True,0.0,0.2727272727272727,0.3333333333333333,0.9125455831802995,-0.17402426898479462,0.0,0.0,0.0,0.0,0,,而十公里女子组由刘秋红以34分10秒夺得冠军
611,而十公里女子组由刘庆红以三十四分十秒夺得冠军,3,False,False,0.0,0.4090909090909091,1.0,0.8739462879316623,-0.17956551909446716,0.0,0.0,0.0,0.0,0,,而10公里女子组由刘秋虹以34分10秒夺得冠军
611,而十公里女子组由刘庆红以三十四分十秒夺得冠军,4,False,False,0.0,0.3181818181818182,0.6666666666666666,0.7718807569330237,-0.19421787559986115,0.0,0.0,0.0,0.0,0,,而十公里女子组由刘秋虹以34分10秒夺得冠军
611,而十公里女子组由刘庆红以三十四分十秒夺得冠军,5,False,False,0.0,0.36363636363636365,1.0,0.08433080382925702,-0.29292139410972595,0.0,0.0,0.0,0.0,0,,而10公里女子组由刘丘红以34分10秒夺得冠军
611,而十公里女子组由刘庆红以三十四分十秒夺得冠军,6,False,False,0.0,0.2727272727272727,0.3333333333333333,0.0,-0.3050277829170227,0.0,0.0,0.0,0.0,0,,而十公里女子组由刘丘红以34分10秒夺得冠军
612,新京报报道思维发散表情与肢体语言丰富,1,True,False,1.0,0.16666666666666666,0.0,3.85,-0.3640468716621399,1.0,0.6866973042488098,1.0,0.35,2,新京报,新京报报导思维发散表情与知其语言丰富
612,新京报报道思维发散表情与肢体语言丰富,2,False,True,1.0,0.1111111111111111,0.0,2.85,-0.41243839263916016,1.0,0.6866973042488098,1.0,0.35,2,新京报,新京报报道思维发散表情与知其语言丰富
613,朱祖儿操刀灰色调封面,1,True,True,1.0,0.0,0.0,2.7295253083691473,-0.9083448648452759,1.0,0.6888901591300964,0.125,0.04375,2,朱祖儿,朱祖儿操刀灰色调封面
613,朱祖儿操刀灰色调封面,2,False,False,1.0,0.1,0.0,2.54375,-1.0289511680603027,1.0,0.6888901591300964,0.125,0.04375,2,朱祖儿,朱祖儿操刀灰色条封面
613,朱祖儿操刀灰色调封面,3,False,False,0.0,0.2,0.6666666666666666,1.0,-0.3797459304332733,0.0,0.0,0.0,0.0,0,,朱索尔操刀灰色调封面
613,朱祖儿操刀灰色调封面,4,False,False,0.0,0.1,0.3333333333333333,0.9610945112984183,-0.4050035774707794,0.0,0.0,0.0,0.0,0,,朱索儿操刀灰色调封面
613,朱祖儿操刀灰色调封面,5,False,False,0.0,0.2,0.3333333333333333,0.7616029462011366,-0.5345145463943481,0.0,0.0,0.0,0.0,0,,朱索儿操刀灰色条封面
613,朱祖儿操刀灰色调封面,6,False,False,0.0,0.1,0.3333333333333333,0.7198400933761843,-0.561627209186554,0.0,0.0,0.0,0.0,0,,朱素儿操刀灰色调封面
613,朱祖儿操刀灰色调封面,7,False,False,0.0,0.2,0.3333333333333333,0.6078848908815498,-0.6343091130256653,0.0,0.0,0.0,0.0,0,,朱索儿操刀挥色调封面
613,朱祖儿操刀灰色调封面,8,False,False,0.0,0.1,0.3333333333333333,0.4808299668656119,-0.7167938351631165,0.0,0.0,0.0,0.0,0,,朱鼠儿操刀灰色调封面
613,朱祖儿操刀灰色调封面,9,False,False,0.0,0.3,0.3333333333333333,0.45418648326848593,-0.7340909242630005,0.0,0.0,0.0,0.0,0,,朱索儿操刀挥瑟调封面
614,袁两半1人歌词包办,1,True,False,1.0,0.2222222222222222,0.0,3.85,-0.7216477990150452,1.0,0.6836354732513428,1.0,0.35,9,袁两,袁两半艺人歌词包伴
614,袁两半1人歌词包办,2,False,False,1.0,0.2222222222222222,0.0,3.8396377206058996,-0.7239385843276978,1.0,0.6836354732513428,1.0,0.35,9,袁两,袁两伴艺人歌词包办
614,袁两半1人歌词包办,3,False,False,1.0,0.3333333333333333,0.0,3.7227828192097294,-0.7497716546058655,1.0,0.6836354732513428,1.0,0.35,9,袁两,袁两半艺人歌词抱伴
614,袁两半1人歌词包办,4,False,False,1.0,0.2222222222222222,0.0,3.655065769589259,-0.764741837978363,1.0,0.6836354732513428,1.0,0.35,9,袁两,袁两半艺人歌词包版
614,袁两半1人歌词包办,5,False,True,1.0,0.1111111111111111,0.0,3.555222499301012,-0.7868141531944275,1.0,0.6836354732513428,1.0,0.35,9,袁两,袁两半艺人歌词包办
614,袁两半1人歌词包办,6,False,False,1.0,0.2222222222222222,0.0,3.4899792069579045,-0.8012374639511108,1.0,0.6836354732513428,1.0,0.35,9,袁两,袁两半艺人歌词包半
614,袁两半1人歌词包办,7,False,False,1.0,0.3333333333333333,0.0,3.400697464742555,-0.8209749460220337,1.0,0.6836354732513428,1.0,0.35,9,袁两,袁两半艺人歌词报半
614,袁两半1人歌词包办,8,False,False,1.0,0.4444444444444444,0.0,3.233129595492828,-0.8580191135406494,1.0,0.6836354732513428,1.0,0.35,9,袁两,袁两伴艺人歌词抱伴
614,袁两半1人歌词包办,9,False,False,1.0,0.2222222222222222,0.0,2.85,-0.942717432975769,1.0,0.6836354732513428,1.0,0.35,9,袁两,袁两扮艺人歌词包办
615,好友陈妍希晒与潘玮柏搞怪合影为他庆生,1,True,False,1.0,0.3333333333333333,0.0,2.8691926977756927,-0.6704394221305847,1.0,0.6909732222557068,0.8333333333333334,0.2916666666666667,6,陈妍希,好友陈妍希单与潘伟伯搞惯合营为她庆生
615,好友陈妍希晒与潘玮柏搞怪合影为他庆生,2,False,False,1.0,0.2777777777777778,0.0,2.865990568277398,-0.67151939868927,1.0,0.6909732222557068,0.8333333333333334,0.2916666666666667,6,陈妍希,好友陈妍希单与潘伟伯搞惯合影为她庆生
615,好友陈妍希晒与潘玮柏搞怪合影为他庆生,3,False,False,1.0,0.2222222222222222,0.0,2.855126408622993,-0.6751835346221924,1.0,0.6909732222557068,0.8333333333333334,0.2916666666666667,6,陈妍希,好友陈妍希单与潘伟伯搞怪合影为她庆生
615,好友陈妍希晒与潘玮柏搞怪合影为他庆生,4,False,False,1.0,0.2777777777777778,0.0,2.8282738691694136,-0.6842400431632996,1.0,0.6909732222557068,0.8333333333333334,0.2916666666666667,6,陈妍希,好友陈妍希单与潘伟伯搞怪合营为她庆生
615,好友陈妍希晒与潘玮柏搞怪合影为他庆生,5,False,False,1.0,0.2222222222222222,0.0,2.794037645713475,-0.6957868337631226,1.0,0.6909732222557068,0.8333333333333334,0.2916666666666667,6,陈妍希,好友陈妍希单与潘伟伯搞惯合影为他庆生
615,好友陈妍希晒与潘玮柏搞怪合影为他庆生,6,False,True,1.0,0.16666666666666666,0.0,2.7916666666666665,-0.6965864896774292,1.0,0.6909732222557068,0.8333333333333334,0.2916666666666667,6,陈妍希,好友陈妍希单与潘伟伯搞怪合影为他庆生
615,好友陈妍希晒与潘玮柏搞怪合影为他庆生,7,False,False,0.0,0.3333333333333333,0.6666666666666666,1.0,-0.35931825637817383,0.0,0.7773448750376701,0.0,0.0,0,,好友陈延熙单宇潘韦伯搞怪合影为他庆生
617,港报评上海迪尼士不意味着香港迪尼士的没落,1,True,True,1.0,0.0,0.0,3.85,-1.100913643836975,2.0,0.683103084564209,1.0,0.35,6,香港迪尼士;上海迪尼士,港报评上海迪尼士不意味着香港迪尼士的没落
617,港报评上海迪尼士不意味着香港迪尼士的没落,2,False,False,1.0,0.05,0.0,3.7164045618574,-1.1096916198730469,2.0,0.683103084564209,1.0,0.35,6,香港迪尼士;上海迪尼士,港报评上海迪尼士不意味着香港迪尼士的莫落
617,港报评上海迪尼士不意味着香港迪尼士的没落,3,False,False,1.0,0.05,0.0,3.412858889761765,-1.129636287689209,2.0,0.683103084564209,1.0,0.35,6,香港迪尼士;上海迪尼士,港报评上海迪尼士不意味着香港迪尼士的末落
617,港报评上海迪尼士不意味着香港迪尼士的没落,4,False,False,1.0,0.05,0.0,3.049755433352867,-1.1534942388534546,2.0,0.683103084564209,1.0,0.35,6,香港迪尼士;上海迪尼士,港报评上海迪尼士不意味着香港迪尼士的磨落
617,港报评上海迪尼士不意味着香港迪尼士的没落,5,False,False,1.0,0.05,0.0,2.875100738598532,-1.16497004032135,2.0,0.683103084564209,1.0,0.35,6,香港迪尼士;上海迪尼士,港报评上海迪尼士不意味着香港迪尼士的陌落
617,港报评上海迪尼士不意味着香港迪尼士的没落,6,False,False,0.5,0.05,0.1,0.35,-1.1666193008422852,1.0,0.6762187480926514,1.0,0.35,6,上海迪尼士,港报评上海迪尼士不意味着香港迪你士的没落
618,港报内地医院仍控制处方药销售电商盼网售解禁,1,True,False,1.0,0.19047619047619047,0.0,3.85,-0.2847719192504883,1.0,0.6809120178222656,1.0,0.35,15,港报内地医院,港报内地医院仍控制处方药效售电商判枉受解禁
618,港报内地医院仍控制处方药销售电商盼网售解禁,2,False,True,1.0,0.047619047619047616,0.0,3.7269763413856283,-0.2983258068561554,1.0,0.6809120178222656,1.0,0.35,15,港报内地医院,港报内地医院仍控制处方药效售电商盼网售解禁
618,港报内地医院仍控制处方药销售电商盼网售解禁,3,False,False,1.0,0.09523809523809523,0.0,3.6544929753978654,-0.3063115179538727,1.0,0.6809120178222656,1.0,0.35,15,港报内地医院,港报内地医院仍控制处方药效售电商盼网售减禁
618,港报内地医院仍控制处方药销售电商盼网售解禁,4,False,False,1.0,0.23809523809523808,0.0,3.574324299467133,-0.3151439428329468,1.0,0.6809120178222656,1.0,0.35,15,港报内地医院,港报内地医院仍控制处方药效授电商判枉授解禁
618,港报内地医院仍控制处方药销售电商盼网售解禁,5,False,False,1.0,0.14285714285714285,0.0,3.4952417000356797,-0.3238567113876343,1.0,0.6809120178222656,1.0,0.35,15,港报内地医院,港报内地医院仍控制处方药效售电商派网受解禁
618,港报内地医院仍控制处方药销售电商盼网售解禁,6,False,False,1.0,0.23809523809523808,0.0,3.490691810442186,-0.3243579864501953,1.0,0.6809120178222656,1.0,0.35,15,港报内地医院,港报内地医院仍控制处方药效受电商判枉受解禁
618,港报内地医院仍控制处方药销售电商盼网售解禁,7,False,False,1.0,0.09523809523809523,0.0,3.483595930310407,-0.32513976097106934,1.0,0.6809120178222656,1.0,0.35,15,港报内地医院,港报内地医院仍控制处方药效售电商派网售解禁
618,港报内地医院仍控制处方药销售电商盼网售解禁,8,False,False,1.0,0.14285714285714285,0.0,3.473626748914532,-0.32623809576034546,1.0,0.6809120178222656,1.0,0.35,15,港报内地医院,港报内地医院仍控制处方药效售电商派网售减禁
618,港报内地医院仍控制处方药销售电商盼网售解禁,9,False,False,1.0,0.14285714285714285,0.0,3.4581208766625564,-0.32794642448425293,1.0,0.6809120178222656,1.0,0.35,15,港报内地医院,港报内地医院仍控制处方药效售电商判枉售解禁
618,港报内地医院仍控制处方药销售电商盼网售解禁,10,False,False,1.0,0.14285714285714285,0.0,3.4382523040916815,-0.33013540506362915,1.0,0.6809120178222656,1.0,0.35,15,港报内地医院,港报内地医院仍控制处方药效售电商派往售解禁
618,港报内地医院仍控制处方药销售电商盼网售解禁,11,False,False,1.0,0.23809523809523808,0.0,3.292259547667397,-0.34621986746788025,1.0,0.6809120178222656,1.0,0.35,15,港报内地医院,港报内地医院仍控制出方药效售电商判枉受解禁
618,港报内地医院仍控制处方药销售电商盼网售解禁,12,False,False,1.0,0.19047619047619047,0.0,3.2136714308861767,-0.35487815737724304,1.0,0.6809120178222656,1.0,0.35,15,港报内地医院,港报内地医院仍控制处方药效授电商派网授解禁
618,港报内地医院仍控制处方药销售电商盼网售解禁,13,False,False,1.0,0.09523809523809523,0.0,3.0782978787289417,-0.3697926700115204,1.0,0.6809120178222656,1.0,0.35,15,港报内地医院,港报内地医院仍控制处方药效售电商判网售解禁
618,港报内地医院仍控制处方药销售电商盼网售解禁,14,False,False,1.0,0.2857142857142857,0.0,2.8849897870938404,-0.3910900056362152,1.0,0.6809120178222656,1.0,0.35,15,港报内地医院,港报内地医院仍控制出方药效受电商判枉受解禁
618,港报内地医院仍控制处方药销售电商盼网售解禁,15,False,False,1.0,0.19047619047619047,0.0,2.85,-0.3949449360370636,1.0,0.6809120178222656,1.0,0.35,15,港报内地医院,港报内地医院仍控制出方药效售电商派网受解禁
619,南都讯记者王睦广发自香港今年4月初,1,True,True,0.0,0.058823529411764705,0.25,1.0,-0.4227520525455475,0.0,0.7347875237464906,0.0,0.0,0,,南都讯记者王木广发自香港今年4月初
619,南都讯记者王睦广发自香港今年4月初,2,False,False,0.0,0.058823529411764705,0.25,0.8389163995696233,-0.5265564322471619,0.0,0.7347875237464906,0.0,0.0,0,,南都讯记者王牧广发自香港今年4月初
619,南都讯记者王睦广发自香港今年4月初,3,False,False,0.0,0.11764705882352941,0.25,0.7128647548214475,-0.6077857613563538,0.0,0.7347875237464906,0.0,0.0,0,,南督讯记者王木广发自香港今年4月初
619,南都讯记者王睦广发自香港今年4月初,4,False,False,0.0,0.11764705882352941,0.25,0.6695335943373038,-0.6357089281082153,0.0,0.7347875237464906,0.0,0.0,0,,南督讯记者王牧广发自香港今年4月初
619,南都讯记者王睦广发自香港今年4月初,5,False,False,0.0,0.11764705882352941,0.25,0.0,-1.0671651363372803,0.0,0.7347875237464906,0.0,0.0,0,,南督讯记者王目广发自香港今年4月初
620,游客偷走雷峰塔砖块想供奉起来做药给老人喝,1,True,False,1.0,0.05,0.0,3.85,-0.4117216467857361,1.0,0.6871225237846375,1.0,0.35,5,雷峰塔,游客偷走雷峰塔砖块想供奉祈来做药给老人喝
620,游客偷走雷峰塔砖块想供奉起来做药给老人喝,2,False,False,1.0,0.15,0.0,3.37547789669371,-0.4442497789859772,1.0,0.6871225237846375,1.0,0.35,5,雷峰塔,游客偷走雷峰塔砖块向龚凤起来做药给老人喝
620,游客偷走雷峰塔砖块想供奉起来做药给老人喝,3,False,False,1.0,0.1,0.0,3.268060101794202,-0.451613187789917,1.0,0.6871225237846375,1.0,0.35,5,雷峰塔,游客偷走雷峰塔砖块想供奉祈来作药给老人喝
620,游客偷走雷峰塔砖块想供奉起来做药给老人喝,4,False,True,1.0,0.0,0.0,2.861055457276129,-0.4795130491256714,1.0,0.6871225237846375,1.0,0.35,5,雷峰塔,游客偷走雷峰塔砖块想供奉起来做药给老人喝
620,游客偷走雷峰塔砖块想供奉起来做药给老人喝,5,False,False,1.0,0.05,0.0,2.85,-0.4802708923816681,1.0,0.6871225237846375,1.0,0.35,5,雷峰塔,游客偷走雷峰塔砖块想供奉其来做药给老人喝
621,南京市民张女士化姓去无锡旅游时,1,True,False,1.0,0.13333333333333333,0.0,3.85,-0.3041346073150635,1.0,0.6849969029426575,1.0,0.35,12,张女士,南京市民张女士话性去无锡旅游时
621,南京市民张女士化姓去无锡旅游时,2,False,False,1.0,0.26666666666666666,0.0,3.803053416344079,-0.3156852126121521,1.0,0.6849969029426575,1.0,0.35,12,张女士,南京市民张女士画兴趣无锡旅游石
621,南京市民张女士化姓去无锡旅游时,3,False,False,1.0,0.26666666666666666,0.0,3.7648768393187786,-0.3250780701637268,1.0,0.6849969029426575,1.0,0.35,12,张女士,南京市民张女士划兴趣无锡旅游石
621,南京市民张女士化姓去无锡旅游时,4,False,False,1.0,0.13333333333333333,0.0,3.7327569716598528,-0.332980751991272,1.0,0.6849969029426575,1.0,0.35,12,张女士,南京市民张女士话兴去无锡旅游时
621,南京市民张女士化姓去无锡旅游时,5,False,False,1.0,0.13333333333333333,0.0,3.6949756396779994,-0.34227636456489563,1.0,0.6849969029426575,1.0,0.35,12,张女士,南京市民张女士话幸去无锡旅游时
621,南京市民张女士化姓去无锡旅游时,6,False,False,1.0,0.26666666666666666,0.0,3.3483836500582993,-0.42755088210105896,1.0,0.6849969029426575,1.0,0.35,12,张女士,南京市民张女士话兴趣无须旅游时
621,南京市民张女士化姓去无锡旅游时,7,False,True,1.0,0.06666666666666667,0.0,3.0571314173417004,-0.49920976161956787,1.0,0.6849969029426575,1.0,0.35,12,张女士,南京市民张女士华姓去无锡旅游时
621,南京市民张女士化姓去无锡旅游时,8,False,False,1.0,0.26666666666666666,0.0,2.97114169734671,-0.5203664302825928,1.0,0.6849969029426575,1.0,0.35,12,张女士,南京市民张女士话兴趣无兮旅游时
621,南京市民张女士化姓去无锡旅游时,9,False,False,1.0,0.13333333333333333,0.0,2.936371519681459,-0.5289211869239807,1.0,0.6849969029426575,1.0,0.35,12,张女士,南京市民张女士华姓去无溪旅游时
621,南京市民张女士化姓去无锡旅游时,10,False,False,1.0,0.13333333333333333,0.0,2.8953055233284215,-0.5390249490737915,1.0,0.6849969029426575,1.0,0.35,12,张女士,南京市民张女士华姓去无兴旅游时
621,南京市民张女士化姓去无锡旅游时,11,False,False,1.0,0.13333333333333333,0.0,2.8857389701437977,-0.5413786768913269,1.0,0.6849969029426575,1.0,0.35,12,张女士,南京市民张女士华姓去无须旅游时
621,南京市民张女士化姓去无锡旅游时,12,False,False,1.0,0.13333333333333333,0.0,2.85,-0.5501717925071716,1.0,0.6849969029426575,1.0,0.35,12,张女士,南京市民张女士华姓去无西旅游时
622,这让张女士哭笑不得,1,True,True,1.0,0.0,0.0,2.5,-1.0892562866210938,1.0,0.6874139904975891,0.0,0.0,0,,这让张女士哭笑不得
622,这让张女士哭笑不得,2,False,False,0.0,0.1111111111111111,0.3333333333333333,1.0,-0.8496465682983398,0.0,0.7733407393097878,0.0,0.0,0,,这让张女时哭笑不得
623,现代快报记者赵书伶,1,True,True,1.0,0.0,0.0,1.0,-0.42117512226104736,0.0,0.7773466855287552,0.0,0.0,0,,现代快报记者赵书伶
623,现代快报记者赵书伶,2,False,False,0.0,0.2222222222222222,0.6666666666666666,0.9570903359974116,-0.43489789962768555,0.0,0.7773466855287552,0.0,0.0,0,,现代快报记者赵姝玲
623,现代快报记者赵书伶,3,False,False,0.0,0.2222222222222222,0.6666666666666666,0.795310856966917,-0.4866359829902649,0.0,0.7773466855287552,0.0,0.0,0,,现代快报记者赵舒灵
623,现代快报记者赵书伶,4,False,False,0.0,0.1111111111111111,0.3333333333333333,0.688224565358633,-0.5208828449249268,0.0,0.7773466855287552,0.0,0.0,0,,现代快报记者赵淑伶
623,现代快报记者赵书伶,5,False,False,0.0,0.1111111111111111,0.3333333333333333,0.5770659280158376,-0.5564320683479309,0.0,0.7773466855287552,0.0,0.0,0,,现代快报记者赵姝伶
623,现代快报记者赵书伶,6,False,False,0.0,0.1111111111111111,0.3333333333333333,0.22445390496021028,-0.6691995859146118,0.0,0.7773466855287552,0.0,0.0,0,,现代快报记者赵叔伶
623,现代快报记者赵书伶,7,False,False,0.0,0.2222222222222222,0.3333333333333333,0.0,-0.7409813404083252,0.0,0.7773466855287552,0.0,0.0,0,,现在快报记者赵淑伶
624,京华时报讯记者武红利与家人来京旅游,1,True,True,1.0,0.0,0.0,2.5,-0.7207293510437012,1.0,0.6888341307640076,0.0,0.0,0,,京华时报讯记者武红利与家人来京旅游
624,京华时报讯记者武红利与家人来京旅游,2,False,False,0.0,0.11764705882352941,0.6666666666666666,1.0,-0.47447288036346436,0.0,0.7701714411377907,0.0,0.0,0,,京华时报讯记者武洪丽与家人来京旅游
624,京华时报讯记者武红利与家人来京旅游,3,False,False,0.0,0.058823529411764705,0.3333333333333333,0.862788509155759,-0.5082620978355408,0.0,0.7701714411377907,0.0,0.0,0,,京华时报讯记者武洪利与家人来京旅游
624,京华时报讯记者武红利与家人来京旅游,4,False,False,0.0,0.11764705882352941,0.6666666666666666,0.8504968415814312,-0.5112890005111694,0.0,0.7701714411377907,0.0,0.0,0,,京华时报讯记者武弘历与家人来京旅游
624,京华时报讯记者武红利与家人来京旅游,5,False,False,0.0,0.058823529411764705,0.3333333333333333,0.5993131304916521,-0.5731446146965027,0.0,0.7701714411377907,0.0,0.0,0,,京华时报讯记者武宏利与家人来京旅游
625,中房指数研究所院长陈晟表示,1,True,False,0.0,0.15384615384615385,0.5,1.0,-0.3032844364643097,0.0,0.0,0.0,0.0,0,,中防指数研究所院长陈胜表示
625,中房指数研究所院长陈晟表示,2,False,False,0.0,0.15384615384615385,0.5,0.2917624565807525,-0.3755953311920166,0.0,0.0,0.0,0.0,0,,中方指数研究所院长陈胜表示
625,中房指数研究所院长陈晟表示,3,False,True,0.0,0.07692307692307693,0.5,0.23612627338801484,-0.3812757730484009,0.0,0.0,0.0,0.0,0,,中房指数研究所院长陈胜表示
625,中房指数研究所院长陈晟表示,4,False,False,0.0,0.23076923076923078,0.5,0.0,-0.40538421273231506,0.0,0.0,0.0,0.0,0,,中防指数研究院院长陈胜表示
626,这样可以加深苹果和消费者之间的关系,1,True,True,1.0,0.0,0.0,3.7333333333333334,-0.27704763412475586,1.0,0.66643887758255,0.6666666666666666,0.2333333333333333,3,苹果,这样可以加深苹果和消费者之间的关系
626,这样可以加深苹果和消费者之间的关系,2,False,False,1.0,0.11764705882352941,0.0,3.1754692965511326,-0.4280092120170593,1.0,0.66643887758255,0.6666666666666666,0.2333333333333333,3,苹果,这样可以加深苹果和消费者的关系
626,这样可以加深苹果和消费者之间的关系,3,False,False,1.0,0.058823529411764705,0.0,3.170398836540146,-0.4293813109397888,1.0,0.66643887758255,0.6666666666666666,0.2333333333333333,3,苹果,这样可以加深苹果与消费者之间的关系
626,这样可以加深苹果和消费者之间的关系,4,False,False,0.0,0.058823529411764705,0.5,0.0,-0.5476540327072144,0.0,0.0,0.0,0.0,0,,这样可以加深贫果和消费者之间的关系
627,为提高苹果零售商店的服务质量,1,True,True,1.0,0.0,0.0,3.675,-0.28452181816101074,1.0,0.6791865825653076,0.5,0.175,2,苹果,为提高苹果零售商店的服务质量
627,为提高苹果零售商店的服务质量,2,False,False,1.0,0.07142857142857142,0.0,2.675,-0.459644615650177,1.0,0.6791865825653076,0.5,0.175,2,苹果,为提高苹果零售商店服务质量
627,为提高苹果零售商店的服务质量,3,False,False,0.0,0.07142857142857142,0.5,0.2210195253827934,-0.42093905806541443,0.0,0.7923843463261921,0.0,0.0,0,,为提高平果零售商店的服务质量
628,苹果将引入这样一套顾客接待系统,1,True,True,0.0,0.13333333333333333,1.0,1.0,-0.04891221225261688,0.0,0.0,0.0,0.0,0,,中国将引入这样一套顾客接待系统
628,苹果将引入这样一套顾客接待系统,2,False,False,0.0,0.2,1.0,0.036907199314632634,-0.35221564769744873,0.0,0.0,0.0,0.0,0,,中国将引入这样一套的顾客接待系统
628,苹果将引入这样一套顾客接待系统,3,False,False,0.0,0.26666666666666666,1.0,0.0,-0.36383870244026184,0.0,0.0,0.0,0.0,0,,中国将引入一套顾客接待系统
629,前往苹果零售店的顾客将比餐厅订餐叫号还方便,1,True,True,1.0,0.0,0.0,3.5,-0.20532774925231934,1.0,0.673492431640625,0.0,0.0,0,,前往苹果零售店的顾客将比餐厅订餐叫号还方便
629,前往苹果零售店的顾客将比餐厅订餐叫号还方便,2,False,False,0.0,0.047619047619047616,0.5,0.5805738723396829,-0.27265867590904236,0.0,0.7857411702473958,0.0,0.0,0,,前往平果零售店的顾客将比餐厅订餐叫号还方便
629,前往苹果零售店的顾客将比餐厅订餐叫号还方便,3,False,False,0.0,1.0,1.0,0.0,-0.3658588230609894,0.0,0.0,0.0,0.0,0,,请不吝点赞订阅转发打赏支持明镜与点点栏目
630,苹果零售店实行先到先服务的原则,1,True,False,1.0,0.06666666666666667,0.0,3.6179234505231053,-0.3613865375518799,1.0,0.6762652397155762,0.5,0.175,2,苹果,苹果零售链实行先到先服务的原则
630,苹果零售店实行先到先服务的原则,2,False,True,1.0,0.0,0.0,2.675,-0.44127923250198364,1.0,0.6762652397155762,0.5,0.175,2,苹果,苹果零售店实行先到先服务的原则
630,苹果零售店实行先到先服务的原则,3,False,False,0.0,0.06666666666666667,0.5,1.0,-0.35655051469802856,0.0,0.7889761130015054,0.0,0.0,0,,平果零售店实行先到先服务的原则
631,此时客户可以选择离开苹果零售店,1,True,False,1.0,0.06666666666666667,0.0,3.85,-0.32312512397766113,1.0,0.6685853600502014,1.0,0.35,7,苹果,此时客户可以选择离开苹果零售链
631,此时客户可以选择离开苹果零售店,2,False,False,1.0,0.2,0.0,3.601408675739933,-0.3471441864967346,1.0,0.6685853600502014,1.0,0.35,7,苹果,此时客户可以选择离开苹果领手链
631,此时客户可以选择离开苹果零售店,3,False,False,1.0,0.13333333333333333,0.0,3.5720383880332585,-0.34998196363449097,1.0,0.6685853600502014,1.0,0.35,7,苹果,此时客户可以选择离开苹果零首链
631,此时客户可以选择离开苹果零售店,4,False,False,1.0,0.13333333333333333,0.0,3.1971239819719117,-0.3862064480781555,1.0,0.6685853600502014,1.0,0.35,7,苹果,此时客户可以选择离开苹果零首垫
631,此时客户可以选择离开苹果零售店,5,False,True,1.0,0.0,0.0,3.128399914621974,-0.39284661412239075,1.0,0.6685853600502014,1.0,0.35,7,苹果,此时客户可以选择离开苹果零售店
631,此时客户可以选择离开苹果零售店,6,False,False,1.0,0.2,0.0,3.1139874375858256,-0.3942391574382782,1.0,0.6685853600502014,1.0,0.35,7,苹果,此时客户可以选择离开苹果领手电
631,此时客户可以选择离开苹果零售店,7,False,False,1.0,0.2,0.0,2.85,-0.4197458028793335,1.0,0.6685853600502014,1.0,0.35,7,苹果,此时客户可以选择离开苹果领首链
632,客户回到苹果零售店后,1,True,True,1.0,0.0,0.0,3.5,-0.3784705400466919,1.0,0.6733694076538086,0.0,0.0,0,,客户回到苹果零售店后
632,客户回到苹果零售店后,2,False,False,0.0,0.1,0.5,0.007524107943562938,-0.5440409779548645,0.0,0.7855976422627766,0.0,0.0,0,,客户回到评果零售店后
632,客户回到苹果零售店后,3,False,False,0.0,0.1,0.5,0.0,-0.5452961921691895,0.0,0.7855976422627766,0.0,0.0,0,,客户回到平果零售店后
633,为提高苹果零售商店的服务质量,1,True,True,1.0,0.0,0.0,3.675,-0.38696035742759705,1.0,0.6800107955932617,0.5,0.175,2,苹果,为提高苹果零售商店的服务质量
633,为提高苹果零售商店的服务质量,2,False,False,1.0,0.07142857142857142,0.0,2.675,-0.5392820239067078,1.0,0.6800107955932617,0.5,0.175,2,苹果,为提高苹果零售商店服务质量
633,为提高苹果零售商店的服务质量,3,False,False,0.0,0.07142857142857142,0.5,0.8441260895229901,-0.4107033312320709,0.0,0.7933459281921386,0.0,0.0,0,,为提高平果零售商店的服务质量
635,苹果一口气召开了2次新品发布会,1,True,True,1.0,0.0,0.0,3.85,-0.27394959330558777,1.0,0.6682167053222656,1.0,0.35,3,苹果,苹果一口气召开了2次新品发布会
635,苹果一口气召开了2次新品发布会,2,False,False,1.0,0.06666666666666667,0.0,3.029277214598143,-0.3631085753440857,1.0,0.6682167053222656,1.0,0.35,3,苹果,苹果一口气召开了2次的新品发布会
635,苹果一口气召开了2次新品发布会,3,False,False,1.0,0.06666666666666667,0.0,2.85,-0.3825843036174774,1.0,0.6682167053222656,1.0,0.35,3,苹果,苹果一口气找开了2次新品发布会
636,科技经济社会金融全都是苹果的消息,1,True,True,1.0,0.0,0.0,2.5,-0.6086698770523071,1.0,0.6437814235687256,0.0,0.0,0,,科技经济社会金融全都是苹果的消息
636,科技经济社会金融全都是苹果的消息,2,False,False,0.0,0.0625,0.5,1.0,-0.5787461996078491,0.0,0.0,0.0,0.0,0,,科技经济社会金融全都是苹谷的消息
637,而是统一地认为苹果开了有史以来最烂的发布会,1,True,True,1.0,0.0,0.0,3.85,-0.27449774742126465,1.0,0.6588883399963379,1.0,0.35,2,苹果,而是统一地认为苹果开了有史以来最烂的发布会
637,而是统一地认为苹果开了有史以来最烂的发布会,2,False,False,1.0,0.047619047619047616,0.0,2.85,-0.40955817699432373,1.0,0.6588883399963379,1.0,0.35,2,苹果,而是统一的认为苹果开了有史以来最烂的发布会
638,但这些口水式的讨伐并没有影响苹果前进的脚步,1,True,True,1.0,0.0,0.0,3.85,-0.2837606370449066,1.0,0.6366536021232605,1.0,0.35,2,苹果,但这些口水式的讨伐并没有影响苹果前进的脚步
638,但这些口水式的讨伐并没有影响苹果前进的脚步,2,False,False,1.0,0.047619047619047616,0.0,2.85,-0.3226782977581024,1.0,0.6366536021232605,1.0,0.35,2,苹果,但这些口水似的讨伐并没有影响苹果前进的脚步
639,已获任美的部品事业部的总裁,1,True,True,0.0,0.3076923076923077,0.14285714285714285,1.0,-0.8745834231376648,0.0,0.6838167309761047,0.0,0.0,0,,疑惑认为的部品事业部的总裁
639,已获任美的部品事业部的总裁,2,False,False,0.0,0.46153846153846156,0.42857142857142855,0.1493963003483448,-1.0418294668197632,0.0,0.6838167309761047,0.0,0.0,0,,疑惑认为的部品事也不的总裁
639,已获任美的部品事业部的总裁,3,False,False,0.0,0.38461538461538464,0.14285714285714285,0.05662944945999127,-1.0600693225860596,0.0,0.6838167309761047,0.0,0.0,0,,疑惑认为的部品事业部总裁
639,已获任美的部品事业部的总裁,4,False,False,0.0,0.38461538461538464,0.2857142857142857,0.0,-1.0712038278579712,0.0,0.6838167309761047,0.0,0.0,0,,疑惑认为的部品事也部的总裁
640,而威灵电器7月9日下午也公告透露,1,True,True,1.0,0.0,0.0,3.5,-0.46848979592323303,2.0,0.6883980631828308,0.0,0.0,0,,而威灵电器7月9日下午也公告透露
640,而威灵电器7月9日下午也公告透露,2,False,False,0.0,0.3125,1.0,0.0,-0.8306745290756226,0.0,0.0,0.0,0.0,0,,7月9日下午也公告透露
641,于1991年加盟美的集团,1,True,False,1.0,0.08333333333333333,0.0,3.85,-1.0069619417190552,1.0,0.6877096891403198,1.0,0.35,2,美的集团,与1991年加盟美的集团
641,于1991年加盟美的集团,2,False,True,1.0,0.0,0.0,2.85,-1.2445493936538696,1.0,0.6877096891403198,1.0,0.35,2,美的集团,于1991年加盟美的集团
642,美芝压缩机已是全球最大空调压缩机企业,1,True,True,1.0,0.0,0.0,2.5,-0.5564922094345093,1.0,0.6827375292778015,0.0,0.0,0,,美芝压缩机已是全球最大空调压缩机企业
642,美芝压缩机已是全球最大空调压缩机企业,2,False,False,0.0,0.1111111111111111,1.0,1.0,-0.32264992594718933,0.0,0.7965271174907683,0.0,0.0,0,,每只压缩机已是全球最大空调压缩机企业
642,美芝压缩机已是全球最大空调压缩机企业,3,False,False,0.0,0.1111111111111111,1.0,0.8520733911981796,-0.3572414219379425,0.0,0.7965271174907683,0.0,0.0,0,,每支压缩机已是全球最大空调压缩机企业
642,美芝压缩机已是全球最大空调压缩机企业,4,False,False,0.0,0.05555555555555555,0.5,0.18336049000534638,-0.5136147737503052,0.0,0.7965271174907683,0.0,0.0,0,,每芝压缩机已是全球最大空调压缩机企业
643,美的将美芝压缩机威灵电机合并,1,True,True,1.0,0.07142857142857142,0.0,2.5,-0.6089221835136414,2.0,0.6913400888442993,0.0,0.0,0,,美帝将美芝压缩机威灵电机合并
643,美的将美芝压缩机威灵电机合并,2,False,False,0.0,0.2857142857142857,0.5,1.0,-0.3913891017436981,0.0,0.684186577796936,0.0,0.0,0,,美帝将每只压缩机威龄电机合并
643,美的将美芝压缩机威灵电机合并,3,False,False,0.0,0.2857142857142857,0.5,0.20933310627645582,-0.5633853077888489,0.0,0.7697321623563766,0.0,0.0,0,,美帝将每只压缩机威龙电机合并
644,美的部品事业部建立后,1,True,False,0.0,0.2,0.2857142857142857,1.0,-1.2628004550933838,0.0,0.7344834245741367,0.0,0.0,0,,美的部品事也不建立后
644,美的部品事业部建立后,2,False,True,0.0,0.1,0.14285714285714285,0.9759910173147954,-1.2701517343521118,0.0,0.7344834245741367,0.0,0.0,0,,美的部品事业不建立后
644,美的部品事业部建立后,3,False,False,0.0,0.2,0.2857142857142857,0.8672655642580077,-1.3034422397613525,0.0,0.7283112949558667,0.0,0.0,0,,美的部品事亚不建立后
644,美的部品事业部建立后,4,False,False,0.0,0.4,0.2857142857142857,0.6281739865765854,-1.3766493797302246,0.0,0.7344834245741367,0.0,0.0,0,,美的部品事也不简历后
644,美的部品事业部建立后,5,False,False,0.0,0.3,0.14285714285714285,0.5430171808649182,-1.4027234315872192,0.0,0.7344834245741367,0.0,0.0,0,,美的部品事业不简历后
644,美的部品事业部建立后,6,False,False,0.0,0.4,0.2857142857142857,0.4672074758117296,-1.4259355068206787,0.0,0.7283112949558667,0.0,0.0,0,,美的部品事亚不简历后
644,美的部品事业部建立后,7,False,False,0.0,0.4,0.2857142857142857,0.4260121775497499,-1.4385490417480469,0.0,0.7344834245741367,0.0,0.0,0,,美的部品事也不监理后
644,美的部品事业部建立后,8,False,False,0.0,0.4,0.2857142857142857,0.264090244216754,-1.4881277084350586,0.0,0.7344834245741367,0.0,0.0,0,,美的部品事也不健力后
644,美的部品事业部建立后,9,False,False,0.0,0.1,0.14285714285714285,0.0,-1.5689891576766968,0.0,0.7344834245741367,0.0,0.0,0,,美的部品事也部建立后
645,美的集团公关部的相关人士告诉第一财经日报记者,1,True,True,1.0,0.0,0.0,3.85,-0.35154959559440613,1.0,0.6794937252998352,1.0,0.35,3,美的集团,美的集团公关部的相关人士告诉第一财经日报记者
645,美的集团公关部的相关人士告诉第一财经日报记者,2,False,False,1.0,0.045454545454545456,0.0,3.0940286038959948,-0.49269235134124756,1.0,0.6794937252998352,1.0,0.35,3,美的集团,美的集团公关部相关人士告诉第一财经日报记者
645,美的集团公关部的相关人士告诉第一财经日报记者,3,False,False,1.0,0.09090909090909091,0.0,2.85,-0.5382534265518188,1.0,0.6794937252998352,1.0,0.35,3,美的集团,美的集团公关部的相关人士高耸第一财经日报记者
646,目前美芝与威灵的合并,1,True,True,1.0,0.0,0.0,3.85,-1.0577125549316406,2.0,0.6862080097198486,1.0,0.35,5,美芝;威灵,目前美芝与威灵的合并
646,目前美芝与威灵的合并,2,False,False,1.0,0.1,0.0,3.530235112606792,-1.13692307472229,2.0,0.6862080097198486,1.0,0.35,5,美芝;威灵,目前美芝与威灵的合编
646,目前美芝与威灵的合并,3,False,False,1.0,0.1,0.0,3.493651078954929,-1.14598548412323,2.0,0.6862080097198486,1.0,0.35,5,美芝;威灵,目前美芝与威灵的合瓶
646,目前美芝与威灵的合并,4,False,False,0.5,0.1,0.25,1.5770866027296662,-1.1748602390289307,1.0,0.6862080097198486,1.0,0.35,5,美芝,目前美芝与灰灵的合并
646,目前美芝与威灵的合并,5,False,False,0.5,0.1,0.25,1.0499999999999998,-1.3054274320602417,1.0,0.6862080097198486,1.0,0.35,5,美芝,目前美芝与维灵的合并
647,仅处于美的集团内部管理架构调整的阶段,1,True,True,1.0,0.0,0.0,3.7333333333333334,-0.3127974271774292,1.0,0.6635425090789795,0.6666666666666666,0.2333333333333333,3,美的集团,仅处于美的集团内部管理架构调整的阶段
647,仅处于美的集团内部管理架构调整的阶段,2,False,False,1.0,0.05555555555555555,0.0,2.917390563205652,-0.5005285739898682,1.0,0.6635425090789795,0.6666666666666666,0.2333333333333333,3,美的集团,仅处于美的集团内部管理架构调整阶段
647,仅处于美的集团内部管理架构调整的阶段,3,False,False,1.0,0.1111111111111111,1.0,2.891661057977525,-0.5064483880996704,1.0,0.6635425090789795,0.6666666666666666,0.2333333333333333,3,美的集团,并且仅处于美的集团内部管理架构调整的阶段
647,仅处于美的集团内部管理架构调整的阶段,4,False,False,0.0,0.1111111111111111,0.5,0.0,-0.5428762435913086,0.0,0.0,0.0,0.0,0,,仅处于美的内部管理架构调整的阶段
648,还没体现在香港上市公司威灵电器的业务层面,1,True,True,1.0,0.0,0.0,3.55,-0.13392584025859833,2.0,0.6886133551597595,0.14285714285714285,0.049999999999999996,2,威灵电器;威灵,还没体现在香港上市公司威灵电器的业务层面
648,还没体现在香港上市公司威灵电器的业务层面,2,False,False,1.0,0.05,0.0,3.293243684933704,-0.2520347535610199,2.0,0.6886133551597595,0.14285714285714285,0.049999999999999996,2,威灵电器;威灵,还没体现在香港上市公司威灵电器的业务场面
648,还没体现在香港上市公司威灵电器的业务层面,3,False,False,0.0,0.05,0.3333333333333333,0.6425529280677528,-0.2983528971672058,0.0,0.7402593567967415,0.0,0.0,0,,还没体现在香港上市公司威廉电器的业务层面
648,还没体现在香港上市公司威灵电器的业务层面,4,False,False,0.0,0.1,0.5,0.45584983981874383,-0.38423705101013184,0.0,0.7402593567967415,0.0,0.0,0,,还没体现在香港上市公司威廉电气的业务层面
648,还没体现在香港上市公司威灵电器的业务层面,5,False,False,0.0,0.3,1.0,0.4083645852826828,-0.4060804545879364,0.0,0.0,0.0,0.0,0,,还没体现在香港商务公司的业务层面
648,还没体现在香港上市公司威灵电器的业务层面,6,False,False,0.0,0.15,0.3333333333333333,0.32829096380891937,-0.4429146349430084,0.0,0.7402593567967415,0.0,0.0,0,,还没体现在香港商务公司威廉电器的业务层面
648,还没体现在香港上市公司威灵电器的业务层面,7,False,False,0.0,0.1,0.8333333333333334,0.0685146950595719,-0.5624127388000488,0.0,0.7402593567967415,0.0,0.0,0,,还没体现在香港上市公司的威廉电器的业务层面
648,还没体现在香港上市公司威灵电器的业务层面,8,False,False,0.0,0.35,1.0,0.0,-0.5939297676086426,0.0,0.0,0.0,0.0,0,,还没体现在香港商务公司的业务场面
649,由于向为民已获任威灵电机的董事会主席,1,True,False,0.0,0.2222222222222222,0.3333333333333333,1.0,-0.3008278012275696,0.0,0.7434843793511391,0.0,0.0,0,,由于向卫民以霍任威廉电机的董事会主席
649,由于向为民已获任威灵电机的董事会主席,2,False,True,0.0,0.1111111111111111,0.3333333333333333,0.6800496832488595,-0.3661730885505676,0.0,0.7434843793511391,0.0,0.0,0,,由于向魏民已获任威廉电机的董事会主席
649,由于向为民已获任威灵电机的董事会主席,3,False,False,0.0,0.2222222222222222,0.3333333333333333,0.5807494337527984,-0.3864537477493286,0.0,0.7434843793511391,0.0,0.0,0,,由于向魏民以霍任威廉电机的董事会主席
649,由于向为民已获任威灵电机的董事会主席,4,False,False,0.0,0.16666666666666666,0.3333333333333333,0.4670842639457617,-0.4096682369709015,0.0,0.7434843793511391,0.0,0.0,0,,由于向魏云已获任威廉电机的董事会主席
649,由于向为民已获任威灵电机的董事会主席,5,False,False,0.0,0.16666666666666666,0.3333333333333333,0.3997994167237948,-0.42341020703315735,0.0,0.7434843793511391,0.0,0.0,0,,由于向魏敏已获任威廉电机的董事会主席
649,由于向为民已获任威灵电机的董事会主席,6,False,False,0.0,0.2222222222222222,0.3333333333333333,0.27383615442781817,-0.4491364061832428,0.0,0.7434843793511391,0.0,0.0,0,,由于向魏敏以获任威廉电机的董事会主席
649,由于向为民已获任威灵电机的董事会主席,7,False,False,0.0,0.1111111111111111,0.3333333333333333,0.2570976799405342,-0.45255500078201294,0.0,0.6876603364944458,0.0,0.0,0,,由于向魏民已获任威龄电机的董事会主席
649,由于向为民已获任威灵电机的董事会主席,8,False,False,0.0,0.16666666666666666,0.3333333333333333,0.17005948039796795,-0.4703313112258911,0.0,0.6876603364944458,0.0,0.0,0,,由于向魏云已获任威龄电机的董事会主席
649,由于向为民已获任威灵电机的董事会主席,9,False,False,0.0,0.16666666666666666,0.3333333333333333,0.08608051873234171,-0.48748281598091125,0.0,0.6876603364944458,0.0,0.0,0,,由于向魏敏已获任威龄电机的董事会主席
649,由于向为民已获任威灵电机的董事会主席,10,False,False,0.0,0.1111111111111111,0.3333333333333333,0.06657654573593458,-0.491466224193573,0.0,0.6876603364944458,0.0,0.0,0,,由于向魏民已获任威陵电机的董事会主席
649,由于向为民已获任威灵电机的董事会主席,11,False,False,0.0,0.16666666666666666,0.3333333333333333,0.0,-0.505063533782959,0.0,0.7434843793511391,0.0,0.0,0,,由于向魏民已获任威廉电机董事会主席
650,威灵电机今后兼并美芝压缩机,1,True,True,1.0,0.3076923076923077,0.0,3.85,-0.9133414030075073,3.0,0.6893532872200012,1.0,0.35,3,威灵电机;威灵;美芝,威灵电机坚厚煎饼美芝压缩机
650,威灵电机今后兼并美芝压缩机,2,False,False,1.0,0.3076923076923077,0.0,3.050650071349294,-0.9572139382362366,3.0,0.6893532872200012,1.0,0.35,3,威灵电机;威灵;美芝,威灵电机坚厚坚柄美芝压缩机
650,威灵电机今后兼并美芝压缩机,3,False,False,1.0,0.3076923076923077,0.0,2.85,-0.9682266712188721,3.0,0.6893532872200012,1.0,0.35,3,威灵电机;威灵;美芝,威灵电机坚厚坚秉美芝压缩机
651,美芝压缩机是隶属于美的集团旗下的业务,1,True,True,1.0,0.0,0.0,3.57,-0.34251075983047485,1.0,0.6548134684562683,0.2,0.06999999999999999,2,美的集团,美芝压缩机是隶属于美的集团旗下的业务
651,美芝压缩机是隶属于美的集团旗下的业务,2,False,False,0.5,0.05555555555555555,0.16666666666666666,2.9274151628243428,-0.6059768795967102,1.0,0.6548134684562683,0.2,0.06999999999999999,2,美的集团,梅芝压缩机是隶属于美的集团旗下的业务
651,美芝压缩机是隶属于美的集团旗下的业务,3,False,False,0.0,0.1111111111111111,0.3333333333333333,0.3397013791892335,-0.6132397055625916,0.0,0.6714295148849487,0.0,0.0,0,,梅芝压缩机是隶属于美的基团旗下的业务
651,美芝压缩机是隶属于美的集团旗下的业务,4,False,False,0.0,0.1111111111111111,0.3333333333333333,0.14471092733292784,-0.6931877136230469,0.0,0.7580034658312798,0.0,0.0,0,,梅芝压缩机是隶属于美蒂集团旗下的业务
651,美芝压缩机是隶属于美的集团旗下的业务,5,False,False,0.0,0.16666666666666666,0.5,0.13297607265427927,-0.697999119758606,0.0,0.7580034658312798,0.0,0.0,0,,梅芝压缩机是隶属于梅蒂集团旗下的业务
651,美芝压缩机是隶属于美的集团旗下的业务,6,False,False,0.0,0.2222222222222222,0.5,0.0,-0.7525206208229065,0.0,0.7580034658312798,0.0,0.0,0,,梅芝压缩机是隶属于美的基金会旗下的业务
652,由于美的集团本身就是威灵电机的大股东,1,True,True,1.0,0.0,0.0,2.85,-0.8198038339614868,3.0,0.6896101832389832,1.0,0.35,2,美的集团,由于美的集团本身就是威灵电机的大股东
652,由于美的集团本身就是威灵电机的大股东,2,False,False,0.5,0.05555555555555555,0.2,1.35,-0.6669314503669739,1.0,0.6817579865455627,1.0,0.35,2,美的集团,由于美的集团本身就是威廉电机的大股东
653,即使今后美芝压缩机被威灵电器兼并,1,True,True,1.0,0.0,0.0,3.258203378992332,-0.7700477242469788,2.0,0.6675791144371033,1.0,0.35,3,威灵电器;威灵,即使今后美芝压缩机被威灵电器兼并
653,即使今后美芝压缩机被威灵电器兼并,2,False,False,0.5,0.25,0.25,2.85,-0.7994219064712524,2.0,0.6675791144371033,1.0,0.35,3,威灵电器;威灵,即使今后每只压缩机被威灵电器歼病
653,即使今后美芝压缩机被威灵电器兼并,3,False,False,0.0,0.3125,0.375,1.35,-0.7274622321128845,1.0,0.6391547322273254,1.0,0.35,3,威灵,即使今后每只压缩机被威灵电气歼病
654,也对美的集团的总体业绩影响不大,1,True,True,1.0,0.0,0.0,3.5,-0.3822442889213562,1.0,0.6863709092140198,0.0,0.0,0,,也对美的集团的总体业绩影响不大
654,也对美的集团的总体业绩影响不大,2,False,False,0.0,0.06666666666666667,0.25,0.0,-0.4938082695007324,0.0,0.7550080001354218,0.0,0.0,0,,也对美的几团的总体业绩影响不大
655,而威灵电器2014年的营业额约九十二点300000000港元,1,True,True,0.0,0.3,1.0,1.0,-0.5799068212509155,0.0,0.0,0.0,0.0,0,,2014年的营业额约927300000000港元
655,而威灵电器2014年的营业额约九十二点300000000港元,2,False,False,0.0,0.3333333333333333,1.0,0.7107413004469906,-0.6480976343154907,0.0,0.0,0.0,0.0,0,,2014年的营业额为927300000000港元
655,而威灵电器2014年的营业额约九十二点300000000港元,3,False,False,0.0,0.3,1.0,0.4593747795577223,-0.7073556184768677,0.0,0.0,0.0,0.0,0,,为2014年的营业额约927300000000港元
655,而威灵电器2014年的营业额约九十二点300000000港元,4,False,False,0.0,0.3333333333333333,1.0,0.0,-0.8156501650810242,0.0,0.0,0.0,0.0,0,,2014年营业额约927300000000港元
656,如果威灵电器兼并美芝压缩机,1,True,True,0.5,0.15384615384615385,0.25,2.5,-0.7175511717796326,2.0,0.6902601718902588,0.0,0.0,0,,如果威灵电器兼并为之压缩机
656,如果威灵电器兼并美芝压缩机,2,False,False,0.0,0.3076923076923077,0.75,1.0,-0.26634564995765686,0.0,0.6848286986351013,0.0,0.0,0,,如果为零电器兼并为之压缩机
656,如果威灵电器兼并美芝压缩机,3,False,False,0.0,0.23076923076923078,0.5,0.8934454517503201,-0.31442365050315857,0.0,0.6848286986351013,0.0,0.0,0,,如果未灵电器兼并为之压缩机
656,如果威灵电器兼并美芝压缩机,4,False,False,0.0,0.3076923076923077,0.75,0.8184776761078062,-0.34824952483177185,0.0,0.6749422550201416,0.0,0.0,0,,如果为零电器兼并每只压缩机
656,如果威灵电器兼并美芝压缩机,5,False,False,0.0,0.23076923076923078,0.5,0.7140394499451617,-0.3953726291656494,0.0,0.7420296847820281,0.0,0.0,0,,如果威霖电器兼并为之压缩机
656,如果威灵电器兼并美芝压缩机,6,False,False,0.0,0.23076923076923078,0.5,0.4559762931767586,-0.511812150478363,0.0,0.7420296847820281,0.0,0.0,0,,如果威廉电器兼并为之压缩机
656,如果威灵电器兼并美芝压缩机,7,False,False,0.0,0.23076923076923078,0.5,0.38259002922401636,-0.5449244379997253,0.0,0.6848286986351013,0.0,0.0,0,,如果为灵电器兼并为之压缩机
656,如果威灵电器兼并美芝压缩机,8,False,False,0.0,0.23076923076923078,0.5,0.36935999437250266,-0.5508939027786255,0.0,0.6848286986351013,0.0,0.0,0,,如果魏灵电器兼并为之压缩机
657,将有利于增加威灵电器的收入和利润,1,True,True,1.0,0.0,0.0,3.0854102076302428,-0.39517897367477417,2.0,0.688173770904541,0.16666666666666666,0.05833333333333333,2,威灵电器;威灵,将有利于增加威灵电器的收入和利润
657,将有利于增加威灵电器的收入和利润,2,False,False,1.0,0.0625,0.0,2.558333333333333,-0.5667410492897034,2.0,0.688173770904541,0.16666666666666666,0.05833333333333333,2,威灵电器;威灵,将有利于增加威灵电器的收入和利率
657,将有利于增加威灵电器的收入和利润,3,False,False,0.0,0.0625,0.3333333333333333,1.0,-0.24124379456043243,0.0,0.6768985390663147,0.0,0.0,0,,将有利于增加卫灵电器的收入和利润
657,将有利于增加威灵电器的收入和利润,4,False,False,0.0,0.0625,0.3333333333333333,0.816388265916417,-0.3010089099407196,0.0,0.6768985390663147,0.0,0.0,0,,将有利于增加魏灵电器的收入和利润
657,将有利于增加威灵电器的收入和利润,5,False,False,0.0,0.0625,0.3333333333333333,0.5622840143160394,-0.38371914625167847,0.0,0.7397868037223816,0.0,0.0,0,,将有利于增加威廉电器的收入和利润
657,将有利于增加威灵电器的收入和利润,6,False,False,0.0,0.125,0.5,0.5054965147698305,-0.4022033214569092,0.0,0.7397868037223816,0.0,0.0,0,,将有利于增加威廉电气的收入和利润
657,将有利于增加威灵电器的收入和利润,7,False,False,0.0,0.125,0.5,0.3765419226761924,-0.44417768716812134,0.0,0.6768985390663147,0.0,0.0,0,,将有利于增加魏灵电气的收入和利润
658,除了威灵电器与美芝压缩机合并成为美的部品事业部之外,1,True,True,0.3333333333333333,0.08,0.2,1.0,-0.23424948751926422,0.0,0.7555069327354431,0.0,0.0,0,,除了威廉电器与美芝压缩机合并成为美帝部品事业部之外
658,除了威灵电器与美芝压缩机合并成为美的部品事业部之外,2,False,False,0.0,0.16,0.4,0.8350156598330871,-0.2466745674610138,0.0,0.7555069327354431,0.0,0.0,0,,除了魏林电器与美制压缩机合并成为美帝部品事业部之外
658,除了威灵电器与美芝压缩机合并成为美的部品事业部之外,3,False,False,0.0,0.16,0.3333333333333333,0.8125972370866478,-0.24836291372776031,0.0,0.7555069327354431,0.0,0.0,0,,除了威廉电器与美制压缩机合并成为美帝物品事业部之外
658,除了威灵电器与美芝压缩机合并成为美的部品事业部之外,4,False,False,0.3333333333333333,0.08,0.2,0.7619707349387507,-0.25217562913894653,0.0,0.7555069327354431,0.0,0.0,0,,除了威廉电器与美制压缩机合并成为美的部品事业部之外
658,除了威灵电器与美芝压缩机合并成为美的部品事业部之外,5,False,False,0.0,0.12,0.26666666666666666,0.645277327145775,-0.26096388697624207,0.0,0.7555069327354431,0.0,0.0,0,,除了威廉电器与美制压缩机合并成为美的物品事业部之外
658,除了威灵电器与美芝压缩机合并成为美的部品事业部之外,6,False,False,0.0,0.12,0.26666666666666666,0.6005022147746751,-0.2643359303474426,0.0,0.6721286177635193,0.0,0.0,0,,除了威龄电器与美制压缩机合并成为美帝部品事业部之外
658,除了威灵电器与美芝压缩机合并成为美的部品事业部之外,7,False,False,0.3333333333333333,0.12,0.3333333333333333,0.42934080304106853,-0.27722620964050293,0.0,0.7555069327354431,0.0,0.0,0,,除了魏林电器与美制压缩机合并成为美的部品事业部之外
658,除了威灵电器与美芝压缩机合并成为美的部品事业部之外,8,False,False,0.3333333333333333,0.08,0.2,0.3701102470452688,-0.2816869020462036,0.0,0.6721286177635193,0.0,0.0,0,,除了威龄电器与美制压缩机合并成为美的部品事业部之外
658,除了威灵电器与美芝压缩机合并成为美的部品事业部之外,9,False,False,0.0,0.2,0.4666666666666667,0.3495772567264865,-0.28323325514793396,0.0,0.7555069327354431,0.0,0.0,0,,除了魏林电器与美制压缩机合并成为美帝物品事业部之外
658,除了威灵电器与美芝压缩机合并成为美的部品事业部之外,10,False,False,0.0,0.16,0.3333333333333333,0.2933166179034363,-0.287470281124115,0.0,0.6721286177635193,0.0,0.0,0,,除了威龄电器与美制压缩机合并成为美帝物品事业部之外
658,除了威灵电器与美芝压缩机合并成为美的部品事业部之外,11,False,False,0.0,0.2,0.4666666666666667,0.2618699239594358,-0.2898385524749756,0.0,0.7555069327354431,0.0,0.0,0,,除了魏林电器与美制压缩机合并成为美帝步品事业部之外
658,除了威灵电器与美芝压缩机合并成为美的部品事业部之外,12,False,False,0.0,0.2,0.4666666666666667,0.1625872351337442,-0.2973155975341797,0.0,0.7555069327354431,0.0,0.0,0,,除了魏林电器与美制压缩机合并成为美帝布品事业部之外
658,除了威灵电器与美芝压缩机合并成为美的部品事业部之外,13,False,False,0.0,0.12,0.26666666666666666,0.13435343359821195,-0.2994419038295746,0.0,0.6721286177635193,0.0,0.0,0,,除了威龄电器与美制压缩机合并成为美的物品事业部之外
658,除了威灵电器与美芝压缩机合并成为美的部品事业部之外,14,False,False,0.0,0.16,0.4,0.0,-0.3095601499080658,0.0,0.7555069327354431,0.0,0.0,0,,除了魏林电器与美制压缩机合并成为美的物品事业部之外
659,美丽的丁香湖公园成为跑步爱好者的狂欢圣地,1,True,False,1.0,0.1,0.0,3.85,-0.8758978247642517,1.0,0.6919707655906677,1.0,0.35,3,丁香湖公园,美迪的丁香湖公园称为跑步爱好者的狂欢圣地
659,美丽的丁香湖公园成为跑步爱好者的狂欢圣地,2,False,False,1.0,0.15,0.0,3.5079094547647283,-0.9094755053520203,1.0,0.6919707655906677,1.0,0.35,3,丁香湖公园,美迪的丁香湖公园称为跑步爱好者的狂欢胜地
659,美丽的丁香湖公园成为跑步爱好者的狂欢圣地,3,False,True,1.0,0.05,0.0,2.85,-0.9740521907806396,1.0,0.6919707655906677,1.0,0.35,3,丁香湖公园,美迪的丁香湖公园成为跑步爱好者的狂欢圣地
660,中新网成都9月15日电付敬懿15日,1,True,True,1.0,0.23529411764705882,0.0,3.85,-0.9734439253807068,1.0,0.6837765574455261,1.0,0.35,5,钟欣,钟欣往成都9月15日殿付敬懿15日
660,中新网成都9月15日电付敬懿15日,2,False,False,0.0,0.35294117647058826,0.6666666666666666,3.7531634891133367,-1.007725715637207,1.0,0.6837765574455261,1.0,0.35,5,钟欣,钟欣往成都9月15日殿赴敬意15日
660,中新网成都9月15日电付敬懿15日,3,False,False,0.0,0.29411764705882354,0.3333333333333333,3.5339735105581807,-1.0853227376937866,1.0,0.6837765574455261,1.0,0.35,5,钟欣,钟欣往成都9月15日殿赴敬懿15日
660,中新网成都9月15日电付敬懿15日,4,False,False,0.0,0.29411764705882354,0.3333333333333333,3.2247054217219415,-1.1948089599609375,1.0,0.6837765574455261,1.0,0.35,5,钟欣,钟欣往成都9月15日店妇敬懿15日
660,中新网成都9月15日电付敬懿15日,5,False,False,0.0,0.23529411764705882,0.3333333333333333,2.85,-1.3274611234664917,1.0,0.6837765574455261,1.0,0.35,5,钟欣,钟欣往成都9月15日电赴敬懿15日
661,而排名第3位的李尚洙,1,True,True,1.0,0.3,0.6666666666666666,2.5,-2.006352186203003,1.0,0.6892222762107849,0.0,0.0,0,,排名第三的李尚洙
661,而排名第3位的李尚洙,2,False,False,0.0,0.2,0.6666666666666666,1.0,-0.2684142589569092,0.0,0.775375060737133,0.0,0.0,0,,而排名第3位的李上珠
661,而排名第3位的李尚洙,3,False,False,0.0,0.2,0.6666666666666666,0.9543743243651089,-0.3477088510990143,0.0,0.0,0.0,0.0,0,,而排名第3位的李胜珠
661,而排名第3位的李尚洙,4,False,False,0.0,0.5,1.0,0.8900422220362607,-0.4595140516757965,0.0,0.775375060737133,0.0,0.0,0,,排名第三的李上珠
661,而排名第3位的李尚洙,5,False,False,0.0,0.2,0.6666666666666666,0.8866589374492416,-0.465393990278244,0.0,0.0,0.0,0.0,0,,而排名第3位的李胜朱
661,而排名第3位的李尚洙,6,False,False,0.0,0.4,1.0,0.6769533736473584,-0.8298492431640625,0.0,0.775375060737133,0.0,0.0,0,,排名第三的李尚珠
661,而排名第3位的李尚洙,7,False,False,0.0,0.4,1.0,0.35552298942031213,-1.3884752988815308,0.0,0.775375060737133,0.0,0.0,0,,排名第三的李尚朱
662,本报讯记者李晖经过两天转场,1,True,True,1.0,0.07692307692307693,0.0,2.5,-0.6973350048065186,1.0,0.6876772046089172,0.0,0.0,0,,本报讯记者李晖经过两天专场
662,本报讯记者李晖经过两天转场,2,False,False,0.0,0.15384615384615385,0.5,1.0,-0.2115374505519867,0.0,0.8022900720437367,0.0,0.0,0,,本报讯记者李辉经过两天专场
663,与陈妍希分别看向对方,1,True,True,1.0,0.0,0.0,2.5,-1.011512279510498,1.0,0.6884864568710327,0.0,0.0,0,,与陈妍希分别看向对方
663,与陈妍希分别看向对方,2,False,False,0.0,0.2,0.6666666666666666,1.0,-0.16417482495307922,0.0,0.7745472639799118,0.0,0.0,0,,与陈彦熙分别看向对方
663,与陈妍希分别看向对方,3,False,False,0.0,0.2,0.6666666666666666,0.9651125475948218,-0.193736270070076,0.0,0.7745472639799118,0.0,0.0,0,,与陈延熙分别看向对方
663,与陈妍希分别看向对方,4,False,False,0.0,0.2,0.6666666666666666,0.8918326569985917,-0.2558290660381317,0.0,0.7745472639799118,0.0,0.0,0,,与陈彦西分别看向对方
663,与陈妍希分别看向对方,5,False,False,0.0,0.2,0.6666666666666666,0.8746658290167951,-0.27037516236305237,0.0,0.7745472639799118,0.0,0.0,0,,与陈彦夕分别看向对方
663,与陈妍希分别看向对方,6,False,False,0.0,0.2,0.6666666666666666,0.8040184894959811,-0.3302372992038727,0.0,0.7745472639799118,0.0,0.0,0,,与陈艳熙分别看向对方
663,与陈妍希分别看向对方,7,False,False,0.0,0.2,0.6666666666666666,0.7336774253816845,-0.38983991742134094,0.0,0.7745472639799118,0.0,0.0,0,,与陈燕曦分别看向对方
663,与陈妍希分别看向对方,8,False,False,0.0,0.2,0.6666666666666666,0.6955781083709169,-0.42212289571762085,0.0,0.7745472639799118,0.0,0.0,0,,与陈言曦分别看向对方
663,与陈妍希分别看向对方,9,False,False,0.0,0.2,0.6666666666666666,0.6506032109606922,-0.46023181080818176,0.0,0.7745472639799118,0.0,0.0,0,,与陈筵席分别看向对方
663,与陈妍希分别看向对方,10,False,False,0.0,0.2,0.6666666666666666,0.6419780481287815,-0.4675402343273163,0.0,0.7745472639799118,0.0,0.0,0,,与陈燕西分别看向对方
663,与陈妍希分别看向对方,11,False,False,0.0,0.1,0.3333333333333333,0.51255196315044,-0.5772078037261963,0.0,0.7745472639799118,0.0,0.0,0,,与陈燕希分别看向对方
663,与陈妍希分别看向对方,12,False,False,0.0,0.1,0.3333333333333333,0.36845219812220253,-0.6993089318275452,0.0,0.7745472639799118,0.0,0.0,0,,与陈衍希分别看向对方
664,陈妍希今天5月2日下午出席公益活动,1,True,True,1.0,0.0,0.0,2.5,-0.7028248906135559,1.0,0.6882676482200623,0.0,0.0,0,,陈妍希今天5月2日下午出席公益活动
664,陈妍希今天5月2日下午出席公益活动,2,False,False,0.0,0.058823529411764705,0.3333333333333333,1.0,-0.3071069121360779,0.0,0.77430110424757,0.0,0.0,0,,陈言希今天5月2日下午出席公益活动
664,陈妍希今天5月2日下午出席公益活动,3,False,False,0.0,0.17647058823529413,1.0,0.5851445373326228,-0.47127267718315125,0.0,0.0,0.0,0.0,0,,今天5月2日下午出席公益活动
665,陈妍希一直努力让自己的脸圆圆脸变瘦,1,True,True,1.0,0.0,0.0,2.634515495004993,-0.6249439716339111,1.0,0.687576949596405,0.1111111111111111,0.03888888888888888,2,陈妍希,陈妍希一直努力让自己的脸圆圆脸变瘦
665,陈妍希一直努力让自己的脸圆圆脸变瘦,2,False,False,1.0,0.058823529411764705,0.0,2.5388888888888888,-0.6755560040473938,1.0,0.687576949596405,0.1111111111111111,0.03888888888888888,2,陈妍希,陈妍希一直努力让自己的脸圆圆脸变瘦了
665,陈妍希一直努力让自己的脸圆圆脸变瘦,3,False,False,0.0,0.11764705882352941,0.6666666666666666,1.0,-0.14628873765468597,0.0,0.7735240682959557,0.0,0.0,0,,陈延熙一直努力让自己的脸圆圆脸变瘦
665,陈妍希一直努力让自己的脸圆圆脸变瘦,4,False,False,0.0,0.11764705882352941,0.6666666666666666,0.8725220430747054,-0.213758647441864,0.0,0.7735240682959557,0.0,0.0,0,,陈彦西一直努力让自己的脸圆圆脸变瘦
665,陈妍希一直努力让自己的脸圆圆脸变瘦,5,False,False,0.0,0.058823529411764705,0.3333333333333333,0.8156923183043214,-0.24383676052093506,0.0,0.7735240682959557,0.0,0.0,0,,陈言希一直努力让自己的脸圆圆脸变瘦
665,陈妍希一直努力让自己的脸圆圆脸变瘦,6,False,False,0.0,0.11764705882352941,0.6666666666666666,0.7928455925464247,-0.25592878460884094,0.0,0.7735240682959557,0.0,0.0,0,,陈艳熙一直努力让自己的脸圆圆脸变瘦
665,陈妍希一直努力让自己的脸圆圆脸变瘦,7,False,False,0.0,0.058823529411764705,0.3333333333333333,0.6554443913422644,-0.32865074276924133,0.0,0.7735240682959557,0.0,0.0,0,,陈严希一直努力让自己的脸圆圆脸变瘦
665,陈妍希一直努力让自己的脸圆圆脸变瘦,8,False,False,0.0,0.11764705882352941,0.6666666666666666,0.6214033944258665,-0.3466675281524658,0.0,0.7735240682959557,0.0,0.0,0,,陈燕西一直努力让自己的脸圆圆脸变瘦
665,陈妍希一直努力让自己的脸圆圆脸变瘦,9,False,False,0.0,0.058823529411764705,0.3333333333333333,0.503957019611597,-0.4088280498981476,0.0,0.7735240682959557,0.0,0.0,0,,陈燕希一直努力让自己的脸圆圆脸变瘦
665,陈妍希一直努力让自己的脸圆圆脸变瘦,10,False,False,0.0,0.058823529411764705,0.3333333333333333,0.45647520554414917,-0.43395861983299255,0.0,0.7735240682959557,0.0,0.0,0,,陈衍希一直努力让自己的脸圆圆脸变瘦
666,曝出陈妍希拍戏时突然干呕,1,True,True,1.0,0.08333333333333333,0.0,1.0,-0.20716163516044617,0.0,0.7722862958908081,0.0,0.0,0,,爆出陈妍希拍戏时突然干呕
666,曝出陈妍希拍戏时突然干呕,2,False,False,0.0,0.25,0.6666666666666666,0.8794261845990969,-0.24785754084587097,0.0,0.7722862958908081,0.0,0.0,0,,爆出陈彦熙拍戏时突然干呕
666,曝出陈妍希拍戏时突然干呕,3,False,False,0.0,0.3333333333333333,0.6666666666666666,0.6677606533015401,-0.3192985951900482,0.0,0.7722862958908081,0.0,0.0,0,,爆竹陈延熙拍戏时突然干呕
666,曝出陈妍希拍戏时突然干呕,4,False,False,0.0,0.25,0.6666666666666666,0.4629240250431668,-0.3884347677230835,0.0,0.7722862958908081,0.0,0.0,0,,爆出陈彦西拍戏时突然干呕
666,曝出陈妍希拍戏时突然干呕,5,False,False,0.0,0.16666666666666666,0.3333333333333333,0.4116814249934549,-0.40573009848594666,0.0,0.7722862958908081,0.0,0.0,0,,爆出陈言希拍戏时突然干呕
666,曝出陈妍希拍戏时突然干呕,6,False,False,0.0,0.25,0.6666666666666666,0.26248686010766215,-0.45608603954315186,0.0,0.7722862958908081,0.0,0.0,0,,爆出陈严熙拍戏时突然干呕
666,曝出陈妍希拍戏时突然干呕,7,False,False,0.0,0.16666666666666666,0.3333333333333333,0.12991736602607715,-0.5008307099342346,0.0,0.7722862958908081,0.0,0.0,0,,爆出陈彦希拍戏时突然干呕
666,曝出陈妍希拍戏时突然干呕,8,False,False,0.0,0.16666666666666666,0.3333333333333333,0.0,-0.5446802377700806,0.0,0.7722862958908081,0.0,0.0,0,,爆出陈严希拍戏时突然干呕
667,陈妍希公司官方账号发表微博辟谣,1,True,True,1.0,0.0,0.0,3.85,-0.5713701844215393,1.0,0.6789298057556152,1.0,0.35,11,陈妍希,陈妍希公司官方账号发表微博辟谣
667,陈妍希公司官方账号发表微博辟谣,2,False,False,1.0,0.06666666666666667,0.0,3.6748313650142452,-0.588085412979126,1.0,0.6789298057556152,1.0,0.35,11,陈妍希,陈妍希公司官方账号发表微博批谣
667,陈妍希公司官方账号发表微博辟谣,3,False,False,1.0,0.13333333333333333,0.0,3.5607892036131203,-0.5989677309989929,1.0,0.6789298057556152,1.0,0.35,11,陈妍希,陈妍希公司官方账号发表微博批邀
667,陈妍希公司官方账号发表微博辟谣,4,False,False,1.0,0.13333333333333333,0.0,3.330308793005123,-0.6209610104560852,1.0,0.6789298057556152,1.0,0.35,11,陈妍希,陈妍希公司官方账号发表微博批邮
667,陈妍希公司官方账号发表微博辟谣,5,False,False,1.0,0.13333333333333333,0.0,3.3302207199132012,-0.6209694147109985,1.0,0.6789298057556152,1.0,0.35,11,陈妍希,陈妍希公司官方账号发表微博批摇
667,陈妍希公司官方账号发表微博辟谣,6,False,False,1.0,0.13333333333333333,0.0,3.190050207908714,-0.6343449950218201,1.0,0.6789298057556152,1.0,0.35,11,陈妍希,陈妍希公司官方账号发表微博批要
667,陈妍希公司官方账号发表微博辟谣,7,False,False,1.0,0.13333333333333333,0.0,3.0928955934096343,-0.6436158418655396,1.0,0.6789298057556152,1.0,0.35,11,陈妍希,陈妍希公司官方账号发表微博P额
667,陈妍希公司官方账号发表微博辟谣,8,False,False,1.0,0.13333333333333333,0.0,3.0837010124657778,-0.6444932222366333,1.0,0.6789298057556152,1.0,0.35,11,陈妍希,陈妍希公司官方账号发表微博p摇
667,陈妍希公司官方账号发表微博辟谣,9,False,False,1.0,0.13333333333333333,0.0,3.080036297357245,-0.6448429226875305,1.0,0.6789298057556152,1.0,0.35,11,陈妍希,陈妍希公司官方账号发表微博批扰
667,陈妍希公司官方账号发表微博辟谣,10,False,False,1.0,0.13333333333333333,0.0,2.9941394228276708,-0.6530395150184631,1.0,0.6789298057556152,1.0,0.35,11,陈妍希,陈妍希公司官方账号发表微博po
667,陈妍希公司官方账号发表微博辟谣,11,False,False,1.0,0.13333333333333333,0.0,2.85,-0.6667938232421875,1.0,0.6789298057556152,1.0,0.35,11,陈妍希,陈妍希公司官方账号发表微博PO
668,否认了陈妍希疑似怀孕的传闻,1,True,True,1.0,0.23076923076923078,0.0,2.5,-0.7776667475700378,1.0,0.6878826022148132,0.0,0.0,0,,否认了陈妍希疑似怀孕的陈文文
668,否认了陈妍希疑似怀孕的传闻,2,False,False,0.0,0.38461538461538464,0.6666666666666666,1.0,-0.19829817116260529,0.0,0.7738679274916649,0.0,0.0,0,,否认了陈延熙疑似怀孕的陈文文
668,否认了陈妍希疑似怀孕的传闻,3,False,False,0.0,0.38461538461538464,0.6666666666666666,0.9392133390784189,-0.23351605236530304,0.0,0.7738679274916649,0.0,0.0,0,,否认了陈彦熙疑似怀孕的陈文文
668,否认了陈妍希疑似怀孕的传闻,4,False,False,0.0,0.38461538461538464,0.6666666666666666,0.8012199965088137,-0.31346505880355835,0.0,0.7738679274916649,0.0,0.0,0,,否认了陈彦西疑似怀孕的陈文文
668,否认了陈妍希疑似怀孕的传闻,5,False,False,0.0,0.07692307692307693,0.3333333333333333,0.7903280817479758,-0.3197754919528961,0.0,0.7738679274916649,0.0,0.0,0,,否认了陈言希疑似怀孕的传闻
668,否认了陈妍希疑似怀孕的传闻,6,False,False,0.0,0.3076923076923077,0.3333333333333333,0.6831285504218577,-0.38188353180885315,0.0,0.7738679274916649,0.0,0.0,0,,否认了陈言希疑似怀孕的陈文文
668,否认了陈妍希疑似怀孕的传闻,7,False,False,0.0,0.15384615384615385,0.6666666666666666,0.5552289130510208,-0.45598456263542175,0.0,0.7738679274916649,0.0,0.0,0,,否认了陈燕西疑似怀孕的传闻
668,否认了陈妍希疑似怀孕的传闻,8,False,False,0.0,0.07692307692307693,0.3333333333333333,0.4523229698632231,-0.5156050324440002,0.0,0.7738679274916649,0.0,0.0,0,,否认了陈燕希疑似怀孕的传闻
668,否认了陈妍希疑似怀孕的传闻,9,False,False,0.0,0.38461538461538464,0.6666666666666666,0.4449715716770711,-0.5198642015457153,0.0,0.7738679274916649,0.0,0.0,0,,否认了陈燕西疑似怀孕的陈文文
668,否认了陈妍希疑似怀孕的传闻,10,False,False,0.0,0.3076923076923077,0.3333333333333333,0.33597938024216445,-0.5830108523368835,0.0,0.7738679274916649,0.0,0.0,0,,否认了陈燕希疑似怀孕的陈文文
669,称陈妍希目前还在剧组拍戏,1,True,True,1.0,0.0,0.0,2.5,-1.0164800882339478,1.0,0.6908560395240784,0.0,0.0,0,,称陈妍希目前还在剧组拍戏
669,称陈妍希目前还在剧组拍戏,2,False,False,0.0,0.16666666666666666,1.0,1.0,-0.4100797176361084,0.0,0.7772130444645882,0.0,0.0,0,,陈言希目前还在剧组拍戏
669,称陈妍希目前还在剧组拍戏,3,False,False,0.0,0.25,1.0,0.9171967256782433,-0.46029165387153625,0.0,0.7772130444645882,0.0,0.0,0,,陈言曦目前还在剧组拍戏
669,称陈妍希目前还在剧组拍戏,4,False,False,0.0,0.25,1.0,0.8666160623803902,-0.49096378684043884,0.0,0.0,0.0,0.0,0,,程严希目前还在剧组拍戏
669,称陈妍希目前还在剧组拍戏,5,False,False,0.0,0.3333333333333333,1.0,0.8066410385198713,-0.5273326635360718,0.0,0.0,0.0,0.0,0,,程严曦目前还在剧组拍戏
669,称陈妍希目前还在剧组拍戏,6,False,False,0.0,0.25,1.0,0.7537687824795478,-0.5593944191932678,0.0,0.7772130444645882,0.0,0.0,0,,陈言习目前还在剧组拍戏
669,称陈妍希目前还在剧组拍戏,7,False,False,0.0,0.25,1.0,0.7205554315977161,-0.5795350074768066,0.0,0.7772130444645882,0.0,0.0,0,,陈严曦目前还在剧组拍戏
669,称陈妍希目前还在剧组拍戏,8,False,False,0.0,0.25,1.0,0.6866170747937577,-0.6001152396202087,0.0,0.7772130444645882,0.0,0.0,0,,陈言晞目前还在剧组拍戏
669,称陈妍希目前还在剧组拍戏,9,False,False,0.0,0.16666666666666666,1.0,0.6429800928078351,-0.6265767216682434,0.0,0.7772130444645882,0.0,0.0,0,,陈严希目前还在剧组拍戏
669,称陈妍希目前还在剧组拍戏,10,False,False,0.0,0.25,1.0,0.6119279987339918,-0.6454067230224609,0.0,0.7772130444645882,0.0,0.0,0,,陈晏曦目前还在剧组拍戏
669,称陈妍希目前还在剧组拍戏,11,False,False,0.0,0.16666666666666666,1.0,0.44183793326131765,-0.7485494017601013,0.0,0.7772130444645882,0.0,0.0,0,,陈晏希目前还在剧组拍戏
670,并感谢了各界对于陈妍希公开与陈晓恋情的祝福,1,True,True,1.0,0.047619047619047616,0.0,2.5,-0.565365195274353,1.0,0.6840525269508362,0.0,0.0,0,,并感谢了各界对于陈妍希公开与陈晓练情的祝福
670,并感谢了各界对于陈妍希公开与陈晓恋情的祝福,2,False,False,0.0,0.09523809523809523,0.6666666666666666,1.0,-0.1263696849346161,0.0,0.7695590928196907,0.0,0.0,0,,并感谢了各界对于陈延熙公开与陈晓恋情的祝福
670,并感谢了各界对于陈妍希公开与陈晓恋情的祝福,3,False,False,0.0,0.09523809523809523,0.6666666666666666,0.9840008092193986,-0.13339325785636902,0.0,0.7695590928196907,0.0,0.0,0,,并感谢了各界对于陈彦熙公开与陈晓恋情的祝福
670,并感谢了各界对于陈妍希公开与陈晓恋情的祝福,4,False,False,0.0,0.14285714285714285,0.6666666666666666,0.980463427458267,-0.13494615256786346,0.0,0.7695590928196907,0.0,0.0,0,,并感谢了各界对于陈延熙公开与陈晓练情的祝福
670,并感谢了各界对于陈妍希公开与陈晓恋情的祝福,5,False,False,0.0,0.19047619047619047,0.6666666666666666,0.952127612269857,-0.14738544821739197,0.0,0.7695590928196907,0.0,0.0,0,,并感谢了各界对于陈彦熙公开与陈晓练琴的祝福
670,并感谢了各界对于陈妍希公开与陈晓恋情的祝福,6,False,False,0.0,0.19047619047619047,0.6666666666666666,0.9478418383400955,-0.14926688373088837,0.0,0.7695590928196907,0.0,0.0,0,,并感谢了各界对于陈延熙公开与陈晓练琴的祝福
670,并感谢了各界对于陈妍希公开与陈晓恋情的祝福,7,False,False,0.0,0.14285714285714285,0.6666666666666666,0.9374734771892796,-0.1538185477256775,0.0,0.7695590928196907,0.0,0.0,0,,并感谢了各界对于陈彦熙公开与陈晓练情的祝福
671,陈妍希在微博发布跳绳视频,1,True,True,1.0,0.0,0.0,2.832465004945442,-0.5998536348342896,1.0,0.6860055327415466,0.2857142857142857,0.09999999999999999,3,陈妍希,陈妍希在微博发布跳绳视频
671,陈妍希在微博发布跳绳视频,2,False,False,1.0,0.08333333333333333,0.0,2.7533850510480673,-0.6462746858596802,1.0,0.6860055327415466,0.2857142857142857,0.09999999999999999,3,陈妍希,陈妍希在微博发不跳绳视频
671,陈妍希在微博发布跳绳视频,3,False,False,1.0,0.08333333333333333,0.0,2.6,-0.7363138794898987,1.0,0.6860055327415466,0.2857142857142857,0.09999999999999999,3,陈妍希,陈妍希在微博发布跳绳视片
671,陈妍希在微博发布跳绳视频,4,False,False,0.0,0.16666666666666666,0.6666666666666666,1.0,-0.1492997407913208,0.0,0.77175622433424,0.0,0.0,0,,陈延熙在微博发布跳绳视频
671,陈妍希在微博发布跳绳视频,5,False,False,0.0,0.16666666666666666,0.6666666666666666,0.9341558423888072,-0.1879511922597885,0.0,0.77175622433424,0.0,0.0,0,,陈彦熙在微博发布跳绳视频
671,陈妍希在微博发布跳绳视频,6,False,False,0.0,0.16666666666666666,0.6666666666666666,0.8794513417982075,-0.22006350755691528,0.0,0.77175622433424,0.0,0.0,0,,陈彦西在微博发布跳绳视频
671,陈妍希在微博发布跳绳视频,7,False,False,0.0,0.08333333333333333,0.3333333333333333,0.8093067923390685,-0.26123934984207153,0.0,0.77175622433424,0.0,0.0,0,,陈言希在微博发布跳绳视频
671,陈妍希在微博发布跳绳视频,8,False,False,0.0,0.16666666666666666,0.6666666666666666,0.6332698818079532,-0.36457550525665283,0.0,0.77175622433424,0.0,0.0,0,,陈艳熙在微博发布跳绳视频
672,京汇佳律师事务所律师邱宝昌表示,1,True,True,1.0,0.0,0.0,3.675,-1.3372529745101929,2.0,0.6924196481704712,0.5,0.175,3,京汇佳律师事务所;邱宝昌,京汇佳律师事务所律师邱宝昌表示
672,京汇佳律师事务所律师邱宝昌表示,2,False,False,0.5,0.06666666666666667,0.09090909090909091,2.3157310501722135,-1.4087705612182617,1.0,0.6853777766227722,0.25,0.0875,2,邱宝昌,京汇佳律师事务剀律师邱宝昌表示
672,京汇佳律师事务所律师邱宝昌表示,3,False,False,0.5,0.06666666666666667,0.09090909090909091,2.310471435375628,-1.4312483072280884,1.0,0.6924196481704712,0.5,0.175,3,京汇佳律师事务所,京汇佳律师事务所律师邱保昌表示
672,京汇佳律师事务所律师邱宝昌表示,4,False,False,0.5,0.4666666666666667,0.2727272727272727,1.7813646687600828,-1.5368636846542358,1.0,0.6924196481704712,0.5,0.175,3,京汇佳律师事务所,京汇佳律师事务所
672,京汇佳律师事务所律师邱宝昌表示,5,False,False,0.0,0.13333333333333333,0.18181818181818182,0.06184814650250589,-1.5245181322097778,0.0,0.7317120432853699,0.0,0.0,0,,京汇佳律师事务剀律师邱保昌表示
673,园中园收费超景区大门票,1,True,True,1.0,0.09090909090909091,0.0,1.0,-1.0393507480621338,0.0,0.7766746580600739,0.0,0.0,0,,园中园收费抄景区大门票
673,园中园收费超景区大门票,2,False,False,0.0,0.2727272727272727,0.3333333333333333,0.8890669216293574,-1.0785210132598877,0.0,0.7766746580600739,0.0,0.0,0,,袁中园收费抄景区大轮票
673,园中园收费超景区大门票,3,False,False,0.0,0.18181818181818182,0.3333333333333333,0.29274760786792176,-1.289080262184143,0.0,0.7766746580600739,0.0,0.0,0,,袁中园收费超景区大轮票
673,园中园收费超景区大门票,4,False,False,0.0,0.09090909090909091,0.3333333333333333,0.0,-1.392448902130127,0.0,0.7766746580600739,0.0,0.0,0,,袁中园收费超景区大门票
674,信息时报讯记者周伟龙8月10日下午,1,True,False,1.0,0.058823529411764705,0.0,3.314146219203948,-0.4731677770614624,1.0,0.6623581051826477,0.4,0.13999999999999999,3,信息时报讯,信息时报讯记者周伟龙8月1凌日下午
674,信息时报讯记者周伟龙8月10日下午,2,False,True,1.0,0.0,0.0,3.244877425190156,-0.4821786880493164,1.0,0.6623581051826477,0.4,0.13999999999999999,3,信息时报讯,信息时报讯记者周伟龙8月10日下午
674,信息时报讯记者周伟龙8月10日下午,3,False,False,1.0,0.058823529411764705,0.0,2.64,-0.5608648657798767,1.0,0.6623581051826477,0.4,0.13999999999999999,3,信息时报讯,信息时报讯记者周伟龙8月1日下午
674,信息时报讯记者周伟龙8月10日下午,4,False,False,0.0,0.11764705882352941,0.4,1.0,-0.43077871203422546,0.0,0.7065153121948242,0.0,0.0,0,,新闻时报讯记者周伟龙8月10日下午
674,信息时报讯记者周伟龙8月10日下午,5,False,False,0.0,0.17647058823529413,0.4,0.9677683702992486,-0.4349716007709503,0.0,0.7065153121948242,0.0,0.0,0,,新闻时报讯记者周伟龙8月1凌日下午
674,信息时报讯记者周伟龙8月10日下午,6,False,False,0.0,0.17647058823529413,0.4,0.8529993468450048,-0.4499014616012573,0.0,0.7065153121948242,0.0,0.0,0,,新闻时报讯记者周伟龙8月1日下午
675,6名游客在海珠湖公园凉亭内躲雨,1,True,True,1.0,0.0,0.0,3.7333333333333334,-0.5239821076393127,1.0,0.6908684968948364,0.6666666666666666,0.2333333333333333,3,海珠湖公园,6名游客在海珠湖公园凉亭内躲雨
675,6名游客在海珠湖公园凉亭内躲雨,2,False,False,1.0,0.13333333333333333,0.0,3.046498121231088,-0.6776931285858154,1.0,0.6908684968948364,0.6666666666666666,0.2333333333333333,3,海珠湖公园,6名游客在海珠湖公园的凉亭内躲鱼
675,6名游客在海珠湖公园凉亭内躲雨,3,False,False,1.0,0.06666666666666667,0.0,2.7333333333333334,-0.7477781772613525,1.0,0.6908684968948364,0.6666666666666666,0.2333333333333333,3,海珠湖公园,6名游客在海珠湖公园的凉亭内躲雨
675,6名游客在海珠湖公园凉亭内躲雨,4,False,False,0.0,0.06666666666666667,0.2,0.6996227369878885,-0.591205358505249,0.0,0.7484408716360728,0.0,0.0,0,,6名游客在海珠湖宫园凉亭内躲雨
676,记者回访海珠湖公园发现,1,True,False,0.0,0.18181818181818182,0.6,1.0,-0.771209180355072,0.0,0.0,0.0,0.0,0,,记者回访珠海公园发现
676,记者回访海珠湖公园发现,2,False,False,0.0,0.45454545454545453,0.4,0.5620317535285553,-0.8746784925460815,0.0,0.7311941782633463,0.0,0.0,0,,期者回访珠海湖公园
676,记者回访海珠湖公园发现,3,False,True,0.0,0.2727272727272727,0.4,0.4563457733151579,-0.8996466398239136,0.0,0.7311941782633463,0.0,0.0,0,,期者回访珠海湖公园发现
676,记者回访海珠湖公园发现,4,False,False,0.0,0.36363636363636365,0.4,0.25058614776348015,-0.9482570290565491,0.0,0.7311941782633463,0.0,0.0,0,,期者回访珠海湖公园发谁
676,记者回访海珠湖公园发现,5,False,False,0.0,0.36363636363636365,0.4,0.2410430339558244,-0.9505115747451782,0.0,0.7311941782633463,0.0,0.0,0,,期者回访珠海湖公园发见
676,记者回访海珠湖公园发现,6,False,False,0.0,0.36363636363636365,0.4,0.10837823579678126,-0.9818534255027771,0.0,0.7311941782633463,0.0,0.0,0,,期者回访珠海湖公园发谢
676,记者回访海珠湖公园发现,7,False,False,0.0,0.36363636363636365,0.4,0.10816126083644856,-0.9819046854972839,0.0,0.7311941782633463,0.0,0.0,0,,期者回访珠海湖公园发享
676,记者回访海珠湖公园发现,8,False,False,0.0,0.36363636363636365,0.4,0.08376772477281334,-0.9876676201820374,0.0,0.7311941782633463,0.0,0.0,0,,期者回访珠海湖公园发写
676,记者回访海珠湖公园发现,9,False,False,0.0,0.36363636363636365,0.4,0.05597197087186846,-0.9942343235015869,0.0,0.7311941782633463,0.0,0.0,0,,期者回访珠海湖公园发线
676,记者回访海珠湖公园发现,10,False,False,0.0,0.36363636363636365,0.4,0.0,-1.0074576139450073,0.0,0.7311941782633463,0.0,0.0,0,,期者回访珠海湖公园的发现
677,夏先生带太太跟团去新马泰旅游,1,True,False,1.0,0.21428571428571427,1.0,3.85,-0.5654867887496948,1.0,0.6897642612457275,1.0,0.35,6,新马泰,夏先生带着太太和团队去新马泰旅游
677,夏先生带太太跟团去新马泰旅游,2,False,False,1.0,0.5,1.0,3.3995601061766263,-0.609363853931427,1.0,0.6897642612457275,1.0,0.35,6,新马泰,下节时我带着太太和团队去新马泰旅游
677,夏先生带太太跟团去新马泰旅游,3,False,False,1.0,0.35714285714285715,1.0,3.196177898471355,-0.6291751861572266,1.0,0.6897642612457275,1.0,0.35,6,新马泰,下节时我带着太太跟团去新马泰旅游
677,夏先生带太太跟团去新马泰旅游,4,False,False,1.0,0.5,1.0,3.134127720347705,-0.6352194547653198,1.0,0.6897642612457275,1.0,0.35,6,新马泰,下节时我带着太太和团团去新马泰旅游
677,夏先生带太太跟团去新马泰旅游,5,False,False,1.0,0.35714285714285715,1.0,3.047105964908846,-0.6436961889266968,1.0,0.6897642612457275,1.0,0.35,6,新马泰,下节是我带着太太跟团去新马泰旅游
677,夏先生带太太跟团去新马泰旅游,6,False,True,1.0,0.07142857142857142,0.6666666666666666,2.85,-0.6628961563110352,1.0,0.6897642612457275,1.0,0.35,6,新马泰,夏先生带着太太跟团去新马泰旅游
678,河南籍游客张某某手部受伤及表皮损伤,1,True,True,0.0,0.11764705882352941,0.6666666666666666,2.5,-0.49430274963378906,1.0,0.6550900936126709,0.0,0.0,0,,河南籍游客张萌萌手部受伤及表皮损伤
678,河南籍游客张某某手部受伤及表皮损伤,2,False,False,0.0,0.11764705882352941,0.6666666666666666,1.0,-0.300019234418869,0.0,0.0,0.0,0.0,0,,河南籍游客张XX手部受伤及表皮损伤
678,河南籍游客张某某手部受伤及表皮损伤,3,False,False,0.0,0.17647058823529413,0.6666666666666666,0.16354135012754115,-0.46252936124801636,0.0,0.0,0.0,0.0,0,,河南籍游客张XX首部受伤及表皮损伤
679,游客在济南景区水池许愿观赏莲被砸成马蜂窝,1,True,False,1.0,0.05,0.0,3.85,-0.16811300814151764,1.0,0.6784045100212097,1.0,0.35,7,济南,游客在济南景区水池许愿观赏连被砸成马蜂窝
679,游客在济南景区水池许愿观赏莲被砸成马蜂窝,2,False,False,1.0,0.05,0.0,3.759816101597661,-0.17922580242156982,1.0,0.6784045100212097,1.0,0.35,7,济南,游客在济南景区水池许愿观赏帘被砸成马蜂窝
679,游客在济南景区水池许愿观赏莲被砸成马蜂窝,3,False,False,1.0,0.05,0.0,3.7396677305483847,-0.18170855939388275,1.0,0.6784045100212097,1.0,0.35,7,济南,游客在济南景区水池许愿观赏脸被砸成马蜂窝
679,游客在济南景区水池许愿观赏莲被砸成马蜂窝,4,False,False,1.0,0.05,0.0,3.4190909005160353,-0.22121122479438782,1.0,0.6784045100212097,1.0,0.35,7,济南,游客在济南景区水池许愿观赏链被砸成马蜂窝
679,游客在济南景区水池许愿观赏莲被砸成马蜂窝,5,False,True,1.0,0.0,0.0,3.2853134077514423,-0.23769578337669373,1.0,0.6784045100212097,1.0,0.35,7,济南,游客在济南景区水池许愿观赏莲被砸成马蜂窝
679,游客在济南景区水池许愿观赏莲被砸成马蜂窝,6,False,False,1.0,0.05,0.0,3.0467764783020006,-0.26708918809890747,1.0,0.6784045100212097,1.0,0.35,7,济南,游客在济南景区水池许愿观赏廉被砸成马蜂窝
679,游客在济南景区水池许愿观赏莲被砸成马蜂窝,7,False,False,1.0,0.05,0.0,2.85,-0.29133671522140503,1.0,0.6784045100212097,1.0,0.35,7,济南,游客在济南景区水池许愿观赏殓被砸成马蜂窝
680,华商报讯记者杨德合买了2个肉夹馍,1,True,True,1.0,0.0,0.0,2.85,-0.6249046921730042,2.0,0.6868095397949219,1.0,0.35,2,华商报讯,华商报讯记者杨德合买了2个肉夹馍
680,华商报讯记者杨德合买了2个肉夹馍,2,False,False,0.5,0.0625,0.14285714285714285,2.05,-0.48420631885528564,1.0,0.6868095397949219,1.0,0.35,2,华商报讯,华商报讯记者杨德和买了2个肉夹馍
681,但这也让首次来到陕西游玩的孙女士感到憋屈,1,True,True,1.0,0.0,0.0,3.7333333333333334,-0.29315319657325745,1.0,0.6794243454933167,0.6666666666666666,0.2333333333333333,3,陕西,但这也让首次来到陕西游玩的孙女士感到憋屈
681,但这也让首次来到陕西游玩的孙女士感到憋屈,2,False,False,1.0,0.05,0.0,3.1808208352123932,-0.41024845838546753,1.0,0.6794243454933167,0.6666666666666666,0.2333333333333333,3,陕西,但这也让首次来到陕西游览的孙女士感到憋屈
681,但这也让首次来到陕西游玩的孙女士感到憋屈,3,False,False,1.0,0.05,1.0,2.7333333333333334,-0.5050855278968811,1.0,0.6794243454933167,0.6666666666666666,0.2333333333333333,3,陕西,但这也让首次来陕西游玩的孙女士感到憋屈
681,但这也让首次来到陕西游玩的孙女士感到憋屈,4,False,False,0.0,0.05,0.5,0.6645597290722655,-0.36424383521080017,0.0,0.7926617364088693,0.0,0.0,0,,但这也让首次来到陕夕游玩的孙女士感到憋屈
682,游客大铜缸刻字警察喊话故宫刻字者请自首,1,True,False,1.0,0.21052631578947367,0.0,3.85,-0.24821962416172028,1.0,0.6683651804924011,1.0,0.35,4,故宫,游客大同刚客字警察喊话故宫客字者请自首
682,游客大铜缸刻字警察喊话故宫刻字者请自首,2,False,False,1.0,0.21052631578947367,0.0,3.6509968952166774,-0.2989153563976288,1.0,0.6683651804924011,1.0,0.35,4,故宫,游客大同岗客字警察喊话故宫客字者请自首
682,游客大铜缸刻字警察喊话故宫刻字者请自首,3,False,False,1.0,0.21052631578947367,0.0,3.614907613115418,-0.3081090450286865,1.0,0.6683651804924011,1.0,0.35,4,故宫,游客大同冈客字警察喊话故宫客字者请自首
682,游客大铜缸刻字警察喊话故宫刻字者请自首,4,False,True,1.0,0.10526315789473684,0.0,2.85,-0.5029680728912354,1.0,0.6683651804924011,1.0,0.35,4,故宫,游客大同纲刻字警察喊话故宫刻字者请自首
683,图片由胡先生提供本报讯记者喻莉出门旅游,1,True,True,1.0,0.0,0.0,2.5,-0.68157559633255,1.0,0.6734331250190735,0.0,0.0,0,,图片由胡先生提供本报讯记者喻莉出门旅游
683,图片由胡先生提供本报讯记者喻莉出门旅游,2,False,False,0.0,0.10526315789473684,1.0,1.0,-0.4152510464191437,0.0,0.785671979188919,0.0,0.0,0,,图片由胡先生提供本报讯记者御力出门旅游
683,图片由胡先生提供本报讯记者喻莉出门旅游,3,False,False,0.0,0.05263157894736842,0.5,0.890049638729108,-0.4445335268974304,0.0,0.785671979188919,0.0,0.0,0,,图片由胡先生提供本报讯记者玉莉出门旅游
684,武汉网友胡琦的一条短信微博引起众人关注,1,True,True,1.0,0.0,0.0,3.85,-0.45540285110473633,1.0,0.6711618900299072,1.0,0.35,3,胡琦,武汉网友胡琦的一条短信微博引起众人关注
684,武汉网友胡琦的一条短信微博引起众人关注,2,False,False,1.0,0.10526315789473684,0.0,3.2973870879865133,-0.49905166029930115,1.0,0.6711618900299072,1.0,0.35,3,胡琦,武汉网友胡琦的一条短信引起众人关注
684,武汉网友胡琦的一条短信微博引起众人关注,3,False,False,1.0,0.15789473684210525,0.0,2.85,-0.534389078617096,1.0,0.6711618900299072,1.0,0.35,3,胡琦,武汉网友胡琦的一条短信引起了众人关注
685,中国房地产学会副会长陈国强也认为,1,True,True,1.0,0.0,0.0,3.85,-0.3168853223323822,1.0,0.6909450888633728,1.0,0.35,2,陈国强,中国房地产学会副会长陈国强也认为
685,中国房地产学会副会长陈国强也认为,2,False,False,1.0,0.0625,0.0,2.85,-0.3243265450000763,1.0,0.6909450888633728,1.0,0.35,2,陈国强,中国房地产协会副会长陈国强也认为
688,苹果靠什么颠复移动支付,1,True,True,1.0,0.09090909090909091,0.0,3.85,-0.40861597657203674,1.0,0.6843478083610535,1.0,0.35,2,苹果,苹果靠什么颠覆移动支付
688,苹果靠什么颠复移动支付,2,False,False,1.0,0.2727272727272727,0.0,2.85,-0.5881149768829346,1.0,0.6843478083610535,1.0,0.35,2,苹果,苹果靠什么颠覆移动致富
690,这种状态是苹果颠复现有市场格局的根基,1,True,True,1.0,0.05555555555555555,0.0,3.85,-0.1622314453125,1.0,0.6675753593444824,1.0,0.35,2,苹果,这种状态是苹果颠覆现有市场格局的根基
690,这种状态是苹果颠复现有市场格局的根基,2,False,False,1.0,0.1111111111111111,0.0,2.85,-0.39060303568840027,1.0,0.6675753593444824,1.0,0.35,2,苹果,这种状态是苹果颠覆现有的市场格局的根基
691,苹果积累了海量的绑定信息卡用户,1,True,True,1.0,0.0,0.0,3.85,-0.352652370929718,1.0,0.6761756539344788,1.0,0.35,2,苹果,苹果积累了海量的绑定信息卡用户
691,苹果积累了海量的绑定信息卡用户,2,False,False,1.0,0.06666666666666667,0.0,2.85,-0.43642160296440125,1.0,0.6761756539344788,1.0,0.35,2,苹果,苹果积累了很量的绑定信息卡用户
692,而且苹果最早一批的用户积累,1,True,True,1.0,0.0,0.0,3.85,-0.39741945266723633,1.0,0.6846678853034973,1.0,0.35,2,苹果,而且苹果最早一批的用户积累
692,而且苹果最早一批的用户积累,2,False,False,1.0,0.07692307692307693,0.0,2.85,-0.4786109924316406,1.0,0.6846678853034973,1.0,0.35,2,苹果,而且苹果最少一批的用户积累
693,柯振东入狱期间的囚服都能在淘宝上热卖,1,True,True,0.0,0.05555555555555555,0.3333333333333333,2.8682885750553324,-0.4576394259929657,1.0,0.6877899765968323,0.3333333333333333,0.11666666666666665,3,柯震东,柯震东入狱期间的囚服都能在淘宝上热卖
693,柯振东入狱期间的囚服都能在淘宝上热卖,2,False,False,0.0,0.1111111111111111,0.3333333333333333,2.7499706185126356,-0.47727349400520325,1.0,0.6877899765968323,0.3333333333333333,0.11666666666666665,3,柯震东,柯震东入狱期间的球服都能在淘宝上热卖
693,柯振东入狱期间的囚服都能在淘宝上热卖,3,False,False,0.0,0.1111111111111111,0.3333333333333333,2.6166666666666667,-0.49939438700675964,1.0,0.6877899765968323,0.3333333333333333,0.11666666666666665,3,柯震东,柯震东入狱期间的裘服都能在淘宝上热卖
693,柯振东入狱期间的囚服都能在淘宝上热卖,4,False,False,0.0,0.05555555555555555,0.3333333333333333,1.0,-0.33345112204551697,0.0,0.0,0.0,0.0,0,,柯政东入狱期间的囚服都能在淘宝上热卖
693,柯振东入狱期间的囚服都能在淘宝上热卖,5,False,False,0.0,0.16666666666666666,0.3333333333333333,0.9236641660075587,-0.3461185395717621,0.0,0.0,0.0,0.0,0,,柯政东入狱期间的裘福都能在淘宝上热卖
693,柯振东入狱期间的囚服都能在淘宝上热卖,6,False,False,0.0,0.1111111111111111,0.3333333333333333,0.887396886424388,-0.35213685035705566,0.0,0.0,0.0,0.0,0,,柯政东入狱期间的球服都能在淘宝上热卖
693,柯振东入狱期间的囚服都能在淘宝上热卖,7,False,False,0.0,0.1111111111111111,0.3333333333333333,0.6394397618447264,-0.3932836651802063,0.0,0.0,0.0,0.0,0,,柯政东入狱期间的裘服都能在淘宝上热卖
694,苹果就公布了合作伙伴,1,True,True,1.0,0.0,0.0,3.85,-0.4089013934135437,1.0,0.6749316453933716,1.0,0.35,2,苹果,苹果就公布了合作伙伴
694,苹果就公布了合作伙伴,2,False,False,1.0,0.1,0.0,2.85,-0.6134697198867798,1.0,0.6749316453933716,1.0,0.35,2,苹果,苹果公布了合作伙伴
695,美的家用空调事业部制造副总裁乌守保对记者表示,1,True,True,1.0,0.0,0.0,3.85,-0.3297026455402374,1.0,0.6887496709823608,1.0,0.35,4,乌守保,美的家用空调事业部制造副总裁乌守保对记者表示
695,美的家用空调事业部制造副总裁乌守保对记者表示,2,False,False,1.0,0.045454545454545456,0.0,3.41281063122478,-0.36855894327163696,1.0,0.6887496709823608,1.0,0.35,4,乌守保,美帝家用空调事业部制造副总裁乌守保对记者表示
695,美的家用空调事业部制造副总裁乌守保对记者表示,3,False,False,1.0,0.09090909090909091,0.0,3.135370296227593,-0.39321714639663696,1.0,0.6887496709823608,1.0,0.35,4,乌守保,美的佳音空调事业部制造副总裁乌守保对记者表示
695,美的家用空调事业部制造副总裁乌守保对记者表示,4,False,False,1.0,0.045454545454545456,0.0,2.85,-0.41858014464378357,1.0,0.6887496709823608,1.0,0.35,4,乌守保,美的家庭空调事业部制造副总裁乌守保对记者表示
696,中国女排昨天下午在松本迎战韩国队,1,True,True,1.0,0.0,0.0,3.85,-0.41223159432411194,2.0,0.6912856698036194,1.0,0.35,4,韩国队;松本,中国女排昨天下午在松本迎战韩国队
696,中国女排昨天下午在松本迎战韩国队,2,False,False,1.0,0.0625,0.8,3.4139996769820002,-0.5694360136985779,2.0,0.6912856698036194,1.0,0.35,4,韩国队;松本,中国女排在昨天下午在松本迎战韩国队
696,中国女排昨天下午在松本迎战韩国队,3,False,False,0.5,0.0625,0.2,0.5833426486170027,-0.688657820224762,1.0,0.6827307939529419,1.0,0.35,4,松本,中国女排昨天下午在松本迎战韩队
696,中国女排昨天下午在松本迎战韩国队,4,False,False,0.5,0.125,0.8,0.35,-0.7727919220924377,1.0,0.6827307939529419,1.0,0.35,4,松本,中国女排在昨天下午在松本迎战韩队
697,最终中国队以三比一力战韩国队全取三分,1,True,False,1.0,0.2222222222222222,0.0,3.85,-0.3532639443874359,1.0,0.6921027898788452,1.0,0.35,6,韩国队,最终中国队以3比1力占韩国队全取3分
697,最终中国队以三比一力战韩国队全取三分,2,False,False,1.0,0.16666666666666666,0.0,3.718471101505442,-0.36767908930778503,1.0,0.6921027898788452,1.0,0.35,6,韩国队,最终中国队以3比1力战韩国队全取3分
697,最终中国队以三比一力战韩国队全取三分,3,False,False,1.0,0.2777777777777778,0.0,3.6111703519115648,-0.3794389069080353,1.0,0.6921027898788452,1.0,0.35,6,韩国队,最终中国队以3比1力占韩国队全区3分
697,最终中国队以三比一力战韩国队全取三分,4,False,True,1.0,0.1111111111111111,0.0,3.3862492243283273,-0.4040895402431488,1.0,0.6921027898788452,1.0,0.35,6,韩国队,最终中国队以3比1力战韩国队全取三分
697,最终中国队以三比一力战韩国队全取三分,5,False,False,1.0,0.16666666666666666,0.0,3.1611649405649227,-0.42875805497169495,1.0,0.6921027898788452,1.0,0.35,6,韩国队,最终中国队以3比1力占韩国队全取三分
697,最终中国队以三比一力战韩国队全取三分,6,False,False,1.0,0.3333333333333333,0.0,2.85,-0.46286073327064514,1.0,0.6921027898788452,1.0,0.35,6,韩国队,对中中国队以3比1力占韩国队全取3分
698,二传丁霞和主攻刘晏含取代了沈静思和张常宁的位置,1,True,True,0.0,0.30434782608695654,0.6666666666666666,1.0,-0.24499359726905823,0.0,0.0,0.0,0.0,0,,二船丁翔和主公刘燕衡取代了沈敬思和张长宁的位置
698,二传丁霞和主攻刘晏含取代了沈静思和张常宁的位置,2,False,False,0.0,0.34782608695652173,0.6666666666666666,0.9676774106667446,-0.24934273958206177,0.0,0.0,0.0,0.0,0,,二船丁翔和主公刘燕衡取代了沈敬慈和张长宁的位置
698,二传丁霞和主攻刘晏含取代了沈静思和张常宁的位置,3,False,False,0.0,0.34782608695652173,0.6666666666666666,0.9398284610130209,-0.25308993458747864,0.0,0.0,0.0,0.0,0,,二船丁翔和主公刘艳恒取代了沈敬慈和张长宁的位置
698,二传丁霞和主攻刘晏含取代了沈静思和张常宁的位置,4,False,False,0.0,0.30434782608695654,0.6666666666666666,0.8710618105593666,-0.26234278082847595,0.0,0.0,0.0,0.0,0,,二船丁翔和主公刘艳恒取代了沈敬思和张长宁的位置
698,二传丁霞和主攻刘晏含取代了沈静思和张常宁的位置,5,False,False,0.0,0.30434782608695654,0.6666666666666666,0.7662872112998494,-0.27644065022468567,0.0,0.0,0.0,0.0,0,,二船丁翔和主公刘燕衡取代了沈静慈和张长宁的位置
698,二传丁霞和主攻刘晏含取代了沈静思和张常宁的位置,6,False,False,0.0,0.34782608695652173,0.6666666666666666,0.7477412527254251,-0.27893608808517456,0.0,0.0,0.0,0.0,0,,二船丁翔和主公刘彦恒取代了沈敬慈和张长宁的位置
698,二传丁霞和主攻刘晏含取代了沈静思和张常宁的位置,7,False,False,0.0,0.34782608695652173,0.6666666666666666,0.7398420604523873,-0.2799989581108093,0.0,0.0,0.0,0.0,0,,二船丁翔和主公刘彦衡取代了沈敬慈和张长宁的位置
698,二传丁霞和主攻刘晏含取代了沈静思和张常宁的位置,8,False,False,0.0,0.34782608695652173,0.6666666666666666,0.7171057469370253,-0.283058226108551,0.0,0.0,0.0,0.0,0,,二船丁翔和主公刘燕恒取代了沈敬慈和张长宁的位置
698,二传丁霞和主攻刘晏含取代了沈静思和张常宁的位置,9,False,False,0.0,0.34782608695652173,0.6666666666666666,0.6063792888069084,-0.2979569435119629,0.0,0.0,0.0,0.0,0,,二船丁翔和主公刘燕横取代了沈敬慈和张长宁的位置
698,二传丁霞和主攻刘晏含取代了沈静思和张常宁的位置,10,False,False,0.0,0.34782608695652173,0.6666666666666666,0.586089766931302,-0.3006869852542877,0.0,0.0,0.0,0.0,0,,二船丁翔和主公刘艳衡取代了沈敬慈和张长宁的位置
698,二传丁霞和主攻刘晏含取代了沈静思和张常宁的位置,11,False,False,0.0,0.30434782608695654,0.6666666666666666,0.2412775322200398,-0.3470829427242279,0.0,0.0,0.0,0.0,0,,二船丁翔和主公刘燕衡取代了沈敬慈和张常宁的位置
698,二传丁霞和主攻刘晏含取代了沈静思和张常宁的位置,12,False,False,0.0,0.30434782608695654,0.6666666666666666,0.20010600475050122,-0.35262274742126465,0.0,0.0,0.0,0.0,0,,二船丁翔和主公刘艳恒取代了沈敬慈和张常宁的位置
698,二传丁霞和主攻刘晏含取代了沈静思和张常宁的位置,13,False,False,0.0,0.30434782608695654,0.6666666666666666,0.0,-0.3795478641986847,0.0,0.0,0.0,0.0,0,,二船丁翔和主公刘彦衡取代了沈敬慈和张常宁的位置
699,而看到了希望的韩国队也趁机拼命反击,1,True,True,1.0,0.0,0.0,3.85,-0.3153507709503174,1.0,0.6897372007369995,1.0,0.35,3,韩国队,而看到了希望的韩国队也趁机拼命反击
699,而看到了希望的韩国队也趁机拼命反击,2,False,False,1.0,0.058823529411764705,0.6666666666666666,3.040867064651954,-0.41711416840553284,1.0,0.6897372007369995,1.0,0.35,3,韩国队,看到了希望的韩国队也趁机拼命反击
699,而看到了希望的韩国队也趁机拼命反击,3,False,False,1.0,0.058823529411764705,0.0,2.85,-0.4411192238330841,1.0,0.6897372007369995,1.0,0.35,3,韩国队,我看到了希望的韩国队也趁机拼命反击
700,见此情景韩国队的信心受到了打击,1,True,True,1.0,0.0,0.0,3.85,-0.37334489822387695,1.0,0.6886748671531677,1.0,0.35,3,韩国队,见此情景韩国队的信心受到了打击
700,见此情景韩国队的信心受到了打击,2,False,False,1.0,0.06666666666666667,0.0,3.6052274963946718,-0.3971089720726013,1.0,0.6886748671531677,1.0,0.35,3,韩国队,见此情景韩国队的信心收到了打击
700,见此情景韩国队的信心受到了打击,3,False,False,1.0,0.06666666666666667,0.0,2.85,-0.47043126821517944,1.0,0.6886748671531677,1.0,0.35,3,韩国队,见此情景韩国队的信心受到打击
701,本赛季调进张常宁就是郎平为朱婷解压的1个表现,1,True,False,1.0,0.13636363636363635,0.0,3.217367965234638,-0.37027522921562195,1.0,0.6821843385696411,0.875,0.30624999999999997,8,郎平,本赛季调禁张成宁就是郎平为朱庭解压的1个表现
701,本赛季调进张常宁就是郎平为朱婷解压的1个表现,2,False,False,1.0,0.09090909090909091,0.0,3.20064176972986,-0.37359723448753357,1.0,0.6821843385696411,0.875,0.30624999999999997,8,郎平,本赛季调禁张成宁就是郎平为朱婷解压的1个表现
701,本赛季调进张常宁就是郎平为朱婷解压的1个表现,3,False,False,1.0,0.09090909090909091,0.0,3.1252289380003258,-0.3885750472545624,1.0,0.6821843385696411,0.875,0.30624999999999997,8,郎平,本赛季调进张成宁就是郎平为朱庭解压的1个表现
701,本赛季调进张常宁就是郎平为朱婷解压的1个表现,4,False,True,1.0,0.045454545454545456,0.0,3.118976046651422,-0.38981693983078003,1.0,0.6821843385696411,0.875,0.30624999999999997,8,郎平,本赛季调进张成宁就是郎平为朱婷解压的1个表现
701,本赛季调进张常宁就是郎平为朱婷解压的1个表现,5,False,False,1.0,0.13636363636363635,0.0,3.03018561972289,-0.40745168924331665,1.0,0.6821843385696411,0.875,0.30624999999999997,8,郎平,本赛季调禁张成宁就是郎平为朱廷解压的1个表现
701,本赛季调进张常宁就是郎平为朱婷解压的1个表现,6,False,False,1.0,0.09090909090909091,0.0,2.9623227442751854,-0.42092999815940857,1.0,0.6821843385696411,0.875,0.30624999999999997,8,郎平,本赛季调进张成宁就是郎平为朱廷解压的1个表现
701,本赛季调进张常宁就是郎平为朱婷解压的1个表现,7,False,False,1.0,0.09090909090909091,0.0,2.954439518532918,-0.42249569296836853,1.0,0.6821843385696411,0.875,0.30624999999999997,8,郎平,本赛季调劲张成宁就是郎平为朱婷解压的1个表现
701,本赛季调进张常宁就是郎平为朱婷解压的1个表现,8,False,False,1.0,0.09090909090909091,0.0,2.80625,-0.4519277513027191,1.0,0.6821843385696411,0.875,0.30624999999999997,8,郎平,本赛季调剂张成宁就是郎平为朱婷解压的1个表现
701,本赛季调进张常宁就是郎平为朱婷解压的1个表现,9,False,False,0.0,0.13636363636363635,0.5,1.0,-0.25331681966781616,0.0,0.7958817283312478,0.0,0.0,0,,本赛季调禁张成宁就是朗平为朱婷解压的1个表现
702,加上惠若琪因伤缺席本届世界杯,1,True,False,1.0,0.2857142857142857,0.0,3.044981477835508,-0.983672022819519,1.0,0.6889854073524475,0.8888888888888888,0.31111111111111106,9,惠若琪,加上惠若琪殷商缺席本季的世界杯
702,加上惠若琪因伤缺席本届世界杯,2,False,False,1.0,0.5714285714285714,0.0,2.9877912592291027,-1.0081884860992432,1.0,0.6889854073524475,0.8888888888888888,0.31111111111111106,9,惠若琪,加上惠若琪殷商阙西本杰时杰飞
702,加上惠若琪因伤缺席本届世界杯,3,False,False,1.0,0.5714285714285714,0.0,2.9819682066147353,-1.0106847286224365,1.0,0.6889854073524475,0.8888888888888888,0.31111111111111106,9,惠若琪,加上惠若琪殷商阙西本铁石叶飞
702,加上惠若琪因伤缺席本届世界杯,4,False,False,1.0,0.5714285714285714,0.0,2.9811767831314264,-1.011023998260498,1.0,0.6889854073524475,0.8888888888888888,0.31111111111111106,9,惠若琪,加上惠若琪殷商阙西本铁时杰飞
702,加上惠若琪因伤缺席本届世界杯,5,False,False,1.0,0.2857142857142857,0.0,2.977427393523045,-1.0126312971115112,1.0,0.6889854073524475,0.8888888888888888,0.31111111111111106,9,惠若琪,加上惠若琪殷尚缺席本季的世界杯
702,加上惠若琪因伤缺席本届世界杯,6,False,False,1.0,0.21428571428571427,0.0,2.968039876323627,-1.0166555643081665,1.0,0.6889854073524475,0.8888888888888888,0.31111111111111106,9,惠若琪,加上惠若琪殷商缺席本季世界杯
702,加上惠若琪因伤缺席本届世界杯,7,False,True,1.0,0.14285714285714285,0.0,2.95703614222857,-1.021372675895691,1.0,0.6889854073524475,0.8888888888888888,0.31111111111111106,9,惠若琪,加上惠若琪殷商缺席本届世界杯
702,加上惠若琪因伤缺席本届世界杯,8,False,False,1.0,0.14285714285714285,0.0,2.821681592294364,-1.0793968439102173,1.0,0.6889854073524475,0.8888888888888888,0.31111111111111106,9,惠若琪,加上惠若琪殷尚缺席本届世界杯
702,加上惠若琪因伤缺席本届世界杯,9,False,False,1.0,0.5714285714285714,0.0,2.811111111111111,-1.0839282274246216,1.0,0.6889854073524475,0.8888888888888888,0.31111111111111106,9,惠若琪,加上惠若琪殷商阙西本杰时杰斐
702,加上惠若琪因伤缺席本届世界杯,10,False,False,0.0,0.21428571428571427,0.3333333333333333,1.0,-0.6552454233169556,0.0,0.0,0.0,0.0,0,,加上惠诺琪音响缺席本届世界杯
703,郎平也认为这样去打世界高水平的球队是不够的,1,True,True,1.0,0.0,0.0,3.0433564002802793,-0.3698735535144806,1.0,0.6776551008224487,0.6666666666666666,0.2333333333333333,3,郎平,郎平也认为这样去打世界高水平的球队是不够的
703,郎平也认为这样去打世界高水平的球队是不够的,2,False,False,1.0,0.09523809523809523,0.0,2.813973020362053,-0.4527362585067749,1.0,0.6776551008224487,0.6666666666666666,0.2333333333333333,3,郎平,郎平也认为这样去打事件高水平的球队是不够的
703,郎平也认为这样去打世界高水平的球队是不够的,3,False,False,1.0,0.047619047619047616,0.0,2.7333333333333334,-0.48186662793159485,1.0,0.6776551008224487,0.6666666666666666,0.2333333333333333,3,郎平,郎平也认为这样去打世界高水准的球队是不够的
703,郎平也认为这样去打世界高水平的球队是不够的,4,False,False,0.0,0.047619047619047616,0.5,1.0,-0.12062552571296692,0.0,0.0,0.0,0.0,0,,王平也认为这样去打世界高水平的球队是不够的
704,在队长惠若琪缺阵的情况下,1,True,True,1.0,0.16666666666666666,0.0,2.5,-1.2474546432495117,1.0,0.6768348813056946,0.0,0.0,0,,在队长惠若琪确认的情况下
704,在队长惠若琪缺阵的情况下,2,False,False,0.0,0.25,0.3333333333333333,1.0,-0.8933475017547607,0.0,0.0,0.0,0.0,0,,在队长惠罗琪确认的情况下
704,在队长惠若琪缺阵的情况下,3,False,False,0.0,0.25,0.3333333333333333,0.32332906688714835,-1.1329615116119385,0.0,0.0,0.0,0.0,0,,在队长惠如琪确认的情况下
704,在队长惠若琪缺阵的情况下,4,False,False,0.0,0.25,0.3333333333333333,0.2570852519436344,-1.1564189195632935,0.0,0.0,0.0,0.0,0,,在队长惠诺琪确认的情况下
704,在队长惠若琪缺阵的情况下,5,False,False,0.0,0.25,0.3333333333333333,0.04659201620217165,-1.2309560775756836,0.0,0.0,0.0,0.0,0,,在队长惠乐琪确认的情况下
705,陈妍希晒出一组攀岩照,1,True,True,1.0,0.2,0.0,2.793575322407945,-0.7629075646400452,1.0,0.6903806328773499,0.5454545454545454,0.1909090909090909,7,陈妍希,陈妍希晒出一组盘岩帐
705,陈妍希晒出一组攀岩照,2,False,False,1.0,0.3,0.0,2.7407624451177903,-0.7953243851661682,1.0,0.6903806328773499,0.5454545454545454,0.1909090909090909,7,陈妍希,陈妍希晒出一组盘盐帐
705,陈妍希晒出一组攀岩照,3,False,False,1.0,0.3,0.0,2.718374090472596,-0.8090664744377136,1.0,0.6903806328773499,0.5454545454545454,0.1909090909090909,7,陈妍希,陈妍希晒出一组盘炎帐
705,陈妍希晒出一组攀岩照,4,False,False,1.0,0.2,0.0,2.7151297532297116,-0.8110578656196594,1.0,0.6903806328773499,0.5454545454545454,0.1909090909090909,7,陈妍希,陈妍希晒出一组盘岩杖
705,陈妍希晒出一组攀岩照,5,False,False,1.0,0.3,0.0,2.706812655339385,-0.8161629438400269,1.0,0.6903806328773499,0.5454545454545454,0.1909090909090909,7,陈妍希,陈妍希晒出一组盘颜帐
705,陈妍希晒出一组攀岩照,6,False,False,1.0,0.3,0.0,2.7028591473426915,-0.8185896277427673,1.0,0.6903806328773499,0.5454545454545454,0.1909090909090909,7,陈妍希,陈妍希晒出一组盘檐帐
705,陈妍希晒出一组攀岩照,7,False,False,1.0,0.3,0.0,2.690909090909091,-0.8259246349334717,1.0,0.6903806328773499,0.5454545454545454,0.1909090909090909,7,陈妍希,陈妍希晒出一组盘言帐
705,陈妍希晒出一组攀岩照,8,False,False,0.0,0.4,0.6666666666666666,1.0,-0.21211940050125122,0.0,0.7766782119870186,0.0,0.0,0,,陈延熙晒出一组盘岩罩
705,陈妍希晒出一组攀岩照,9,False,False,0.0,0.4,0.6666666666666666,0.9805467218064812,-0.22405992448329926,0.0,0.7766782119870186,0.0,0.0,0,,陈延熙晒出一组盘岩帐
705,陈妍希晒出一组攀岩照,10,False,False,0.0,0.3,0.6666666666666666,0.9358174734507658,-0.2515149712562561,0.0,0.7766782119870186,0.0,0.0,0,,陈延熙晒出一组攀岩杖
705,陈妍希晒出一组攀岩照,11,False,False,0.0,0.4,0.6666666666666666,0.8706995659230198,-0.29148468375205994,0.0,0.7766782119870186,0.0,0.0,0,,陈延熙晒出一组盘岩杖
705,陈妍希晒出一组攀岩照,12,False,False,0.0,0.4,0.6666666666666666,0.5287722994776723,-0.5013614296913147,0.0,0.7766782119870186,0.0,0.0,0,,陈筵席晒出一组盘岩帐
706,希饭快来接住我,1,True,False,0.0,0.5714285714285714,1.0,1.0,-0.4242355525493622,0.0,0.0,0.0,0.0,0,,西法快来接督
706,希饭快来接住我,2,False,False,0.0,0.5714285714285714,1.0,0.808550228521146,-0.5537942051887512,0.0,0.0,0.0,0.0,0,,西方快来接督
706,希饭快来接住我,3,False,False,0.0,0.7142857142857143,1.0,0.6634033979432591,-0.6520185470581055,0.0,0.0,0.0,0.0,0,,西法快来解读
706,希饭快来接住我,4,False,False,0.0,0.5714285714285714,1.0,0.5090037741077247,-0.756504476070404,0.0,0.0,0.0,0.0,0,,西法快来接渡
706,希饭快来接住我,5,False,False,0.0,0.42857142857142855,1.0,0.4983851518792215,-0.7636903524398804,0.0,0.0,0.0,0.0,0,,西法快来接督我
706,希饭快来接住我,6,False,True,0.0,0.42857142857142855,0.5,0.44980983691921056,-0.7965624332427979,0.0,0.0,0.0,0.0,0,,吃饭快来接督
706,希饭快来接住我,7,False,False,0.0,0.5714285714285714,1.0,0.43860399719224247,-0.8041456937789917,0.0,0.0,0.0,0.0,0,,西方快来接渡
706,希饭快来接住我,8,False,False,0.0,0.5714285714285714,1.0,0.4372478568256812,-0.8050634264945984,0.0,0.0,0.0,0.0,0,,西法快来接度
706,希饭快来接住我,9,False,False,0.0,0.5714285714285714,1.0,0.3069866859640177,-0.8932142853736877,0.0,0.0,0.0,0.0,0,,西方快来接度
706,希饭快来接住我,10,False,False,0.0,0.5714285714285714,1.0,0.2709091420745301,-0.917628824710846,0.0,0.0,0.0,0.0,0,,西方快来接睹
706,希饭快来接住我,11,False,False,0.0,0.5714285714285714,1.0,0.26918078314662,-0.9187984466552734,0.0,0.0,0.0,0.0,0,,西法快来接睹
706,希饭快来接住我,12,False,False,0.0,1.0,1.0,0.26766222654079525,-0.919826090335846,0.0,0.0,0.0,0.0,0,,西方傀儡阶度
706,希饭快来接住我,13,False,False,0.0,1.0,1.0,0.0,-1.1009595394134521,0.0,0.0,0.0,0.0,0,,西方傀儡杰鲁
707,陈妍希穿着粉色上衣,1,True,True,1.0,0.0,0.0,2.5,-0.7149369716644287,1.0,0.6872152090072632,0.0,0.0,0,,陈妍希穿着粉色上衣
707,陈妍希穿着粉色上衣,2,False,False,0.0,0.2222222222222222,0.6666666666666666,1.0,-0.0948920026421547,0.0,0.7731171101331711,0.0,0.0,0,,陈延熙穿着粉色上衣
707,陈妍希穿着粉色上衣,3,False,False,0.0,0.2222222222222222,0.6666666666666666,0.7072904784027719,-0.2763850688934326,0.0,0.7731171101331711,0.0,0.0,0,,陈艳熙穿着粉色上衣
707,陈妍希穿着粉色上衣,4,False,False,0.0,0.2222222222222222,0.6666666666666666,0.6763209495119544,-0.29558756947517395,0.0,0.7731171101331711,0.0,0.0,0,,陈彦西穿着粉色上衣
707,陈妍希穿着粉色上衣,5,False,False,0.0,0.2222222222222222,0.6666666666666666,0.44442417179014143,-0.43937399983406067,0.0,0.7731171101331711,0.0,0.0,0,,陈燕曦穿着粉色上衣
707,陈妍希穿着粉色上衣,6,False,False,0.0,0.2222222222222222,0.6666666666666666,0.2672044890770214,-0.5492581725120544,0.0,0.7731171101331711,0.0,0.0,0,,陈燕西穿着粉色上衣
707,陈妍希穿着粉色上衣,7,False,False,0.0,0.1111111111111111,0.3333333333333333,0.1257653309181104,-0.6369568109512329,0.0,0.7731171101331711,0.0,0.0,0,,陈燕希穿着粉色上衣
708,搜狐娱乐讯近日频频传出陈晓向陈妍希求婚成功的消息,1,True,True,1.0,0.041666666666666664,0.0,1.0,-0.16550777852535248,0.0,0.7763116210699081,0.0,0.0,0,,搜狐娱乐讯近日频频传出陈小向陈妍希求婚成功的消息
708,搜狐娱乐讯近日频频传出陈晓向陈妍希求婚成功的消息,2,False,False,0.0,0.125,0.6666666666666666,0.8275290703035204,-0.19742202758789062,0.0,0.7763116210699081,0.0,0.0,0,,搜狐娱乐讯近日频频传出陈小向陈彦熙求婚成功的消息
708,搜狐娱乐讯近日频频传出陈晓向陈妍希求婚成功的消息,3,False,False,0.0,0.08333333333333333,0.3333333333333333,0.7847544108257161,-0.20533710718154907,0.0,0.7763116210699081,0.0,0.0,0,,搜狐娱乐讯近日频频传出陈小向陈言希求婚成功的消息
708,搜狐娱乐讯近日频频传出陈晓向陈妍希求婚成功的消息,4,False,False,0.0,0.125,0.6666666666666666,0.7182679569425233,-0.21763984858989716,0.0,0.7763116210699081,0.0,0.0,0,,搜狐娱乐讯近日频频传出陈小向陈言席求婚成功的消息
708,搜狐娱乐讯近日频频传出陈晓向陈妍希求婚成功的消息,5,False,False,0.0,0.125,0.6666666666666666,0.6950882165143208,-0.22192905843257904,0.0,0.7763116210699081,0.0,0.0,0,,搜狐娱乐讯近日频频传出陈小向陈筵席求婚成功的消息
708,搜狐娱乐讯近日频频传出陈晓向陈妍希求婚成功的消息,6,False,False,0.0,0.08333333333333333,0.3333333333333333,0.0,-0.3505491018295288,0.0,0.7763116210699081,0.0,0.0,0,,搜狐娱乐讯近日频频传出陈小向陈燕希求婚成功的消息
709,陈妍希回应现在真的很享受快乐恋爱的喜悦,1,True,False,1.0,0.05263157894736842,0.0,3.85,-0.5148018598556519,1.0,0.6866487860679626,1.0,0.35,2,陈妍希,陈妍希回应现在真的很享受快乐恋爱的喜愿
709,陈妍希回应现在真的很享受快乐恋爱的喜悦,2,False,True,1.0,0.0,0.0,2.85,-0.6385660767555237,1.0,0.6866487860679626,1.0,0.35,2,陈妍希,陈妍希回应现在真的很享受快乐恋爱的喜悦
710,陈妍希曾在新版神雕侠侣中演小龙女,1,True,True,1.0,0.0,0.0,1.0,-0.17911797761917114,0.0,0.7636133059859276,0.0,0.0,0,,陈妍希曾在新版神雕侠侣中演小龙女
710,陈妍希曾在新版神雕侠侣中演小龙女,2,False,False,0.0,0.125,0.6666666666666666,0.7175891813803621,-0.24758566915988922,0.0,0.7636133059859276,0.0,0.0,0,,陈延熙曾在新版神雕侠侣中演小龙女
710,陈妍希曾在新版神雕侠侣中演小龙女,3,False,False,0.0,0.0625,0.3333333333333333,0.612523045658123,-0.2730579078197479,0.0,0.7636133059859276,0.0,0.0,0,,陈言希曾在新版神雕侠侣中演小龙女
710,陈妍希曾在新版神雕侠侣中演小龙女,4,False,False,0.0,0.0625,0.3333333333333333,0.028295114234429323,-0.41469815373420715,0.0,0.7636133059859276,0.0,0.0,0,,陈燕希曾在新版神雕侠侣中演小龙女
710,陈妍希曾在新版神雕侠侣中演小龙女,5,False,False,0.0,0.0625,0.3333333333333333,0.0,-0.4215580224990845,0.0,0.7636133059859276,0.0,0.0,0,,陈晏希曾在新版神雕侠侣中演小龙女
711,京华时报讯记者卫张宁昨天上午,1,True,True,1.0,0.07142857142857142,0.0,3.0465286923773163,-0.8422096967697144,1.0,0.6902270317077637,0.3333333333333333,0.11666666666666665,3,卫张宁,金华时报讯记者卫张宁昨天上午
711,京华时报讯记者卫张宁昨天上午,2,False,False,1.0,0.07142857142857142,0.0,2.9011275391880713,-0.9017099738121033,1.0,0.6902270317077637,0.3333333333333333,0.11666666666666665,3,卫张宁,今华时报讯记者卫张宁昨天上午
711,京华时报讯记者卫张宁昨天上午,3,False,False,1.0,0.07142857142857142,0.0,2.6166666666666667,-1.018115520477295,1.0,0.6902270317077637,0.3333333333333333,0.11666666666666665,3,卫张宁,尽华时报讯记者卫张宁昨天上午
711,京华时报讯记者卫张宁昨天上午,4,False,False,0.0,0.14285714285714285,0.3333333333333333,1.0,-0.6089009046554565,0.0,0.7727987319231033,0.0,0.0,0,,金华时报讯记者卫章宁昨天上午
711,京华时报讯记者卫张宁昨天上午,5,False,False,0.0,0.14285714285714285,0.3333333333333333,0.9436438694326196,-0.6319626569747925,0.0,0.7727987319231033,0.0,0.0,0,,金华时报讯记者卫彰宁昨天上午
711,京华时报讯记者卫张宁昨天上午,6,False,False,0.0,0.14285714285714285,0.3333333333333333,0.8939829716252988,-0.6522846221923828,0.0,0.7727987319231033,0.0,0.0,0,,今华时报讯记者卫章宁昨天上午
711,京华时报讯记者卫张宁昨天上午,7,False,False,0.0,0.14285714285714285,0.3333333333333333,0.8019265071265208,-0.689955472946167,0.0,0.7727987319231033,0.0,0.0,0,,今华时报讯记者卫彰宁昨天上午
712,游客晋吉岛乘船颠骨折诉旅社索赔二零馀万元,1,True,False,0.0,0.55,1.0,1.0,-0.5825645327568054,0.0,0.0,0.0,0.0,0,,游客经济倒成床顶骨折诉旅社诉裴二林于万阳
712,游客晋吉岛乘船颠骨折诉旅社索赔二零馀万元,2,False,False,0.0,0.45,1.0,0.9265384248842254,-0.6232262849807739,0.0,0.0,0.0,0.0,0,,游客经济倒成床顶骨折宿旅社索赔二林渝万元
712,游客晋吉岛乘船颠骨折诉旅社索赔二零馀万元,3,False,False,0.0,0.65,1.0,0.804734791277319,-0.6906458735466003,0.0,0.0,0.0,0.0,0,,游客经济倒成床顶骨折诉吕氏所裴二林于万阳
712,游客晋吉岛乘船颠骨折诉旅社索赔二零馀万元,4,False,False,0.0,0.75,0.6666666666666666,0.2524302027757901,-0.9963522553443909,0.0,0.0,0.0,0.0,0,,渝克经济岛城庄丁古哲宿旅社所裴二林渝万阳
712,游客晋吉岛乘船颠骨折诉旅社索赔二零馀万元,5,False,False,0.0,0.75,0.6666666666666666,0.22812478294790264,-1.0098055601119995,0.0,0.0,0.0,0.0,0,,渝克经济岛城庄丁古哲宿旅社所裴二林渝万岩
712,游客晋吉岛乘船颠骨折诉旅社索赔二零馀万元,6,False,False,0.0,0.85,0.6666666666666666,0.17740246048911495,-1.0378808975219727,0.0,0.0,0.0,0.0,0,,渝克经济岛城庄丁古哲肃吕氏所裴二林渝万阳
712,游客晋吉岛乘船颠骨折诉旅社索赔二零馀万元,7,False,False,0.0,0.85,0.6666666666666666,0.1655607980086934,-1.0444353818893433,0.0,0.0,0.0,0.0,0,,渝克经济岛城庄丁古哲肃吕氏所裴二林渝万岩
712,游客晋吉岛乘船颠骨折诉旅社索赔二零馀万元,8,False,False,0.0,0.85,0.6666666666666666,0.13858813432381778,-1.0593650341033936,0.0,0.0,0.0,0.0,0,,渝克经济岛城庄丁古哲肃吕氏所裴二林于万阳
712,游客晋吉岛乘船颠骨折诉旅社索赔二零馀万元,9,False,False,0.0,0.75,0.6666666666666666,0.08893490617695944,-1.0868486166000366,0.0,0.0,0.0,0.0,0,,渝克经济岛城庄丁古哲宿旅社所裴二林渝万圆
712,游客晋吉岛乘船颠骨折诉旅社索赔二零馀万元,10,False,True,0.0,0.7,0.6666666666666666,0.06727088586330604,-1.0988398790359497,0.0,0.0,0.0,0.0,0,,渝克经济岛城庄丁古哲宿旅社所裴二林渝万元
712,游客晋吉岛乘船颠骨折诉旅社索赔二零馀万元,11,False,False,0.0,0.75,0.6666666666666666,0.061300627317577974,-1.102144479751587,0.0,0.0,0.0,0.0,0,,渝克经济岛城庄丁古哲宿旅社所裴二林渝万艳
712,游客晋吉岛乘船颠骨折诉旅社索赔二零馀万元,12,False,False,0.0,0.85,0.6666666666666666,0.05890248767951723,-1.1034718751907349,0.0,0.0,0.0,0.0,0,,渝克经济岛城庄丁古哲肃吕氏所裴二林于万岩
712,游客晋吉岛乘船颠骨折诉旅社索赔二零馀万元,13,False,False,0.0,0.8,0.6666666666666666,0.028425331117180944,-1.1203413009643555,0.0,0.0,0.0,0.0,0,,渝克经济岛城庄丁古哲肃吕氏所裴二林渝万元
712,游客晋吉岛乘船颠骨折诉旅社索赔二零馀万元,14,False,False,0.0,0.85,0.6666666666666666,0.016680369552564432,-1.1268422603607178,0.0,0.0,0.0,0.0,0,,渝克经济岛城庄丁古哲宿吕氏所裴二林渝万阳
712,游客晋吉岛乘船颠骨折诉旅社索赔二零馀万元,15,False,False,0.0,0.85,0.6666666666666666,0.0,-1.1360750198364258,0.0,0.0,0.0,0.0,0,,渝克经济岛城庄丁古哲宿吕氏所裴二林渝万岩
713,崔先生带家人随团前往泰国晋吉岛游玩,1,True,True,0.0,0.11764705882352941,0.6666666666666666,1.0,-0.14391590654850006,0.0,0.0,0.0,0.0,0,,崔先生带家人随团前往泰国荆棘岛游玩
713,崔先生带家人随团前往泰国晋吉岛游玩,2,False,False,0.0,0.17647058823529413,1.0,0.6986938278347048,-0.16489699482917786,0.0,0.0,0.0,0.0,0,,崔先生带家人随团前往泰国荆棘道游玩
713,崔先生带家人随团前往泰国晋吉岛游玩,3,False,False,0.0,0.17647058823529413,1.0,0.3510859302844142,-0.18910224735736847,0.0,0.0,0.0,0.0,0,,崔先生带家人随团前往泰国紧急地游玩
713,崔先生带家人随团前往泰国晋吉岛游玩,4,False,False,0.0,0.17647058823529413,1.0,0.0,-0.2135496884584427,0.0,0.0,0.0,0.0,0,,崔先生带家人随团前往泰国京畿道游玩
714,滕女士在云南购买的石斛,1,True,True,1.0,0.0,0.0,2.7466784244824964,-0.9380711317062378,1.0,0.6840839982032776,0.5,0.175,2,滕女士,滕女士在云南购买的石斛
714,滕女士在云南购买的石斛,2,False,False,1.0,0.09090909090909091,0.0,2.675,-0.9923984408378601,1.0,0.6840839982032776,0.5,0.175,2,滕女士,滕女士在云南购买的石虎
714,滕女士在云南购买的石斛,3,False,False,0.0,0.09090909090909091,0.3333333333333333,1.0,-0.2344673126935959,0.0,0.7695944979786873,0.0,0.0,0,,藤女士在云南购买的石斛
715,新京报讯记者林斐然近日,1,True,False,0.5,0.36363636363636365,0.5,3.85,-0.640062689781189,1.0,0.6907666325569153,1.0,0.35,9,新京报,新京报讯记者李文健人近日
715,新京报讯记者林斐然近日,2,False,False,0.5,0.36363636363636365,0.5,3.827352574293751,-0.6455817222595215,1.0,0.6907666325569153,1.0,0.35,9,新京报,新京报讯记者李云文见然近日
715,新京报讯记者林斐然近日,3,False,False,0.5,0.2727272727272727,0.3333333333333333,3.686053075700135,-0.680015504360199,1.0,0.6907666325569153,1.0,0.35,9,新京报,新京报讯记者林文健人近日
715,新京报讯记者林斐然近日,4,False,False,0.5,0.45454545454545453,0.5,3.5724992050874405,-0.7076878547668457,1.0,0.6907666325569153,1.0,0.35,9,新京报,新京报讯记者李云文见人近日
715,新京报讯记者林斐然近日,5,False,False,0.5,0.36363636363636365,0.5,3.165180628592393,-0.8069487810134888,1.0,0.6907666325569153,1.0,0.35,9,新京报,新京报讯记者李云文简然近日
715,新京报讯记者林斐然近日,6,False,True,0.5,0.18181818181818182,0.3333333333333333,3.0288624189800664,-0.8401686549186707,1.0,0.6907666325569153,1.0,0.35,9,新京报,新京报讯记者林文健然近日
715,新京报讯记者林斐然近日,7,False,False,0.5,0.36363636363636365,0.5,3.024481350128409,-0.8412362933158875,1.0,0.6907666325569153,1.0,0.35,9,新京报,新京报讯记者李云文战然近日
715,新京报讯记者林斐然近日,8,False,False,0.5,0.36363636363636365,0.5,2.86099987770576,-0.8810756802558899,1.0,0.6907666325569153,1.0,0.35,9,新京报,新京报讯记者李云文戛然近日
715,新京报讯记者林斐然近日,9,False,False,0.5,0.2727272727272727,0.5,2.85,-0.8837562799453735,1.0,0.6907666325569153,1.0,0.35,9,新京报,新京报讯记者李文健然近日
716,游客突破80000人限流大关故宫首次提前禁止售票,1,True,False,1.0,0.08333333333333333,0.0,3.85,-0.47873547673225403,1.0,0.6706787943840027,1.0,0.35,4,故宫,游客突破80000人限流大公故宫首次提前禁止收票
716,游客突破80000人限流大关故宫首次提前禁止售票,2,False,False,1.0,0.16666666666666666,0.0,3.4796497535017905,-0.5318962335586548,1.0,0.6706787943840027,1.0,0.35,4,故宫,游客突破80000人限流大公故宫手册提前禁止收票
716,游客突破80000人限流大关故宫首次提前禁止售票,3,False,True,1.0,0.041666666666666664,0.0,3.435775667424138,-0.5381940007209778,1.0,0.6706787943840027,1.0,0.35,4,故宫,游客突破80000人限流大公故宫首次提前禁止售票
716,游客突破80000人限流大关故宫首次提前禁止售票,4,False,False,1.0,0.125,0.0,2.85,-0.6222773194313049,1.0,0.6706787943840027,1.0,0.35,4,故宫,游客突破80000人限流大公故宫首次提签禁止收票
717,新京报讯记者黄颖自7月6日进入暑期以来,1,True,False,1.0,0.10526315789473684,0.0,3.675,-0.24689151346683502,1.0,0.6703026294708252,0.5,0.175,2,新京报,新京报讯记者黄颖自7月6日记录暑期以来
717,新京报讯记者黄颖自7月6日进入暑期以来,2,False,True,1.0,0.0,0.0,2.675,-0.353601336479187,1.0,0.6703026294708252,0.5,0.175,2,新京报,新京报讯记者黄颖自7月6日进入暑期以来
717,新京报讯记者黄颖自7月6日进入暑期以来,3,False,False,0.0,0.15789473684210525,0.3333333333333333,0.5878864851089382,-0.2908680737018585,0.0,0.7540904581546783,0.0,0.0,0,,新京暴讯记者黄颖自7月6日记录暑期以来
718,故宫博物院接待的观众量也日益攀升,1,True,True,1.0,0.0,0.0,3.5,-0.21459008753299713,1.0,0.5920537114143372,0.0,0.0,0,,故宫博物院接待的观众量也日益攀升
718,故宫博物院接待的观众量也日益攀升,2,False,False,0.0,0.0625,0.5,0.7551355737442985,-0.26699942350387573,0.0,0.6907293299833933,0.0,0.0,0,,顾宫博物院接待的观众量也日益攀升
718,故宫博物院接待的观众量也日益攀升,3,False,False,0.0,0.0625,0.5,0.6074333113912718,-0.2986127436161041,0.0,0.0,0.0,0.0,0,,国宫博物院接待的观众量也日益攀升
718,故宫博物院接待的观众量也日益攀升,4,False,False,0.0,0.0625,0.5,0.35453029309883294,-0.35274261236190796,0.0,0.6907293299833933,0.0,0.0,0,,古宫博物院接待的观众量也日益攀升
718,故宫博物院接待的观众量也日益攀升,5,False,False,0.0,0.0625,0.5,0.0,-0.4286241829395294,0.0,0.6907293299833933,0.0,0.0,0,,固宫博物院接待的观众量也日益攀升
719,故宫首次启动了起流起票限流措施,1,True,True,1.0,0.13333333333333333,0.0,3.7916666666666665,-0.2927277088165283,1.0,0.6687458157539368,0.8333333333333334,0.2916666666666667,6,故宫,故宫首次启动了起票限流措施
719,故宫首次启动了起流起票限流措施,2,False,False,1.0,0.2,0.0,3.338959906486171,-0.4059624671936035,1.0,0.6687458157539368,0.8333333333333334,0.2916666666666667,6,故宫,故宫首次启动了启票限流措施
719,故宫首次启动了起流起票限流措施,3,False,False,1.0,0.26666666666666666,0.0,3.257843364337272,-0.42625200748443604,1.0,0.6687458157539368,0.8333333333333334,0.2916666666666667,6,故宫,故宫首次启动了祈祷限流措施
719,故宫首次启动了起流起票限流措施,4,False,False,1.0,0.2,0.0,3.1565590901783156,-0.4515860676765442,1.0,0.6687458157539368,0.8333333333333334,0.2916666666666667,6,故宫,故宫首次启动了棋票限流措施
719,故宫首次启动了起流起票限流措施,5,False,False,1.0,0.2,0.0,3.0844452636542194,-0.46962377429008484,1.0,0.6687458157539368,0.8333333333333334,0.2916666666666667,6,故宫,故宫首次启动起票限流措施
719,故宫首次启动了起流起票限流措施,6,False,False,1.0,0.2,0.0,3.003494218295946,-0.48987191915512085,1.0,0.6687458157539368,0.8333333333333334,0.2916666666666667,6,故宫,故宫首次启动了起票现流措施
719,故宫首次启动了起流起票限流措施,7,False,False,0.0,0.2,0.5,0.0,-0.542855978012085,0.0,0.7802034517129262,0.0,0.0,0,,固宫首次启动了起票限流措施
720,崂山景区勒令该农家宴停止停止营业,1,True,True,1.0,0.1875,0.0,2.9883714365490768,-0.7854390144348145,1.0,0.6901494264602661,0.6666666666666666,0.2333333333333333,3,崂山景区,崂山景区勒令开农家宴停止营业
720,崂山景区勒令该农家宴停止停止营业,2,False,False,1.0,0.25,0.0,2.7836184502901506,-0.8809642791748047,1.0,0.6901494264602661,0.6666666666666666,0.2333333333333333,3,崂山景区,崂山景区勒令开农家夜停止营业
720,崂山景区勒令该农家宴停止停止营业,3,False,False,1.0,0.25,0.0,2.7333333333333334,-0.904424250125885,1.0,0.6901494264602661,0.6666666666666666,0.2333333333333333,3,崂山景区,崂山景区勒令开农家院停止营业
720,崂山景区勒令该农家宴停止停止营业,4,False,False,0.0,0.25,0.25,1.0,-0.43788519501686096,0.0,0.6901494264602661,0.0,0.0,0,,岛山景区勒令开农家宴停止营业
721,游客西安遭天价玛卡商家4000元一价合理,1,True,False,0.5,0.15,0.5,2.8602388709253037,-0.5430758595466614,1.0,0.6863717436790466,0.3333333333333333,0.11666666666666665,4,玛卡,游客席宴遭天价玛卡商价4000元一价合理
721,游客西安遭天价玛卡商家4000元一价合理,2,False,False,0.5,0.1,0.5,2.7553288848172506,-0.573265790939331,1.0,0.6863717436790466,0.3333333333333333,0.11666666666666665,4,玛卡,游客席宴遭天价玛卡商家4000元一价合理
721,游客西安遭天价玛卡商家4000元一价合理,3,False,False,0.5,0.2,0.5,2.6362357325507833,-0.6075372099876404,1.0,0.6863717436790466,0.3333333333333333,0.11666666666666665,4,玛卡,游客喜宴招天价玛卡商价4000元一价合理
721,游客西安遭天价玛卡商家4000元一价合理,4,False,False,0.5,0.1,0.5,2.6166666666666667,-0.6131685972213745,1.0,0.6863717436790466,0.3333333333333333,0.11666666666666665,4,玛卡,游客喜宴遭天价玛卡商家4000元一价合理
721,游客西安遭天价玛卡商家4000元一价合理,5,False,False,0.0,0.2,0.75,1.0,-0.3253987431526184,0.0,0.800767034292221,0.0,0.0,0,,游客席宴遭天价马卡商价4000元一价合理
721,游客西安遭天价玛卡商家4000元一价合理,6,False,True,0.5,0.1,0.25,0.9838328765857832,-0.33005115389823914,0.0,0.800767034292221,0.0,0.0,0,,游客西安遭天价马卡商价4000元一价合理
721,游客西安遭天价玛卡商家4000元一价合理,7,False,False,0.0,0.15,0.75,0.9054247772928495,-0.3526146411895752,0.0,0.800767034292221,0.0,0.0,0,,游客席宴遭天价马卡商家4000元一价合理
721,游客西安遭天价玛卡商家4000元一价合理,8,False,False,0.0,0.2,0.75,0.8964075429522551,-0.3552095293998718,0.0,0.800767034292221,0.0,0.0,0,,游客喜宴遭天价马卡商价4000元一价合理
721,游客西安遭天价玛卡商家4000元一价合理,9,False,False,0.0,0.2,0.75,0.25848859677666236,-0.5387833714485168,0.0,0.800767034292221,0.0,0.0,0,,游客席宴遭天价马卡商家400元一价合理
721,游客西安遭天价玛卡商家4000元一价合理,10,False,False,0.0,0.25,0.75,0.0924387170858519,-0.5865675210952759,0.0,0.800767034292221,0.0,0.0,0,,游客喜宴招天价马卡商家400元一价合理
722,张先生购买的400元玛卡,1,True,True,1.0,0.0,0.0,2.5,-0.8560566902160645,1.0,0.6840108633041382,0.0,0.0,0,,张先生购买的400元玛卡
722,张先生购买的400元玛卡,2,False,False,0.0,0.08333333333333333,0.5,1.0,-0.22016769647598267,0.0,0.7980126738548278,0.0,0.0,0,,张先生购买的400元马卡
723,这一斤玛卡其实价格只有一零零多元,1,True,True,1.0,0.0,0.0,2.7836455917730962,-0.5750795006752014,1.0,0.6874299049377441,0.4,0.13999999999999999,3,玛卡,这一斤玛卡其实价格只有一零零多元
723,这一斤玛卡其实价格只有一零零多元,2,False,False,1.0,0.1875,0.0,2.6688731564834636,-0.6173588037490845,1.0,0.6874299049377441,0.4,0.13999999999999999,3,玛卡,这一斤玛卡其实价格只有100多元
723,这一斤玛卡其实价格只有一零零多元,3,False,False,1.0,0.25,0.0,2.64,-0.627994954586029,1.0,0.6874299049377441,0.4,0.13999999999999999,3,玛卡,这一斤玛卡其实价格只有1000多元
723,这一斤玛卡其实价格只有一零零多元,4,False,False,0.0,0.0625,0.5,1.0,-0.25961989164352417,0.0,0.8020015557607014,0.0,0.0,0,,这一斤马卡其实价格只有一零零多元
723,这一斤玛卡其实价格只有一零零多元,5,False,False,0.0,0.25,0.5,0.6857451117322956,-0.37538355588912964,0.0,0.8020015557607014,0.0,0.0,0,,这一斤马卡其实价格只有100多元
723,这一斤玛卡其实价格只有一零零多元,6,False,False,0.0,0.3125,0.5,0.6838537011424026,-0.37608030438423157,0.0,0.8020015557607014,0.0,0.0,0,,这一斤马卡其实价格只有1000多元
724,一捧玛卡磨成粉景区商家要4000元,1,True,False,0.5,0.11764705882352941,0.2222222222222222,3.1458607330769484,-0.5681010484695435,1.0,0.6815357804298401,0.6666666666666666,0.2333333333333333,5,玛卡,一捧玛卡磨成粉底景区商家要400元
724,一捧玛卡磨成粉景区商家要4000元,2,False,False,0.5,0.29411764705882354,0.5555555555555556,3.081520799769647,-0.5812908411026001,1.0,0.6815357804298401,0.6666666666666666,0.2333333333333333,5,玛卡,一捧玛卡摩托芬尼景区商家14000元
724,一捧玛卡磨成粉景区商家要4000元,3,False,False,0.5,0.11764705882352941,0.2222222222222222,3.0722431935194088,-0.583192765712738,1.0,0.6815357804298401,0.6666666666666666,0.2333333333333333,5,玛卡,一捧玛卡磨成粉底景区商家14000元
724,一捧玛卡磨成粉景区商家要4000元,4,False,False,0.5,0.29411764705882354,0.5555555555555556,2.930924045783364,-0.6121634244918823,1.0,0.6815357804298401,0.6666666666666666,0.2333333333333333,5,玛卡,一捧玛卡摩托芬妮景区商家14000元
724,一捧玛卡磨成粉景区商家要4000元,5,False,True,0.5,0.058823529411764705,0.2222222222222222,2.7333333333333334,-0.6526698470115662,1.0,0.6815357804298401,0.6666666666666666,0.2333333333333333,5,玛卡,一捧玛卡磨成粉底景区商家要4000元
724,一捧玛卡磨成粉景区商家要4000元,6,False,False,0.0,0.29411764705882354,0.5555555555555556,1.0,-0.447668194770813,0.0,0.7951250771681466,0.0,0.0,0,,一捧马卡摩城坟景区商家要400元
724,一捧玛卡磨成粉景区商家要4000元,7,False,False,0.0,0.17647058823529413,0.4444444444444444,0.4839491800356869,-0.5534594655036926,0.0,0.7951250771681466,0.0,0.0,0,,一捧马卡磨成粉底景区商家要400元
725,兰州市中心城区的一些楼盘,1,True,False,1.0,0.16666666666666666,0.0,3.4382723655849667,-0.6220533847808838,2.0,0.6884017586708069,0.8,0.27999999999999997,5,兰州市;新城,兰州市钟新城区的一些楼盘
725,兰州市中心城区的一些楼盘,2,False,False,1.0,0.16666666666666666,0.0,3.0488009082568754,-1.1317877769470215,2.0,0.6884017586708069,0.8,0.27999999999999997,5,兰州市;新城,兰州市钟新城区的一些楼盘
725,兰州市中心城区的一些楼盘,3,False,False,1.0,0.16666666666666666,0.0,2.930792282817722,-1.3366883993148804,2.0,0.6884017586708069,0.8,0.27999999999999997,5,兰州市,兰州市钟欣城区的一些楼盘
725,兰州市中心城区的一些楼盘,4,False,True,1.0,0.0,0.0,2.8532303364634477,-0.2667236924171448,1.0,0.6884017586708069,0.8,0.27999999999999997,5,兰州市,兰州市中心城区的一些楼盘
725,兰州市中心城区的一些楼盘,5,False,False,1.0,0.25,0.0,2.7414507293515125,-1.5340430736541748,2.0,0.6884017586708069,0.8,0.27999999999999997,5,兰州市;新城,兰州市钟新城去的一些楼盘
725,兰州市中心城区的一些楼盘,6,False,False,0.0,0.08333333333333333,0.3333333333333333,1.0,-0.22525809705257416,0.0,0.6776760816574097,0.0,0.0,0,,蓝州市中心城区的一些楼盘
726,而在兰州市新开楼盘集中的城郊区域,1,True,True,1.0,0.0,0.0,3.690909090909091,-0.23266740143299103,1.0,0.6875849962234497,0.5454545454545454,0.1909090909090909,7,兰州市,而在兰州市新开楼盘集中的城郊区域
726,而在兰州市新开楼盘集中的城郊区域,2,False,False,1.0,0.0625,0.0,3.680228274019124,-0.2352970689535141,1.0,0.6875849962234497,0.5454545454545454,0.1909090909090909,7,兰州市,而在兰州市新开楼盘集中的城郊区
726,而在兰州市新开楼盘集中的城郊区域,3,False,False,1.0,0.125,0.0,3.4863201296254025,-0.2830381691455841,1.0,0.6875849962234497,0.5454545454545454,0.1909090909090909,7,兰州市,而在兰州市新开楼盘集中的成交区域
726,而在兰州市新开楼盘集中的城郊区域,4,False,False,1.0,0.0625,0.0,3.3760695074291145,-0.3101823925971985,1.0,0.6875849962234497,0.5454545454545454,0.1909090909090909,7,兰州市,而在兰州市新开楼盘集中的成郊区域
726,而在兰州市新开楼盘集中的城郊区域,5,False,False,1.0,0.125,0.0,3.3215789058446945,-0.3235982358455658,1.0,0.6875849962234497,0.5454545454545454,0.1909090909090909,7,兰州市,而在兰州市新开楼盘集中的撑娇区域
726,而在兰州市新开楼盘集中的城郊区域,6,False,False,1.0,0.0625,0.0,3.2362342922297853,-0.3446104824542999,1.0,0.6875849962234497,0.5454545454545454,0.1909090909090909,7,兰州市,而在兰州市新开楼盘集中的撑郊区域
726,而在兰州市新开楼盘集中的城郊区域,7,False,False,1.0,0.0625,0.6666666666666666,3.061350668249689,-0.3876676559448242,1.0,0.6875849962234497,0.5454545454545454,0.1909090909090909,7,兰州市,在兰州市新开楼盘集中的城郊区域
726,而在兰州市新开楼盘集中的城郊区域,8,False,False,0.0,0.1875,1.0,0.6505373666085662,-0.318706750869751,0.0,0.7735331207513809,0.0,0.0,0,,蓝州市新开楼盘集中的城郊区域
726,而在兰州市新开楼盘集中的城郊区域,9,False,False,0.0,0.0625,0.3333333333333333,0.6011941641586249,-0.33085528016090393,0.0,0.0,0.0,0.0,0,,而在南州市新开楼盘集中的城郊区域
726,而在兰州市新开楼盘集中的城郊区域,10,False,False,0.0,0.3125,1.0,0.27955470954519707,-0.41004443168640137,0.0,0.0,0.0,0.0,0,,新开楼盘集中的城郊区域
726,而在兰州市新开楼盘集中的城郊区域,11,False,False,0.0,0.375,1.0,0.1524058165707057,-0.4413490891456604,0.0,0.0,0.0,0.0,0,,新开楼盘集中的城郊区
726,而在兰州市新开楼盘集中的城郊区域,12,False,False,0.0,0.25,1.0,0.0,-0.4788721203804016,0.0,0.0,0.0,0.0,0,,在新开楼盘集中的城郊区域
727,在兰州市北岸由广东房企开发的1个大型楼盘里,1,True,True,1.0,0.047619047619047616,0.0,3.85,-0.3155651092529297,2.0,0.6890338063240051,1.0,0.35,6,兰州市;广东,在兰州市北岸由广东房企开发的1个大兴楼盘里
727,在兰州市北岸由广东房企开发的1个大型楼盘里,2,False,False,1.0,0.047619047619047616,0.0,3.4413213541264374,-0.40828239917755127,2.0,0.6890338063240051,1.0,0.35,6,兰州市;广东,在兰州市北岸由广东房起开发的1个大型楼盘里
727,在兰州市北岸由广东房企开发的1个大型楼盘里,3,False,False,1.0,0.047619047619047616,0.0,2.85,-0.5424360036849976,2.0,0.6890338063240051,1.0,0.35,6,兰州市;广东,在兰州市北岸由广东房企开发的1个大境楼盘里
727,在兰州市北岸由广东房企开发的1个大型楼盘里,4,False,False,0.5,0.047619047619047616,0.2,1.1769702663663195,-0.35482051968574524,1.0,0.6879692077636719,1.0,0.35,6,广东,在蓝州市北岸由广东房企开发的1个大型楼盘里
727,在兰州市北岸由广东房企开发的1个大型楼盘里,5,False,False,0.5,0.047619047619047616,0.2,0.9561876455167826,-0.4049096703529358,1.0,0.6879692077636719,1.0,0.35,6,广东,在南州市北岸由广东房企开发的1个大型楼盘里
727,在兰州市北岸由广东房企开发的1个大型楼盘里,6,False,False,0.5,0.14285714285714285,1.0,0.4053616645412218,-0.5298760533332825,1.0,0.6879692077636719,1.0,0.35,6,广东,在北岸由广东房企开发的1个大型楼盘里
728,今兰州市商品房销售面积同比上涨超过30,1,True,False,1.0,0.05263157894736842,0.0,3.85,-0.23275622725486755,1.0,0.6867047548294067,1.0,0.35,5,兰州市,近兰州市商品房销售面积同比上涨超过30
728,今兰州市商品房销售面积同比上涨超过30,2,False,False,1.0,0.05263157894736842,0.0,3.70721127437785,-0.2573067843914032,1.0,0.6867047548294067,1.0,0.35,5,兰州市,经兰州市商品房销售面积同比上涨超过30
728,今兰州市商品房销售面积同比上涨超过30,3,False,True,1.0,0.0,0.0,3.6930689886662385,-0.25973835587501526,1.0,0.6867047548294067,1.0,0.35,5,兰州市,今兰州市商品房销售面积同比上涨超过30
728,今兰州市商品房销售面积同比上涨超过30,4,False,False,1.0,0.05263157894736842,0.0,3.604734736376112,-0.27492621541023254,1.0,0.6867047548294067,1.0,0.35,5,兰州市,京兰州市商品房销售面积同比上涨超过30
728,今兰州市商品房销售面积同比上涨超过30,5,False,False,1.0,0.05263157894736842,0.6666666666666666,2.85,-0.40469247102737427,1.0,0.6867047548294067,1.0,0.35,5,兰州市,今年兰州市商品房销售面积同比上涨超过30
729,吴显亭称将加强和证监会等相关部门的配合和协作,1,True,True,1.0,0.045454545454545456,0.0,2.5,-0.6194765567779541,1.0,0.6914991736412048,0.0,0.0,0,,吴显亭称将加强和政监会等相关部门的配合和协作
729,吴显亭称将加强和证监会等相关部门的配合和协作,2,False,False,0.0,0.09090909090909091,0.3333333333333333,1.0,-0.44943922758102417,0.0,0.7779365703463554,0.0,0.0,0,,吴宪亭称将加强和政监会等相关部门的配合和协作
729,吴显亭称将加强和证监会等相关部门的配合和协作,3,False,False,0.0,0.09090909090909091,0.3333333333333333,0.3915393306045073,-0.5529002547264099,0.0,0.7779365703463554,0.0,0.0,0,,吴衔亭称将加强和政监会等相关部门的配合和协作
730,而针对浙江广东民间借贷丰沛的特点,1,True,False,1.0,0.125,0.0,3.85,-0.27083268761634827,1.0,0.6643624901771545,1.0,0.35,3,广东,而针对浙江广东民间接待丰沛的特点
730,而针对浙江广东民间借贷丰沛的特点,2,False,True,1.0,0.0625,0.0,3.7617859818972383,-0.2789444029331207,1.0,0.6643624901771545,1.0,0.35,3,广东,而针对浙江广东民间借代丰沛的特点
730,而针对浙江广东民间借贷丰沛的特点,3,False,False,1.0,0.125,0.0,2.85,-0.3627876341342926,1.0,0.6643624901771545,1.0,0.35,3,广东,而针对浙江广东民间届代丰沛的特点
731,或许是受好莱坞艳照门的影响,1,True,True,1.0,0.0,0.0,1.0,-0.4838024079799652,0.0,0.7496901601552963,0.0,0.0,0,,或许是受好莱坞艳照门的影响
731,或许是受好莱坞艳照门的影响,2,False,False,0.0,0.23076923076923078,0.6666666666666666,0.18465761272359865,-0.7089439630508423,0.0,0.7496901601552963,0.0,0.0,0,,或许是受郝莱呜艳赵门的影响
731,或许是受好莱坞艳照门的影响,3,False,False,0.0,0.15384615384615385,0.6666666666666666,0.14665160134517247,-0.7194386124610901,0.0,0.7496901601552963,0.0,0.0,0,,或许是受郝莱呜艳照门的影响
731,或许是受好莱坞艳照门的影响,4,False,False,0.0,0.15384615384615385,0.6666666666666666,0.019582471572552117,-0.7545263767242432,0.0,0.7496901601552963,0.0,0.0,0,,或许是受郝莱午艳照门的影响
731,或许是受好莱坞艳照门的影响,5,False,False,0.0,0.23076923076923078,0.6666666666666666,0.0,-0.7599337100982666,0.0,0.7496901601552963,0.0,0.0,0,,或许是受郝莱午艳赵门的影响
732,就让业界讨论它会带给中国移动支付市场怎样的影响,1,True,False,0.0,0.08695652173913043,0.5,1.0,-0.1515461653470993,0.0,0.6838425993919373,0.0,0.0,0,,就让业界讨论它会带给中国一幢支付市场怎样的影响
732,就让业界讨论它会带给中国移动支付市场怎样的影响,2,False,False,0.0,0.08695652173913043,0.5,0.9304506543617744,-0.15954069793224335,0.0,0.7522268593311311,0.0,0.0,0,,就让业界讨论它会带给中国一栋支付市场怎样的影响
732,就让业界讨论它会带给中国移动支付市场怎样的影响,3,False,False,0.0,0.13043478260869565,0.5,0.5575240099014714,-0.20240773260593414,0.0,0.7522268593311311,0.0,0.0,0,,就让业界讨论他会带给中国一栋支付市场怎样的影响
732,就让业界讨论它会带给中国移动支付市场怎样的影响,4,False,False,0.0,0.13043478260869565,0.5,0.5311141229491037,-0.20544348657131195,0.0,0.6838425993919373,0.0,0.0,0,,就让业界讨论他会带给中国一幢支付市场怎样的影响
732,就让业界讨论它会带给中国移动支付市场怎样的影响,5,False,False,0.0,0.08695652173913043,0.5,0.4333341759565881,-0.2166830599308014,0.0,0.6838425993919373,0.0,0.0,0,,就让业界讨论它会带给中国一种支付市场怎样的影响
732,就让业界讨论它会带给中国移动支付市场怎样的影响,6,False,True,0.0,0.043478260869565216,0.25,0.0,-0.2664937973022461,0.0,0.7522268593311311,0.0,0.0,0,,就让业界讨论它会带给中国一动支付市场怎样的影响
734,这对于苹果来说不是件容易的事儿,1,True,False,1.0,0.06666666666666667,1.0,3.85,-0.5038274526596069,1.0,0.6741481423377991,1.0,0.35,3,苹果,这对苹果来说不是件容易的事儿
734,这对于苹果来说不是件容易的事儿,2,False,True,1.0,0.0,0.0,3.5193693852749655,-0.5306167602539062,1.0,0.6741481423377991,1.0,0.35,3,苹果,这对于苹果来说不是件容易的事儿
734,这对于苹果来说不是件容易的事儿,3,False,False,1.0,0.13333333333333333,1.0,2.85,-0.5848523378372192,1.0,0.6741481423377991,1.0,0.35,3,苹果,这对苹果来说不是件容易的事
735,最终促使苹果成为主流标准但中国市场有其特殊性,1,True,True,1.0,0.0,0.0,3.85,-0.2502894401550293,1.0,0.6525224447250366,1.0,0.35,5,苹果,最终促使苹果成为主流标准但中国市场有其特殊性
735,最终促使苹果成为主流标准但中国市场有其特殊性,2,False,False,1.0,0.09090909090909091,0.0,3.1838613669945564,-0.32914286851882935,1.0,0.6525224447250366,1.0,0.35,5,苹果,最终促使苹果成为主流标准但中国时尚有其特殊性
735,最终促使苹果成为主流标准但中国市场有其特殊性,3,False,False,1.0,0.045454545454545456,0.0,3.157847820564561,-0.33222219347953796,1.0,0.6525224447250366,1.0,0.35,5,苹果,最终促使苹果成为主流标准但中国市场有特殊性
735,最终促使苹果成为主流标准但中国市场有其特殊性,4,False,False,1.0,0.09090909090909091,0.0,2.8538796878827606,-0.3682040870189667,1.0,0.6525224447250366,1.0,0.35,5,苹果,最终促使苹果成为主流标准但中国时尝有其特殊性
735,最终促使苹果成为主流标准但中国市场有其特殊性,5,False,False,1.0,0.09090909090909091,0.0,2.85,-0.36866334080696106,1.0,0.6525224447250366,1.0,0.35,5,苹果,最终促使苹果成为主流标准但中国时常有其特殊性
736,首先银联和苹果的合作谈判不会顺利,1,True,True,1.0,0.0625,0.0,3.5,-0.4472711682319641,1.0,0.6539125442504883,0.0,0.0,0,,首先银联合苹果的合作谈判不会顺利
736,首先银联和苹果的合作谈判不会顺利,2,False,False,0.0,0.1875,0.5,0.0,-0.5701131820678711,0.0,0.6597264409065247,0.0,0.0,0,,首先因联合苹国的合作谈判不会顺利
737,这个在美的空调的南沙工厂武汉工厂已全面试点,1,True,False,1.0,0.09523809523809523,0.0,3.121854901168308,-0.5152485966682434,1.0,0.6776654124259949,0.7777777777777778,0.2722222222222222,8,南沙,这个在美地空调的南沙工厂武汉工厂一全面试点
737,这个在美的空调的南沙工厂武汉工厂已全面试点,2,False,False,1.0,0.14285714285714285,0.0,3.084639693138292,-0.5249758362770081,1.0,0.6776654124259949,0.7777777777777778,0.2722222222222222,8,南沙,这个在美地空调的南沙工厂武汉工厂一圈面试点
737,这个在美的空调的南沙工厂武汉工厂已全面试点,3,False,True,1.0,0.047619047619047616,0.0,2.9967193456692556,-0.5479562878608704,1.0,0.6776654124259949,0.7777777777777778,0.2722222222222222,8,南沙,这个在美地空调的南沙工厂武汉工厂已全面试点
737,这个在美的空调的南沙工厂武汉工厂已全面试点,4,False,False,1.0,0.09523809523809523,0.0,2.9815441990139124,-0.5519227385520935,1.0,0.6776654124259949,0.7777777777777778,0.2722222222222222,8,南沙,这个在美地空调的南沙工厂武汉工厂与全面试点
737,这个在美的空调的南沙工厂武汉工厂已全面试点,5,False,False,1.0,0.09523809523809523,0.0,2.9439080292322384,-0.5617600083351135,1.0,0.6776654124259949,0.7777777777777778,0.2722222222222222,8,南沙,这个在美地空调的南沙工厂武汉工厂以全面试点
737,这个在美的空调的南沙工厂武汉工厂已全面试点,6,False,False,1.0,0.14285714285714285,0.0,2.9287830513663664,-0.5657133460044861,1.0,0.6776654124259949,0.7777777777777778,0.2722222222222222,8,南沙,这个在美地空调的南沙工厂武汉工厂一群面试点
737,这个在美的空调的南沙工厂武汉工厂已全面试点,7,False,False,1.0,0.09523809523809523,0.0,2.8025041035472666,-0.5987198948860168,1.0,0.6776654124259949,0.7777777777777778,0.2722222222222222,8,南沙,这个在美地空调的南沙工厂武汉工厂全面试点
737,这个在美的空调的南沙工厂武汉工厂已全面试点,8,False,False,1.0,0.09523809523809523,0.0,2.772222222222222,-0.6066349148750305,1.0,0.6776654124259949,0.7777777777777778,0.2722222222222222,8,南沙,这个在美地空调的南沙工厂武汉工厂业全面试点
737,这个在美的空调的南沙工厂武汉工厂已全面试点,9,False,False,0.0,0.19047619047619047,0.5,1.0,-0.34525683522224426,0.0,0.0,0.0,0.0,0,,这个在美帝空调的燃沙工厂武汉工场一全面试点
737,这个在美的空调的南沙工厂武汉工厂已全面试点,10,False,False,0.0,0.23809523809523808,0.5,0.9708803242910552,-0.35286808013916016,0.0,0.0,0.0,0.0,0,,这个在美帝空调的燃沙工厂武汉工场一圈面试点
738,广东东莞顺德等城市已经掀起大量机器换人计划,1,True,True,1.0,0.047619047619047616,0.0,3.85,-0.28051701188087463,1.0,0.6831377148628235,1.0,0.35,5,广东,广东东湾顺德等城市已经掀起大量机器换人计划
738,广东东莞顺德等城市已经掀起大量机器换人计划,2,False,False,1.0,0.047619047619047616,0.0,3.272634406291633,-0.32055559754371643,1.0,0.6831377148628235,1.0,0.35,5,广东,广东东腕顺德等城市已经掀起大量机器换人计划
738,广东东莞顺德等城市已经掀起大量机器换人计划,3,False,False,1.0,0.047619047619047616,0.0,3.062521810133654,-0.33512628078460693,1.0,0.6831377148628235,1.0,0.35,5,广东,广东东万顺德等城市已经掀起大量机器换人计划
738,广东东莞顺德等城市已经掀起大量机器换人计划,4,False,False,1.0,0.09523809523809523,0.0,2.919012419957884,-0.3450782299041748,1.0,0.6831377148628235,1.0,0.35,5,广东,广东东湾顺德等城市已经掀起大量机器人计划
738,广东东莞顺德等城市已经掀起大量机器换人计划,5,False,False,1.0,0.19047619047619047,0.0,2.85,-0.34986403584480286,1.0,0.6831377148628235,1.0,0.35,5,广东,广东东湾顺德等城市已经掀起大量机器化人际化
739,美的集团对项目在一定年限内有投入产出的规定,1,True,True,1.0,0.0,0.0,2.5,-0.3839525878429413,1.0,0.6710054874420166,0.0,0.0,0,,美的集团对项目在一定年限内有投入产出的规定
739,美的集团对项目在一定年限内有投入产出的规定,2,False,False,0.0,0.047619047619047616,0.25,1.0,-0.2670363187789917,0.0,0.7381060361862183,0.0,0.0,0,,美的基团对项目在一定年限内有投入产出的规定
740,高工机器人董事长张小飞表示,1,True,True,1.0,0.23076923076923078,0.0,1.0,-0.4758279323577881,0.0,0.7717684954404831,0.0,0.0,0,,高宫机器人总市长张小飞表示
740,高工机器人董事长张小飞表示,2,False,False,0.0,0.15384615384615385,0.3333333333333333,0.9915785569838149,-0.4761148691177368,0.0,0.7717684954404831,0.0,0.0,0,,高宫机器人董事长张晓飞表示
740,高工机器人董事长张小飞表示,3,False,False,0.0,0.3076923076923077,0.3333333333333333,0.49758762569187387,-0.49294620752334595,0.0,0.7717684954404831,0.0,0.0,0,,高宫集体人董事长张晓飞表示
740,高工机器人董事长张小飞表示,4,False,False,0.0,0.46153846153846156,0.3333333333333333,0.0,-0.5099000930786133,0.0,0.7717684954404831,0.0,0.0,0,,高宫集体人总市长张晓飞表示
741,在队长惠若琪因为身体原因无缘世界杯的情况下,1,True,True,1.0,0.047619047619047616,0.0,1.0,-0.34893107414245605,0.0,0.76634231954813,0.0,0.0,0,,在队长惠若琪因为身体原因无冤世界杯的情况下
741,在队长惠若琪因为身体原因无缘世界杯的情况下,2,False,False,0.0,0.23809523809523808,0.6666666666666666,0.8983116327124466,-0.40144187211990356,0.0,0.76634231954813,0.0,0.0,0,,在队长慧若奇因为身体原因无冤事结杯的情况下
741,在队长惠若琪因为身体原因无缘世界杯的情况下,3,False,False,0.0,0.09523809523809523,0.3333333333333333,0.5068608497390859,-0.6035829186439514,0.0,0.0,0.0,0.0,0,,在队长惠如琪因为身体原因无冤世界杯的情况下
741,在队长惠若琪因为身体原因无缘世界杯的情况下,4,False,False,0.0,0.19047619047619047,0.3333333333333333,0.4515530940626487,-0.6321432590484619,0.0,0.0,0.0,0.0,0,,在队长惠如琪因为身体原因无冤事结杯的情况下
741,在队长惠若琪因为身体原因无缘世界杯的情况下,5,False,False,0.0,0.23809523809523808,0.3333333333333333,0.323441114449609,-0.6982989311218262,0.0,0.0,0.0,0.0,0,,在队长惠如琪因为身体原因无冤事结碑的情况下
741,在队长惠若琪因为身体原因无缘世界杯的情况下,6,False,False,0.0,0.19047619047619047,1.0,0.23542562154177196,-0.74374920129776,0.0,0.0,0.0,0.0,0,,在队长因为身体原因无冤世界杯的情况下
741,在队长惠若琪因为身体原因无缘世界杯的情况下,7,False,False,0.0,0.14285714285714285,1.0,0.21681287071148556,-0.7533606290817261,0.0,0.0,0.0,0.0,0,,在队长因为身体原因无缘世界杯的情况下
741,在队长惠若琪因为身体原因无缘世界杯的情况下,8,False,False,0.0,0.2857142857142857,1.0,0.13850029843331454,-0.793800413608551,0.0,0.0,0.0,0.0,0,,在队长因为身体原因无冤事结杯的情况下
741,在队长惠若琪因为身体原因无缘世界杯的情况下,9,False,False,0.0,0.3333333333333333,1.0,0.0,-0.8653205037117004,0.0,0.0,0.0,0.0,0,,在队长因为身体原因无冤事结碑的情况下
742,徐建德统领的中国青年队八战全胜夺得冠军,1,True,True,1.0,0.05263157894736842,0.0,3.431316438477915,-0.3157259225845337,1.0,0.679535448551178,0.45454545454545453,0.1590909090909091,6,徐建德,徐建德统领的中国青年队八战前胜夺得冠军
742,徐建德统领的中国青年队八战全胜夺得冠军,2,False,False,1.0,0.10526315789473684,0.0,3.2770151745252027,-0.36036795377731323,1.0,0.679535448551178,0.45454545454545453,0.1590909090909091,6,徐建德,徐建德通领的中国青年队八战前胜夺得冠军
742,徐建德统领的中国青年队八战全胜夺得冠军,3,False,False,1.0,0.10526315789473684,0.0,3.2663958621089684,-0.36344030499458313,1.0,0.679535448551178,0.45454545454545453,0.1590909090909091,6,徐建德,徐建德统领的中国青年队八战前胜多得冠军
742,徐建德统领的中国青年队八战全胜夺得冠军,4,False,False,1.0,0.10526315789473684,0.0,3.1452623992794457,-0.39848631620407104,1.0,0.679535448551178,0.45454545454545453,0.1590909090909091,6,徐建德,徐建德统领的中国青年队8战前胜夺得冠军
742,徐建德统领的中国青年队八战全胜夺得冠军,5,False,False,1.0,0.15789473684210525,0.0,2.9954670629346065,-0.44182470440864563,1.0,0.679535448551178,0.45454545454545453,0.1590909090909091,6,徐建德,徐建德通领的中国青年队8战前胜夺得冠军
742,徐建德统领的中国青年队八战全胜夺得冠军,6,False,False,1.0,0.2631578947368421,0.0,2.659090909090909,-0.5391441583633423,1.0,0.679535448551178,0.45454545454545453,0.1590909090909091,6,徐建德,徐建德中国青年队8战前胜夺得冠军
742,徐建德统领的中国青年队八战全胜夺得冠军,7,False,False,0.0,0.10526315789473684,0.3333333333333333,1.0,-0.2498268187046051,0.0,0.7644773796200752,0.0,0.0,0,,徐健德统领的中国青年队八战前胜夺得冠军
742,徐建德统领的中国青年队八战全胜夺得冠军,8,False,False,0.0,0.15789473684210525,0.3333333333333333,0.9164051179459488,-0.2740122675895691,0.0,0.7644773796200752,0.0,0.0,0,,徐健德通领的中国青年队八战前胜夺得冠军
742,徐建德统领的中国青年队八战全胜夺得冠军,9,False,False,0.0,0.15789473684210525,0.3333333333333333,0.8423184920207596,-0.29544681310653687,0.0,0.7644773796200752,0.0,0.0,0,,徐健德统领的中国青年队八战前胜多得冠军
742,徐建德统领的中国青年队八战全胜夺得冠军,10,False,False,0.0,0.21052631578947367,0.3333333333333333,0.7528903069352224,-0.32131993770599365,0.0,0.7644773796200752,0.0,0.0,0,,徐健德通领的中国青年队八战前胜多得冠军
742,徐建德统领的中国青年队八战全胜夺得冠军,11,False,False,0.0,0.15789473684210525,0.3333333333333333,0.6683111728112804,-0.34579014778137207,0.0,0.7644773796200752,0.0,0.0,0,,徐健德统领的中国青年队8战前胜夺得冠军
742,徐建德统领的中国青年队八战全胜夺得冠军,12,False,False,0.0,0.21052631578947367,0.3333333333333333,0.595009064286854,-0.36699771881103516,0.0,0.7644773796200752,0.0,0.0,0,,徐健德通领的中国青年队8战前胜夺得冠军
743,还与巴西队的加比一起入选最佳主攻,1,True,True,1.0,0.0,0.0,3.210232725128998,-0.4443531036376953,1.0,0.6885188817977905,0.1111111111111111,0.03888888888888888,2,巴西队,还与巴西队的加比一起入选最佳主攻
743,还与巴西队的加比一起入选最佳主攻,2,False,False,1.0,0.0625,0.0,3.0550764738262775,-0.5092425346374512,1.0,0.6885188817977905,0.1111111111111111,0.03888888888888888,2,巴西队,还与巴西队的嘉比一起入选最佳主攻
743,还与巴西队的加比一起入选最佳主攻,3,False,False,0.0,0.125,0.3333333333333333,1.0,-0.30690255761146545,0.0,0.0,0.0,0.0,0,,还与巴西的嘉比一起入选最佳主攻
743,还与巴西队的加比一起入选最佳主攻,4,False,False,0.0,0.0625,0.3333333333333333,0.9198322170583315,-0.3404303193092346,0.0,0.0,0.0,0.0,0,,还与巴西的加比一起入选最佳主攻
743,还与巴西队的加比一起入选最佳主攻,5,False,False,0.0,0.125,0.3333333333333333,0.7751724828906678,-0.40092989802360535,0.0,0.0,0.0,0.0,0,,还与巴西加比一起入选最佳主攻
743,还与巴西队的加比一起入选最佳主攻,6,False,False,0.0,0.125,0.3333333333333333,0.7670706558643257,-0.404318243265152,0.0,0.0,0.0,0.0,0,,还与巴西的家比一起入选最佳主攻
743,还与巴西队的加比一起入选最佳主攻,7,False,False,0.0,0.125,0.3333333333333333,0.7634883476823525,-0.4058164358139038,0.0,0.0,0.0,0.0,0,,还与巴西的迦比一起入选最佳主攻
743,还与巴西队的加比一起入选最佳主攻,8,False,False,0.0,0.1875,0.3333333333333333,0.7300004539257846,-0.41982173919677734,0.0,0.0,0.0,0.0,0,,还与巴西的嘉比一起入选最佳主宫
743,还与巴西队的加比一起入选最佳主攻,9,False,False,0.0,0.1875,0.3333333333333333,0.6182603155347157,-0.4665536880493164,0.0,0.0,0.0,0.0,0,,还与巴西的嘉宾一起入选最佳主攻
743,还与巴西队的加比一起入选最佳主攻,10,False,False,0.0,0.25,1.0,0.0,-0.7251224517822266,0.0,0.0,0.0,0.0,0,,还与加比一起入选最佳主攻
744,去年6月下旬举行的中国国际精英赛北仑站,1,True,True,1.0,0.0,0.0,1.0,-0.35358726978302,0.0,0.7731079235672951,0.0,0.0,0,,去年6月下旬举行的中国国际精英赛北仑站
744,去年6月下旬举行的中国国际精英赛北仑站,2,False,False,0.0,0.10526315789473684,0.3333333333333333,0.292455826705628,-0.3941495418548584,0.0,0.7731079235672951,0.0,0.0,0,,去年6月下旬举行的中国国际菁英赛北伦站
744,去年6月下旬举行的中国国际精英赛北仑站,3,False,False,0.0,0.15789473684210525,0.3333333333333333,0.0,-0.4109155237674713,0.0,0.7731079235672951,0.0,0.0,0,,去年6月下旬举行的中国国际经营赛北伦站
745,当时郎平率队三战全胜名列第一,1,True,True,1.0,0.07142857142857142,0.0,3.85,-0.6239851117134094,1.0,0.6862679719924927,1.0,0.35,3,郎平,当时郎平掠队三战全胜名列第一
745,当时郎平率队三战全胜名列第一,2,False,False,1.0,0.07142857142857142,0.0,3.4877133925781334,-0.7046971321105957,1.0,0.6862679719924927,1.0,0.35,3,郎平,当时郎平猎队三战全胜名列第一
745,当时郎平率队三战全胜名列第一,3,False,False,1.0,0.07142857142857142,0.0,2.85,-0.8467701077461243,1.0,0.6862679719924927,1.0,0.35,3,郎平,当时郎平略队三战全胜名列第一
746,中国队三比二力克美国队收获分站赛九连胜,1,True,False,0.0,0.2631578947368421,0.625,1.0,-0.43012189865112305,0.0,0.0,0.0,0.0,0,,中国队3比2立克美队收获分战赛九连胜
746,中国队三比二力克美国队收获分站赛九连胜,2,False,True,0.0,0.15789473684210525,0.25,0.2969879122943922,-0.685021698474884,0.0,0.6818560361862183,0.0,0.0,0,,中国队3比2力克美国队收获分战赛九连胜
746,中国队三比二力克美国队收获分站赛九连胜,3,False,False,0.0,0.21052631578947367,0.5,0.20848682494172813,-0.7171106338500977,0.0,0.0,0.0,0.0,0,,中国队3比2力克美队收获分战赛九连胜
746,中国队三比二力克美国队收获分站赛九连胜,4,False,False,0.0,0.21052631578947367,0.25,0.19628996487494993,-0.7215330004692078,0.0,0.6818560361862183,0.0,0.0,0,,中国队3比2力克美国队收获分战赛久连胜
746,中国队三比二力克美国队收获分站赛九连胜,5,False,False,0.0,0.21052631578947367,0.375,0.13586491675410806,-0.7434420585632324,0.0,0.0,0.0,0.0,0,,中国队3比2力克美国团收获分战赛九连胜
746,中国队三比二力克美国队收获分站赛九连胜,6,False,False,0.0,0.21052631578947367,0.25,0.0,-0.7927042841911316,0.0,0.6818560361862183,0.0,0.0,0,,中国队3比2力克美国队收获分战赛九联胜
747,赛后主攻朱婷获最有价值球员和最受欢迎球员,1,True,False,1.0,0.25,0.0,3.85,-0.626053512096405,1.0,0.6767561435699463,1.0,0.35,8,赛后主,赛后主公朱庭祸最有价值球员和最受欢迎
747,赛后主攻朱婷获最有价值球员和最受欢迎球员,2,False,True,1.0,0.15,0.0,3.7732766812467813,-0.6487492918968201,1.0,0.6767561435699463,1.0,0.35,8,赛后主,赛后主公朱廷霍最有价值球员和最受欢迎球员
747,赛后主攻朱婷获最有价值球员和最受欢迎球员,3,False,False,1.0,0.15,0.0,3.5917343082424797,-0.7024519443511963,1.0,0.6767561435699463,1.0,0.35,8,赛后主,赛后主公朱廷和最有价值球员和最受欢迎球员
747,赛后主攻朱婷获最有价值球员和最受欢迎球员,4,False,False,1.0,0.3,0.0,3.4971628419052965,-0.7304274439811707,1.0,0.6767561435699463,1.0,0.35,8,赛后主,赛后主公朱庭祸最有价值球员最受欢迎
747,赛后主攻朱婷获最有价值球员和最受欢迎球员,5,False,False,1.0,0.15,0.0,3.4749487197466657,-0.7369986772537231,1.0,0.6767561435699463,1.0,0.35,8,赛后主,赛后主公朱庭和最有价值球员和最受欢迎球员
747,赛后主攻朱婷获最有价值球员和最受欢迎球员,6,False,False,1.0,0.25,0.0,3.3094075992298086,-0.7859679460525513,1.0,0.6767561435699463,1.0,0.35,8,赛后主,赛后主公朱庭霍最有价值球员和最受欢迎
747,赛后主攻朱婷获最有价值球员和最受欢迎球员,7,False,False,1.0,0.2,0.0,3.2331128584681132,-0.808536946773529,1.0,0.6767561435699463,1.0,0.35,8,赛后主,赛后主公朱廷霍最有价值球员最受欢迎球员
747,赛后主攻朱婷获最有价值球员和最受欢迎球员,8,False,False,1.0,0.3,0.0,2.85,-0.9218668341636658,1.0,0.6767561435699463,1.0,0.35,8,赛后主,赛后主公朱庭霍最有价值球员最受欢迎
748,主教练郎平获得最佳教练,1,True,True,1.0,0.0,0.0,3.85,-0.7757713198661804,1.0,0.667763888835907,1.0,0.35,3,郎平,主教练郎平获得最佳教练
748,主教练郎平获得最佳教练,2,False,False,1.0,0.09090909090909091,0.0,3.2245224443325546,-0.9957545399665833,1.0,0.667763888835907,1.0,0.35,3,郎平,朱教练郎平获得最佳教练
748,主教练郎平获得最佳教练,3,False,False,1.0,0.5454545454545454,0.0,2.85,-1.1274757385253906,1.0,0.667763888835907,1.0,0.35,3,郎平,主教练郎平
749,由郎平挂帅的中国女排在名古屋赛区,1,True,True,1.0,0.0625,0.0,2.85,-0.8273943066596985,2.0,0.6832134127616882,1.0,0.35,4,名古屋,有郎平挂帅的中国女排在名古屋赛区
749,由郎平挂帅的中国女排在名古屋赛区,2,False,False,0.5,0.0625,0.2,1.35,-0.31995686888694763,1.0,0.6800681352615356,1.0,0.35,4,名古屋,由朗平挂帅的中国女排在名古屋赛区
749,由郎平挂帅的中国女排在名古屋赛区,3,False,False,0.5,0.125,0.2,1.1590108667084635,-0.41687190532684326,1.0,0.6800681352615356,1.0,0.35,4,名古屋,有朗平挂帅的中国女排在名古屋赛区
749,由郎平挂帅的中国女排在名古屋赛区,4,False,False,0.5,0.1875,0.2,0.965851445737669,-0.5148882269859314,1.0,0.6800681352615356,1.0,0.35,4,名古屋,有朗平挂帅的中国女排赛名古屋赛区
750,搜狐娱乐讯陈妍希传出和陈晓的恋情之后,1,True,True,1.0,0.05555555555555555,0.0,2.698475525326287,-0.7323439121246338,1.0,0.678703784942627,0.2,0.06999999999999999,2,陈妍希,搜狐娱乐训陈妍希传出和陈晓的恋情之后
750,搜狐娱乐讯陈妍希传出和陈晓的恋情之后,2,False,False,1.0,0.16666666666666666,0.0,2.57,-0.7668373584747314,1.0,0.678703784942627,0.2,0.06999999999999999,2,陈妍希,狩虎娱乐训陈妍希传出和陈晓的恋情之后
750,搜狐娱乐讯陈妍希传出和陈晓的恋情之后,3,False,False,0.0,0.16666666666666666,0.3333333333333333,1.0,-0.4983547329902649,0.0,0.7635417580604553,0.0,0.0,0,,搜狐娱乐训陈言希传出和陈小的恋情之后
750,搜狐娱乐讯陈妍希传出和陈晓的恋情之后,4,False,False,0.0,0.2777777777777778,0.3333333333333333,0.8382396199619438,-0.5417845845222473,0.0,0.7635417580604553,0.0,0.0,0,,瘦虎娱乐训陈言希传出和陈小的恋情之后
750,搜狐娱乐讯陈妍希传出和陈晓的恋情之后,5,False,False,0.0,0.1111111111111111,0.3333333333333333,0.8374062109617039,-0.5420083403587341,0.0,0.7635417580604553,0.0,0.0,0,,搜狐娱乐训陈言希传出和陈晓的恋情之后
750,搜狐娱乐讯陈妍希传出和陈晓的恋情之后,6,False,False,0.0,0.2222222222222222,0.3333333333333333,0.6571354484990313,-0.5904079079627991,0.0,0.7635417580604553,0.0,0.0,0,,瘦虎娱乐训陈言希传出和陈晓的恋情之后
751,陈妍希回到台北代言悠游卡,1,True,False,1.0,0.08333333333333333,0.0,2.5964468949780395,-0.8593084216117859,1.0,0.6887800693511963,0.16666666666666666,0.05833333333333333,2,陈妍希,陈妍希回到台北代言悠悠卡
751,陈妍希回到台北代言悠游卡,2,False,True,1.0,0.0,0.0,2.558333333333333,-0.8877198100090027,1.0,0.6887800693511963,0.16666666666666666,0.05833333333333333,2,陈妍希,陈妍希回到台北代言悠游卡
751,陈妍希回到台北代言悠游卡,3,False,False,0.0,0.16666666666666666,0.6666666666666666,1.0,-0.14227941632270813,0.0,0.7748775780200958,0.0,0.0,0,,陈延熙回到台北代言悠游卡
751,陈妍希回到台北代言悠游卡,4,False,False,0.0,0.25,0.6666666666666666,0.8813418106364538,-0.2307320237159729,0.0,0.7748775780200958,0.0,0.0,0,,陈延熙回到台北代言悠悠卡
751,陈妍希回到台北代言悠游卡,5,False,False,0.0,0.08333333333333333,0.3333333333333333,0.7202753435047271,-0.35079747438430786,0.0,0.7748775780200958,0.0,0.0,0,,陈言希回到台北代言悠游卡
751,陈妍希回到台北代言悠游卡,6,False,False,0.0,0.08333333333333333,0.3333333333333333,0.6976673050457427,-0.36765041947364807,0.0,0.7748775780200958,0.0,0.0,0,,陈岩希回到台北代言悠游卡
751,陈妍希回到台北代言悠游卡,7,False,False,0.0,0.08333333333333333,0.3333333333333333,0.5344446243965447,-0.4893231987953186,0.0,0.7748775780200958,0.0,0.0,0,,陈严希回到台北代言悠游卡
752,但陈妍希在出席活动时,1,True,True,1.0,0.0,0.0,2.5,-0.9949833154678345,1.0,0.6884785294532776,0.0,0.0,0,,但陈妍希在出席活动时
752,但陈妍希在出席活动时,2,False,False,0.0,0.2,0.6666666666666666,1.0,-0.07718253135681152,0.0,0.7745383456349373,0.0,0.0,0,,但陈延熙在出席活动时
752,但陈妍希在出席活动时,3,False,False,0.0,0.1,0.3333333333333333,0.695464654112165,-0.3566853106021881,0.0,0.7745383456349373,0.0,0.0,0,,但陈言希在出席活动时
752,但陈妍希在出席活动时,4,False,False,0.0,0.1,0.3333333333333333,0.5230125816478378,-0.5149619579315186,0.0,0.7745383456349373,0.0,0.0,0,,但陈严希在出席活动时
753,贵州都市报十月29日报道据台湾媒体报道艺人陈妍希认爱小4岁的大陆小生陈晓,1,True,False,0.0,0.1388888888888889,0.6666666666666666,2.9608294885655284,-0.4193146824836731,1.0,0.692470133304596,0.8571428571428571,0.3,7,陈妍希,贵州都市报10月29日报导据台湾媒体报道艺人陈妍希任恩爱小4岁的大陆小生陈晓
753,贵州都市报十月29日报道据台湾媒体报道艺人陈妍希认爱小4岁的大陆小生陈晓,2,False,True,1.0,0.08333333333333333,0.6666666666666666,2.9199768511867292,-0.42967477440834045,1.0,0.692470133304596,0.8571428571428571,0.3,7,陈妍希,贵州都市报10月29日报导据台湾媒体报道艺人陈妍希认爱小4岁的大陆小生陈晓
753,贵州都市报十月29日报道据台湾媒体报道艺人陈妍希认爱小4岁的大陆小生陈晓,3,False,False,0.0,0.1111111111111111,0.6666666666666666,2.9055620200577215,-0.43333032727241516,1.0,0.692470133304596,0.8571428571428571,0.3,7,陈妍希,贵州都市报10月29日报导据台湾媒体报道艺人陈妍希仍爱小4岁的大陆小生陈晓
753,贵州都市报十月29日报道据台湾媒体报道艺人陈妍希认爱小4岁的大陆小生陈晓,4,False,False,0.0,0.1388888888888889,0.6666666666666666,2.905400784542403,-0.4333712160587311,1.0,0.692470133304596,0.8571428571428571,0.3,7,陈妍希,贵州都市报10月29日报导据台湾媒体报道艺人陈妍希任艾小4岁的大陆小生陈晓
753,贵州都市报十月29日报道据台湾媒体报道艺人陈妍希认爱小4岁的大陆小生陈晓,5,False,False,0.0,0.1111111111111111,0.6666666666666666,2.8880177862046446,-0.4377794861793518,1.0,0.692470133304596,0.8571428571428571,0.3,7,陈妍希,贵州都市报10月29日报导据台湾媒体报道艺人陈妍希任爱小4岁的大陆小生陈晓
753,贵州都市报十月29日报道据台湾媒体报道艺人陈妍希认爱小4岁的大陆小生陈晓,6,False,False,0.0,0.1111111111111111,0.6666666666666666,2.8369057752928075,-0.45074132084846497,1.0,0.692470133304596,0.8571428571428571,0.3,7,陈妍希,贵州都市报10月29日报道据台湾媒体报道艺人陈妍希任恩爱小4岁的大陆小生陈晓
753,贵州都市报十月29日报道据台湾媒体报道艺人陈妍希认爱小4岁的大陆小生陈晓,7,False,False,0.0,0.1111111111111111,0.6666666666666666,2.8,-0.4601005017757416,1.0,0.692470133304596,0.8571428571428571,0.3,7,陈妍希,贵州都市报10月29日报道据台湾媒体报道艺人陈妍希任艾小4岁的大陆小生陈晓
753,贵州都市报十月29日报道据台湾媒体报道艺人陈妍希认爱小4岁的大陆小生陈晓,8,False,False,0.0,0.16666666666666666,1.0,1.0,-0.20650385320186615,0.0,0.7790288999676704,0.0,0.0,0,,贵州都市报10月29日报导据台湾媒体报道艺人陈延熙仍爱小4岁的大陆小生陈晓
754,游客踩敦煌千年古城遗址拍照反问踩了会掉吗,1,True,False,1.0,0.25,0.0,2.903968717746627,-0.6252723336219788,1.0,0.6826295256614685,0.3,0.105,4,敦煌,游客采敦煌千年古城遗址拍照反问财乐会吊马
754,游客踩敦煌千年古城遗址拍照反问踩了会掉吗,2,False,True,1.0,0.2,0.0,2.7189020811049187,-0.6620112061500549,1.0,0.6826295256614685,0.3,0.105,4,敦煌,游客采敦煌千年古城遗址拍照反问财了会吊马
754,游客踩敦煌千年古城遗址拍照反问踩了会掉吗,3,False,False,1.0,0.25,0.0,2.6845856555761975,-0.6688235998153687,1.0,0.6826295256614685,0.3,0.105,4,敦煌,游客采敦煌千年古城遗址拍照反问才乐会吊马
754,游客踩敦煌千年古城遗址拍照反问踩了会掉吗,4,False,False,1.0,0.25,0.0,2.605,-0.6846227049827576,1.0,0.6826295256614685,0.3,0.105,4,敦煌,游客采敦煌千年古城遗址拍照反问财乐会调码
754,游客踩敦煌千年古城遗址拍照反问踩了会掉吗,5,False,False,0.0,0.3,0.5,1.0,-0.48610571026802063,0.0,0.7964011132717131,0.0,0.0,0,,游客采敦皇千年古城遗址拍照反问财乐会吊马
754,游客踩敦煌千年古城遗址拍照反问踩了会掉吗,6,False,False,0.0,0.3,0.5,0.79487654112481,-0.5268262028694153,0.0,0.7964011132717131,0.0,0.0,0,,游客采敦皇千年古城遗址拍照反问才乐会吊马
754,游客踩敦煌千年古城遗址拍照反问踩了会掉吗,7,False,False,0.0,0.3,0.5,0.7058438326859202,-0.5445007085800171,0.0,0.7964011132717131,0.0,0.0,0,,游客采敦黄千年古城遗址拍照反问财乐会吊马
754,游客踩敦煌千年古城遗址拍照反问踩了会掉吗,8,False,False,0.0,0.25,0.5,0.5435757473399764,-0.5767136812210083,0.0,0.7964011132717131,0.0,0.0,0,,游客采敦黄千年古城遗址拍照反问财了会吊马
754,游客踩敦煌千年古城遗址拍照反问踩了会掉吗,9,False,False,0.0,0.3,0.5,0.4964152451725497,-0.5860758423805237,0.0,0.7964011132717131,0.0,0.0,0,,游客采敦黄千年古城遗址拍照反问才乐会吊马
754,游客踩敦煌千年古城遗址拍照反问踩了会掉吗,10,False,False,0.0,0.25,0.5,0.4220299123646531,-0.6008425951004028,0.0,0.7964011132717131,0.0,0.0,0,,游客踩敦黄千年古城遗址拍照反问财乐会吊马
754,游客踩敦煌千年古城遗址拍照反问踩了会掉吗,11,False,False,0.0,0.3,0.5,0.41212227664245904,-0.6028094291687012,0.0,0.7964011132717131,0.0,0.0,0,,游客采敦黄千年古城遗址拍照反问财乐会调码
755,在甘肃敦煌大方盘城遗址,1,True,True,0.5,0.45454545454545453,0.25,3.85,-0.9344281554222107,1.0,0.6880416870117188,1.0,0.35,12,甘肃,在甘肃郭煌大方排成一指
755,在甘肃敦煌大方盘城遗址,2,False,False,0.5,0.45454545454545453,0.25,3.8020453350433585,-0.9417070150375366,1.0,0.6880416870117188,1.0,0.35,12,甘肃,在甘肃郭煌大方拍成一纸
755,在甘肃敦煌大方盘城遗址,3,False,False,0.5,0.5454545454545454,0.5,3.7348458169500636,-0.9519069790840149,1.0,0.6880416870117188,1.0,0.35,12,甘肃,在甘肃郭黄大方排成一纸
755,在甘肃敦煌大方盘城遗址,4,False,False,0.5,0.5454545454545454,0.5,3.6300982583894847,-0.9678062200546265,1.0,0.6880416870117188,1.0,0.35,12,甘肃,在甘肃郭黄大方拍成一纸
755,在甘肃敦煌大方盘城遗址,5,False,False,0.5,0.36363636363636365,0.5,3.6086814479662883,-0.9710569977760315,1.0,0.6880416870117188,1.0,0.35,12,甘肃,在甘肃郭黄大方排程遗址
755,在甘肃敦煌大方盘城遗址,6,False,False,0.5,0.2727272727272727,0.5,3.47993397736782,-0.9905990958213806,1.0,0.6880416870117188,1.0,0.35,12,甘肃,在甘肃郭黄大方派城遗址
755,在甘肃敦煌大方盘城遗址,7,False,False,0.5,0.5454545454545454,0.5,3.4780047012606468,-0.9908919334411621,1.0,0.6880416870117188,1.0,0.35,12,甘肃,在甘肃郭黄大方排成一指
755,在甘肃敦煌大方盘城遗址,8,False,False,0.5,0.45454545454545453,0.25,3.427602019358733,-0.9985423684120178,1.0,0.6880416870117188,1.0,0.35,12,甘肃,在甘肃郭煌大方排程一指
755,在甘肃敦煌大方盘城遗址,9,False,False,0.5,0.36363636363636365,0.5,3.400723704335786,-1.002622127532959,1.0,0.6880416870117188,1.0,0.35,12,甘肃,在甘肃郭黄大方拍成遗址
755,在甘肃敦煌大方盘城遗址,10,False,False,0.5,0.5454545454545454,0.5,3.3147941470640094,-1.015665054321289,1.0,0.6880416870117188,1.0,0.35,12,甘肃,在甘肃郭黄大方排成一致
755,在甘肃敦煌大方盘城遗址,11,False,False,0.5,0.5454545454545454,0.5,3.222172401023973,-1.0297237634658813,1.0,0.6880416870117188,1.0,0.35,12,甘肃,在甘肃郭皇大方排成一指
755,在甘肃敦煌大方盘城遗址,12,False,False,0.5,0.5454545454545454,0.5,2.85,-1.0862144231796265,1.0,0.6880416870117188,1.0,0.35,12,甘肃,在甘肃郭黄大方排程一指
756,游客铜缸刻字秀恩爱故宫已报警,1,True,False,1.0,0.2857142857142857,0.0,1.0,-0.2537013292312622,0.0,0.0,0.0,0.0,0,,游客同缸客自秀恩爱故宫以报警
756,游客铜缸刻字秀恩爱故宫已报警,2,False,True,1.0,0.21428571428571427,0.0,0.9176500540507169,-0.27007922530174255,0.0,0.0,0.0,0.0,0,,游客同缸客子秀恩爱故宫已报警
756,游客铜缸刻字秀恩爱故宫已报警,3,False,False,1.0,0.35714285714285715,0.0,0.7785038485848662,-0.29775285720825195,0.0,0.0,0.0,0.0,0,,游客同岗客自秀恩爱故宫以报警
756,游客铜缸刻字秀恩爱故宫已报警,4,False,False,1.0,0.2857142857142857,0.0,0.7509661546908439,-0.30322960019111633,0.0,0.0,0.0,0.0,0,,游客同纲各自秀恩爱故宫已报警
756,游客铜缸刻字秀恩爱故宫已报警,5,False,False,1.0,0.35714285714285715,0.0,0.6185883517183692,-0.3295571208000183,0.0,0.0,0.0,0.0,0,,游客同纲各自秀恩爱故宫以报警
756,游客铜缸刻字秀恩爱故宫已报警,6,False,False,1.0,0.2857142857142857,0.0,0.58285254119288,-0.3366643190383911,0.0,0.0,0.0,0.0,0,,游客同缸客子秀恩爱故宫一报警
756,游客铜缸刻字秀恩爱故宫已报警,7,False,False,1.0,0.35714285714285715,0.0,0.5443103491163824,-0.3443296551704407,0.0,0.0,0.0,0.0,0,,游客同刚客自秀恩爱故宫以报警
756,游客铜缸刻字秀恩爱故宫已报警,8,False,False,1.0,0.2857142857142857,0.0,0.5357723738049877,-0.3460277020931244,0.0,0.0,0.0,0.0,0,,游客同纲客辞秀恩爱故宫已报警
756,游客铜缸刻字秀恩爱故宫已报警,9,False,False,1.0,0.2857142857142857,0.0,0.4052557016987839,-0.3719850778579712,0.0,0.0,0.0,0.0,0,,游客同岗客子秀恩爱故宫已报警
756,游客铜缸刻字秀恩爱故宫已报警,10,False,False,1.0,0.2857142857142857,0.0,0.37164355837432467,-0.3786699175834656,0.0,0.0,0.0,0.0,0,,游客通缸客自秀恩爱故宫以报警
756,游客铜缸刻字秀恩爱故宫已报警,11,False,False,1.0,0.21428571428571427,0.0,0.0,-0.4525830149650574,0.0,0.0,0.0,0.0,0,,游客铜钢客子秀恩爱故宫已报警
757,法制晚报讯记者李洁今天傍晚,1,True,False,1.0,0.07692307692307693,0.0,2.6500157367006163,-0.8597924113273621,1.0,0.6837406158447266,0.3333333333333333,0.11666666666666665,2,李洁,法式晚报讯记者李洁今天傍晚
757,法制晚报讯记者李洁今天傍晚,2,False,True,1.0,0.0,0.0,2.6166666666666667,-0.8701459169387817,1.0,0.6837406158447266,0.3333333333333333,0.11666666666666665,2,李洁,法制晚报讯记者李洁今天傍晚
757,法制晚报讯记者李洁今天傍晚,3,False,False,0.0,0.07692307692307693,0.5,1.0,-0.5596873164176941,0.0,0.7976973851521809,0.0,0.0,0,,法制晚报讯记者李杰今天傍晚
757,法制晚报讯记者李洁今天傍晚,4,False,False,0.0,0.15384615384615385,0.5,0.9820689927929239,-0.5652541518211365,0.0,0.7976973851521809,0.0,0.0,0,,法式晚报讯记者李杰今天傍晚
758,并称故宫博物院已就此事件向公安机关报案,1,True,True,1.0,0.0,0.0,3.675,-0.20727886259555817,1.0,0.5743350386619568,0.5,0.175,2,故宫,并称故宫博物院已就此事件向公安机关报案
758,并称故宫博物院已就此事件向公安机关报案,2,False,False,1.0,0.05263157894736842,0.0,3.1604763271225265,-0.289156973361969,1.0,0.5743350386619568,0.5,0.175,2,故宫,并称故宫博物院以就此事件向公安机关报案
758,并称故宫博物院已就此事件向公安机关报案,3,False,False,0.0,0.05263157894736842,0.5,0.0,-0.3664126694202423,0.0,0.6700575451056162,0.0,0.0,0,,并称固宫博物院已就此事件向公安机关报案
759,游客骑着明孝陵驮碑龟趺拍照市民大煞风景,1,True,True,0.5,0.21052631578947367,0.6666666666666666,2.7676763197839684,-1.1123251914978027,1.0,0.6754855513572693,0.4,0.13999999999999999,3,孝陵驮碑,游客骑着孝陵驮碑归贴拍照市民大厦风景
759,游客骑着明孝陵驮碑龟趺拍照市民大煞风景,2,False,False,0.5,0.21052631578947367,0.6666666666666666,2.747337821865287,-1.1310538053512573,1.0,0.6754855513572693,0.4,0.13999999999999999,3,孝陵驮碑,游客骑着孝陵驮碑归帖拍照市民大厦风景
759,游客骑着明孝陵驮碑龟趺拍照市民大煞风景,3,False,False,0.5,0.21052631578947367,0.6666666666666666,2.64,-1.2298953533172607,1.0,0.6754855513572693,0.4,0.13999999999999999,3,孝陵驮碑,游客骑着孝陵驮碑归天拍照市民大厦风景
759,游客骑着明孝陵驮碑龟趺拍照市民大煞风景,4,False,False,0.0,0.3684210526315789,0.8333333333333334,1.0,-0.3090498745441437,0.0,0.7430341064929963,0.0,0.0,0,,游客骑着鸣啸铃托碑归贴拍照市民大厦风景
759,游客骑着明孝陵驮碑龟趺拍照市民大煞风景,5,False,False,0.0,0.3684210526315789,0.8333333333333334,0.911824888804282,-0.3902455270290375,0.0,0.7430341064929963,0.0,0.0,0,,游客骑着鸣啸铃脱碑归贴拍照市民大厦风景
759,游客骑着明孝陵驮碑龟趺拍照市民大煞风景,6,False,False,0.0,0.2631578947368421,0.8333333333333334,0.19875225444178474,-1.046875238418579,0.0,0.7430341064929963,0.0,0.0,0,,游客骑着孝陵陀碑归贴拍照市民大厦风景
760,游客骑在龟趺身上报料人供图,1,True,False,0.0,0.3076923076923077,1.0,1.0,-0.3856745660305023,0.0,0.0,0.0,0.0,0,,游客骑在轨铁身上爆料人巩图
760,游客骑在龟趺身上报料人供图,2,False,False,0.0,0.38461538461538464,1.0,0.8681580359817421,-0.4092981815338135,0.0,0.0,0.0,0.0,0,,游客骑载贵贴身上爆料人公图
760,游客骑在龟趺身上报料人供图,3,False,False,0.0,0.3076923076923077,1.0,0.8108076955894116,-0.4195742905139923,0.0,0.0,0.0,0.0,0,,游客骑在轨铁身上爆料人供托
760,游客骑在龟趺身上报料人供图,4,False,False,0.0,0.23076923076923078,1.0,0.6094969551722652,-0.4556454122066498,0.0,0.0,0.0,0.0,0,,游客骑在轨铁身上爆料人供图
760,游客骑在龟趺身上报料人供图,5,False,False,0.0,0.23076923076923078,0.5,0.5888576918720488,-0.4593435823917389,0.0,0.0,0.0,0.0,0,,游客骑在龟贴身上爆料人供托
760,游客骑在龟趺身上报料人供图,6,False,False,0.0,0.3076923076923077,1.0,0.5516745845660092,-0.4660061001777649,0.0,0.0,0.0,0.0,0,,游客骑在贵贴身上爆料人供托
760,游客骑在龟趺身上报料人供图,7,False,False,0.0,0.38461538461538464,1.0,0.4665401599081354,-0.48126059770584106,0.0,0.0,0.0,0.0,0,,游客骑在贵贴身上爆料人共途
760,游客骑在龟趺身上报料人供图,8,False,True,0.0,0.15384615384615385,0.5,0.44838845259081883,-0.4845130443572998,0.0,0.0,0.0,0.0,0,,游客骑在龟贴身上爆料人供图
760,游客骑在龟趺身上报料人供图,9,False,False,0.0,0.23076923076923078,1.0,0.3869310501574515,-0.495525062084198,0.0,0.0,0.0,0.0,0,,游客骑在贵贴身上爆料人供图
760,游客骑在龟趺身上报料人供图,10,False,False,0.0,0.5384615384615384,1.0,0.03830130995868987,-0.5579929947853088,0.0,0.0,0.0,0.0,0,,尤克齐在矽帖身上爆料人公图
760,游客骑在龟趺身上报料人供图,11,False,False,0.0,0.38461538461538464,1.0,0.0061340642317026335,-0.5637567639350891,0.0,0.0,0.0,0.0,0,,游客骑载贵贴身上爆料人共图
760,游客骑在龟趺身上报料人供图,12,False,False,0.0,0.46153846153846156,1.0,0.0,-0.5648558735847473,0.0,0.0,0.0,0.0,0,,游客骑载贵贴身上爆料人共涂
761,贵港民警追凶未言弃嫌犯15年后落法网,1,True,False,0.0,0.2222222222222222,0.5,1.0,-0.2654370367527008,0.0,0.0,0.0,0.0,0,,贵州民警追凶未延期嫌犯15年后落罚网
761,贵港民警追凶未言弃嫌犯15年后落法网,2,False,True,0.0,0.16666666666666666,0.5,0.7489186332004287,-0.29719704389572144,0.0,0.0,0.0,0.0,0,,贵州民警追凶未延期嫌犯15年后落法网
761,贵港民警追凶未言弃嫌犯15年后落法网,3,False,False,0.0,0.2222222222222222,0.5,0.6798657147293243,-0.3059317469596863,0.0,0.0,0.0,0.0,0,,贵州民警追凶未延期嫌犯15年后落法罔
761,贵港民警追凶未言弃嫌犯15年后落法网,4,False,False,0.0,0.2222222222222222,0.5,0.4365659008806198,-0.3367074429988861,0.0,0.0,0.0,0.0,0,,贵州民警追凶谓延弃嫌犯15年后落罚网
761,贵港民警追凶未言弃嫌犯15年后落法网,5,False,False,0.0,0.16666666666666666,0.5,0.37983652330354584,-0.34388330578804016,0.0,0.0,0.0,0.0,0,,贵州民警追凶未延弃嫌犯15年后落罚网
761,贵港民警追凶未言弃嫌犯15年后落法网,6,False,False,0.0,0.2222222222222222,0.5,0.0,-0.3919299244880676,0.0,0.0,0.0,0.0,0,,贵州民警追凶伪延弃嫌犯15年后落罚网
762,信息时报讯记者周伟龙天上不会掉馅饼,1,True,False,0.0,0.17647058823529413,0.2,1.0,-0.3414529263973236,0.0,0.6219466924667358,0.0,0.0,0,,信息时报先记着周伟龙天上不会掉鲜饼
762,信息时报讯记者周伟龙天上不会掉馅饼,2,False,False,0.0,0.11764705882352941,0.2,0.7991704026737266,-0.3765546977519989,0.0,0.6219466924667358,0.0,0.0,0,,信息时报先记着周伟龙天上不会掉馅饼
762,信息时报讯记者周伟龙天上不会掉馅饼,3,False,False,0.0,0.11764705882352941,0.2,0.2538497227428922,-0.47186794877052307,0.0,0.6219466924667358,0.0,0.0,0,,信息时报新记者周伟龙天上不会掉鲜饼
762,信息时报讯记者周伟龙天上不会掉馅饼,4,False,True,0.0,0.058823529411764705,0.2,0.09445565923864402,-0.4997274577617645,0.0,0.6219466924667358,0.0,0.0,0,,信息时报新记者周伟龙天上不会掉馅饼
762,信息时报讯记者周伟龙天上不会掉馅饼,5,False,False,0.0,0.17647058823529413,0.2,0.0,-0.5162367820739746,0.0,0.6219466924667358,0.0,0.0,0,,信息时报新闻记者周伟龙天上不会掉鲜饼
763,凶手被抓捕归案钟欣摄,1,True,True,1.0,0.1,0.0,2.7520853755538006,-0.669466495513916,1.0,0.6793857216835022,0.5,0.175,4,钟欣,凶手被抓捕归案钟欣舍
763,凶手被抓捕归案钟欣摄,2,False,False,1.0,0.1,0.0,2.711026891865726,-0.6978011727333069,1.0,0.6793857216835022,0.5,0.175,4,钟欣,凶手被抓捕归案钟欣设
763,凶手被抓捕归案钟欣摄,3,False,False,1.0,0.1,0.0,2.7020300367131798,-0.7040099501609802,1.0,0.6793857216835022,0.5,0.175,4,钟欣,凶手被抓捕归案钟欣社
763,凶手被抓捕归案钟欣摄,4,False,False,1.0,0.1,0.0,2.675,-0.7226635217666626,1.0,0.6793857216835022,0.5,0.175,4,钟欣,凶手被抓捕归案钟欣涉
763,凶手被抓捕归案钟欣摄,5,False,False,0.0,0.3,1.0,1.0,-0.032558221369981766,0.0,0.0,0.0,0.0,0,,凶手被抓捕归案
763,凶手被抓捕归案钟欣摄,6,False,False,0.0,0.3,1.0,0.8346333881229124,-0.1466785967350006,0.0,0.7926166752974191,0.0,0.0,0,,凶手被抓捕归案中心社
763,凶手被抓捕归案钟欣摄,7,False,False,0.0,0.3,1.0,0.5662795066596165,-0.33187103271484375,0.0,0.7926166752974191,0.0,0.0,0,,凶手被抓捕归案中新社
764,记者昨日第一时间从江苏省交通运输厅获悉,1,True,True,1.0,0.05263157894736842,0.0,3.5875,-0.51785808801651,1.0,0.6928138136863708,0.25,0.0875,3,江苏省交通运输厅,记者昨日第一时间从江苏省交通运输厅获吸
764,记者昨日第一时间从江苏省交通运输厅获悉,2,False,False,1.0,0.05263157894736842,0.0,3.493933444321543,-0.5336545705795288,1.0,0.6928138136863708,0.25,0.0875,3,江苏省交通运输厅,记者昨日第一时间从江苏省交通运输厅获息
764,记者昨日第一时间从江苏省交通运输厅获悉,3,False,False,1.0,0.05263157894736842,0.0,3.380668629231477,-0.5527766346931458,1.0,0.6928138136863708,0.25,0.0875,3,江苏省交通运输厅,记者昨日第一时间从江苏省交通运输厅获袭
764,记者昨日第一时间从江苏省交通运输厅获悉,4,False,False,0.0,0.10526315789473684,0.125,0.4763498377543264,-0.6062639355659485,0.0,0.6928138136863708,0.0,0.0,0,,记者昨日第一时间从江苏省交通运输地获吸
764,记者昨日第一时间从江苏省交通运输厅获悉,5,False,False,0.0,0.10526315789473684,0.125,0.43010655503590023,-0.6140710115432739,0.0,0.6928138136863708,0.0,0.0,0,,记者昨日第一时间从江苏省交通运输地获息
764,记者昨日第一时间从江苏省交通运输厅获悉,6,False,False,0.0,0.10526315789473684,0.125,0.3487196343214473,-0.6278112530708313,0.0,0.6928138136863708,0.0,0.0,0,,记者昨日第一时间从江苏省交通运输地获袭
764,记者昨日第一时间从江苏省交通运输厅获悉,7,False,False,0.0,0.10526315789473684,0.125,0.30744275327960097,-0.6347798705101013,0.0,0.7313034700022804,0.0,0.0,0,,记者昨日第一时间从江苏省交通运输庭获吸
764,记者昨日第一时间从江苏省交通运输厅获悉,8,False,False,0.0,0.05263157894736842,0.125,0.2793372341022718,-0.6395248174667358,0.0,0.6928138136863708,0.0,0.0,0,,记者昨日第一时间从江苏省交通运输地获悉
764,记者昨日第一时间从江苏省交通运输厅获悉,9,False,False,0.0,0.10526315789473684,0.125,0.0,-0.686684250831604,0.0,0.6928138136863708,0.0,0.0,0,,记者昨日第一时间从江苏省交通运输场获吸
765,本报记者蔡宗琦中国证券报记者获悉,1,True,False,0.0,0.3125,0.4,1.0,-0.675324559211731,0.0,0.7350057601928711,0.0,0.0,0,,本报记者蔡宗齐中国政卷报记者霍锡
765,本报记者蔡宗琦中国证券报记者获悉,2,False,False,0.0,0.3125,0.4,0.9588836567828914,-0.6815865635871887,0.0,0.7350057601928711,0.0,0.0,0,,本报记者蔡宗齐中国政卷报记者霍希
765,本报记者蔡宗琦中国证券报记者获悉,3,False,False,0.0,0.3125,0.4,0.9087127088515649,-0.6892275810241699,0.0,0.7350057601928711,0.0,0.0,0,,本报记者蔡宗齐中国政卷报记者霍西
765,本报记者蔡宗琦中国证券报记者获悉,4,False,True,0.0,0.25,0.2,0.8485107022484663,-0.6983963251113892,0.0,0.7464902251958847,0.0,0.0,0,,本报记者蔡宗齐中国政券报记者霍锡
765,本报记者蔡宗琦中国证券报记者获悉,5,False,False,0.0,0.25,0.2,0.7525301702747847,-0.7130141258239746,0.0,0.7464902251958847,0.0,0.0,0,,本报记者蔡宗齐中国政券报记者霍希
765,本报记者蔡宗琦中国证券报记者获悉,6,False,False,0.0,0.25,0.2,0.7361136114942133,-0.7155143618583679,0.0,0.7464902251958847,0.0,0.0,0,,本报记者蔡宗齐中国政券报记者霍西
765,本报记者蔡宗琦中国证券报记者获悉,7,False,False,0.0,0.3125,0.4,0.5313795905076935,-0.7466952800750732,0.0,0.7350057601928711,0.0,0.0,0,,本报记者蔡宗齐中国政卷报记者霍熙
765,本报记者蔡宗琦中国证券报记者获悉,8,False,False,0.0,0.25,0.2,0.334790252210817,-0.7766357660293579,0.0,0.7464902251958847,0.0,0.0,0,,本报记者蔡宗齐中国政券报记者霍熙
765,本报记者蔡宗琦中国证券报记者获悉,9,False,False,0.0,0.4375,0.4,0.09193265089833765,-0.8136228919029236,0.0,0.7350057601928711,0.0,0.0,0,,本报记者蔡宗岐中国政卷报霍锡
765,本报记者蔡宗琦中国证券报记者获悉,10,False,False,0.0,0.4375,0.4,0.0,-0.8276242017745972,0.0,0.7350057601928711,0.0,0.0,0,,本报记者蔡宗齐中国政卷报霍锡
766,作风向来无耻加强势苹果也因强势出名,1,True,False,1.0,0.11764705882352941,0.0,3.85,-0.4621002972126007,1.0,0.6814048290252686,1.0,0.35,7,苹果,作风向来无耻家强是苹果也因强势出名
766,作风向来无耻加强势苹果也因强势出名,2,False,True,1.0,0.058823529411764705,0.0,3.624566918966529,-0.5083553194999695,1.0,0.6814048290252686,1.0,0.35,7,苹果,作风向来无耻加强是苹果也因强势出名
766,作风向来无耻加强势苹果也因强势出名,3,False,False,1.0,0.17647058823529413,0.0,3.361765270639062,-0.5622777342796326,1.0,0.6814048290252686,1.0,0.35,7,苹果,作风向来无耻家强是苹果野因强势出名
766,作风向来无耻加强势苹果也因强势出名,4,False,False,1.0,0.17647058823529413,0.0,3.0990995740324663,-0.6161722540855408,1.0,0.6814048290252686,1.0,0.35,7,苹果,作风向来无耻家强是苹果也因强事出名
766,作风向来无耻加强势苹果也因强势出名,5,False,False,1.0,0.17647058823529413,0.0,3.0054636977677047,-0.635384738445282,1.0,0.6814048290252686,1.0,0.35,7,苹果,作风向来无耻家强是苹果也因强世出名
766,作风向来无耻加强势苹果也因强势出名,6,False,False,1.0,0.17647058823529413,0.0,2.952116591091938,-0.6463306546211243,1.0,0.6814048290252686,1.0,0.35,7,苹果,作风向来无耻家强是苹果也因强士出名
766,作风向来无耻加强势苹果也因强势出名,7,False,False,1.0,0.058823529411764705,0.0,2.85,-0.6672832369804382,1.0,0.6814048290252686,1.0,0.35,7,苹果,作风向来无耻家强势苹果也因强势出名
767,可参照中国移动和苹果的合作传闻中,1,True,True,1.0,0.0,0.0,3.85,-0.08116874098777771,2.0,0.6906142830848694,1.0,0.35,6,中国移动;苹果,可参照中国移动和苹果的合作传闻中
767,可参照中国移动和苹果的合作传闻中,2,False,False,1.0,0.0625,0.0,3.836856757567341,-0.08523179590702057,2.0,0.6906142830848694,1.0,0.35,6,中国移动;苹果,可参照中国移动和苹果的合作传闻
767,可参照中国移动和苹果的合作传闻中,3,False,False,1.0,0.0625,0.0,2.9058312687381354,-0.3730456829071045,2.0,0.6906142830848694,1.0,0.35,6,中国移动;苹果,可参照中国移动和苹果的合作传文中
767,可参照中国移动和苹果的合作传闻中,4,False,False,1.0,0.0625,0.0,2.8914752985593126,-0.37748363614082336,2.0,0.6906142830848694,1.0,0.35,6,中国移动;苹果,可参照中国移动和苹果的合作传言中
767,可参照中国移动和苹果的合作传闻中,5,False,False,1.0,0.0625,0.0,2.872731161795977,-0.38327813148498535,2.0,0.6906142830848694,1.0,0.35,6,中国移动;苹果,可参照中国移动与苹果的合作传闻中
767,可参照中国移动和苹果的合作传闻中,6,False,False,1.0,0.0625,0.0,2.85,-0.39030516147613525,2.0,0.6906142830848694,1.0,0.35,6,中国移动;苹果,可参照中国移动和苹果的合作的传闻中
768,但却鲜有人会像苹果的服务付费,1,True,False,1.0,0.14285714285714285,0.0,3.85,-0.5525810718536377,1.0,0.6683117151260376,1.0,0.35,3,苹果,但却险有人会向苹果的服务付费
768,但却鲜有人会像苹果的服务付费,2,False,False,1.0,0.14285714285714285,0.0,3.709660132281457,-0.5576196908950806,1.0,0.6683117151260376,1.0,0.35,3,苹果,但却闲有人会向苹果的服务付费
768,但却鲜有人会像苹果的服务付费,3,False,True,1.0,0.07142857142857142,0.0,2.85,-0.5884840488433838,1.0,0.6683117151260376,1.0,0.35,3,苹果,但却鲜有人会向苹果的服务付费
769,慈禧太后就因乔致庸创办了票号,1,True,True,1.0,0.0,0.0,1.0,-0.06020284444093704,0.0,0.7768656313419342,0.0,0.0,0,,慈禧太后就因乔致庸创办了票号
769,慈禧太后就因乔致庸创办了票号,2,False,False,0.0,0.21428571428571427,0.3333333333333333,0.6512664005515407,-0.2568821310997009,0.0,0.7768656313419342,0.0,0.0,0,,此夕太后就因乔治庸创办了票号
769,慈禧太后就因乔致庸创办了票号,3,False,False,0.0,0.07142857142857142,0.3333333333333333,0.5611152173584787,-0.307725727558136,0.0,0.7768656313419342,0.0,0.0,0,,慈禧太后就因乔智庸创办了票号
769,慈禧太后就因乔致庸创办了票号,4,False,False,0.0,0.07142857142857142,0.3333333333333333,0.5520632570852759,-0.3128308653831482,0.0,0.7768656313419342,0.0,0.0,0,,慈禧太后就因乔志庸创办了票号
769,慈禧太后就因乔致庸创办了票号,5,False,False,0.0,0.21428571428571427,0.3333333333333333,0.5385957579887876,-0.3204262852668762,0.0,0.7768656313419342,0.0,0.0,0,,此起太后就因乔治庸创办了票号
769,慈禧太后就因乔致庸创办了票号,6,False,False,0.0,0.07142857142857142,0.3333333333333333,0.4025385067972467,-0.39716005325317383,0.0,0.7768656313419342,0.0,0.0,0,,慈禧太后就因乔至庸创办了票号
769,慈禧太后就因乔致庸创办了票号,7,False,False,0.0,0.21428571428571427,0.3333333333333333,0.39320700846306766,-0.40242284536361694,0.0,0.7768656313419342,0.0,0.0,0,,此戏太后就因乔治庸创办了票号
769,慈禧太后就因乔致庸创办了票号,8,False,False,0.0,0.21428571428571427,0.3333333333333333,0.19144457383134564,-0.5162131190299988,0.0,0.7768656313419342,0.0,0.0,0,,此夕太后就因乔志庸创办了票号
769,慈禧太后就因乔致庸创办了票号,9,False,False,0.0,0.21428571428571427,0.3333333333333333,0.0,-0.6241843104362488,0.0,0.7768656313419342,0.0,0.0,0,,此夕太后就因乔至庸创办了票号
770,何况是1个来自美帝的小苹果呢,1,True,True,1.0,0.0,0.0,3.85,-0.5760443806648254,1.0,0.67717444896698,1.0,0.35,3,苹果,何况是1个来自美帝的小苹果呢
770,何况是1个来自美帝的小苹果呢,2,False,False,1.0,0.07142857142857142,0.0,3.8172458656072146,-0.5832816958427429,1.0,0.67717444896698,1.0,0.35,3,苹果,何况是1个来自美的的小苹果呢
770,何况是1个来自美帝的小苹果呢,3,False,False,1.0,0.07142857142857142,0.0,2.85,-0.7970032095909119,1.0,0.67717444896698,1.0,0.35,3,苹果,何况是1个来自美地的小苹果呢
772,艾维表示尽管苹果智能手表拥有诸多功能,1,True,True,1.0,0.05555555555555555,0.0,2.5,-0.5814356803894043,1.0,0.6765197515487671,0.0,0.0,0,,艾伟表示尽管苹果智能手表拥有诸多功能
772,艾维表示尽管苹果智能手表拥有诸多功能,2,False,False,0.0,0.1111111111111111,0.5,1.0,-0.5744858384132385,0.0,0.7892730434735615,0.0,0.0,0,,艾伟表示尽管苹国智能手表拥有诸多功能
773,艾维现为苹果主管设计业务的高级副总裁,1,True,True,1.0,0.2222222222222222,1.0,3.675,-1.0374011993408203,1.0,0.6782433986663818,0.5,0.175,2,苹果,艾维艾维县委苹果主管设计业务的高级副总裁
773,艾维现为苹果主管设计业务的高级副总裁,2,False,False,1.0,0.2777777777777778,1.0,3.1019929203294287,-1.0669447183609009,1.0,0.6782433986663818,0.5,0.175,2,苹果,艾维艾瑞艾瑞为现为苹果主管设计业务的高级副总裁
773,艾维现为苹果主管设计业务的高级副总裁,3,False,False,0.0,0.2777777777777778,1.0,0.0,-1.0889599323272705,0.0,0.7912839651107787,0.0,0.0,0,,艾维艾维县委苹国主管设计业务的高级副总裁
774,帮助设计了苹果多项产品的外观和用户体验,1,True,True,1.0,0.0,0.0,3.675,-0.28978851437568665,1.0,0.6705080270767212,0.5,0.175,2,苹果,帮助设计了苹果多项产品的外观和用户体验
774,帮助设计了苹果多项产品的外观和用户体验,2,False,False,1.0,0.10526315789473684,0.0,2.675,-0.5566484332084656,1.0,0.6705080270767212,0.5,0.175,2,苹果,邦主设计了苹果多项产品的外观和用户体验
774,帮助设计了苹果多项产品的外观和用户体验,3,False,False,0.0,0.05263157894736842,0.5,0.4144443812844575,-0.44604983925819397,0.0,0.7822593649228413,0.0,0.0,0,,帮助设计了苹国多项产品的外观和用户体验
775,苹果计划于明年初开始销售其智能手表,1,True,True,1.0,0.0,0.0,3.5,-0.2358999252319336,1.0,0.6683241724967957,0.0,0.0,0,,苹果计划于明年初开始销售其智能手表
775,苹果计划于明年初开始销售其智能手表,2,False,False,0.0,0.11764705882352941,1.0,0.0,-0.2913651764392853,0.0,0.0,0.0,0.0,0,,评估计划于明年初开始销售其智能手表
776,苹果没有透露更昂贵智能手表的具体售价,1,True,True,1.0,0.0,0.0,3.5,-0.2372845560312271,1.0,0.6800932288169861,0.0,0.0,0,,苹果没有透露更昂贵智能手表的具体售价
776,苹果没有透露更昂贵智能手表的具体售价,2,False,False,0.0,0.1111111111111111,1.0,0.0,-0.27321258187294006,0.0,0.0,0.0,0.0,0,,评估没有透露更昂贵智能手表的具体售价
778,美的家用空调事业部制造副总裁乌守保对记者,1,True,True,1.0,0.0,0.0,2.5,-0.8045752644538879,1.0,0.6887090802192688,0.0,0.0,0,,美的家用空调事业部制造副总裁乌守保对记者
778,美的家用空调事业部制造副总裁乌守保对记者,2,False,False,0.0,0.05,0.3333333333333333,1.0,-0.675570011138916,0.0,0.7747977152466774,0.0,0.0,0,,美的家用空调事业部制造副总裁吴守保对记者
778,美的家用空调事业部制造副总裁乌守保对记者,3,False,False,0.0,0.05,0.3333333333333333,0.2641066667159502,-0.7705041170120239,0.0,0.7747977152466774,0.0,0.0,0,,美的家用空调事业部制造副总裁巫守保对记者
779,多年来保持奇高市占率的老板电器,1,True,False,1.0,0.2,0.0,2.9023045174196023,-0.6421300768852234,1.0,0.6889852285385132,0.6,0.21,4,奇高市,多年来保持奇高市战略的老版电器
779,多年来保持奇高市占率的老板电器,2,False,False,1.0,0.13333333333333333,0.0,2.8830225519613477,-0.6516811847686768,1.0,0.6889852285385132,0.6,0.21,4,奇高市,多年来保持奇高市战略的老板电器
779,多年来保持奇高市占率的老板电器,3,False,True,1.0,0.06666666666666667,0.0,2.7324182735673146,-0.7262813448905945,1.0,0.6889852285385132,0.6,0.21,4,奇高市,多年来保持奇高市战率的老板电器
779,多年来保持奇高市占率的老板电器,4,False,False,1.0,0.13333333333333333,0.0,2.71,-0.7373859882354736,1.0,0.6889852285385132,0.6,0.21,4,奇高市,多年来保持奇高市战率的老版电器
779,多年来保持奇高市占率的老板电器,5,False,False,0.0,0.2,0.3333333333333333,1.0,-0.24204707145690918,0.0,0.7751083821058273,0.0,0.0,0,,多年来保持齐高市战略的老板电器
779,多年来保持奇高市占率的老板电器,6,False,False,0.0,0.2,0.3333333333333333,0.6361013803413743,-0.42230021953582764,0.0,0.7751083821058273,0.0,0.0,0,,多年来保持旗高市战略的老板电器
780,赵继宏老板电器做厨电已经三十多年了,1,True,True,1.0,0.17647058823529413,0.0,1.0,-0.3072214722633362,0.0,0.7731560692191124,0.0,0.0,0,,赵继宏老板电器做厨店已经30多年了
780,赵继宏老板电器做厨电已经三十多年了,2,False,False,0.0,0.11764705882352941,0.3333333333333333,0.9049798757934,-0.3250974714756012,0.0,0.7731560692191124,0.0,0.0,0,,赵记宏老板电器做厨店已经三十多年了
780,赵继宏老板电器做厨电已经三十多年了,3,False,False,0.0,0.23529411764705882,0.3333333333333333,0.8570960342948734,-0.33410578966140747,0.0,0.7731560692191124,0.0,0.0,0,,赵记宏老板电器做储电已经30多年了
780,赵继宏老板电器做厨电已经三十多年了,4,False,False,0.0,0.17647058823529413,0.3333333333333333,0.8265343608530756,-0.3398553133010864,0.0,0.7731560692191124,0.0,0.0,0,,赵记宏老板电器做厨电已经30多年了
780,赵继宏老板电器做厨电已经三十多年了,5,False,False,0.0,0.23529411764705882,0.3333333333333333,0.8057503571854594,-0.34376537799835205,0.0,0.7731560692191124,0.0,0.0,0,,赵记宏老板电器做除电已经30多年了
780,赵继宏老板电器做厨电已经三十多年了,6,False,False,0.0,0.058823529411764705,0.3333333333333333,0.721915575440468,-0.3595370948314667,0.0,0.7731560692191124,0.0,0.0,0,,赵记宏老板电器做厨电已经三十多年了
780,赵继宏老板电器做厨电已经三十多年了,7,False,False,0.0,0.23529411764705882,0.3333333333333333,0.7151073885073648,-0.36081790924072266,0.0,0.7731560692191124,0.0,0.0,0,,赵记宏老板电器做雏电已经30多年了
780,赵继宏老板电器做厨电已经三十多年了,8,False,False,0.0,0.23529411764705882,0.3333333333333333,0.5739421821334558,-0.3873751163482666,0.0,0.7731560692191124,0.0,0.0,0,,赵纪宏老板电器做厨店已经30多年了
780,赵继宏老板电器做厨电已经三十多年了,9,False,False,0.0,0.11764705882352941,0.3333333333333333,0.5128582805007234,-0.39886674284935,0.0,0.7731560692191124,0.0,0.0,0,,赵纪宏老板电器做厨店已经三十多年了
780,赵继宏老板电器做厨电已经三十多年了,10,False,False,0.0,0.17647058823529413,0.3333333333333333,0.4381936483007572,-0.4129132926464081,0.0,0.7731560692191124,0.0,0.0,0,,赵纪宏老板电器做厨电已经30多年了
780,赵继宏老板电器做厨电已经三十多年了,11,False,False,0.0,0.23529411764705882,0.3333333333333333,0.2034644652942782,-0.45707255601882935,0.0,0.7731560692191124,0.0,0.0,0,,赵季宏老板电器做厨店已经30多年了
780,赵继宏老板电器做厨电已经三十多年了,12,False,False,0.0,0.11764705882352941,0.3333333333333333,0.15268417011390173,-0.46662577986717224,0.0,0.7731560692191124,0.0,0.0,0,,赵季宏老板电器做厨店已经三十多年了
780,赵继宏老板电器做厨电已经三十多年了,13,False,False,0.0,0.17647058823529413,0.3333333333333333,0.06121855409551802,-0.48383307456970215,0.0,0.7731560692191124,0.0,0.0,0,,赵季宏老板电器做厨电已经30多年了
780,赵继宏老板电器做厨电已经三十多年了,14,False,False,0.0,0.058823529411764705,0.3333333333333333,0.0,-0.49535003304481506,0.0,0.7731560692191124,0.0,0.0,0,,赵季宏老板电器做厨电已经三十多年了
781,赛后主攻手朱婷对记者说,1,True,True,1.0,0.0,0.0,3.26916330047601,-0.5599353909492493,1.0,0.686225175857544,0.75,0.26249999999999996,4,赛后主,赛后主攻手朱婷对记者说
781,赛后主攻手朱婷对记者说,2,False,False,1.0,0.09090909090909091,0.0,3.180101442258117,-0.5967952609062195,1.0,0.686225175857544,0.75,0.26249999999999996,4,赛后主,赛后主攻手朱廷对记者说
781,赛后主攻手朱婷对记者说,3,False,False,1.0,0.09090909090909091,0.0,2.987266099675728,-0.6766036748886108,1.0,0.686225175857544,0.75,0.26249999999999996,4,赛后主,赛后主攻手朱庭对记者说
781,赛后主攻手朱婷对记者说,4,False,False,1.0,0.09090909090909091,0.0,2.7625,-0.7696272134780884,1.0,0.686225175857544,0.75,0.26249999999999996,4,赛后主,赛后主弓手朱婷对记者说
781,赛后主攻手朱婷对记者说,5,False,False,0.0,0.09090909090909091,0.3333333333333333,1.0,-0.35575902462005615,0.0,0.0,0.0,0.0,0,,在后主攻手朱婷对记者说
782,在第四轮与韩国队的比赛中,1,True,True,1.0,0.0,0.0,3.85,-0.2631136178970337,1.0,0.6831701993942261,1.0,0.35,3,韩国队,在第四轮与韩国队的比赛中
782,在第四轮与韩国队的比赛中,2,False,False,1.0,0.08333333333333333,0.0,2.901003846421195,-0.37948036193847656,1.0,0.6831701993942261,1.0,0.35,3,韩国队,在第4轮与韩国队的比赛中
782,在第四轮与韩国队的比赛中,3,False,False,1.0,0.08333333333333333,0.0,2.85,-0.385734498500824,1.0,0.6831701993942261,1.0,0.35,3,韩国队,在第四轮与韩国队比赛中
783,在赛后发布会上颜妮对记者说,1,True,True,1.0,0.0,0.0,1.0,-0.5591904520988464,0.0,0.7781866192817687,0.0,0.0,0,,在赛后发布会上颜妮对记者说
783,在赛后发布会上颜妮对记者说,2,False,False,0.0,0.07692307692307693,0.5,0.5758957199602716,-0.8276766538619995,0.0,0.7781866192817687,0.0,0.0,0,,在赛后发布会上颜尼对记者说
783,在赛后发布会上颜妮对记者说,3,False,False,0.0,0.07692307692307693,0.5,0.4958224167701008,-0.8783683776855469,0.0,0.7781866192817687,0.0,0.0,0,,在赛后发布会上严妮对记者说
783,在赛后发布会上颜妮对记者说,4,False,False,0.0,0.15384615384615385,1.0,0.21979395152645778,-1.0531127452850342,0.0,0.7781866192817687,0.0,0.0,0,,在赛后发布会上妍尼对记者说
783,在赛后发布会上颜妮对记者说,5,False,False,0.0,0.07692307692307693,0.5,0.0,-1.1922569274902344,0.0,0.7781866192817687,0.0,0.0,0,,在赛后发布会上彦妮对记者说
784,颜妮坦言今天俄罗斯表现很好,1,True,True,1.0,0.0,0.0,2.967705647393908,-0.671901524066925,1.0,0.6879059672355652,0.0,0.0,0,,颜妮坦言今天俄罗斯表现很好
784,颜妮坦言今天俄罗斯表现很好,2,False,False,0.0,0.07692307692307693,0.5,1.0,-0.2670091390609741,0.0,0.8025569617748259,0.0,0.0,0,,严妮坦言今天俄罗斯表现很好
784,颜妮坦言今天俄罗斯表现很好,3,False,False,0.0,0.3076923076923077,1.0,0.7674088054592211,-0.44393080472946167,0.0,0.0,0.0,0.0,0,,今天俄罗斯表现很好
784,颜妮坦言今天俄罗斯表现很好,4,False,False,0.0,0.07692307692307693,0.5,0.666825057590407,-0.5204403400421143,0.0,0.8025569617748259,0.0,0.0,0,,颜尼坦言今天俄罗斯表现很好
784,颜妮坦言今天俄罗斯表现很好,5,False,False,0.0,0.07692307692307693,0.5,0.5435493807473847,-0.6142106056213379,0.0,0.8025569617748259,0.0,0.0,0,,言妮坦言今天俄罗斯表现很好
784,颜妮坦言今天俄罗斯表现很好,6,False,False,0.0,0.07692307692307693,0.5,0.44498950529530845,-0.6891806721687317,0.0,0.8025569617748259,0.0,0.0,0,,岩妮坦言今天俄罗斯表现很好
784,颜妮坦言今天俄罗斯表现很好,7,False,False,0.0,0.07692307692307693,0.5,0.0,-1.0276641845703125,0.0,0.0,0.0,0.0,0,,颜离坦言今天俄罗斯表现很好
785,颜妮坦言自己的发挥也不是特别稳定,1,True,True,1.0,0.0,0.0,2.551581134001588,-0.9020984768867493,1.0,0.6850970983505249,0.0,0.0,0,,颜妮坦言自己的发挥也不是特别稳定
785,颜妮坦言自己的发挥也不是特别稳定,2,False,False,0.0,0.125,1.0,1.0,-0.1982136070728302,0.0,0.0,0.0,0.0,0,,眼里坦言自己的发挥也不是特别稳定
785,颜妮坦言自己的发挥也不是特别稳定,3,False,False,0.0,0.0625,0.5,0.8298008981334404,-0.3245297074317932,0.0,0.7992799480756123,0.0,0.0,0,,严妮坦言自己的发挥也不是特别稳定
785,颜妮坦言自己的发挥也不是特别稳定,4,False,False,0.0,0.0625,0.5,0.7668040625337184,-0.3712838590145111,0.0,0.7992799480756123,0.0,0.0,0,,颜尼坦言自己的发挥也不是特别稳定
785,颜妮坦言自己的发挥也不是特别稳定,5,False,False,0.0,0.0625,0.5,0.5216474284745268,-0.5532309412956238,0.0,0.0,0.0,0.0,0,,颜米坦言自己的发挥也不是特别稳定
785,颜妮坦言自己的发挥也不是特别稳定,6,False,False,0.0,0.0625,0.5,0.22323496130844736,-0.7747027277946472,0.0,0.0,0.0,0.0,0,,颜女坦言自己的发挥也不是特别稳定
785,颜妮坦言自己的发挥也不是特别稳定,7,False,False,0.0,0.0625,0.5,0.038576024292031545,-0.9117504358291626,0.0,0.0,0.0,0.0,0,,颜离坦言自己的发挥也不是特别稳定
785,颜妮坦言自己的发挥也不是特别稳定,8,False,False,0.0,0.0625,0.5,0.0,-0.9403802752494812,0.0,0.7992799480756123,0.0,0.0,0,,岩妮坦言自己的发挥也不是特别稳定
786,其中郎平主教练最为辛苦,1,True,True,1.0,0.0,0.0,3.05025739421818,-0.6613426208496094,1.0,0.6876867413520813,0.5,0.175,2,郎平,其中郎平主教练最为辛苦
786,其中郎平主教练最为辛苦,2,False,False,1.0,0.09090909090909091,0.0,2.675,-0.8714895248413086,1.0,0.6876867413520813,0.5,0.175,2,郎平,其中郎平朱教练最为辛苦
786,其中郎平主教练最为辛苦,3,False,False,0.0,0.09090909090909091,0.5,1.0,-0.31148216128349304,0.0,0.8023011982440947,0.0,0.0,0,,其中朗平主教练最为辛苦
787,但我觉得郎导是最苦的,1,True,True,1.0,0.0,0.0,2.5,-0.9952513575553894,1.0,0.6892018914222717,0.0,0.0,0,,但我觉得郎导是最苦的
787,但我觉得郎导是最苦的,2,False,False,0.0,0.2,1.0,1.0,-0.12841033935546875,0.0,0.8040688733259835,0.0,0.0,0,,但我觉得狼岛是最苦的
787,但我觉得郎导是最苦的,3,False,False,0.0,0.2,1.0,0.7712280788127548,-0.3267192244529724,0.0,0.8040688733259835,0.0,0.0,0,,但我觉得朗岛是最苦的
787,但我觉得郎导是最苦的,4,False,False,0.0,0.1,0.5,0.6168053765961349,-0.46057915687561035,0.0,0.8040688733259835,0.0,0.0,0,,但我觉得狼导是最苦的
787,但我觉得郎导是最苦的,5,False,False,0.0,0.1,0.5,0.5812602939151061,-0.4913910925388336,0.0,0.8040688733259835,0.0,0.0,0,,但我觉得郎岛是最苦的
787,但我觉得郎导是最苦的,6,False,False,0.0,0.3,1.0,0.553944361133147,-0.5150696635246277,0.0,0.8040688733259835,0.0,0.0,0,,但是我觉得狼岛是最苦的
787,但我觉得郎导是最苦的,7,False,False,0.0,0.2,1.0,0.4088618451302841,-0.6408331394195557,0.0,0.8040688733259835,0.0,0.0,0,,但我觉得廊岛是最苦的
788,在8月26日中国队和韩国队的比赛中,1,True,True,1.0,0.0,0.0,3.57,-0.3530007004737854,1.0,0.6906127333641052,0.2,0.06999999999999999,2,韩国队,在8月26日中国队和韩国队的比赛中
788,在8月26日中国队和韩国队的比赛中,2,False,False,0.0,0.058823529411764705,0.0,2.57,-0.5392169952392578,1.0,0.6906127333641052,0.2,0.06999999999999999,2,韩国队,在8月26日中国队和韩国队比赛中
788,在8月26日中国队和韩国队的比赛中,3,False,False,0.0,0.058823529411764705,0.6666666666666666,0.9552713006343082,-0.36132991313934326,0.0,0.0,0.0,0.0,0,,在8月26日中国队和韩队的比赛中
788,在8月26日中国队和韩国队的比赛中,4,False,False,0.0,0.11764705882352941,0.6666666666666666,0.4038891988357946,-0.464006245136261,0.0,0.0,0.0,0.0,0,,在8月26日中国队和韩队比赛中
788,在8月26日中国队和韩国队的比赛中,5,False,False,0.0,0.11764705882352941,0.6666666666666666,0.04479719709838483,-0.530875027179718,0.0,0.0,0.0,0.0,0,,在8月26日中国队与韩队的比赛中
788,在8月26日中国队和韩国队的比赛中,6,False,False,0.0,0.11764705882352941,1.0,0.03536403504139152,-0.5326316356658936,0.0,0.0,0.0,0.0,0,,8月26日中国队和韩队的比赛中
789,主教练郎平都没有派她出场,1,True,False,1.0,0.08333333333333333,0.0,3.85,-0.6446021795272827,1.0,0.6888128519058228,1.0,0.35,2,郎平,主教练郎平都没有派他出场
789,主教练郎平都没有派她出场,2,False,True,1.0,0.0,0.0,2.85,-0.7335291504859924,1.0,0.6888128519058228,1.0,0.35,2,郎平,主教练郎平都没有派她出场
790,在冈山的桃太郎体育馆,1,True,True,1.0,0.0,0.0,1.0,-0.11719280481338501,0.0,0.776454247534275,0.0,0.0,0,,在冈山的桃太郎体育馆
790,在冈山的桃太郎体育馆,2,False,False,0.0,0.2,0.6666666666666666,0.9022011735202613,-0.17987456917762756,0.0,0.776454247534275,0.0,0.0,0,,在冈山的陶泰郎体育馆
790,在冈山的桃太郎体育馆,3,False,False,0.0,0.3,1.0,0.8162442180961385,-0.23496657609939575,0.0,0.776454247534275,0.0,0.0,0,,在冈山的陶泰朗体育馆
790,在冈山的桃太郎体育馆,4,False,False,0.0,0.1,0.3333333333333333,0.2753544005521836,-0.5816366672515869,0.0,0.776454247534275,0.0,0.0,0,,在冈山的桃泰郎体育馆
790,在冈山的桃太郎体育馆,5,False,False,0.0,0.1,0.3333333333333333,0.2488357144172397,-0.5986331701278687,0.0,0.776454247534275,0.0,0.0,0,,在冈山的桃台郎体育馆
790,在冈山的桃太郎体育馆,6,False,False,0.0,0.1,0.3333333333333333,0.0,-0.7581183314323425,0.0,0.0,0.0,0.0,0,,在冈山的桃大郎体育馆
791,与奥斯卡影帝本金斯利同时出现在海报中央,1,True,True,1.0,0.0,0.0,3.6166666666666667,-0.042074054479599,1.0,0.6375880241394043,0.3333333333333333,0.11666666666666665,2,斯利,与奥斯卡影帝本金斯利同时出现在海报中央
791,与奥斯卡影帝本金斯利同时出现在海报中央,2,False,False,1.0,0.05263157894736842,0.0,2.7690971531207214,-0.20491819083690643,1.0,0.6375880241394043,0.3333333333333333,0.11666666666666665,2,斯利,与奥斯卡影帝本金斯利同时出现在海豹中央
791,与奥斯卡影帝本金斯利同时出现在海报中央,3,False,False,0.0,0.05263157894736842,0.5,0.1988644198697749,-0.19599680602550507,0.0,0.7438526948293049,0.0,0.0,0,,与奥斯卡影帝本金斯丽同时出现在海报中央
791,与奥斯卡影帝本金斯利同时出现在海报中央,4,False,False,0.0,0.05263157894736842,0.5,0.0,-0.23420476913452148,0.0,0.7438526948293049,0.0,0.0,0,,与奥斯卡影帝本金斯莉同时出现在海报中央
792,雷诺兹持枪的造型和他在冥界警局里的颇为相似,1,True,False,1.0,0.047619047619047616,0.0,3.381901722378349,-0.5266281962394714,1.0,0.6866865158081055,0.14285714285714285,0.049999999999999996,2,冥界警局,雷诺兹持枪的造型和她在冥界警局里的颇为相似
792,雷诺兹持枪的造型和他在冥界警局里的颇为相似,2,False,True,1.0,0.0,0.0,3.273449490073861,-0.5477142333984375,1.0,0.6866865158081055,0.14285714285714285,0.049999999999999996,2,冥界警局,雷诺兹持枪的造型和他在冥界警局里的颇为相似
792,雷诺兹持枪的造型和他在冥界警局里的颇为相似,3,False,False,0.0,0.047619047619047616,0.25,1.0,-0.4939453601837158,0.0,0.7553551673889161,0.0,0.0,0,,雷诺兹持枪的造型和他在冥街警局里的颇为相似
792,雷诺兹持枪的造型和他在冥界警局里的颇为相似,4,False,False,0.0,0.09523809523809523,0.25,0.707215913950673,-0.5508704781532288,0.0,0.7553551673889161,0.0,0.0,0,,雷诺兹持枪的造型和她在冥街警局里的颇为相似
792,雷诺兹持枪的造型和他在冥界警局里的颇为相似,5,False,False,0.0,0.047619047619047616,0.25,0.6161530106442694,-0.5685755610466003,0.0,0.7553551673889161,0.0,0.0,0,,雷诺兹持枪的造型和他在冥解警局里的颇为相似
792,雷诺兹持枪的造型和他在冥界警局里的颇为相似,6,False,False,0.0,0.047619047619047616,0.25,0.40606718143143516,-0.6094219088554382,0.0,0.7381880044937134,0.0,0.0,0,,雷诺兹持枪的造型和他在冥家警局里的颇为相似
792,雷诺兹持枪的造型和他在冥界警局里的颇为相似,7,False,False,0.0,0.047619047619047616,0.25,0.35117719714906115,-0.6200940012931824,0.0,0.7381880044937134,0.0,0.0,0,,雷诺兹持枪的造型和他在冥间警局里的颇为相似
792,雷诺兹持枪的造型和他在冥界警局里的颇为相似,8,False,False,0.0,0.047619047619047616,0.5,0.0,-0.6883723139762878,0.0,0.7725223302841187,0.0,0.0,0,,雷诺兹持枪的造型和他在冥警局里的颇为相似
793,那些年女神陈妍希近来瘦身有成,1,True,True,1.0,0.0,0.0,1.0,-0.12139210104942322,0.0,0.7767474129796028,0.0,0.0,0,,那些年女神陈妍希近来瘦身有成
793,那些年女神陈妍希近来瘦身有成,2,False,False,0.0,0.14285714285714285,0.6666666666666666,0.927821006650649,-0.1455564796924591,0.0,0.7767474129796028,0.0,0.0,0,,那些年女神陈燕熙近来瘦身有成
793,那些年女神陈妍希近来瘦身有成,3,False,False,0.0,0.14285714285714285,0.6666666666666666,0.7500733075829507,-0.2050635814666748,0.0,0.7767474129796028,0.0,0.0,0,,那些年女神陈燕西近来瘦身有成
793,那些年女神陈妍希近来瘦身有成,4,False,False,0.0,0.2857142857142857,0.6666666666666666,0.667017774529554,-0.2328692525625229,0.0,0.7767474129796028,0.0,0.0,0,,那些年女神陈艳熙近来寿生有成
793,那些年女神陈妍希近来瘦身有成,5,False,False,0.0,0.14285714285714285,0.6666666666666666,0.6388793687447089,-0.24228954315185547,0.0,0.7767474129796028,0.0,0.0,0,,那些年女神陈燕曦近来瘦身有成
793,那些年女神陈妍希近来瘦身有成,6,False,False,0.0,0.21428571428571427,0.6666666666666666,0.5584296598830818,-0.26922282576560974,0.0,0.7767474129796028,0.0,0.0,0,,那些年女神陈艳熙近来寿身有成
793,那些年女神陈妍希近来瘦身有成,7,False,False,0.0,0.07142857142857142,0.3333333333333333,0.5197352737217018,-0.2821770906448364,0.0,0.7767474129796028,0.0,0.0,0,,那些年女神陈艳希近来瘦身有成
793,那些年女神陈妍希近来瘦身有成,8,False,False,0.0,0.2857142857142857,0.6666666666666666,0.49230221418276954,-0.2913612425327301,0.0,0.7767474129796028,0.0,0.0,0,,那些年女神陈艳熙近来寿深有成
793,那些年女神陈妍希近来瘦身有成,9,False,False,0.0,0.07142857142857142,0.3333333333333333,0.3846681663490153,-0.32739540934562683,0.0,0.7767474129796028,0.0,0.0,0,,那些年女神陈燕希近来瘦身有成
793,那些年女神陈妍希近来瘦身有成,10,False,False,0.0,0.21428571428571427,0.3333333333333333,0.0,-0.45617619156837463,0.0,0.7767474129796028,0.0,0.0,0,,那些年女神陈燕希近来寿生有成
794,曝出陈妍希拍戏时突然干呕,1,True,True,1.0,0.08333333333333333,0.0,1.0,-0.21270684897899628,0.0,0.777077928185463,0.0,0.0,0,,爆出陈妍希拍戏时突然干呕
794,曝出陈妍希拍戏时突然干呕,2,False,False,0.0,0.25,0.6666666666666666,0.9733578813458993,-0.21998029947280884,0.0,0.777077928185463,0.0,0.0,0,,爆出陈燕熙拍戏时突然干呕
794,曝出陈妍希拍戏时突然干呕,3,False,False,0.0,0.3333333333333333,0.6666666666666666,0.9575485711749997,-0.22429633140563965,0.0,0.777077928185463,0.0,0.0,0,,爆出陈艳熙拍戏时突然肝呕
794,曝出陈妍希拍戏时突然干呕,4,False,False,0.0,0.3333333333333333,0.6666666666666666,0.9311635331126079,-0.2314995974302292,0.0,0.777077928185463,0.0,0.0,0,,爆出陈燕熙拍戏时突然肝呕
794,曝出陈妍希拍戏时突然干呕,5,False,False,0.0,0.4166666666666667,0.6666666666666666,0.8266756646693161,-0.26002538204193115,0.0,0.777077928185463,0.0,0.0,0,,爆出陈艳熙拍戏时突然肝偶
794,曝出陈妍希拍戏时突然干呕,6,False,False,0.0,0.4166666666666667,0.6666666666666666,0.7766312977990463,-0.27368777990341187,0.0,0.777077928185463,0.0,0.0,0,,爆出陈燕熙拍戏时突然肝偶
794,曝出陈妍希拍戏时突然干呕,7,False,False,0.0,0.3333333333333333,0.6666666666666666,0.5646710244465085,-0.3315541446208954,0.0,0.777077928185463,0.0,0.0,0,,爆出陈燕西拍戏时突然肝呕
794,曝出陈妍希拍戏时突然干呕,8,False,False,0.0,0.25,0.6666666666666666,0.5538211318390601,-0.3345162272453308,0.0,0.777077928185463,0.0,0.0,0,,爆出陈燕西拍戏时突然干呕
794,曝出陈妍希拍戏时突然干呕,9,False,False,0.0,0.25,0.6666666666666666,0.5228845665023553,-0.3429620862007141,0.0,0.777077928185463,0.0,0.0,0,,爆出陈燕曦拍戏时突然干呕
794,曝出陈妍希拍戏时突然干呕,10,False,False,0.0,0.4166666666666667,0.6666666666666666,0.38749337307912085,-0.3799246549606323,0.0,0.777077928185463,0.0,0.0,0,,爆出陈燕西拍戏时突然肝偶
794,曝出陈妍希拍戏时突然干呕,11,False,False,0.0,0.25,0.3333333333333333,0.1475451559876062,-0.4454318881034851,0.0,0.777077928185463,0.0,0.0,0,,爆出陈燕希拍戏时突然肝呕
794,曝出陈妍希拍戏时突然干呕,12,False,False,0.0,0.16666666666666666,0.3333333333333333,0.122452016125885,-0.45228245854377747,0.0,0.777077928185463,0.0,0.0,0,,爆出陈燕希拍戏时突然干呕
794,曝出陈妍希拍戏时突然干呕,13,False,False,0.0,0.3333333333333333,0.3333333333333333,0.0,-0.48571255803108215,0.0,0.777077928185463,0.0,0.0,0,,爆出陈燕希拍戏时突然肝偶
795,陈妍希还去医院做了检查,1,True,True,1.0,0.0,0.0,2.84656576257539,-0.6643484234809875,1.0,0.6905263066291809,0.5,0.175,3,陈妍希,陈妍希还去医院做了检查
795,陈妍希还去医院做了检查,2,False,False,1.0,0.09090909090909091,0.0,2.7194921854544036,-0.7547999620437622,1.0,0.6905263066291809,0.5,0.175,3,陈妍希,陈妍希还去医院做了检察
795,陈妍希还去医院做了检查,3,False,False,1.0,0.09090909090909091,0.0,2.675,-0.7864696979522705,1.0,0.6905263066291809,0.5,0.175,3,陈妍希,陈妍希还去医院作了检查
795,陈妍希还去医院做了检查,4,False,False,0.0,0.18181818181818182,0.6666666666666666,1.0,-0.07466524094343185,0.0,0.7768420949578285,0.0,0.0,0,,陈延熙还去医院做了检查
795,陈妍希还去医院做了检查,5,False,False,0.0,0.09090909090909091,0.3333333333333333,0.6968453624932313,-0.2904520630836487,0.0,0.7768420949578285,0.0,0.0,0,,陈言希还去医院做了检查
796,陈妍希晒出与容祖儿合照,1,True,False,1.0,0.18181818181818182,0.0,2.5903705008538767,-0.7364221811294556,1.0,0.6918702721595764,0.08333333333333333,0.029166666666666664,2,陈妍希,陈妍希晒出渝蓉祖儿合照
796,陈妍希晒出与容祖儿合照,2,False,True,1.0,0.0,0.0,2.529166666666667,-0.7746298909187317,1.0,0.6918702721595764,0.08333333333333333,0.029166666666666664,2,陈妍希,陈妍希晒出与容祖儿合照
796,陈妍希晒出与容祖儿合照,3,False,False,0.0,0.18181818181818182,0.6666666666666666,1.0,-0.15036001801490784,0.0,0.6816115379333496,0.0,0.0,0,,陈延熙晒出与容祖儿合照
796,陈妍希晒出与容祖儿合照,4,False,False,0.0,0.2727272727272727,0.6666666666666666,0.9892475879983125,-0.15707242488861084,0.0,0.6816115379333496,0.0,0.0,0,,陈延熙晒出与荣祖儿合照
796,陈妍希晒出与容祖儿合照,5,False,False,0.0,0.2727272727272727,0.6666666666666666,0.6473003965575821,-0.37053975462913513,0.0,0.6816115379333496,0.0,0.0,0,,陈彦西晒出与荣祖儿合照
796,陈妍希晒出与容祖儿合照,6,False,False,0.0,0.18181818181818182,0.3333333333333333,0.6147306101426069,-0.3908720910549164,0.0,0.6816115379333496,0.0,0.0,0,,陈言希晒出与荣祖儿合照
796,陈妍希晒出与容祖儿合照,7,False,False,0.0,0.09090909090909091,0.3333333333333333,0.6081705365168631,-0.39496734738349915,0.0,0.6816115379333496,0.0,0.0,0,,陈言希晒出与容祖儿合照
796,陈妍希晒出与容祖儿合照,8,False,False,0.0,0.18181818181818182,0.3333333333333333,0.48128843714817493,-0.4741760194301605,0.0,0.6816115379333496,0.0,0.0,0,,陈彦希晒出与荣祖儿合照
796,陈妍希晒出与容祖儿合照,9,False,False,0.0,0.09090909090909091,0.3333333333333333,0.47296458050049217,-0.4793723523616791,0.0,0.6816115379333496,0.0,0.0,0,,陈彦希晒出与容祖儿合照
796,陈妍希晒出与容祖儿合照,10,False,False,0.0,0.18181818181818182,0.3333333333333333,0.45554568356044517,-0.490246444940567,0.0,0.6816115379333496,0.0,0.0,0,,陈严希晒出与荣祖儿合照
796,陈妍希晒出与容祖儿合照,11,False,False,0.0,0.09090909090909091,0.3333333333333333,0.4483028875561828,-0.4947679042816162,0.0,0.6816115379333496,0.0,0.0,0,,陈严希晒出与容祖儿合照
796,陈妍希晒出与容祖儿合照,12,False,False,0.0,0.18181818181818182,0.3333333333333333,0.08641725236251971,-0.7206822037696838,0.0,0.6816115379333496,0.0,0.0,0,,陈燕希晒出与荣祖儿合照
796,陈妍希晒出与容祖儿合照,13,False,False,0.0,0.09090909090909091,0.3333333333333333,0.059788072012722,-0.7373059988021851,0.0,0.6816115379333496,0.0,0.0,0,,陈燕希晒出与容祖儿合照
797,陈晓与陈妍希承认恋情,1,True,True,1.0,0.0,0.0,1.0,-0.18638108670711517,0.0,0.7772382572293282,0.0,0.0,0,,陈晓与陈妍希承认恋情
797,陈晓与陈妍希承认恋情,2,False,False,0.0,0.3,0.6666666666666666,0.9509022930336495,-0.20101341605186462,0.0,0.7772382572293282,0.0,0.0,0,,陈晓雨陈延熙承认恋情
797,陈晓与陈妍希承认恋情,3,False,False,0.0,0.4,0.6666666666666666,0.7302312853551375,-0.266778826713562,0.0,0.7772382572293282,0.0,0.0,0,,陈小宇陈延熙承认恋情
797,陈晓与陈妍希承认恋情,4,False,False,0.0,0.4,0.6666666666666666,0.6713367768829545,-0.2843308448791504,0.0,0.7772382572293282,0.0,0.0,0,,陈小雨陈延熙承认恋情
797,陈晓与陈妍希承认恋情,5,False,False,0.0,0.4,0.6666666666666666,0.2948827403304354,-0.39652344584465027,0.0,0.7772382572293282,0.0,0.0,0,,陈筱宇陈延熙承认恋情
797,陈晓与陈妍希承认恋情,6,False,False,0.0,0.3,0.3333333333333333,0.1699905585467352,-0.4337444007396698,0.0,0.7772382572293282,0.0,0.0,0,,陈小宇陈言希承认恋情
797,陈晓与陈妍希承认恋情,7,False,False,0.0,0.3,0.3333333333333333,0.007907460858068753,-0.4820491671562195,0.0,0.7772382572293282,0.0,0.0,0,,陈小雨陈言希承认恋情
797,陈晓与陈妍希承认恋情,8,False,False,0.0,0.3,0.3333333333333333,0.0,-0.4844057857990265,0.0,0.7772382572293282,0.0,0.0,0,,陈小宇陈延希承认恋情
798,安良百货商场正常营业,1,True,True,1.0,0.0,0.0,3.85,-0.8440736532211304,1.0,0.6927908658981323,1.0,0.35,2,安良百货商场,安良百货商场正常营业
798,安良百货商场正常营业,2,False,False,1.0,0.1,0.0,2.85,-1.2657359838485718,1.0,0.6927908658981323,1.0,0.35,2,安良百货商场,安良百货商场正常影业
799,湖北咬人电梯厂家曾为盖板支架申请专利,1,True,False,1.0,0.05555555555555555,0.0,3.85,-0.40328553318977356,1.0,0.6895543932914734,1.0,0.35,11,湖北咬人电梯,湖北咬人电梯厂家曾为盖板支架申请专例
799,湖北咬人电梯厂家曾为盖板支架申请专利,2,False,True,1.0,0.0,0.0,3.661514026966454,-0.43678349256515503,1.0,0.6895543932914734,1.0,0.35,11,湖北咬人电梯,湖北咬人电梯厂家曾为盖板支架申请专利
799,湖北咬人电梯厂家曾为盖板支架申请专利,3,False,False,1.0,0.05555555555555555,0.0,3.6551234753707447,-0.4379192292690277,1.0,0.6895543932914734,1.0,0.35,11,湖北咬人电梯,湖北咬人电梯厂家曾为盖板支架申请专立
799,湖北咬人电梯厂家曾为盖板支架申请专利,4,False,False,1.0,0.1111111111111111,0.0,3.5400667160238357,-0.458367258310318,1.0,0.6895543932914734,1.0,0.35,11,湖北咬人电梯,湖北咬人电梯厂家曾为盖版支架申请专例
799,湖北咬人电梯厂家曾为盖板支架申请专利,5,False,False,1.0,0.1111111111111111,0.0,3.4864951826452812,-0.4678880572319031,1.0,0.6895543932914734,1.0,0.35,11,湖北咬人电梯,湖北咬人电梯厂家曾为丐板支架申请专例
799,湖北咬人电梯厂家曾为盖板支架申请专利,6,False,False,1.0,0.1111111111111111,0.0,3.4821365477538992,-0.46866267919540405,1.0,0.6895543932914734,1.0,0.35,11,湖北咬人电梯,湖北咬人电梯厂家层为盖板支架申请专例
799,湖北咬人电梯厂家曾为盖板支架申请专利,7,False,False,1.0,0.16666666666666666,0.0,3.470066623793565,-0.4708077609539032,1.0,0.6895543932914734,1.0,0.35,11,湖北咬人电梯,湖北咬人电梯厂家曾为丐版支架申请专例
799,湖北咬人电梯厂家曾为盖板支架申请专利,8,False,False,1.0,0.1111111111111111,0.0,3.1096993125491026,-0.5348526835441589,1.0,0.6895543932914734,1.0,0.35,11,湖北咬人电梯,湖北咬人电梯厂家曾围盖板支架申请专例
799,湖北咬人电梯厂家曾为盖板支架申请专利,9,False,False,1.0,0.1111111111111111,0.0,3.058513189347907,-0.543949544429779,1.0,0.6895543932914734,1.0,0.35,11,湖北咬人电梯,湖北咬人电梯厂家曾维盖板支架申请专例
799,湖北咬人电梯厂家曾为盖板支架申请专利,10,False,False,1.0,0.1111111111111111,0.0,2.9003946197890946,-0.5720505714416504,1.0,0.6895543932914734,1.0,0.35,11,湖北咬人电梯,湖北咬人电梯厂家曾威盖板支架申请专例
799,湖北咬人电梯厂家曾为盖板支架申请专利,11,False,False,1.0,0.16666666666666666,0.0,2.85,-0.5810067653656006,1.0,0.6895543932914734,1.0,0.35,11,湖北咬人电梯,湖北咬人电梯厂家曾维盖版支架申请专例
800,湖北荆州吃人电梯盖板设计不合理供图,1,True,True,1.0,0.058823529411764705,0.0,3.1682020210256168,-0.7280852794647217,1.0,0.6856204867362976,0.5555555555555556,0.19444444444444445,6,荆州,湖北荆州吃人电梯盖板设计不合理供途
800,湖北荆州吃人电梯盖板设计不合理供图,2,False,False,1.0,0.058823529411764705,0.0,3.144187800469183,-0.7400401830673218,1.0,0.6856204867362976,0.5555555555555556,0.19444444444444445,6,荆州,湖北荆州吃人电梯盖板设计不合理共图
800,湖北荆州吃人电梯盖板设计不合理供图,3,False,False,1.0,0.11764705882352941,0.0,3.08832208135271,-0.7678515911102295,1.0,0.6856204867362976,0.5555555555555556,0.19444444444444445,6,荆州,湖北荆州吃人电梯盖板设计不合理共途
800,湖北荆州吃人电梯盖板设计不合理供图,4,False,False,1.0,0.11764705882352941,0.0,3.0606235331552405,-0.7816406488418579,1.0,0.6856204867362976,0.5555555555555556,0.19444444444444445,6,荆州,湖北荆州吃人电梯盖板设计不合理共吐
800,湖北荆州吃人电梯盖板设计不合理供图,5,False,False,1.0,0.17647058823529413,1.0,2.737442434958127,-0.9425286054611206,1.0,0.6856204867362976,0.5555555555555556,0.19444444444444445,6,荆州,荆州吃人电梯盖板设计不合理共图
800,湖北荆州吃人电梯盖板设计不合理供图,6,False,False,1.0,0.23529411764705882,1.0,2.6944444444444446,-0.9639341235160828,1.0,0.6856204867362976,0.5555555555555556,0.19444444444444445,6,荆州,荆州吃人电梯盖板设计不合理共途
800,湖北荆州吃人电梯盖板设计不合理供图,7,False,False,0.0,0.11764705882352941,0.5,1.0,-0.466108113527298,0.0,0.0,0.0,0.0,0,,湖北晋州吃人电梯盖板设计不合理共图
800,湖北荆州吃人电梯盖板设计不合理供图,8,False,False,0.0,0.17647058823529413,0.5,0.9482999824775331,-0.4918457269668579,0.0,0.0,0.0,0.0,0,,湖北晋州吃人电梯盖板设计不合理共途
800,湖北荆州吃人电梯盖板设计不合理供图,9,False,False,0.0,0.11764705882352941,0.5,0.6471786343957943,-0.641751766204834,0.0,0.7998905678590138,0.0,0.0,0,,湖北靖州吃人电梯盖板设计不合理共图
800,湖北荆州吃人电梯盖板设计不合理供图,10,False,False,0.0,0.17647058823529413,0.5,0.6302439214789943,-0.65018230676651,0.0,0.7998905678590138,0.0,0.0,0,,湖北靖州吃人电梯盖板设计不合理共途
801,湖北省荆州市安监局召开安良百货电梯事故情报通报会,1,True,True,1.0,0.041666666666666664,0.0,2.85,-0.461934357881546,2.0,0.6913224458694458,1.0,0.35,2,荆州,湖北省荆州市安检局召开安良百货电梯事故情报通报会
801,湖北省荆州市安监局召开安良百货电梯事故情报通报会,2,False,False,0.5,0.08333333333333333,0.125,1.35,-0.4594818651676178,1.0,0.6878277659416199,1.0,0.35,2,荆州,湖北省荆州市安检局召开安良摆货电梯事故情报通报会
802,此次事故调查组组长荆州市安监局局长陈观鑫通报称,1,True,True,1.0,0.043478260869565216,0.0,3.3705536097150244,-0.2046903520822525,1.0,0.6856099963188171,0.5,0.175,2,荆州,此次事故调查组组长荆州市安检局局长陈观鑫通报称
802,此次事故调查组组长荆州市安监局局长陈观鑫通报称,2,False,False,0.5,0.13043478260869565,0.4,2.675,-0.3002125918865204,1.0,0.6856099963188171,0.5,0.175,2,荆州,此次事故调查组组长荆州市安检局局长陈贯新通报称
802,此次事故调查组组长荆州市安监局局长陈观鑫通报称,3,False,False,0.0,0.17391304347826086,0.6,1.0,-0.16287991404533386,0.0,0.7762835249304771,0.0,0.0,0,,此次事故调查组组长金州市安检局局长陈冠新通报称
804,湖北一中学教师体罚学生致重伤被判刑三年,1,True,True,1.0,0.0,0.0,3.85,-0.508820652961731,1.0,0.683081328868866,1.0,0.35,2,湖北一中学,湖北一中学教师体罚学生致重伤被判刑三年
804,湖北一中学教师体罚学生致重伤被判刑三年,2,False,False,1.0,0.05263157894736842,0.0,2.85,-0.5322705507278442,1.0,0.683081328868866,1.0,0.35,2,湖北一中学,湖北一中学教师体罚学生致重伤被判刑3年
805,用右脚踢向董某左腹部,1,True,True,0.0,0.2,1.0,1.0,-0.21153776347637177,0.0,0.0,0.0,0.0,0,,用右脚踢向东眉左腹部
805,用右脚踢向董某左腹部,2,False,False,0.0,0.2,1.0,0.8419253406246655,-0.2723839581012726,0.0,0.0,0.0,0.0,0,,用右脚踢向东北左腹部
805,用右脚踢向董某左腹部,3,False,False,0.0,0.2,1.0,0.7723362697256092,-0.29917022585868835,0.0,0.0,0.0,0.0,0,,用右脚踢向东美左腹部
805,用右脚踢向董某左腹部,4,False,False,0.0,0.2,1.0,0.46359191664003585,-0.4180122911930084,0.0,0.0,0.0,0.0,0,,用右脚踢向东梅左腹部
805,用右脚踢向董某左腹部,5,False,False,0.0,0.3,1.0,0.38606055338841966,-0.44785571098327637,0.0,0.0,0.0,0.0,0,,右脚踢向东北左腹部
805,用右脚踢向董某左腹部,6,False,False,0.0,0.3,1.0,0.30542825769305293,-0.4788927435874939,0.0,0.0,0.0,0.0,0,,用右脚踢向东北左腹拨
805,用右脚踢向董某左腹部,7,False,False,0.0,0.4,1.0,0.20456290235384317,-0.5177178978919983,0.0,0.0,0.0,0.0,0,,用右脚踢向东北左复波
805,用右脚踢向董某左腹部,8,False,False,0.0,0.4,1.0,0.0,-0.596458375453949,0.0,0.0,0.0,0.0,0,,用右脚踢向东美左复波
806,董某某所受损伤程度属二重伤二级,1,True,False,0.0,0.3333333333333333,1.0,1.0,-0.4654766321182251,0.0,0.0,0.0,0.0,0,,东XX所受损伤程度属众伤二级
806,董某某所受损伤程度属二重伤二级,2,False,False,0.0,0.2,1.0,0.7892575985213071,-0.532538115978241,0.0,0.0,0.0,0.0,0,,东X某所受损伤程度属重伤二级
806,董某某所受损伤程度属二重伤二级,3,False,False,0.0,0.26666666666666666,1.0,0.5595973528729188,-0.6056195497512817,0.0,0.0,0.0,0.0,0,,东XX所受损伤程度属重伤二级
806,董某某所受损伤程度属二重伤二级,4,False,False,0.0,0.3333333333333333,1.0,0.41948602758426146,-0.650205135345459,0.0,0.0,0.0,0.0,0,,东XX所受损伤程度重伤二级
806,董某某所受损伤程度属二重伤二级,5,False,False,0.0,0.3333333333333333,1.0,0.34772060750334016,-0.6730419993400574,0.0,0.0,0.0,0.0,0,,东XX所受损伤程度数重伤二级
806,董某某所受损伤程度属二重伤二级,6,False,False,0.0,0.3333333333333333,1.0,0.34392872214549836,-0.6742486357688904,0.0,0.0,0.0,0.0,0,,东XX所受损伤程度属中伤二级
806,董某某所受损伤程度属二重伤二级,7,False,True,0.0,0.13333333333333333,0.5,0.1485546574500601,-0.736419677734375,0.0,0.0,0.0,0.0,0,,东某某所受损伤程度属重伤二级
806,董某某所受损伤程度属二重伤二级,8,False,False,0.0,0.4,1.0,0.08913477994646331,-0.7553279995918274,0.0,0.0,0.0,0.0,0,,东XX所受损伤程度重伤2级
806,董某某所受损伤程度属二重伤二级,9,False,False,0.0,0.2,0.5,0.0,-0.7836920619010925,0.0,0.0,0.0,0.0,0,,东某某所受损伤程度重伤二级
807,湖北一中学班长失踪坠亡教学楼4小时去向成谜,1,True,True,1.0,0.047619047619047616,0.0,3.85,-0.5743388533592224,1.0,0.6863117814064026,1.0,0.35,4,湖北一中学,湖北一中学班长失踪坠亡教学楼4小时去向成迷
807,湖北一中学班长失踪坠亡教学楼4小时去向成谜,2,False,False,1.0,0.047619047619047616,0.0,3.402836426122581,-0.6030490398406982,1.0,0.6863117814064026,1.0,0.35,4,湖北一中学,湖北一中学班长失踪坠亡教学楼4小时去向成离
807,湖北一中学班长失踪坠亡教学楼4小时去向成谜,3,False,False,1.0,0.047619047619047616,0.0,3.1783982387393785,-0.6174591183662415,1.0,0.6863117814064026,1.0,0.35,4,湖北一中学,湖北一中学班长失踪坠亡教学楼4小时去向成米
807,湖北一中学班长失踪坠亡教学楼4小时去向成谜,4,False,False,1.0,0.047619047619047616,0.0,2.85,-0.638543963432312,1.0,0.6863117814064026,1.0,0.35,4,湖北一中学,湖北一中学班长失踪坠亡教学楼4小时去向成美
