idx,ref,rank,is_top1,is_oracle,entity_recall,cer,hotword_only_cer,total_score,asr_score,exact_score,phonetic_score,consensus_score,consensus_score_used,consensus_support,consensus_keywords,pred
0,国务院发展研究中心市场经济研究所副所长邓郁松认为,1,True,True,0.0,0.08333333333333333,0.3333333333333333,1.0,-0.38330078125,0.0,0.0,0.0,0.0,0,,国务院发展研究中心市场经济研修所副所长邓玉松认为
0,国务院发展研究中心市场经济研究所副所长邓郁松认为,2,False,False,0.0,0.08333333333333333,0.3333333333333333,0.33518005540166207,-0.44189453125,0.0,0.0,0.0,0.0,0,,国务院发展研究中心市场经济研教所副所长邓玉松认为
0,国务院发展研究中心市场经济研究所副所长邓郁松认为,3,False,False,0.0,0.08333333333333333,0.3333333333333333,0.31301939058171746,-0.44384765625,0.0,0.0,0.0,0.0,0,,国务院发展研究中心市场经济研构所副所长邓玉松认为
0,国务院发展研究中心市场经济研究所副所长邓郁松认为,4,False,False,0.0,0.08333333333333333,0.3333333333333333,0.3074792243767313,-0.4443359375,0.0,0.0,0.0,0.0,0,,国务院发展研究中心市场经济研求所副所长邓玉松认为
0,国务院发展研究中心市场经济研究所副所长邓郁松认为,5,False,False,0.0,0.08333333333333333,0.3333333333333333,0.29085872576177285,-0.44580078125,0.0,0.0,0.0,0.0,0,,国务院发展研究中心市场经济研救所副所长邓玉松认为
0,国务院发展研究中心市场经济研究所副所长邓郁松认为,6,False,False,0.0,0.08333333333333333,0.3333333333333333,0.25761772853185594,-0.44873046875,0.0,0.0,0.0,0.0,0,,国务院发展研究中心市场经济研修所副所长邓裕松认为
0,国务院发展研究中心市场经济研究所副所长邓郁松认为,7,False,False,0.0,0.08333333333333333,0.3333333333333333,0.1523545706371191,-0.4580078125,0.0,0.0,0.0,0.0,0,,国务院发展研究中心市场经济研修所副所长邓育松认为
0,国务院发展研究中心市场经济研究所副所长邓郁松认为,8,False,False,0.0,0.08333333333333333,0.3333333333333333,0.04155124653739612,-0.4677734375,0.0,0.0,0.0,0.0,0,,国务院发展研究中心市场经济研极所副所长邓玉松认为
0,国务院发展研究中心市场经济研究所副所长邓郁松认为,9,False,False,0.0,0.08333333333333333,0.3333333333333333,0.0,-0.471435546875,0.0,0.0,0.0,0.0,0,,国务院发展研究中心市场经济研发所副所长邓玉松认为
1,本报记者王颖春国家发改委近日发出通知,1,True,False,0.0,0.05555555555555555,0.3333333333333333,1.0,-0.062408447265625,0.0,0.0,0.0,0.0,0,,本报记者王莹春国家发改委近日发出通知
1,本报记者王颖春国家发改委近日发出通知,2,False,True,1.0,0.0,0.0,0.669105542344979,-0.11761474609375,0.0,0.0,0.0,0.0,0,,本报记者王颖春国家发改委近日发出通知
1,本报记者王颖春国家发改委近日发出通知,3,False,False,0.0,0.05555555555555555,0.3333333333333333,0.65739893908908,-0.11956787109375,0.0,0.0,0.0,0.0,0,,本报记者王盈春国家发改委近日发出通知
1,本报记者王颖春国家发改委近日发出通知,4,False,False,0.0,0.1111111111111111,0.3333333333333333,0.3687580025608195,-0.167724609375,0.0,0.0,0.0,0.0,0,,本报记者王莹春国加发改委近日发出通知
1,本报记者王颖春国家发改委近日发出通知,5,False,False,1.0,0.05555555555555555,0.0,0.32558990305469176,-0.1749267578125,0.0,0.0,0.0,0.0,0,,本报记者王颖春国加发改委近日发出通知
1,本报记者王颖春国家发改委近日发出通知,6,False,False,0.0,0.1111111111111111,0.3333333333333333,0.23340040241448692,-0.1903076171875,0.0,0.0,0.0,0.0,0,,本报记者王盈春国加发改委近日发出通知
1,本报记者王颖春国家发改委近日发出通知,7,False,False,0.0,0.05555555555555555,0.3333333333333333,0.18072068776294128,-0.1990966796875,0.0,0.0,0.0,0.0,0,,本报记者王迎春国家发改委近日发出通知
1,本报记者王颖春国家发改委近日发出通知,8,False,False,0.0,0.05555555555555555,0.3333333333333333,0.0,-0.229248046875,0.0,0.0,0.0,0.0,0,,本报记者王赢春国家发改委近日发出通知
2,新京报讯记者钟晶晶发改委昨日表示,1,True,True,1.0,0.0,0.0,1.0,-0.2177734375,0.0,0.0,0.0,0.0,0,,新京报讯记者钟晶晶发改委昨日表示
2,新京报讯记者钟晶晶发改委昨日表示,2,False,False,1.0,0.0625,0.0,0.8223443223443223,-0.2296142578125,0.0,0.0,0.0,0.0,0,,新京报训记者钟晶晶发改委昨日表示
2,新京报讯记者钟晶晶发改委昨日表示,3,False,False,1.0,0.125,0.0,0.5018315018315018,-0.2509765625,0.0,0.0,0.0,0.0,0,,新京报训记者钟晶晶发改为昨日表示
2,新京报讯记者钟晶晶发改委昨日表示,4,False,False,1.0,0.0625,0.0,0.02564102564102564,-0.28271484375,0.0,0.0,0.0,0.0,0,,新京报讯息记者钟晶晶发改委昨日表示
2,新京报讯记者钟晶晶发改委昨日表示,5,False,False,1.0,0.0625,0.0,0.0,-0.284423828125,0.0,0.0,0.0,0.0,0,,新京报宣记者钟晶晶发改委昨日表示
3,此次以16700000000美元收购拓朗,1,True,True,1.0,0.0,0.0,1.0,-0.1461181640625,0.0,0.0,0.0,0.0,0,,此次以16700000000美元收购拓朗
3,此次以16700000000美元收购拓朗,2,False,False,1.0,0.1,1.0,0.8988464951197871,-0.1600341796875,0.0,0.0,0.0,0.0,0,,此次以16700000000美元收购脱了
3,此次以16700000000美元收购拓朗,3,False,False,1.0,0.1,1.0,0.7701863354037267,-0.177734375,0.0,0.0,0.0,0.0,0,,此次以16700000000美元收购脱缆
3,此次以16700000000美元收购拓朗,4,False,False,1.0,0.1,1.0,0.3779946761313221,-0.231689453125,0.0,0.0,0.0,0.0,0,,此次以16700000000美元收购脱廊
3,此次以16700000000美元收购拓朗,5,False,False,1.0,0.1,1.0,0.34072759538598046,-0.23681640625,0.0,0.0,0.0,0.0,0,,此次以16700000000美元收购脱狼
3,此次以16700000000美元收购拓朗,6,False,False,1.0,0.1,1.0,0.2688553682342502,-0.2467041015625,0.0,0.0,0.0,0.0,0,,此次以16700000000美元收购脱浪
3,此次以16700000000美元收购拓朗,7,False,False,1.0,0.1,1.0,0.21472937000887313,-0.254150390625,0.0,0.0,0.0,0.0,0,,此次以16700000000美元收购脱篮
3,此次以16700000000美元收购拓朗,8,False,False,1.0,0.1,1.0,0.16858917480035493,-0.260498046875,0.0,0.0,0.0,0.0,0,,此次以16700000000美元收购脱老
3,此次以16700000000美元收购拓朗,9,False,False,1.0,0.05,0.5,0.15794143744454303,-0.261962890625,0.0,0.0,0.0,0.0,0,,此次以16700000000美元收购拓廊
3,此次以16700000000美元收购拓朗,10,False,False,1.0,0.1,1.0,0.0,-0.28369140625,0.0,0.0,0.0,0.0,0,,此次以16700000000美元收购脱囊
4,拓朗的主打产品是现场可编程门阵列芯片,1,True,True,1.0,0.0,0.0,1.0,-0.081298828125,0.0,0.0,0.0,0.0,0,,拓朗的主打产品是现场可编程门阵列芯片
4,拓朗的主打产品是现场可编程门阵列芯片,2,False,False,0.0,0.05555555555555555,0.5,0.5272727272727272,-0.13525390625,0.0,0.0,0.0,0.0,0,,拓廊的主打产品是现场可编程门阵列芯片
4,拓朗的主打产品是现场可编程门阵列芯片,3,False,False,1.0,0.05555555555555555,0.0,0.46310160427807484,-0.142578125,0.0,0.0,0.0,0.0,0,,拓朗的主打产品是现场可编成门阵列芯片
4,拓朗的主打产品是现场可编程门阵列芯片,4,False,False,0.0,0.05555555555555555,0.5,0.27593582887700535,-0.1639404296875,0.0,0.0,0.0,0.0,0,,拓郎的主打产品是现场可编程门阵列芯片
4,拓朗的主打产品是现场可编程门阵列芯片,5,False,False,1.0,0.05555555555555555,0.0,0.2641711229946524,-0.165283203125,0.0,0.0,0.0,0.0,0,,拓朗的主打产品是现场可编程门正列芯片
4,拓朗的主打产品是现场可编程门阵列芯片,6,False,False,1.0,0.05555555555555555,0.0,0.19144385026737967,-0.173583984375,0.0,0.0,0.0,0.0,0,,拓朗的主打产品是现场可编程门镇列芯片
4,拓朗的主打产品是现场可编程门阵列芯片,7,False,False,1.0,0.1111111111111111,0.0,0.10160427807486631,-0.183837890625,0.0,0.0,0.0,0.0,0,,拓朗的主打产品是现场可编程门镇裂芯片
4,拓朗的主打产品是现场可编程门阵列芯片,8,False,False,0.0,0.1111111111111111,0.5,0.047058823529411764,-0.1900634765625,0.0,0.0,0.0,0.0,0,,拓廊的主打产品是现场可编成门阵列芯片
4,拓朗的主打产品是现场可编程门阵列芯片,9,False,False,1.0,0.1111111111111111,0.0,0.0,-0.1954345703125,0.0,0.0,0.0,0.0,0,,拓朗的主打产品是现场可编程门震猎芯片
5,英特尔首席执行官布赖恩克尔扎尼奇在一份声明中说,1,True,True,0.0,0.08695652173913043,0.125,1.0,-0.093994140625,0.0,0.0,0.0,0.0,0,,英特尔首席执行官布莱恩克尔扎尼奇塞一份声明中说
5,英特尔首席执行官布赖恩克尔扎尼奇在一份声明中说,2,False,False,0.0,0.13043478260869565,0.25,0.784219001610306,-0.1103515625,0.0,0.0,0.0,0.0,0,,英特尔首席执行官布莱恩克尔扎尼齐塞一份声明中说
5,英特尔首席执行官布赖恩克尔扎尼奇在一份声明中说,3,False,False,0.0,0.08695652173913043,0.125,0.642512077294686,-0.12109375,0.0,0.0,0.0,0.0,0,,英特尔首席执行官布莱恩克尔扎尼奇赛一份声明中说
5,英特尔首席执行官布赖恩克尔扎尼奇在一份声明中说,4,False,False,0.0,0.13043478260869565,0.25,0.1706924315619968,-0.1568603515625,0.0,0.0,0.0,0.0,0,,英特尔首席执行官布莱恩科尔扎尼奇塞一份声明中说
5,英特尔首席执行官布赖恩克尔扎尼奇在一份声明中说,5,False,False,0.0,0.13043478260869565,0.25,0.001610305958132045,-0.169677734375,0.0,0.0,0.0,0.0,0,,英特尔首席执行官布莱恩克尔扎尼齐赛一份声明中说
5,英特尔首席执行官布赖恩克尔扎尼奇在一份声明中说,6,False,False,0.0,0.17391304347826086,0.375,0.0,-0.1697998046875,0.0,0.0,0.0,0.0,0,,英特尔首席执行官布莱恩科尔扎尼齐塞一份声明中说
6,合并拓朗之后将推出新的产品,1,True,True,0.0,0.07692307692307693,0.5,1.0,-0.00864410400390625,0.0,0.0,0.0,0.0,0,,合并特朗之后将推出新的产品
6,合并拓朗之后将推出新的产品,2,False,False,0.0,0.15384615384615385,1.0,0.2824481711911477,-0.262939453125,0.0,0.0,0.0,0.0,0,,合并特兰之后将推出新的产品
6,合并拓朗之后将推出新的产品,3,False,False,0.0,0.15384615384615385,0.5,0.24800327226539795,-0.275146484375,0.0,0.0,0.0,0.0,0,,和并特朗之后将推出新的产品
6,合并拓朗之后将推出新的产品,4,False,False,0.0,0.15384615384615385,1.0,0.13777959570299886,-0.314208984375,0.0,0.0,0.0,0.0,0,,合并特览之后将推出新的产品
6,合并拓朗之后将推出新的产品,5,False,False,0.0,0.15384615384615385,1.0,0.005511183828119955,-0.361083984375,0.0,0.0,0.0,0.0,0,,合并测量之后将推出新的产品
6,合并拓朗之后将推出新的产品,6,False,False,0.0,0.15384615384615385,0.5,0.0,-0.363037109375,0.0,0.0,0.0,0.0,0,,合并特朗之后将推出新产品
7,高德纳咨询公司分析师马克黄说,1,True,False,1.0,0.07142857142857142,0.0,1.0,-0.0662841796875,0.0,0.0,0.0,0.0,0,,高德纳思询公司分析师马克黄说
7,高德纳咨询公司分析师马克黄说,2,False,False,1.0,0.14285714285714285,0.0,0.7201917315757939,-0.123291015625,0.0,0.0,0.0,0.0,0,,高德纳思寻公司分析师马克黄说
7,高德纳咨询公司分析师马克黄说,3,False,False,1.0,0.14285714285714285,0.0,0.4475733972438586,-0.1788330078125,0.0,0.0,0.0,0.0,0,,高德纳思讯公司分析师马克黄说
7,高德纳咨询公司分析师马克黄说,4,False,False,1.0,0.14285714285714285,0.0,0.34811264230077893,-0.1990966796875,0.0,0.0,0.0,0.0,0,,高德纳斯群公司分析师马克黄说
7,高德纳咨询公司分析师马克黄说,5,False,False,0.0,0.14285714285714285,0.3333333333333333,0.3157579388855602,-0.2056884765625,0.0,0.0,0.0,0.0,0,,高德纳思询公司分析师马克皇说
7,高德纳咨询公司分析师马克黄说,6,False,False,1.0,0.14285714285714285,0.0,0.2893948472139005,-0.2110595703125,0.0,0.0,0.0,0.0,0,,高德纳斯星公司分析师马克黄说
7,高德纳咨询公司分析师马克黄说,7,False,False,1.0,0.14285714285714285,0.0,0.14559616536848413,-0.2403564453125,0.0,0.0,0.0,0.0,0,,高德纳思想公司分析师马克黄说
7,高德纳咨询公司分析师马克黄说,8,False,True,1.0,0.0,0.0,0.14379868184541642,-0.24072265625,0.0,0.0,0.0,0.0,0,,高德纳咨询公司分析师马克黄说
7,高德纳咨询公司分析师马克黄说,9,False,False,1.0,0.14285714285714285,0.0,0.07189934092270821,-0.25537109375,0.0,0.0,0.0,0.0,0,,高德纳斯寻公司分析师马克黄说
7,高德纳咨询公司分析师马克黄说,10,False,False,1.0,0.14285714285714285,0.0,0.0347513481126423,-0.262939453125,0.0,0.0,0.0,0.0,0,,高德纳思群公司分析师马克黄说
7,高德纳咨询公司分析师马克黄说,11,False,False,1.0,0.14285714285714285,0.0,0.02156980227681246,-0.265625,0.0,0.0,0.0,0.0,0,,高德纳斯巡公司分析师马克黄说
7,高德纳咨询公司分析师马克黄说,12,False,False,0.0,0.21428571428571427,0.3333333333333333,0.011983223487118035,-0.267578125,0.0,0.0,0.0,0.0,0,,高德纳思寻公司分析师马克皇说
7,高德纳咨询公司分析师马克黄说,13,False,False,1.0,0.14285714285714285,0.0,0.0,-0.27001953125,0.0,0.0,0.0,0.0,0,,高德纳思巡公司分析师马克黄说
8,中国游戏公司纷纷忙着退市,1,True,True,1.0,0.0,0.0,1.0,-0.054901123046875,0.0,0.0,0.0,0.0,0,,中国游戏公司纷纷忙着退市
8,中国游戏公司纷纷忙着退市,2,False,False,1.0,0.08333333333333333,0.0,0.0,-0.06805419921875,0.0,0.0,0.0,0.0,0,,中国游戏公司纷纷忙著退市
9,巨人网络盛大游戏以及完美世界均已选择了私有化,1,True,True,1.0,0.0,0.0,1.0,-0.052215576171875,0.0,0.0,0.0,0.0,0,,巨人网络盛大游戏以及完美世界均已选择了私有化
9,巨人网络盛大游戏以及完美世界均已选择了私有化,2,False,False,0.0,0.045454545454545456,0.25,0.9545106056733964,-0.057647705078125,0.0,0.0,0.0,0.0,0,,巨人网络圣大游戏以及完美世界均已选择了私有化
9,巨人网络盛大游戏以及完美世界均已选择了私有化,3,False,False,0.0,0.045454545454545456,0.25,0.23920265780730898,-0.14306640625,0.0,0.0,0.0,0.0,0,,巨人网络胜大游戏以及完美世界均已选择了私有化
9,巨人网络盛大游戏以及完美世界均已选择了私有化,4,False,False,0.0,0.09090909090909091,0.25,0.004088934321492461,-0.171142578125,0.0,0.0,0.0,0.0,0,,巨人网络圣大游戏以及完美世界均以选择了私有化
9,巨人网络盛大游戏以及完美世界均已选择了私有化,5,False,False,1.0,0.045454545454545456,0.0,0.0,-0.171630859375,0.0,0.0,0.0,0.0,0,,巨人网络盛大游戏以及完美世界均以选择了私有化
10,北京商报讯记者王晔君日前,1,True,False,0.0,0.16666666666666666,0.6666666666666666,1.0,-0.179931640625,0.0,0.0,0.0,0.0,0,,北京商报讯记者王业军日前
10,北京商报讯记者王晔君日前,2,False,False,0.0,0.16666666666666666,0.6666666666666666,0.7924242424242425,-0.21337890625,0.0,0.0,0.0,0.0,0,,北京商报讯记者王叶军日前
10,北京商报讯记者王晔君日前,3,False,False,0.0,0.16666666666666666,0.6666666666666666,0.7871212121212121,-0.2142333984375,0.0,0.0,0.0,0.0,0,,北京商报讯记者王烨军日前
10,北京商报讯记者王晔君日前,4,False,True,0.0,0.08333333333333333,0.3333333333333333,0.5227272727272727,-0.2568359375,0.0,0.0,0.0,0.0,0,,北京商报讯记者王烨君日前
10,北京商报讯记者王晔君日前,5,False,False,0.0,0.08333333333333333,0.3333333333333333,0.41363636363636364,-0.2744140625,0.0,0.0,0.0,0.0,0,,北京商报讯记者王燕君日前
10,北京商报讯记者王晔君日前,6,False,False,0.0,0.08333333333333333,0.3333333333333333,0.3575757575757576,-0.283447265625,0.0,0.0,0.0,0.0,0,,北京商报讯记者王彦君日前
10,北京商报讯记者王晔君日前,7,False,False,0.0,0.16666666666666666,0.6666666666666666,0.33636363636363636,-0.286865234375,0.0,0.0,0.0,0.0,0,,北京商报讯记者王耶军日前
10,北京商报讯记者王晔君日前,8,False,False,0.0,0.16666666666666666,0.6666666666666666,0.1984848484848485,-0.30908203125,0.0,0.0,0.0,0.0,0,,北京商报讯记者王夜军日前
10,北京商报讯记者王晔君日前,9,False,False,0.0,0.25,0.6666666666666666,0.16666666666666666,-0.314208984375,0.0,0.0,0.0,0.0,0,,北京商报宣记者王业军日前
10,北京商报讯记者王晔君日前,10,False,False,0.0,0.16666666666666666,0.6666666666666666,0.1606060606060606,-0.315185546875,0.0,0.0,0.0,0.0,0,,北京商报讯记者王雁军日前
10,北京商报讯记者王晔君日前,11,False,False,0.0,0.16666666666666666,0.6666666666666666,0.10151515151515152,-0.32470703125,0.0,0.0,0.0,0.0,0,,北京商报讯记者王烨钧日前
10,北京商报讯记者王晔君日前,12,False,False,0.0,0.16666666666666666,0.6666666666666666,0.03787878787878788,-0.3349609375,0.0,0.0,0.0,0.0,0,,北京商报讯记者王彦均日前
10,北京商报讯记者王晔君日前,13,False,False,0.0,0.08333333333333333,0.3333333333333333,0.0,-0.341064453125,0.0,0.0,0.0,0.0,0,,北京商报讯记者王叶君日前
11,北京商报讯记者王晔君日前,1,True,False,0.0,0.16666666666666666,0.6666666666666666,1.0,-0.238037109375,0.0,0.0,0.0,0.0,0,,北京商报讯记者王业军日前
11,北京商报讯记者王晔君日前,2,False,False,0.0,0.16666666666666666,0.6666666666666666,0.8102466793168881,-0.262451171875,0.0,0.0,0.0,0.0,0,,北京商报讯记者王叶军日前
11,北京商报讯记者王晔君日前,3,False,False,0.0,0.16666666666666666,0.6666666666666666,0.540796963946869,-0.297119140625,0.0,0.0,0.0,0.0,0,,北京商报讯记者王烨军日前
11,北京商报讯记者王晔君日前,4,False,False,0.0,0.25,0.6666666666666666,0.48956356736242884,-0.3037109375,0.0,0.0,0.0,0.0,0,,北京商报宣记者王业军日前
11,北京商报讯记者王晔君日前,5,False,True,0.0,0.08333333333333333,0.3333333333333333,0.47248576850094876,-0.305908203125,0.0,0.0,0.0,0.0,0,,北京商报讯记者王彦君日前
11,北京商报讯记者王晔君日前,6,False,False,0.0,0.25,0.6666666666666666,0.41366223908918404,-0.3134765625,0.0,0.0,0.0,0.0,0,,北京商报训记者王业军日前
11,北京商报讯记者王晔君日前,7,False,False,0.0,0.08333333333333333,0.3333333333333333,0.4079696394686907,-0.314208984375,0.0,0.0,0.0,0.0,0,,北京商报讯记者王烨君日前
11,北京商报讯记者王晔君日前,8,False,False,0.0,0.25,0.6666666666666666,0.3927893738140417,-0.316162109375,0.0,0.0,0.0,0.0,0,,北京商报宣记者王叶军日前
11,北京商报讯记者王晔君日前,9,False,False,0.0,0.16666666666666666,0.6666666666666666,0.29791271347248577,-0.328369140625,0.0,0.0,0.0,0.0,0,,北京商报讯记者王烨钧日前
11,北京商报讯记者王晔君日前,10,False,False,0.0,0.25,0.6666666666666666,0.23719165085388993,-0.336181640625,0.0,0.0,0.0,0.0,0,,北京商报训记者王叶军日前
11,北京商报讯记者王晔君日前,11,False,False,0.0,0.08333333333333333,0.3333333333333333,0.10436432637571158,-0.353271484375,0.0,0.0,0.0,0.0,0,,北京商报讯记者王燕君日前
11,北京商报讯记者王晔君日前,12,False,False,0.0,0.08333333333333333,0.3333333333333333,0.08349146110056926,-0.35595703125,0.0,0.0,0.0,0.0,0,,北京商报讯记者王叶君日前
11,北京商报讯记者王晔君日前,13,False,False,0.0,0.16666666666666666,0.3333333333333333,0.0,-0.36669921875,0.0,0.0,0.0,0.0,0,,北京商报宣记者王彦君日前
12,美国东卡罗莱纳大学和维克森林大学的研究者认为,1,True,True,1.0,0.0,0.0,1.0,-0.03082275390625,0.0,0.0,0.0,0.0,0,,美国东卡罗莱纳大学和维克森林大学的研究者认为
12,美国东卡罗莱纳大学和维克森林大学的研究者认为,2,False,False,1.0,0.045454545454545456,0.0,0.6820221358061621,-0.095703125,0.0,0.0,0.0,0.0,0,,美国东卡罗来纳大学和维克森林大学的研究者认为
12,美国东卡罗莱纳大学和维克森林大学的研究者认为,3,False,False,0.0,0.045454545454545456,0.16666666666666666,0.34041280287167214,-0.1654052734375,0.0,0.0,0.0,0.0,0,,美国东卡罗莱纳大学和韦克森林大学的研究者认为
12,美国东卡罗莱纳大学和维克森林大学的研究者认为,4,False,False,1.0,0.045454545454545456,0.0,0.3087047562069997,-0.171875,0.0,0.0,0.0,0.0,0,,美国冬卡罗莱纳大学和维克森林大学的研究者认为
12,美国东卡罗莱纳大学和维克森林大学的研究者认为,5,False,False,0.0,0.09090909090909091,0.16666666666666666,0.009572240502542627,-0.23291015625,0.0,0.0,0.0,0.0,0,,美国东卡罗来纳大学和韦克森林大学的研究者认为
12,美国东卡罗莱纳大学和维克森林大学的研究者认为,6,False,False,1.0,0.045454545454545456,0.0,0.004786120251271313,-0.23388671875,0.0,0.0,0.0,0.0,0,,美国东卡罗莱那大学和维克森林大学的研究者认为
12,美国东卡罗莱纳大学和维克森林大学的研究者认为,7,False,False,1.0,0.045454545454545456,0.0,0.0,-0.23486328125,0.0,0.0,0.0,0.0,0,,美国东卡罗莱娜大学和维克森林大学的研究者认为
13,影片将在2015年1月在慕尼黑正式开机,1,True,True,1.0,0.0,0.0,1.0,-0.07183837890625,0.0,0.0,0.0,0.0,0,,影片将在2015年1月在慕尼黑正式开机
13,影片将在2015年1月在慕尼黑正式开机,2,False,False,1.0,0.05263157894736842,0.0,0.2074074074074074,-0.26123046875,0.0,0.0,0.0,0.0,0,,影片将于2015年1月在慕尼黑正式开机
13,影片将在2015年1月在慕尼黑正式开机,3,False,False,1.0,0.10526315789473684,1.0,0.0,-0.310791015625,0.0,0.0,0.0,0.0,0,,影片将在2015年1月3日在慕尼黑正式开机
14,好莱坞当红明星之前曾被盛传将扮演斯诺登,1,True,True,1.0,0.0,0.0,1.0,-0.00629425048828125,0.0,0.0,0.0,0.0,0,,好莱坞当红明星之前曾被盛传将扮演斯诺登
14,好莱坞当红明星之前曾被盛传将扮演斯诺登,2,False,False,1.0,0.05263157894736842,0.0,0.30443440058156074,-0.1741943359375,0.0,0.0,0.0,0.0,0,,好莱坞当红明星之前曾被盛传将扮演思诺登
14,好莱坞当红明星之前曾被盛传将扮演斯诺登,3,False,False,1.0,0.05263157894736842,0.0,0.28622902114478965,-0.1785888671875,0.0,0.0,0.0,0.0,0,,好莱坞当红明星之前曾被盛传将扮演司诺登
14,好莱坞当红明星之前曾被盛传将扮演斯诺登,4,False,False,1.0,0.05263157894736842,0.0,0.2078447485698031,-0.197509765625,0.0,0.0,0.0,0.0,0,,好莱坞当红明星之前曾被盛传将扮演斯诺灯
14,好莱坞当红明星之前曾被盛传将扮演斯诺登,5,False,False,1.0,0.05263157894736842,0.0,0.18508802427383925,-0.2030029296875,0.0,0.0,0.0,0.0,0,,好莱坞当红明星之前曾被盛传江扮演斯诺登
14,好莱坞当红明星之前曾被盛传将扮演斯诺登,6,False,False,1.0,0.05263157894736842,0.0,0.14513733050981384,-0.212646484375,0.0,0.0,0.0,0.0,0,,好莱坞当红明星之前曾被盛传姜扮演斯诺登
14,好莱坞当红明星之前曾被盛传将扮演斯诺登,7,False,False,1.0,0.15789473684210525,0.0,0.11428932646417396,-0.2200927734375,0.0,0.0,0.0,0.0,0,,好莱坞当红明星之前曾被盛传江半眼斯诺登
14,好莱坞当红明星之前曾被盛传将扮演斯诺登,8,False,False,1.0,0.05263157894736842,0.0,0.04146780871708967,-0.2376708984375,0.0,0.0,0.0,0.0,0,,好莱坞当红明星之前曾被盛传僵扮演斯诺登
14,好莱坞当红明星之前曾被盛传将扮演斯诺登,9,False,False,1.0,0.05263157894736842,0.0,0.0,-0.2476806640625,0.0,0.0,0.0,0.0,0,,好莱坞当红明星之前曾被盛传将扮演斯洛登
15,好莱坞当红明星之前曾被盛传将扮演斯诺登,1,True,True,1.0,0.0,0.0,1.0,-0.0054168701171875,0.0,0.0,0.0,0.0,0,,好莱坞当红明星之前曾被盛传将扮演斯诺登
15,好莱坞当红明星之前曾被盛传将扮演斯诺登,2,False,False,1.0,0.05263157894736842,0.0,0.23385612252411458,-0.1641845703125,0.0,0.0,0.0,0.0,0,,好莱坞当红明星之前曾被盛传将扮演斯诺灯
15,好莱坞当红明星之前曾被盛传将扮演斯诺登,3,False,False,1.0,0.05263157894736842,0.0,0.016493630807746115,-0.209228515625,0.0,0.0,0.0,0.0,0,,好莱坞当红明星之前曾被盛传将扮演司诺登
15,好莱坞当红明星之前曾被盛传将扮演斯诺登,4,False,False,1.0,0.05263157894736842,0.0,0.0,-0.212646484375,0.0,0.0,0.0,0.0,0,,好莱坞当红明星之前曾被盛传将扮演思诺登
16,对于姊弟恋也不排斥,1,True,True,0.0,0.2222222222222222,0.6666666666666666,1.0,-0.0390625,0.0,0.0,0.0,0.0,0,,对于死地恋也不排斥
16,对于姊弟恋也不排斥,2,False,False,0.0,0.3333333333333333,1.0,0.3553623188405797,-0.310546875,0.0,0.0,0.0,0.0,0,,对于死地链也不排斥
16,对于姊弟恋也不排斥,3,False,False,0.0,0.3333333333333333,1.0,0.34840579710144925,-0.3134765625,0.0,0.0,0.0,0.0,0,,对于死地裂也不排斥
16,对于姊弟恋也不排斥,4,False,False,0.0,0.2222222222222222,0.6666666666666666,0.04869565217391304,-0.439697265625,0.0,0.0,0.0,0.0,0,,对于此地恋也不排斥
16,对于姊弟恋也不排斥,5,False,False,0.0,0.3333333333333333,1.0,0.0,-0.460205078125,0.0,0.0,0.0,0.0,0,,对于死地猎也不排斥
17,许玮宁最近到法国工作,1,True,False,0.0,0.2,0.6,1.0,-0.1319580078125,0.0,0.0,0.0,0.0,0,,徐伟宁最近到法国工作
17,许玮宁最近到法国工作,2,False,False,0.0,0.2,0.6,0.5098759761139182,-0.26220703125,0.0,0.0,0.0,0.0,0,,徐维宁最近到法国工作
17,许玮宁最近到法国工作,3,False,False,0.0,0.2,0.6,0.47955902618282037,-0.270263671875,0.0,0.0,0.0,0.0,0,,徐韦宁最近到法国工作
17,许玮宁最近到法国工作,4,False,True,0.0,0.1,0.2,0.2829581993569132,-0.322509765625,0.0,0.0,0.0,0.0,0,,徐玮宁最近到法国工作
17,许玮宁最近到法国工作,5,False,False,0.0,0.2,0.6,0.16169039963252183,-0.354736328125,0.0,0.0,0.0,0.0,0,,虚伪宁最近到法国工作
17,许玮宁最近到法国工作,6,False,False,0.0,0.1,0.4,0.018373909049150206,-0.392822265625,0.0,0.0,0.0,0.0,0,,许伟宁最近到法国工作
17,许玮宁最近到法国工作,7,False,False,0.0,0.2,0.6,0.0,-0.397705078125,0.0,0.0,0.0,0.0,0,,徐惟宁最近到法国工作
18,阮经天和许玮宁交往八年屡传婚讯,1,True,False,0.0,0.3333333333333333,0.6,1.0,-0.1556396484375,0.0,0.0,0.0,0.0,0,,阮经天和徐伟宁交往八年旅船婚训
18,阮经天和许玮宁交往八年屡传婚讯,2,False,False,0.0,0.4,0.6,0.9307692307692308,-0.1578369140625,0.0,0.0,0.0,0.0,0,,阮晶天和徐伟宁交往八年旅船婚训
18,阮经天和许玮宁交往八年屡传婚讯,3,False,False,0.0,0.3333333333333333,0.6,0.9076923076923077,-0.1585693359375,0.0,0.0,0.0,0.0,0,,阮晶天和徐伟宁交往八年旅船婚讯
18,阮经天和许玮宁交往八年屡传婚讯,4,False,False,0.0,0.26666666666666666,0.6,0.8269230769230769,-0.1611328125,0.0,0.0,0.0,0.0,0,,阮经天和徐伟宁交往八年旅船婚讯
18,阮经天和许玮宁交往八年屡传婚讯,5,False,False,0.0,0.3333333333333333,0.6,0.6615384615384615,-0.1663818359375,0.0,0.0,0.0,0.0,0,,阮京天和徐伟宁交往八年旅船婚讯
18,阮经天和许玮宁交往八年屡传婚讯,6,False,False,0.0,0.4,0.6,0.6538461538461539,-0.1666259765625,0.0,0.0,0.0,0.0,0,,阮晶天和徐伟宁交往8年旅船婚讯
18,阮经天和许玮宁交往八年屡传婚讯,7,False,False,0.0,0.4,0.6,0.5961538461538461,-0.16845703125,0.0,0.0,0.0,0.0,0,,阮京天和徐伟宁交往八年旅船婚训
18,阮经天和许玮宁交往八年屡传婚讯,8,False,False,0.0,0.4666666666666667,0.6,0.5692307692307692,-0.1693115234375,0.0,0.0,0.0,0.0,0,,阮晶天和徐伟宁交往8年旅船婚训
18,阮经天和许玮宁交往八年屡传婚讯,9,False,False,0.0,0.2,0.6,0.48846153846153845,-0.171875,0.0,0.0,0.0,0.0,0,,阮晶天和徐伟宁交往八年屡传婚讯
18,阮经天和许玮宁交往八年屡传婚讯,10,False,False,0.0,0.4,0.6,0.4807692307692308,-0.172119140625,0.0,0.0,0.0,0.0,0,,阮经天和徐伟宁交往8年旅船婚训
18,阮经天和许玮宁交往八年屡传婚讯,11,False,True,0.0,0.13333333333333333,0.6,0.47307692307692306,-0.17236328125,0.0,0.0,0.0,0.0,0,,阮经天和徐伟宁交往八年屡传婚讯
18,阮经天和许玮宁交往八年屡传婚讯,12,False,False,0.0,0.3333333333333333,0.6,0.36923076923076925,-0.1756591796875,0.0,0.0,0.0,0.0,0,,阮经天和徐伟宁交往8年旅船婚讯
18,阮经天和许玮宁交往八年屡传婚讯,13,False,False,0.0,0.2,0.6,0.35,-0.17626953125,0.0,0.0,0.0,0.0,0,,阮京天和徐伟宁交往八年屡传婚讯
18,阮经天和许玮宁交往八年屡传婚讯,14,False,False,0.0,0.4,0.6,0.2,-0.1810302734375,0.0,0.0,0.0,0.0,0,,阮京天和徐伟宁交往8年旅船婚讯
18,阮经天和许玮宁交往八年屡传婚讯,15,False,False,0.0,0.26666666666666666,0.6,0.0,-0.1873779296875,0.0,0.0,0.0,0.0,0,,阮晶天和徐伟宁交往8年屡传婚讯
19,但小天坚持玮宁依然是我的女人,1,True,True,0.0,0.07142857142857142,0.5,1.0,-0.1463623046875,0.0,0.0,0.0,0.0,0,,但小天坚持韦宁依然是我的女人
19,但小天坚持玮宁依然是我的女人,2,False,False,0.0,0.07142857142857142,0.5,0.9663461538461539,-0.1497802734375,0.0,0.0,0.0,0.0,0,,但小天坚持维宁依然是我的女人
19,但小天坚持玮宁依然是我的女人,3,False,False,0.0,0.07142857142857142,0.5,0.6526442307692307,-0.181640625,0.0,0.0,0.0,0.0,0,,但小天坚持伟宁依然是我的女人
19,但小天坚持玮宁依然是我的女人,4,False,False,0.0,0.07142857142857142,0.5,0.6213942307692307,-0.184814453125,0.0,0.0,0.0,0.0,0,,但小天坚持为宁依然是我的女人
19,但小天坚持玮宁依然是我的女人,5,False,False,0.0,0.07142857142857142,0.5,0.5372596153846154,-0.193359375,0.0,0.0,0.0,0.0,0,,但小天坚持委宁依然是我的女人
19,但小天坚持玮宁依然是我的女人,6,False,False,0.0,0.14285714285714285,0.5,0.2764423076923077,-0.2198486328125,0.0,0.0,0.0,0.0,0,,大小天坚持韦宁依然是我的女人
19,但小天坚持玮宁依然是我的女人,7,False,False,0.0,0.14285714285714285,0.5,0.0,-0.2479248046875,0.0,0.0,0.0,0.0,0,,大小天坚持伟宁依然是我的女人
20,对许玮宁单身说语气落寞表示我没有什么看法,1,True,False,0.0,0.1,0.6,1.0,-0.02850341796875,0.0,0.0,0.0,0.0,0,,对徐伟宁单身说语气落寞表示我没有什么看法
20,对许玮宁单身说语气落寞表示我没有什么看法,2,False,True,0.0,0.05,0.4,0.740821321729671,-0.086669921875,0.0,0.0,0.0,0.0,0,,对许伟宁单身说语气落寞表示我没有什么看法
20,对许玮宁单身说语气落寞表示我没有什么看法,3,False,False,0.0,0.05,0.4,0.23769377209681805,-0.1995849609375,0.0,0.0,0.0,0.0,0,,对许韦宁单身说语气落寞表示我没有什么看法
20,对许玮宁单身说语气落寞表示我没有什么看法,4,False,False,0.0,0.1,0.6,0.13489257546913244,-0.22265625,0.0,0.0,0.0,0.0,0,,对徐韦宁单身说语气落寞表示我没有什么看法
20,对许玮宁单身说语气落寞表示我没有什么看法,5,False,False,0.0,0.15,0.6,0.11150394343214577,-0.2279052734375,0.0,0.0,0.0,0.0,0,,对徐伟宁单身说语气落幕表示我没有什么看法
20,对许玮宁单身说语气落寞表示我没有什么看法,6,False,False,0.0,0.15,0.6,0.06581452270872994,-0.2381591796875,0.0,0.0,0.0,0.0,0,,对徐伟宁单声说语气落寞表示我没有什么看法
20,对许玮宁单身说语气落寞表示我没有什么看法,7,False,False,0.0,0.15,0.6,0.03970628229534947,-0.2440185546875,0.0,0.0,0.0,0.0,0,,对徐伟宁单身说语气落漠表示我没有什么看法
20,对许玮宁单身说语气落寞表示我没有什么看法,8,False,False,0.0,0.15,0.6,0.018493336959477837,-0.248779296875,0.0,0.0,0.0,0.0,0,,对徐伟宁单身说语气落墨表示我没有什么看法
20,对许玮宁单身说语气落寞表示我没有什么看法,9,False,False,0.0,0.2,0.6,0.0,-0.2529296875,0.0,0.0,0.0,0.0,0,,对徐伟宁当生说语气落寞表示我没有什么看法
21,因而痛斩情丝她除了拥有模特儿火辣身材,1,True,False,0.0,0.1111111111111111,0.25,1.0,-0.08148193359375,0.0,0.0,0.0,0.0,0,,因而痛斩青丝她除了拥有模特火辣身材
21,因而痛斩情丝她除了拥有模特儿火辣身材,2,False,False,0.0,0.1111111111111111,0.25,0.9107828655834564,-0.09991455078125,0.0,0.0,0.0,0.0,0,,因而痛斩情思她除了拥有模特火辣身材
21,因而痛斩情丝她除了拥有模特儿火辣身材,3,False,False,0.0,0.16666666666666666,0.25,0.8023633677991138,-0.122314453125,0.0,0.0,0.0,0.0,0,,因而痛斩青丝他除了拥有模特火辣身材
21,因而痛斩情丝她除了拥有模特儿火辣身材,4,False,False,0.0,0.16666666666666666,0.5,0.7503692762186115,-0.133056640625,0.0,0.0,0.0,0.0,0,,因而痛展情思她除了拥有模特火辣身材
21,因而痛斩情丝她除了拥有模特儿火辣身材,5,False,True,1.0,0.05555555555555555,0.0,0.7178729689807977,-0.1397705078125,0.0,0.0,0.0,0.0,0,,因而痛斩情丝她除了拥有模特火辣身材
21,因而痛斩情丝她除了拥有模特儿火辣身材,6,False,False,0.0,0.16666666666666666,0.25,0.6676514032496307,-0.150146484375,0.0,0.0,0.0,0.0,0,,因而痛斩情思他除了拥有模特火辣身材
21,因而痛斩情丝她除了拥有模特儿火辣身材,7,False,False,0.0,0.16666666666666666,0.5,0.6351550960118169,-0.1568603515625,0.0,0.0,0.0,0.0,0,,因而痛展青丝她除了拥有模特火辣身材
21,因而痛斩情丝她除了拥有模特儿火辣身材,8,False,False,0.0,0.1111111111111111,0.25,0.5920236336779912,-0.165771484375,0.0,0.0,0.0,0.0,0,,因而痛展情丝她除了拥有模特火辣身材
21,因而痛斩情丝她除了拥有模特儿火辣身材,9,False,False,0.0,0.2222222222222222,0.5,0.5022156573116692,-0.184326171875,0.0,0.0,0.0,0.0,0,,因而痛展情思他除了拥有模特火辣身材
21,因而痛斩情丝她除了拥有模特儿火辣身材,10,False,False,1.0,0.1111111111111111,0.0,0.4998522895125554,-0.184814453125,0.0,0.0,0.0,0.0,0,,因而痛斩情丝他除了拥有模特火辣身材
21,因而痛斩情丝她除了拥有模特儿火辣身材,11,False,False,0.0,0.1111111111111111,0.25,0.4242245199409158,-0.200439453125,0.0,0.0,0.0,0.0,0,,因而痛战情丝她除了拥有模特火辣身材
21,因而痛斩情丝她除了拥有模特儿火辣身材,12,False,False,0.0,0.2222222222222222,0.5,0.39231905465288036,-0.20703125,0.0,0.0,0.0,0.0,0,,因而痛展青丝他除了拥有模特火辣身材
21,因而痛斩情丝她除了拥有模特儿火辣身材,13,False,False,0.0,0.16666666666666666,0.25,0.35273264401772525,-0.2152099609375,0.0,0.0,0.0,0.0,0,,因而痛展情丝他除了拥有模特火辣身材
21,因而痛斩情丝她除了拥有模特儿火辣身材,14,False,False,0.0,0.16666666666666666,0.5,0.3273264401772526,-0.220458984375,0.0,0.0,0.0,0.0,0,,因而痛战情思她除了拥有模特火辣身材
21,因而痛斩情丝她除了拥有模特儿火辣身材,15,False,False,0.0,0.1111111111111111,0.25,0.2918759231905465,-0.227783203125,0.0,0.0,0.0,0.0,0,,因而痛斩琴丝她除了拥有模特火辣身材
21,因而痛斩情丝她除了拥有模特儿火辣身材,16,False,False,0.0,0.2222222222222222,0.25,0.0,-0.2880859375,0.0,0.0,0.0,0.0,0,,因而痛斩青丝她除了拥有模特活腊身材
22,按照国家邮政总局统一部署,1,True,False,0.0,0.16666666666666666,0.3333333333333333,1.0,-0.102783203125,0.0,0.0,0.0,0.0,0,,按照国家优重总局统一部署
22,按照国家邮政总局统一部署,2,False,False,0.0,0.3333333333333333,0.6666666666666666,0.5838509316770186,-0.200927734375,0.0,0.0,0.0,0.0,0,,按照国家优重送居统一部署
22,按照国家邮政总局统一部署,3,False,False,0.0,0.25,0.5,0.5232919254658385,-0.2152099609375,0.0,0.0,0.0,0.0,0,,按照国家优重总区统一部署
22,按照国家邮政总局统一部署,4,False,False,0.0,0.16666666666666666,0.3333333333333333,0.2898550724637681,-0.270263671875,0.0,0.0,0.0,0.0,0,,按照国家优众总局统一部署
22,按照国家邮政总局统一部署,5,False,False,0.0,0.16666666666666666,0.3333333333333333,0.1997929606625259,-0.29150390625,0.0,0.0,0.0,0.0,0,,按照国家邮政送居统一部署
22,按照国家邮政总局统一部署,6,False,False,0.0,0.3333333333333333,0.6666666666666666,0.13871635610766045,-0.305908203125,0.0,0.0,0.0,0.0,0,,按照国家优众送居统一部署
22,按照国家邮政总局统一部署,7,False,True,1.0,0.0,0.0,0.12215320910973085,-0.309814453125,0.0,0.0,0.0,0.0,0,,按照国家邮政总局统一部署
22,按照国家邮政总局统一部署,8,False,False,0.0,0.25,0.5,0.07763975155279502,-0.3203125,0.0,0.0,0.0,0.0,0,,按照国家优重宋局统一部署
22,按照国家邮政总局统一部署,9,False,False,0.0,0.3333333333333333,0.6666666666666666,0.056935817805383024,-0.3251953125,0.0,0.0,0.0,0.0,0,,按照国家优重耸居统一部署
22,按照国家邮政总局统一部署,10,False,False,0.0,0.16666666666666666,0.3333333333333333,0.0,-0.338623046875,0.0,0.0,0.0,0.0,0,,按照国家优中总局统一部署
23,京华时报讯记者任珊记者从北京市教育考试院获悉,1,True,False,0.0,0.09090909090909091,0.5,1.0,-0.11376953125,0.0,0.0,0.0,0.0,0,,京华时报宣记者任山记者从北京市教育考试院获悉
23,京华时报讯记者任珊记者从北京市教育考试院获悉,2,False,False,0.0,0.09090909090909091,0.5,0.7334669338677354,-0.1300048828125,0.0,0.0,0.0,0.0,0,,京华时报宣记者任商记者从北京市教育考试院获悉
23,京华时报讯记者任珊记者从北京市教育考试院获悉,3,False,False,0.0,0.09090909090909091,0.5,0.3366733466933868,-0.1541748046875,0.0,0.0,0.0,0.0,0,,京华时报炫记者任山记者从北京市教育考试院获悉
23,京华时报讯记者任珊记者从北京市教育考试院获悉,4,False,False,0.0,0.13636363636363635,1.0,0.10020040080160321,-0.1685791015625,0.0,0.0,0.0,0.0,0,,京华时报宣记者人商记者从北京市教育考试院获悉
23,京华时报讯记者任珊记者从北京市教育考试院获悉,5,False,False,0.0,0.09090909090909091,0.5,0.04408817635270541,-0.1719970703125,0.0,0.0,0.0,0.0,0,,京华时报炫记者任商记者从北京市教育考试院获悉
23,京华时报讯记者任珊记者从北京市教育考试院获悉,6,False,True,1.0,0.045454545454545456,0.0,0.0,-0.1746826171875,0.0,0.0,0.0,0.0,0,,京华时报宣记者任珊记者从北京市教育考试院获悉
24,朱圣祎爆王思聪女朋友被诉法官送达起诉书遇阻,1,True,False,0.0,0.3333333333333333,0.6666666666666666,1.0,-0.1219482421875,0.0,0.0,0.0,0.0,0,,朱胜伟曝王思聪女友被诉法官宋达起诉书欲诉
24,朱圣祎爆王思聪女朋友被诉法官送达起诉书遇阻,2,False,False,0.0,0.3333333333333333,0.6666666666666666,0.6152647975077882,-0.152099609375,0.0,0.0,0.0,0.0,0,,朱胜伟报王思聪女友被诉法官宋达起诉书欲诉
24,朱圣祎爆王思聪女朋友被诉法官送达起诉书遇阻,3,False,False,0.0,0.38095238095238093,0.6666666666666666,0.602803738317757,-0.153076171875,0.0,0.0,0.0,0.0,0,,朱胜伟曝王思聪女友被诉法官宋达起诉输欲诉
24,朱圣祎爆王思聪女朋友被诉法官送达起诉书遇阻,4,False,True,0.0,0.2857142857142857,0.6666666666666666,0.4517133956386293,-0.1649169921875,0.0,0.0,0.0,0.0,0,,朱胜伟曝王思聪女友被诉法官送达起诉书欲诉
24,朱圣祎爆王思聪女朋友被诉法官送达起诉书遇阻,5,False,False,0.0,0.2857142857142857,0.6666666666666666,0.29439252336448596,-0.17724609375,0.0,0.0,0.0,0.0,0,,朱胜伟曝王思聪女友被诉法官宋达起诉书遇诉
24,朱圣祎爆王思聪女朋友被诉法官送达起诉书遇阻,6,False,False,0.0,0.2857142857142857,0.6666666666666666,0.2570093457943925,-0.18017578125,0.0,0.0,0.0,0.0,0,,朱胜伟曝王思聪女友被诉法官宋达起诉书遇俗
24,朱圣祎爆王思聪女朋友被诉法官送达起诉书遇阻,7,False,False,0.0,0.2857142857142857,0.6666666666666666,0.2554517133956386,-0.1802978515625,0.0,0.0,0.0,0.0,0,,朱胜伟报王思聪女友被诉法官送达起诉书欲诉
24,朱圣祎爆王思聪女朋友被诉法官送达起诉书遇阻,8,False,False,0.0,0.3333333333333333,0.6666666666666666,0.24766355140186916,-0.180908203125,0.0,0.0,0.0,0.0,0,,朱胜伟曝王思聪女友被诉法官宋达起诉书预诉
24,朱圣祎爆王思聪女朋友被诉法官送达起诉书遇阻,9,False,False,0.0,0.3333333333333333,0.6666666666666666,0.19003115264797507,-0.1854248046875,0.0,0.0,0.0,0.0,0,,朱胜伟暴王思聪女友被诉法官宋达起诉书欲诉
24,朱圣祎爆王思聪女朋友被诉法官送达起诉书遇阻,10,False,False,0.0,0.3333333333333333,0.6666666666666666,0.13239875389408098,-0.18994140625,0.0,0.0,0.0,0.0,0,,朱胜伟曝王思聪女友被诉法官宋达起诉书御诉
24,朱圣祎爆王思聪女朋友被诉法官送达起诉书遇阻,11,False,False,0.0,0.38095238095238093,0.6666666666666666,0.09190031152647975,-0.193115234375,0.0,0.0,0.0,0.0,0,,朱胜伟报王思聪女友被诉法官宋达起诉输欲诉
24,朱圣祎爆王思聪女朋友被诉法官送达起诉书遇阻,12,False,False,0.0,0.3333333333333333,0.6666666666666666,0.0,-0.2003173828125,0.0,0.0,0.0,0.0,0,,朱胜伟曝王思聪女友被诉法官宋达起诉书御宿
25,王思聪将朱圣祎诉至北京朝阳法院,1,True,False,0.0,0.2,0.3333333333333333,1.0,-0.09454345703125,0.0,0.0,0.0,0.0,0,,王思聪将朱胜伟诉至北京昭阳法院
25,王思聪将朱圣祎诉至北京朝阳法院,2,False,True,0.5,0.13333333333333333,0.2222222222222222,0.7969309462915601,-0.1187744140625,0.0,0.0,0.0,0.0,0,,王思聪将朱胜伟诉至北京朝阳法院
25,王思聪将朱圣祎诉至北京朝阳法院,3,False,False,0.0,0.26666666666666666,0.3333333333333333,0.4122762148337596,-0.1646728515625,0.0,0.0,0.0,0.0,0,,王思聪将朱胜伟述至北京昭阳法院
25,王思聪将朱圣祎诉至北京朝阳法院,4,False,False,0.0,0.26666666666666666,0.3333333333333333,0.3375959079283887,-0.173583984375,0.0,0.0,0.0,0.0,0,,王思聪将朱胜伟速至北京昭阳法院
25,王思聪将朱圣祎诉至北京朝阳法院,5,False,False,0.5,0.2,0.2222222222222222,0.21278772378516625,-0.1884765625,0.0,0.0,0.0,0.0,0,,王思聪将朱胜伟述至北京朝阳法院
25,王思聪将朱圣祎诉至北京朝阳法院,6,False,False,0.5,0.26666666666666666,0.2222222222222222,0.1340153452685422,-0.1978759765625,0.0,0.0,0.0,0.0,0,,王思聪将朱胜伟塑制北京朝阳法院
25,王思聪将朱圣祎诉至北京朝阳法院,7,False,False,0.0,0.3333333333333333,0.3333333333333333,0.119693094629156,-0.1995849609375,0.0,0.0,0.0,0.0,0,,王思聪将朱胜伟塑制北京昭阳法院
25,王思聪将朱圣祎诉至北京朝阳法院,8,False,False,0.0,0.26666666666666666,0.3333333333333333,0.09616368286445012,-0.202392578125,0.0,0.0,0.0,0.0,0,,王思聪将朱胜伟宿至北京昭阳法院
25,王思聪将朱圣祎诉至北京朝阳法院,9,False,False,0.5,0.2,0.2222222222222222,0.08797953964194373,-0.203369140625,0.0,0.0,0.0,0.0,0,,王思聪将朱胜伟速至北京朝阳法院
25,王思聪将朱圣祎诉至北京朝阳法院,10,False,False,0.0,0.26666666666666666,0.4444444444444444,0.0,-0.2138671875,0.0,0.0,0.0,0.0,0,,王思聪将朱胜伟诉至北京招养法院
26,新京报记者从首都国际机场公安分局相关人员处获悉,1,True,True,1.0,0.0,0.0,1.0,-0.01483154296875,0.0,0.0,0.0,0.0,0,,新京报记者从首都国际机场公安分局相关人员处获悉
26,新京报记者从首都国际机场公安分局相关人员处获悉,2,False,False,1.0,0.043478260869565216,0.0,0.21052631578947367,-0.14208984375,0.0,0.0,0.0,0.0,0,,新京报记者从首都国际机场公安分局相关人员出获悉
26,新京报记者从首都国际机场公安分局相关人员处获悉,3,False,False,1.0,0.043478260869565216,0.0,0.0,-0.176025390625,0.0,0.0,0.0,0.0,0,,新京报记者从首都国际机场公安分局相关人员触获悉
27,这些房产全由宋芳自己打理,1,True,True,1.0,0.0,0.0,1.0,-0.087158203125,0.0,0.0,0.0,0.0,0,,这些房产全由宋芳自己打理
27,这些房产全由宋芳自己打理,2,False,False,0.0,0.16666666666666666,1.0,0.8365968939905469,-0.146240234375,0.0,0.0,0.0,0.0,0,,这些房产全由送方自己打理
27,这些房产全由宋芳自己打理,3,False,False,0.0,0.08333333333333333,0.5,0.5293720459149224,-0.25732421875,0.0,0.0,0.0,0.0,0,,这些房产全由宋方自己打理
27,这些房产全由宋芳自己打理,4,False,False,0.0,0.08333333333333333,0.5,0.3193787981093856,-0.333251953125,0.0,0.0,0.0,0.0,0,,这些房产全由颂芳自己打理
27,这些房产全由宋芳自己打理,5,False,False,1.0,0.08333333333333333,0.0,0.13909520594193112,-0.3984375,0.0,0.0,0.0,0.0,0,,这些房产权由宋芳自己打理
27,这些房产全由宋芳自己打理,6,False,False,0.0,0.08333333333333333,0.5,0.0,-0.44873046875,0.0,0.0,0.0,0.0,0,,这些房产全由送芳自己打理
28,宋芳最近却有点烦恼,1,True,True,1.0,0.0,0.0,1.0,-0.05145263671875,0.0,0.0,0.0,0.0,0,,宋芳最近却有点烦恼
28,宋芳最近却有点烦恼,2,False,False,0.0,0.1111111111111111,0.5,0.4620616365568544,-0.2059326171875,0.0,0.0,0.0,0.0,0,,宋方最近却有点烦恼
28,宋芳最近却有点烦恼,3,False,False,0.0,0.1111111111111111,0.5,0.357066950053135,-0.236083984375,0.0,0.0,0.0,0.0,0,,颂芳最近却有点烦恼
28,宋芳最近却有点烦恼,4,False,False,0.0,0.1111111111111111,0.5,0.2916046758767269,-0.2548828125,0.0,0.0,0.0,0.0,0,,宋峰最近却有点烦恼
28,宋芳最近却有点烦恼,5,False,False,0.0,0.1111111111111111,0.5,0.1989373007438895,-0.281494140625,0.0,0.0,0.0,0.0,0,,宋枫最近却有点烦恼
28,宋芳最近却有点烦恼,6,False,False,0.0,0.2222222222222222,1.0,0.17088204038257174,-0.28955078125,0.0,0.0,0.0,0.0,0,,送风最近却有点烦恼
28,宋芳最近却有点烦恼,7,False,False,0.0,0.2222222222222222,1.0,0.04250797024442083,-0.326416015625,0.0,0.0,0.0,0.0,0,,颂风最近却有点烦恼
28,宋芳最近却有点烦恼,8,False,False,0.0,0.1111111111111111,0.5,0.0,-0.338623046875,0.0,0.0,0.0,0.0,0,,宋丰最近却有点烦恼
29,宋芳对北京银行私人银行的财富顾问说,1,True,False,1.0,0.17647058823529413,0.0,1.0,-0.1585693359375,0.0,0.0,0.0,0.0,0,,宋芳对北京4人银行的财富顾问说
29,宋芳对北京银行私人银行的财富顾问说,2,False,False,0.0,0.23529411764705882,0.5,0.6333595594020456,-0.2154541015625,0.0,0.0,0.0,0.0,0,,宋方对北京4人银行的财富顾问说
29,宋芳对北京银行私人银行的财富顾问说,3,False,False,0.0,0.29411764705882354,1.0,0.3839496459480724,-0.254150390625,0.0,0.0,0.0,0.0,0,,送方对北京4人银行的财富顾问说
29,宋芳对北京银行私人银行的财富顾问说,4,False,False,1.0,0.23529411764705882,0.0,0.36664044059795436,-0.2568359375,0.0,0.0,0.0,0.0,0,,宋芳对北京4人银行财富顾问说
29,宋芳对北京银行私人银行的财富顾问说,5,False,True,1.0,0.11764705882352941,0.0,0.22344610542879623,-0.279052734375,0.0,0.0,0.0,0.0,0,,宋芳对北京私人银行的财富顾问说
29,宋芳对北京银行私人银行的财富顾问说,6,False,False,1.0,0.23529411764705882,0.0,0.0,-0.313720703125,0.0,0.0,0.0,0.0,0,,宋芳对北京4人银行的财务顾问说
30,该信托出资购入宋芳的房产,1,True,False,0.0,0.16666666666666666,1.0,1.0,-0.0408935546875,0.0,0.0,0.0,0.0,0,,该信托出资购入送方的房产
30,该信托出资购入宋芳的房产,2,False,False,0.0,0.25,1.0,0.46600813480534575,-0.153076171875,0.0,0.0,0.0,0.0,0,,该信托出资购入送方的房产案
30,该信托出资购入宋芳的房产,3,False,True,1.0,0.0,0.0,0.24578733294596164,-0.1993408203125,0.0,0.0,0.0,0.0,0,,该信托出资购入宋芳的房产
30,该信托出资购入宋芳的房产,4,False,False,0.0,0.08333333333333333,0.5,0.1336432306798373,-0.222900390625,0.0,0.0,0.0,0.0,0,,该信托出资购入宋方的房产
30,该信托出资购入宋芳的房产,5,False,False,0.0,0.25,1.0,0.0453224869262057,-0.241455078125,0.0,0.0,0.0,0.0,0,,该信拖出资购入送方的房产
30,该信托出资购入宋芳的房产,6,False,False,0.0,0.16666666666666666,1.0,0.02556653108657757,-0.24560546875,0.0,0.0,0.0,0.0,0,,该信托出资购入送房的房产
30,该信托出资购入宋芳的房产,7,False,False,0.0,0.25,1.0,0.0,-0.2509765625,0.0,0.0,0.0,0.0,0,,改信托出资购入送方的房产
31,在了解宋芳的资产情况与需求之后,1,True,False,0.0,0.13333333333333333,1.0,1.0,-0.06304931640625,0.0,0.0,0.0,0.0,0,,在了解送方的资产情况与需求之后
31,在了解宋芳的资产情况与需求之后,2,False,True,1.0,0.0,0.0,0.516434393899553,-0.17529296875,0.0,0.0,0.0,0.0,0,,在了解宋芳的资产情况与需求之后
31,在了解宋芳的资产情况与需求之后,3,False,False,0.0,0.13333333333333333,1.0,0.3975808572179858,-0.202880859375,0.0,0.0,0.0,0.0,0,,在了解送风的资产情况与需求之后
31,在了解宋芳的资产情况与需求之后,4,False,False,0.0,0.13333333333333333,1.0,0.3938995529844859,-0.2037353515625,0.0,0.0,0.0,0.0,0,,在了解颂方的资产情况与需求之后
31,在了解宋芳的资产情况与需求之后,5,False,False,0.0,0.06666666666666667,0.5,0.3565606100447016,-0.21240234375,0.0,0.0,0.0,0.0,0,,在了解宋方的资产情况与需求之后
31,在了解宋芳的资产情况与需求之后,6,False,False,0.0,0.06666666666666667,0.5,0.11149092821456745,-0.269287109375,0.0,0.0,0.0,0.0,0,,在了解颂芳的资产情况与需求之后
31,在了解宋芳的资产情况与需求之后,7,False,False,0.0,0.06666666666666667,0.5,0.09676571128056798,-0.272705078125,0.0,0.0,0.0,0.0,0,,在了解送芳的资产情况与需求之后
31,在了解宋芳的资产情况与需求之后,8,False,False,0.0,0.13333333333333333,1.0,0.0,-0.295166015625,0.0,0.0,0.0,0.0,0,,在了解送丰的资产情况与需求之后
32,宋芳本人为信托的发起人和委托人,1,True,True,1.0,0.0,0.0,1.0,-0.03912353515625,0.0,0.0,0.0,0.0,0,,宋芳本人为信托的发起人和委托人
32,宋芳本人为信托的发起人和委托人,2,False,False,0.0,0.06666666666666667,0.5,0.8534017971758665,-0.073974609375,0.0,0.0,0.0,0.0,0,,宋方本人为信托的发起人和委托人
32,宋芳本人为信托的发起人和委托人,3,False,False,0.0,0.06666666666666667,0.5,0.5062901155327343,-0.156494140625,0.0,0.0,0.0,0.0,0,,颂芳本人为信托的发起人和委托人
32,宋芳本人为信托的发起人和委托人,4,False,False,0.0,0.13333333333333333,1.0,0.1730423620025674,-0.2357177734375,0.0,0.0,0.0,0.0,0,,送方本人为信托的发起人和委托人
32,宋芳本人为信托的发起人和委托人,5,False,False,0.0,0.06666666666666667,0.5,0.16123234916559692,-0.238525390625,0.0,0.0,0.0,0.0,0,,宋丰本人为信托的发起人和委托人
32,宋芳本人为信托的发起人和委托人,6,False,False,0.0,0.06666666666666667,0.5,0.1381258023106547,-0.2440185546875,0.0,0.0,0.0,0.0,0,,宋枫本人为信托的发起人和委托人
32,宋芳本人为信托的发起人和委托人,7,False,False,0.0,0.13333333333333333,1.0,0.10269576379974327,-0.25244140625,0.0,0.0,0.0,0.0,0,,送风本人为信托的发起人和委托人
32,宋芳本人为信托的发起人和委托人,8,False,False,0.0,0.13333333333333333,1.0,0.0,-0.27685546875,0.0,0.0,0.0,0.0,0,,颂风本人为信托的发起人和委托人
33,之后由该信托对宋芳指定的房产发出购买要约,1,True,False,0.0,0.15,1.0,1.0,-0.041473388671875,0.0,0.0,0.0,0.0,0,,之后由该信托对送方指定的房产发出购买邮约
33,之后由该信托对宋芳指定的房产发出购买要约,2,False,True,0.0,0.1,1.0,0.7068166776968895,-0.08203125,0.0,0.0,0.0,0.0,0,,之后由该信托对送方指定的房产发出购买要约
33,之后由该信托对宋芳指定的房产发出购买要约,3,False,False,0.0,0.15,1.0,0.6035737921906023,-0.0963134765625,0.0,0.0,0.0,0.0,0,,之后由该信托对送方指定的房产发出购买有约
33,之后由该信托对宋芳指定的房产发出购买要约,4,False,False,0.0,0.15,1.0,0.4129715420251489,-0.1226806640625,0.0,0.0,0.0,0.0,0,,之后由该信托对送房指定的房产发出购买邮约
33,之后由该信托对宋芳指定的房产发出购买要约,5,False,False,0.0,0.15,1.0,0.3414956982131039,-0.132568359375,0.0,0.0,0.0,0.0,0,,之后由该信托对送方指定的房产发出购买约
33,之后由该信托对宋芳指定的房产发出购买要约,6,False,False,0.0,0.15,1.0,0.25943084050297816,-0.1439208984375,0.0,0.0,0.0,0.0,0,,之后由该信托对送方指定的房产发出购买约约
33,之后由该信托对宋芳指定的房产发出购买要约,7,False,False,0.0,0.15,1.0,0.16677696889477167,-0.15673828125,0.0,0.0,0.0,0.0,0,,之后由该信托对送方指定的房产发出购买又约
33,之后由该信托对宋芳指定的房产发出购买要约,8,False,False,0.0,0.1,1.0,0.12265607765276859,-0.162841796875,0.0,0.0,0.0,0.0,0,,之后由该信托对送房指定的房产发出购买要约
33,之后由该信托对宋芳指定的房产发出购买要约,9,False,False,0.0,0.15,1.0,0.07765276858592543,-0.1690673828125,0.0,0.0,0.0,0.0,0,,之后由该信托对送方指定的房产发出购买诱约
33,之后由该信托对宋芳指定的房产发出购买要约,10,False,False,0.0,0.15,1.0,0.0,-0.1798095703125,0.0,0.0,0.0,0.0,0,,之后由该信托对送房指定的房产发出购买有约
34,宋芳必须再掏出完全属于自己的资金,1,True,False,0.0,0.125,1.0,1.0,-0.08203125,0.0,0.0,0.0,0.0,0,,送风必须再掏出完全属于自己的资金
34,宋芳必须再掏出完全属于自己的资金,2,False,False,0.0,0.1875,1.0,0.8561827956989247,-0.108154296875,0.0,0.0,0.0,0.0,0,,送风必须在掏出完全属于自己的资金
34,宋芳必须再掏出完全属于自己的资金,3,False,False,0.0,0.125,1.0,0.4905913978494624,-0.174560546875,0.0,0.0,0.0,0.0,0,,颂风必须再掏出完全属于自己的资金
34,宋芳必须再掏出完全属于自己的资金,4,False,True,0.0,0.0625,0.5,0.21169354838709678,-0.2252197265625,0.0,0.0,0.0,0.0,0,,宋峰必须再掏出完全属于自己的资金
34,宋芳必须再掏出完全属于自己的资金,5,False,False,0.0,0.125,1.0,0.13239247311827956,-0.2396240234375,0.0,0.0,0.0,0.0,0,,速封必须再掏出完全属于自己的资金
34,宋芳必须再掏出完全属于自己的资金,6,False,False,0.0,0.0625,0.5,0.08736559139784947,-0.247802734375,0.0,0.0,0.0,0.0,0,,宋枫必须再掏出完全属于自己的资金
34,宋芳必须再掏出完全属于自己的资金,7,False,False,0.0,0.0625,0.5,0.06989247311827956,-0.2509765625,0.0,0.0,0.0,0.0,0,,宋丰必须再掏出完全属于自己的资金
34,宋芳必须再掏出完全属于自己的资金,8,False,False,0.0,0.125,1.0,0.041666666666666664,-0.256103515625,0.0,0.0,0.0,0.0,0,,速丰必须再掏出完全属于自己的资金
34,宋芳必须再掏出完全属于自己的资金,9,False,False,0.0,0.125,1.0,0.0,-0.263671875,0.0,0.0,0.0,0.0,0,,送丰必须再掏出完全属于自己的资金
35,在宋芳的资金信托购买其房产时,1,True,False,0.0,0.14285714285714285,1.0,1.0,-0.059326171875,0.0,0.0,0.0,0.0,0,,在送方的资金信托购买其房产时
35,在宋芳的资金信托购买其房产时,2,False,False,0.0,0.07142857142857142,0.5,0.47679112008072655,-0.1859130859375,0.0,0.0,0.0,0.0,0,,在宋方的资金信托购买其房产时
35,在宋芳的资金信托购买其房产时,3,False,True,1.0,0.0,0.0,0.4036326942482341,-0.20361328125,0.0,0.0,0.0,0.0,0,,在宋芳的资金信托购买其房产时
35,在宋芳的资金信托购买其房产时,4,False,False,0.0,0.2857142857142857,1.0,0.19374369323915236,-0.25439453125,0.0,0.0,0.0,0.0,0,,在送方的自经信托购买其房产时
35,在宋芳的资金信托购买其房产时,5,False,False,0.0,0.14285714285714285,1.0,0.09081735620585267,-0.279296875,0.0,0.0,0.0,0.0,0,,在送房的资金信托购买其房产时
35,在宋芳的资金信托购买其房产时,6,False,False,0.0,0.07142857142857142,0.5,0.0,-0.30126953125,0.0,0.0,0.0,0.0,0,,在送芳的资金信托购买其房产时
36,这是因为宋芳购买其房产,1,True,True,1.0,0.0,0.0,1.0,-0.054229736328125,0.0,0.0,0.0,0.0,0,,这是因为宋芳购买其房产
36,这是因为宋芳购买其房产,2,False,False,0.0,0.09090909090909091,0.5,0.5059600039404984,-0.207275390625,0.0,0.0,0.0,0.0,0,,这是因为宋方购买其房产
36,这是因为宋芳购买其房产,3,False,False,0.0,0.18181818181818182,1.0,0.29790168456309724,-0.271728515625,0.0,0.0,0.0,0.0,0,,这是因为送方购买其房产
36,这是因为宋芳购买其房产,4,False,False,1.0,0.09090909090909091,0.0,0.0,-0.364013671875,0.0,0.0,0.0,0.0,0,,这是因为宋芳购买齐房产
37,今久整合营销集团迎来了它的生日,1,True,True,0.0,0.2,0.4,1.0,-0.08251953125,0.0,0.0,0.0,0.0,0,,金九整合营销集团迎来了他的生日
37,今久整合营销集团迎来了它的生日,2,False,False,0.0,0.2,0.4,0.48877146631439894,-0.177001953125,0.0,0.0,0.0,0.0,0,,金酒整合营销集团迎来了他的生日
37,今久整合营销集团迎来了它的生日,3,False,False,0.0,0.3333333333333333,0.6,0.36922060766182296,-0.1990966796875,0.0,0.0,0.0,0.0,0,,金九枕和营销集团迎来了他的生日
37,今久整合营销集团迎来了它的生日,4,False,False,0.0,0.2,0.4,0.21730515191545574,-0.2271728515625,0.0,0.0,0.0,0.0,0,,金九整合营销集团迎来了她的生日
37,今久整合营销集团迎来了它的生日,5,False,False,0.0,0.3333333333333333,0.6,0.14200792602377807,-0.2410888671875,0.0,0.0,0.0,0.0,0,,金九诊和营销集团迎来了他的生日
37,今久整合营销集团迎来了它的生日,6,False,False,0.0,0.26666666666666666,0.5,0.1023778071334214,-0.2484130859375,0.0,0.0,0.0,0.0,0,,金九枕合营销集团迎来了他的生日
37,今久整合营销集团迎来了它的生日,7,False,False,0.0,0.4666666666666667,0.8,0.047556142668428,-0.258544921875,0.0,0.0,0.0,0.0,0,,金九枕和银霄集团迎来了他的生日
37,今久整合营销集团迎来了它的生日,8,False,False,0.0,0.2,0.4,0.0,-0.267333984375,0.0,0.0,0.0,0.0,0,,金酒整合营销集团迎来了她的生日
38,北京科技大学教授刘澄表示,1,True,False,0.5,0.08333333333333333,0.125,1.0,-0.1151123046875,0.0,0.0,0.0,0.0,0,,北京科技大学教授刘成表示
38,北京科技大学教授刘澄表示,2,False,False,0.5,0.08333333333333333,0.125,0.5486950986632718,-0.20166015625,0.0,0.0,0.0,0.0,0,,北京科技大学教授刘诚表示
38,北京科技大学教授刘澄表示,3,False,False,0.5,0.08333333333333333,0.125,0.47358370464672184,-0.216064453125,0.0,0.0,0.0,0.0,0,,北京科技大学教授刘晨表示
38,北京科技大学教授刘澄表示,4,False,False,0.5,0.08333333333333333,0.125,0.3029917250159134,-0.248779296875,0.0,0.0,0.0,0.0,0,,北京科技大学教授刘承表示
38,北京科技大学教授刘澄表示,5,False,True,1.0,0.0,0.0,0.16168045830681094,-0.27587890625,0.0,0.0,0.0,0.0,0,,北京科技大学教授刘澄表示
38,北京科技大学教授刘澄表示,6,False,False,0.5,0.08333333333333333,0.125,0.0,-0.306884765625,0.0,0.0,0.0,0.0,0,,北京科技大学教授刘呈表示
39,中国证券报随着欧美等国主权债务危机陆续爆发,1,True,False,0.0,0.047619047619047616,0.2,1.0,-0.01491546630859375,0.0,0.0,0.0,0.0,0,,中国证券暴随着欧美等国主权债务危机陆续爆发
39,中国证券报随着欧美等国主权债务危机陆续爆发,2,False,True,1.0,0.0,0.0,0.44088954644227657,-0.107177734375,0.0,0.0,0.0,0.0,0,,中国证券报随着欧美等国主权债务危机陆续爆发
39,中国证券报随着欧美等国主权债务危机陆续爆发,3,False,False,0.0,0.047619047619047616,0.2,0.32252993665911506,-0.126708984375,0.0,0.0,0.0,0.0,0,,中国证券抱随着欧美等国主权债务危机陆续爆发
39,中国证券报随着欧美等国主权债务危机陆续爆发,4,False,False,0.0,0.047619047619047616,0.2,0.3217901890979703,-0.1268310546875,0.0,0.0,0.0,0.0,0,,中国证券爆随着欧美等国主权债务危机陆续爆发
39,中国证券报随着欧美等国主权债务危机陆续爆发,5,False,False,0.0,0.09523809523809523,0.2,0.31069397568079893,-0.128662109375,0.0,0.0,0.0,0.0,0,,中国证券暴随著欧美等国主权债务危机陆续爆发
39,中国证券报随着欧美等国主权债务危机陆续爆发,6,False,False,0.0,0.09523809523809523,0.2,0.10726339636599011,-0.1622314453125,0.0,0.0,0.0,0.0,0,,中国证券暴随着欧美等国主权债务危机陆续暴发
39,中国证券报随着欧美等国主权债务危机陆续爆发,7,False,False,0.0,0.09523809523809523,0.2,0.0909889500208054,-0.1649169921875,0.0,0.0,0.0,0.0,0,,中国证券暴水着欧美等国主权债务危机陆续爆发
39,中国证券报随着欧美等国主权债务危机陆续爆发,8,False,False,0.0,0.09523809523809523,0.2,0.004438485366868556,-0.17919921875,0.0,0.0,0.0,0.0,0,,中国证券暴随着欧美等国主全债务危机陆续爆发
39,中国证券报随着欧美等国主权债务危机陆续爆发,9,False,False,0.0,0.09523809523809523,0.2,0.0,-0.179931640625,0.0,0.0,0.0,0.0,0,,中国证券暴随欧美等国主权债务危机陆续爆发
40,国家审计署还专门组织力量,1,True,True,1.0,0.0,0.0,1.0,-0.0806884765625,0.0,0.0,0.0,0.0,0,,国家审计署还专门组织力量
40,国家审计署还专门组织力量,2,False,False,1.0,0.16666666666666666,0.0,0.4434270765206017,-0.1845703125,0.0,0.0,0.0,0.0,0,,国家审计署还专门组织例了
40,国家审计署还专门组织力量,3,False,False,1.0,0.16666666666666666,0.0,0.41922825376062783,-0.1890869140625,0.0,0.0,0.0,0.0,0,,国家审计署还专门组织利了
40,国家审计署还专门组织力量,4,False,False,1.0,0.16666666666666666,0.0,0.3832570307390451,-0.19580078125,0.0,0.0,0.0,0.0,0,,国家审计署还专门组织历了
40,国家审计署还专门组织力量,5,False,False,1.0,0.16666666666666666,0.0,0.2616088947024199,-0.218505859375,0.0,0.0,0.0,0.0,0,,国家审计署还专门组织逆流
40,国家审计署还专门组织力量,6,False,False,1.0,0.16666666666666666,0.0,0.14911706998037932,-0.239501953125,0.0,0.0,0.0,0.0,0,,国家审计署还专门组织疫苗
40,国家审计署还专门组织力量,7,False,False,1.0,0.16666666666666666,0.0,0.09156311314584696,-0.250244140625,0.0,0.0,0.0,0.0,0,,国家审计署还专门组织立了
40,国家审计署还专门组织力量,8,False,False,1.0,0.08333333333333333,0.0,0.08240680183126227,-0.251953125,0.0,0.0,0.0,0.0,0,,国家审计署还专门组织力疗
40,国家审计署还专门组织力量,9,False,False,1.0,0.16666666666666666,0.0,0.06932635709614127,-0.25439453125,0.0,0.0,0.0,0.0,0,,国家审计署还专门组织逆了
40,国家审计署还专门组织力量,10,False,False,1.0,0.16666666666666666,0.0,0.0,-0.267333984375,0.0,0.0,0.0,0.0,0,,国家审计署还专门组织理疗
41,审计署的审计结论表明,1,True,False,0.0,0.2,0.6666666666666666,1.0,-0.365234375,0.0,0.0,0.0,0.0,0,,省纪署的审计结论表明
41,审计署的审计结论表明,2,False,False,0.0,0.2,0.6666666666666666,0.7672849915682968,-0.4326171875,0.0,0.0,0.0,0.0,0,,省技署的审计结论表明
41,审计署的审计结论表明,3,False,False,0.0,0.2,0.6666666666666666,0.6669477234401349,-0.461669921875,0.0,0.0,0.0,0.0,0,,沈记署的审计结论表明
41,审计署的审计结论表明,4,False,False,0.0,0.4,0.6666666666666666,0.4806070826306914,-0.515625,0.0,0.0,0.0,0.0,0,,省技署的省级结论表明
41,审计署的审计结论表明,5,False,False,0.0,0.3,0.6666666666666666,0.21416526138279932,-0.5927734375,0.0,0.0,0.0,0.0,0,,省技署的省计结论表明
41,审计署的审计结论表明,6,False,True,1.0,0.1,0.0,0.20741989881956155,-0.5947265625,0.0,0.0,0.0,0.0,0,,审计署的审纪结论表明
41,审计署的审计结论表明,7,False,False,0.0,0.4,0.6666666666666666,0.0,-0.65478515625,0.0,0.0,0.0,0.0,0,,省技署的省纪结论表明
42,其在纳斯达克上市时的发行价为16美元,1,True,True,1.0,0.0,0.0,1.0,-0.01092529296875,0.0,0.0,0.0,0.0,0,,其在纳斯达克上市时的发行价为16美元
42,其在纳斯达克上市时的发行价为16美元,2,False,False,1.0,0.1111111111111111,0.0,0.39055880572927176,-0.1953125,0.0,0.0,0.0,0.0,0,,其在纳斯达克盛世时的发行价为16美元
42,其在纳斯达克上市时的发行价为16美元,3,False,False,1.0,0.05555555555555555,0.0,0.1347589267702239,-0.272705078125,0.0,0.0,0.0,0.0,0,,期在纳斯达克上市时的发行价为16美元
42,其在纳斯达克上市时的发行价为16美元,4,False,False,1.0,0.05555555555555555,0.0,0.05487189832560016,-0.296875,0.0,0.0,0.0,0.0,0,,其在纳斯达克上市时的发行价为$16美元
42,其在纳斯达克上市时的发行价为16美元,5,False,False,1.0,0.05555555555555555,0.0,0.011297155537623563,-0.31005859375,0.0,0.0,0.0,0.0,0,,齐在纳斯达克上市时的发行价为16美元
42,其在纳斯达克上市时的发行价为16美元,6,False,False,1.0,0.1111111111111111,0.0,0.0,-0.3134765625,0.0,0.0,0.0,0.0,0,,其在纳斯达克盛事时的发行价为16美元
43,这些中国游戏公司大多成长于中国市场,1,True,True,1.0,0.0,0.0,1.0,-0.1461181640625,0.0,0.0,0.0,0.0,0,,这些中国游戏公司大多成长于中国市场
43,这些中国游戏公司大多成长于中国市场,2,False,False,0.0,0.11764705882352941,0.3333333333333333,0.931067044381492,-0.155029296875,0.0,0.0,0.0,0.0,0,,这些中国有锡公司大多成长于中国市场
43,这些中国游戏公司大多成长于中国市场,3,False,False,0.0,0.11764705882352941,0.3333333333333333,0.9008498583569405,-0.158935546875,0.0,0.0,0.0,0.0,0,,这些中国有机公司大多成长于中国市场
43,这些中国游戏公司大多成长于中国市场,4,False,False,0.0,0.11764705882352941,0.3333333333333333,0.6175637393767706,-0.195556640625,0.0,0.0,0.0,0.0,0,,这些中国有息公司大多成长于中国市场
43,这些中国游戏公司大多成长于中国市场,5,False,False,0.0,0.058823529411764705,0.16666666666666666,0.11709159584513693,-0.26025390625,0.0,0.0,0.0,0.0,0,,这些中国有戏公司大多成长于中国市场
43,这些中国游戏公司大多成长于中国市场,6,False,False,0.0,0.11764705882352941,0.3333333333333333,0.0,-0.275390625,0.0,0.0,0.0,0.0,0,,这些中国有吸公司大多成长于中国市场
44,根据陈昊芝在2014年8月提供的数据,1,True,False,0.0,0.1111111111111111,0.6666666666666666,1.0,-0.0267333984375,0.0,0.0,0.0,0.0,0,,根据陈浩之在2014年8月提供的数据
44,根据陈昊芝在2014年8月提供的数据,2,False,True,0.0,0.05555555555555555,0.3333333333333333,0.8686788154897495,-0.061920166015625,0.0,0.0,0.0,0.0,0,,根据陈浩芝在2014年8月提供的数据
44,根据陈昊芝在2014年8月提供的数据,3,False,False,0.0,0.1111111111111111,0.6666666666666666,0.49840546697038723,-0.1611328125,0.0,0.0,0.0,0.0,0,,根据陈浩知在2014年8月提供的数据
44,根据陈昊芝在2014年8月提供的数据,4,False,False,0.0,0.1111111111111111,0.6666666666666666,0.09840546697038724,-0.268310546875,0.0,0.0,0.0,0.0,0,,根据陈浩志在2014年8月提供的数据
44,根据陈昊芝在2014年8月提供的数据,5,False,False,0.0,0.1111111111111111,0.6666666666666666,0.0,-0.294677734375,0.0,0.0,0.0,0.0,0,,根据陈浩支在2014年8月提供的数据
45,中国游戏公司纷纷忙着退市,1,True,False,1.0,0.08333333333333333,0.0,1.0,-0.03326416015625,0.0,0.0,0.0,0.0,0,,中国游戏公司纷纷忙著退市
45,中国游戏公司纷纷忙着退市,2,False,True,1.0,0.0,0.0,0.7508286496613344,-0.1387939453125,0.0,0.0,0.0,0.0,0,,中国游戏公司纷纷忙着退市
45,中国游戏公司纷纷忙着退市,3,False,False,1.0,0.16666666666666666,0.0,0.09684392563769996,-0.415771484375,0.0,0.0,0.0,0.0,0,,中国游戏公司芬芳忙着退市
45,中国游戏公司纷纷忙着退市,4,False,False,1.0,0.25,0.0,0.0,-0.456787109375,0.0,0.0,0.0,0.0,0,,中国游戏公司芬芳忙著退市
46,每日经济新闻记者杨建江南嘉捷六万,1,True,False,0.0,0.25,0.3333333333333333,1.0,-0.180908203125,0.0,0.0,0.0,0.0,0,,美日经济新闻记者杨建江南加节6万
46,每日经济新闻记者杨建江南嘉捷六万,2,False,False,0.0,0.3125,0.5,0.6568047337278107,-0.2021484375,0.0,0.0,0.0,0.0,0,,美日经济新闻记者杨健江南加节6万
46,每日经济新闻记者杨建江南嘉捷六万,3,False,False,0.0,0.3125,0.5,0.4358974358974359,-0.2158203125,0.0,0.0,0.0,0.0,0,,美日经济新闻记者杨剑江南加节6万
46,每日经济新闻记者杨建江南嘉捷六万,4,False,True,0.0,0.1875,0.3333333333333333,0.358974358974359,-0.2205810546875,0.0,0.0,0.0,0.0,0,,美日经济新闻记者杨建江南加节六万
46,每日经济新闻记者杨建江南嘉捷六万,5,False,False,0.0,0.25,0.3333333333333333,0.28994082840236685,-0.224853515625,0.0,0.0,0.0,0.0,0,,美日经济新闻记者杨建江南佳杰6万
46,每日经济新闻记者杨建江南嘉捷六万,6,False,False,0.0,0.25,0.3333333333333333,0.2859960552268245,-0.22509765625,0.0,0.0,0.0,0.0,0,,美日经济新闻记者杨建江南加结6万
46,每日经济新闻记者杨建江南嘉捷六万,7,False,False,0.0,0.1875,0.3333333333333333,0.26429980276134124,-0.2264404296875,0.0,0.0,0.0,0.0,0,,美日经济新闻记者杨建江南佳杰六万
46,每日经济新闻记者杨建江南嘉捷六万,8,False,False,0.0,0.3125,0.5,0.16765285996055226,-0.232421875,0.0,0.0,0.0,0.0,0,,美日经济新闻记者杨剑江南佳杰6万
46,每日经济新闻记者杨建江南嘉捷六万,9,False,False,0.0,0.1875,0.3333333333333333,0.09270216962524655,-0.237060546875,0.0,0.0,0.0,0.0,0,,每日经济新闻记者杨建江南加节6万
46,每日经济新闻记者杨建江南嘉捷六万,10,False,False,0.0,0.1875,0.3333333333333333,0.08875739644970414,-0.2373046875,0.0,0.0,0.0,0.0,0,,美日经济新闻记者杨建江南加杰六万
46,每日经济新闻记者杨建江南嘉捷六万,11,False,False,0.0,0.25,0.5,0.07297830374753451,-0.23828125,0.0,0.0,0.0,0.0,0,,美日经济新闻记者杨健江南佳杰六万
46,每日经济新闻记者杨建江南嘉捷六万,12,False,False,0.0,0.3125,0.5,0.03353057199211045,-0.24072265625,0.0,0.0,0.0,0.0,0,,美日经济新闻记者杨健江南佳杰6万
46,每日经济新闻记者杨建江南嘉捷六万,13,False,False,0.0,0.25,0.5,0.0,-0.2427978515625,0.0,0.0,0.0,0.0,0,,美日经济新闻记者杨健江南加节六万
47,每日经济新闻记者杨建江南嘉捷六万一千一百三十一三,1,True,False,0.0,0.5833333333333334,0.5,1.0,-0.17333984375,0.0,0.0,0.0,0.0,0,,美日经济新闻记者杨健江南佳节61131
47,每日经济新闻记者杨建江南嘉捷六万一千一百三十一三,2,False,True,0.0,0.5416666666666666,0.3333333333333333,0.8163265306122449,-0.1832275390625,0.0,0.0,0.0,0.0,0,,美日经济新闻记者杨建江南佳节61131
47,每日经济新闻记者杨建江南嘉捷六万一千一百三十一三,3,False,False,0.0,0.5833333333333334,0.5,0.6099773242630385,-0.1943359375,0.0,0.0,0.0,0.0,0,,美日经济新闻记者杨剑江南佳节61131
47,每日经济新闻记者杨建江南嘉捷六万一千一百三十一三,4,False,False,0.0,0.5833333333333334,0.5,0.18820861678004536,-0.217041015625,0.0,0.0,0.0,0.0,0,,美日经济新闻记者杨健江南佳节611313
47,每日经济新闻记者杨建江南嘉捷六万一千一百三十一三,5,False,False,0.0,0.5833333333333334,0.5,0.14058956916099774,-0.2196044921875,0.0,0.0,0.0,0.0,0,,美日经济新闻记者杨健江南佳杰61131
47,每日经济新闻记者杨建江南嘉捷六万一千一百三十一三,6,False,False,0.0,0.5416666666666666,0.3333333333333333,0.09070294784580499,-0.2222900390625,0.0,0.0,0.0,0.0,0,,美日经济新闻记者杨建江南佳杰61131
47,每日经济新闻记者杨建江南嘉捷六万一千一百三十一三,7,False,False,0.0,0.5833333333333334,0.5,0.04081632653061224,-0.2249755859375,0.0,0.0,0.0,0.0,0,,美日经济新闻记者杨健江南加节61131
47,每日经济新闻记者杨建江南嘉捷六万一千一百三十一三,8,False,False,0.0,0.5416666666666666,0.3333333333333333,0.04081632653061224,-0.2249755859375,0.0,0.0,0.0,0.0,0,,美日经济新闻记者杨建江南佳节611313
47,每日经济新闻记者杨建江南嘉捷六万一千一百三十一三,9,False,False,0.0,0.5833333333333334,0.5,0.0045351473922902496,-0.2269287109375,0.0,0.0,0.0,0.0,0,,美日经济新闻记者杨剑江南佳杰61131
47,每日经济新闻记者杨建江南嘉捷六万一千一百三十一三,10,False,False,0.0,0.5833333333333334,0.5,0.0,-0.2271728515625,0.0,0.0,0.0,0.0,0,,美日经济新闻记者杨剑江南佳节611313
48,成飞集成百二十一九十,1,True,True,0.0,0.1,0.5,1.0,-0.29931640625,0.0,0.0,0.0,0.0,0,,成非集成百二十一九十
48,成飞集成百二十一九十,2,False,False,0.0,0.3,0.5,0.8761061946902655,-0.31640625,0.0,0.0,0.0,0.0,0,,乘飞即乘百二十一九十
48,成飞集成百二十一九十,3,False,False,0.0,0.3,0.5,0.8088495575221238,-0.32568359375,0.0,0.0,0.0,0.0,0,,乘飞急乘百二十一九十
48,成飞集成百二十一九十,4,False,False,0.0,0.4,1.0,0.784070796460177,-0.3291015625,0.0,0.0,0.0,0.0,0,,乘非即乘百二十一九十
48,成飞集成百二十一九十,5,False,False,0.0,0.2,0.5,0.6530973451327433,-0.34716796875,0.0,0.0,0.0,0.0,0,,成非即成百二十一九十
48,成飞集成百二十一九十,6,False,False,0.0,0.3,1.0,0.6212389380530974,-0.3515625,0.0,0.0,0.0,0.0,0,,乘非集乘百二十一九十
48,成飞集成百二十一九十,7,False,False,0.0,0.3,0.5,0.31327433628318585,-0.39404296875,0.0,0.0,0.0,0.0,0,,乘飞级乘百二十一九十
48,成飞集成百二十一九十,8,False,False,0.0,0.2,0.5,0.19823008849557522,-0.409912109375,0.0,0.0,0.0,0.0,0,,乘飞集乘百二十一九十
48,成飞集成百二十一九十,9,False,False,0.0,0.1,0.5,0.06902654867256637,-0.427734375,0.0,0.0,0.0,0.0,0,,陈飞集成百二十一九十
48,成飞集成百二十一九十,10,False,False,0.0,0.4,1.0,0.0,-0.437255859375,0.0,0.0,0.0,0.0,0,,乘非及乘百二十一九十
49,取得这一突破的领军人就包括轮椅英雄叶乔波,1,True,True,1.0,0.0,0.0,1.0,-0.0753173828125,0.0,0.0,0.0,0.0,0,,取得这一突破的领军人就包括轮椅英雄叶乔波
49,取得这一突破的领军人就包括轮椅英雄叶乔波,2,False,False,0.0,0.05,0.3333333333333333,0.5977710233029382,-0.123779296875,0.0,0.0,0.0,0.0,0,,取得这一突破的领军人就包括轮椅英雄叶桥波
49,取得这一突破的领军人就包括轮椅英雄叶乔波,3,False,False,1.0,0.1,0.0,0.4154002026342452,-0.145751953125,0.0,0.0,0.0,0.0,0,,取得热意突破的领军人就包括轮椅英雄叶乔波
49,取得这一突破的领军人就包括轮椅英雄叶乔波,4,False,False,1.0,0.1,0.0,0.3779128672745694,-0.1502685546875,0.0,0.0,0.0,0.0,0,,取得热议突破的领军人就包括轮椅英雄叶乔波
49,取得这一突破的领军人就包括轮椅英雄叶乔波,5,False,False,0.0,0.05,0.3333333333333333,0.18439716312056736,-0.173583984375,0.0,0.0,0.0,0.0,0,,取得这一突破的领军人就包括轮椅英雄叶乔博
49,取得这一突破的领军人就包括轮椅英雄叶乔波,6,False,False,0.0,0.15,0.3333333333333333,0.017223910840932118,-0.1937255859375,0.0,0.0,0.0,0.0,0,,取得热意突破的领军人就包括轮椅英雄叶桥波
49,取得这一突破的领军人就包括轮椅英雄叶乔波,7,False,False,0.0,0.15,0.3333333333333333,0.0,-0.19580078125,0.0,0.0,0.0,0.0,0,,取得热议突破的领军人就包括轮椅英雄叶桥波
50,杨扬拿到了500米和1000米2项短道速的金牌,1,True,False,0.0,0.13043478260869565,1.0,1.0,-0.06982421875,0.0,0.0,0.0,0.0,0,,羊羊拿到了500米和1000米2项短道数的金牌
50,杨扬拿到了500米和1000米2项短道速的金牌,2,False,True,0.0,0.08695652173913043,1.0,0.9822361546499477,-0.0718994140625,0.0,0.0,0.0,0.0,0,,羊羊拿到了500米和1000米2项短道速的金牌
50,杨扬拿到了500米和1000米2项短道速的金牌,3,False,False,0.0,0.13043478260869565,1.0,0.9346917450365726,-0.07745361328125,0.0,0.0,0.0,0.0,0,,羊羊拿到了500米和1000米2项短道素的金牌
50,杨扬拿到了500米和1000米2项短道速的金牌,4,False,False,0.0,0.13043478260869565,1.0,0.15464994775339602,-0.1685791015625,0.0,0.0,0.0,0.0,0,,羊羊拿到了500米和1000米2项短道竖的金牌
50,杨扬拿到了500米和1000米2项短道速的金牌,5,False,False,0.0,0.13043478260869565,1.0,0.027168234064785787,-0.1834716796875,0.0,0.0,0.0,0.0,0,,羊羊拿到了500米和1000米2项短道塑的金牌
50,杨扬拿到了500米和1000米2项短道速的金牌,6,False,False,0.0,0.13043478260869565,1.0,0.0,-0.1866455078125,0.0,0.0,0.0,0.0,0,,羊羊拿到了500米和1000米2项短道树的金牌
51,以及拥有陈露的女单项目,1,True,True,0.0,0.09090909090909091,0.5,1.0,-0.169921875,0.0,0.0,0.0,0.0,0,,以及拥有陈录的女单项目
51,以及拥有陈露的女单项目,2,False,False,0.0,0.18181818181818182,1.0,0.7899603698811096,-0.208740234375,0.0,0.0,0.0,0.0,0,,以及拥有成路的女单项目
51,以及拥有陈露的女单项目,3,False,False,0.0,0.09090909090909091,0.5,0.6175693527080581,-0.2406005859375,0.0,0.0,0.0,0.0,0,,以及拥有晨露的女单项目
51,以及拥有陈露的女单项目,4,False,False,0.0,0.18181818181818182,1.0,0.28401585204755614,-0.30224609375,0.0,0.0,0.0,0.0,0,,以及拥有成录的女单项目
51,以及拥有陈露的女单项目,5,False,False,0.0,0.2727272727272727,1.0,0.24174372523117568,-0.31005859375,0.0,0.0,0.0,0.0,0,,以及拥有成路的旅单项目
51,以及拥有陈露的女单项目,6,False,False,0.0,0.2727272727272727,1.0,0.16116248348745046,-0.324951171875,0.0,0.0,0.0,0.0,0,,以及拥有成路的履单项目
51,以及拥有陈露的女单项目,7,False,False,0.0,0.18181818181818182,0.5,0.14002642007926025,-0.328857421875,0.0,0.0,0.0,0.0,0,,以及拥有陈录的旅单项目
51,以及拥有陈露的女单项目,8,False,False,0.0,0.18181818181818182,1.0,0.07661822985468957,-0.340576171875,0.0,0.0,0.0,0.0,0,,以及拥有沉入的女单项目
51,以及拥有陈露的女单项目,9,False,False,0.0,0.18181818181818182,0.5,0.06869220607661823,-0.342041015625,0.0,0.0,0.0,0.0,0,,以及拥有陈录的履单项目
51,以及拥有陈露的女单项目,10,False,False,0.0,0.18181818181818182,1.0,0.003963011889035667,-0.35400390625,0.0,0.0,0.0,0.0,0,,以及拥有程录的女单项目
51,以及拥有陈露的女单项目,11,False,False,0.0,0.18181818181818182,1.0,0.0,-0.354736328125,0.0,0.0,0.0,0.0,0,,以及拥有晨鹿的女单项目
52,2018年冬奥会的主办地韩国平昌是1个绝好的例子,1,True,False,0.0,0.125,0.6666666666666666,1.0,-0.1202392578125,0.0,0.0,0.0,0.0,0,,2018年冬奥会的主办第韩国品称是1个绝好的例子
52,2018年冬奥会的主办地韩国平昌是1个绝好的例子,2,False,True,0.0,0.08333333333333333,0.6666666666666666,0.9092331768388107,-0.1273193359375,0.0,0.0,0.0,0.0,0,,2018年冬奥会的主办地韩国品称是1个绝好的例子
52,2018年冬奥会的主办地韩国平昌是1个绝好的例子,3,False,False,0.0,0.125,0.6666666666666666,0.593114241001565,-0.1519775390625,0.0,0.0,0.0,0.0,0,,2018年冬奥会的主办帝韩国品称是1个绝好的例子
52,2018年冬奥会的主办地韩国平昌是1个绝好的例子,4,False,False,0.0,0.125,0.6666666666666666,0.5712050078247262,-0.1536865234375,0.0,0.0,0.0,0.0,0,,2018年冬奥会的主办递韩国品称是1个绝好的例子
52,2018年冬奥会的主办地韩国平昌是1个绝好的例子,5,False,False,0.0,0.125,0.6666666666666666,0.5305164319248826,-0.1568603515625,0.0,0.0,0.0,0.0,0,,2018年冬奥会的主办替韩国品称是1个绝好的例子
52,2018年冬奥会的主办地韩国平昌是1个绝好的例子,6,False,False,0.0,0.125,0.6666666666666666,0.486697965571205,-0.1602783203125,0.0,0.0,0.0,0.0,0,,2018年冬奥会的主办的韩国品称是1个绝好的例子
52,2018年冬奥会的主办地韩国平昌是1个绝好的例子,7,False,False,0.0,0.125,0.6666666666666666,0.16118935837245696,-0.1856689453125,0.0,0.0,0.0,0.0,0,,2018年冬奥会的主办D韩国品称是1个绝好的例子
52,2018年冬奥会的主办地韩国平昌是1个绝好的例子,8,False,False,0.0,0.125,0.6666666666666666,0.1596244131455399,-0.185791015625,0.0,0.0,0.0,0.0,0,,2018年冬奥会的主办抵韩国品称是1个绝好的例子
52,2018年冬奥会的主办地韩国平昌是1个绝好的例子,9,False,False,0.0,0.125,0.6666666666666666,0.014084507042253521,-0.1971435546875,0.0,0.0,0.0,0.0,0,,2018年冬奥会的主办对韩国品称是1个绝好的例子
52,2018年冬奥会的主办地韩国平昌是1个绝好的例子,10,False,False,0.0,0.125,1.0,0.0,-0.1982421875,0.0,0.0,0.0,0.0,0,,2018年冬奥会主办地韩国品称是1个绝好的例子
53,平昌曾经3次申办冬奥会,1,True,True,1.0,0.0,0.0,1.0,-0.055755615234375,0.0,0.0,0.0,0.0,0,,平昌曾经3次申办冬奥会
53,平昌曾经3次申办冬奥会,2,False,False,1.0,0.09090909090909091,0.0,0.3864980860689015,-0.2171630859375,0.0,0.0,0.0,0.0,0,,平昌曾经3次审办冬奥会
53,平昌曾经3次申办冬奥会,3,False,False,1.0,0.09090909090909091,0.0,0.182809418860921,-0.270751953125,0.0,0.0,0.0,0.0,0,,平昌曾3次申办冬奥会
53,平昌曾经3次申办冬奥会,4,False,False,1.0,0.18181818181818182,0.0,0.1558983876580443,-0.27783203125,0.0,0.0,0.0,0.0,0,,平昌曾经3次审判冬奥会
53,平昌曾经3次申办冬奥会,5,False,False,1.0,0.09090909090909091,0.0,0.0,-0.31884765625,0.0,0.0,0.0,0.0,0,,平昌曾经3次身办冬奥会
54,几乎帮助了平昌拿下2018年冬奥会的主办权,1,True,True,1.0,0.0,0.0,1.0,-0.049468994140625,0.0,0.0,0.0,0.0,0,,几乎帮助了平昌拿下2018年冬奥会的主办权
54,几乎帮助了平昌拿下2018年冬奥会的主办权,2,False,False,1.0,0.047619047619047616,0.0,0.3788283335950997,-0.170166015625,0.0,0.0,0.0,0.0,0,,几乎帮助了平昌拿下2018年冬奥会主办权
54,几乎帮助了平昌拿下2018年冬奥会的主办权,3,False,False,1.0,0.047619047619047616,0.0,0.29464425946285533,-0.1865234375,0.0,0.0,0.0,0.0,0,,几乎帮助了平昌拿下2018冬奥会的主办权
54,几乎帮助了平昌拿下2018年冬奥会的主办权,4,False,False,0.0,0.047619047619047616,0.5,0.11873723888801634,-0.220703125,0.0,0.0,0.0,0.0,0,,几乎帮助了品昌拿下2018年冬奥会的主办权
54,几乎帮助了平昌拿下2018年冬奥会的主办权,5,False,False,0.0,0.047619047619047616,0.5,0.05151562745406,-0.2337646484375,0.0,0.0,0.0,0.0,0,,几乎帮助了秉昌拿下2018年冬奥会的主办权
54,几乎帮助了平昌拿下2018年冬奥会的主办权,6,False,False,1.0,0.047619047619047616,1.0,0.03643788283335951,-0.2366943359375,0.0,0.0,0.0,0.0,0,,这几乎帮助了平昌拿下2018年冬奥会的主办权
54,几乎帮助了平昌拿下2018年冬奥会的主办权,7,False,False,1.0,0.047619047619047616,1.0,0.0,-0.2437744140625,0.0,0.0,0.0,0.0,0,,几乎帮助平昌拿下2018年冬奥会的主办权
55,刚与阮经天传出情变不久的许玮宁近日接拍恐怖片,1,True,True,0.0,0.18181818181818182,0.6,1.0,-0.147705078125,0.0,0.0,0.0,0.0,0,,刚于阮青天传出情变不久的徐伟宁近日接拍恐怖片
55,刚与阮经天传出情变不久的许玮宁近日接拍恐怖片,2,False,False,0.0,0.22727272727272727,0.6,0.48490945674044267,-0.178955078125,0.0,0.0,0.0,0.0,0,,刚于阮青天传出情变不久的徐伟宁近日街拍恐怖片
55,刚与阮经天传出情变不久的许玮宁近日接拍恐怖片,3,False,False,0.0,0.22727272727272727,0.6,0.40643863179074446,-0.1837158203125,0.0,0.0,0.0,0.0,0,,刚于阮青天传出勤变不久的徐伟宁近日接拍恐怖片
55,刚与阮经天传出情变不久的许玮宁近日接拍恐怖片,4,False,False,0.0,0.2727272727272727,0.6,0.20724346076458752,-0.19580078125,0.0,0.0,0.0,0.0,0,,刚于阮青天传出秦遍不久的徐伟宁近日接拍恐怖片
55,刚与阮经天传出情变不久的许玮宁近日接拍恐怖片,5,False,False,0.0,0.2727272727272727,1.0,0.08651911468812877,-0.203125,0.0,0.0,0.0,0.0,0,,刚于软蜻蜓天传出情变不久的徐伟宁近日接拍恐怖片
55,刚与阮经天传出情变不久的许玮宁近日接拍恐怖片,6,False,False,0.0,0.18181818181818182,0.6,0.03219315895372234,-0.2064208984375,0.0,0.0,0.0,0.0,0,,刚于阮今天传出情变不久的徐伟宁近日接拍恐怖片
55,刚与阮经天传出情变不久的许玮宁近日接拍恐怖片,7,False,False,0.0,0.22727272727272727,0.6,0.0,-0.2083740234375,0.0,0.0,0.0,0.0,0,,刚于软晶天传出情变不久的徐伟宁近日接拍恐怖片
56,玩心大起的许绍洋与玩家一起比拼游戏,1,True,False,0.0,0.23529411764705882,0.6666666666666666,1.0,-0.08953857421875,0.0,0.0,0.0,0.0,0,,玩新大旗的许少阳与玩家一起比拼游戏
56,玩心大起的许绍洋与玩家一起比拼游戏,2,False,True,1.0,0.11764705882352941,0.0,0.525532969757065,-0.14794921875,0.0,0.0,0.0,0.0,0,,玩新大旗的许绍洋与玩家一起比拼游戏
56,玩心大起的许绍洋与玩家一起比拼游戏,3,False,False,0.0,0.17647058823529413,0.3333333333333333,0.44323252354982645,-0.1580810546875,0.0,0.0,0.0,0.0,0,,玩新大旗的许绍阳与玩家一起比拼游戏
56,玩心大起的许绍洋与玩家一起比拼游戏,4,False,False,0.0,0.23529411764705882,0.6666666666666666,0.40951908775409024,-0.1622314453125,0.0,0.0,0.0,0.0,0,,玩新大棋的许少阳与玩家一起比拼游戏
56,玩心大起的许绍洋与玩家一起比拼游戏,5,False,False,0.0,0.29411764705882354,1.0,0.3589489340604859,-0.16845703125,0.0,0.0,0.0,0.0,0,,玩新大旗的徐少阳与玩家一起比拼游戏
56,玩心大起的许绍洋与玩家一起比拼游戏,6,False,False,0.0,0.23529411764705882,0.6666666666666666,0.28358948934060485,-0.177734375,0.0,0.0,0.0,0.0,0,,玩新大旗的许少羊与玩家一起比拼游戏
56,玩心大起的许绍洋与玩家一起比拼游戏,7,False,False,0.0,0.23529411764705882,0.6666666666666666,0.03867129400099157,-0.2078857421875,0.0,0.0,0.0,0.0,0,,玩新大旗的徐少洋与玩家一起比拼游戏
56,玩心大起的许绍洋与玩家一起比拼游戏,8,False,False,0.0,0.23529411764705882,0.6666666666666666,0.027764005949429845,-0.209228515625,0.0,0.0,0.0,0.0,0,,玩新大旗的徐绍阳与玩家一起比拼游戏
56,玩心大起的许绍洋与玩家一起比拼游戏,9,False,False,1.0,0.11764705882352941,0.0,0.0,-0.212646484375,0.0,0.0,0.0,0.0,0,,玩新大棋的许绍洋与玩家一起比拼游戏
57,金陵晚报8月12日报道2014年,1,True,True,1.0,0.0,0.0,1.0,-0.1571044921875,0.0,0.0,0.0,0.0,0,,金陵晚报8月12日报道2014年
57,金陵晚报8月12日报道2014年,2,False,False,0.0,0.0625,0.25,0.41148325358851673,-0.232177734375,0.0,0.0,0.0,0.0,0,,金铃晚报8月12日报道2014年
57,金陵晚报8月12日报道2014年,3,False,False,1.0,0.0625,0.0,0.0,-0.28466796875,0.0,0.0,0.0,0.0,0,,金陵晚报8月12日报导2014年
58,许茹芸与韩籍男友举行了婚礼,1,True,True,0.5,0.15384615384615385,0.4,1.0,-0.06878662109375,0.0,0.0,0.0,0.0,0,,许如云与韩籍男友举行了婚礼
58,许茹芸与韩籍男友举行了婚礼,2,False,False,0.0,0.23076923076923078,0.6,0.9284991568296797,-0.08172607421875,0.0,0.0,0.0,0.0,0,,许如云与韩姬男友举行了婚礼
58,许茹芸与韩籍男友举行了婚礼,3,False,False,0.0,0.23076923076923078,0.6,0.7548060708263069,-0.1131591796875,0.0,0.0,0.0,0.0,0,,许如云与韩吉男友举行了婚礼
58,许茹芸与韩籍男友举行了婚礼,4,False,False,0.0,0.23076923076923078,0.6,0.4735244519392917,-0.1640625,0.0,0.0,0.0,0.0,0,,许如云与韩季男友举行了婚礼
58,许茹芸与韩籍男友举行了婚礼,5,False,False,0.0,0.23076923076923078,0.6,0.33254637436762224,-0.1895751953125,0.0,0.0,0.0,0.0,0,,许如云与韩记男友举行了婚礼
58,许茹芸与韩籍男友举行了婚礼,6,False,False,0.5,0.23076923076923078,0.6,0.08903878583473862,-0.233642578125,0.0,0.0,0.0,0.0,0,,徐如云与韩籍男友举行了婚礼
58,许茹芸与韩籍男友举行了婚礼,7,False,False,0.0,0.23076923076923078,0.6,0.06205733558178752,-0.238525390625,0.0,0.0,0.0,0.0,0,,许如云与韩系男友举行了婚礼
58,许茹芸与韩籍男友举行了婚礼,8,False,False,0.0,0.3076923076923077,0.8,0.055986509274873524,-0.2396240234375,0.0,0.0,0.0,0.0,0,,徐如云与韩姬男友举行了婚礼
58,许茹芸与韩籍男友举行了婚礼,9,False,False,0.0,0.23076923076923078,0.6,0.04654300168634064,-0.2413330078125,0.0,0.0,0.0,0.0,0,,许如云与韩基男友举行了婚礼
58,许茹芸与韩籍男友举行了婚礼,10,False,False,0.0,0.23076923076923078,0.6,0.025632377740303542,-0.2451171875,0.0,0.0,0.0,0.0,0,,许如云与韩济男友举行了婚礼
58,许茹芸与韩籍男友举行了婚礼,11,False,False,0.0,0.23076923076923078,0.6,0.0,-0.249755859375,0.0,0.0,0.0,0.0,0,,许如云与韩集男友举行了婚礼
59,许茹芸突然闪婚让当时的娱乐圈也惊起了一阵小波澜,1,True,False,0.0,0.13043478260869565,0.6666666666666666,1.0,-0.026611328125,0.0,0.0,0.0,0.0,0,,许如云突然闪昏让当时的娱乐圈也惊起了一阵小波澜
59,许茹芸突然闪婚让当时的娱乐圈也惊起了一阵小波澜,2,False,True,0.0,0.08695652173913043,0.6666666666666666,0.8229623137598597,-0.05126953125,0.0,0.0,0.0,0.0,0,,许如云突然闪婚让当时的娱乐圈也惊起了一阵小波澜
59,许茹芸突然闪婚让当时的娱乐圈也惊起了一阵小波澜,3,False,False,0.0,0.17391304347826086,0.6666666666666666,0.3308501314636284,-0.11981201171875,0.0,0.0,0.0,0.0,0,,许如云突然闪昏让当时的娱乐圈也惊奇了一阵小波澜
59,许茹芸突然闪婚让当时的娱乐圈也惊起了一阵小波澜,4,False,False,0.0,0.17391304347826086,1.0,0.2112182296231376,-0.136474609375,0.0,0.0,0.0,0.0,0,,虚如云突然闪昏让当时的娱乐圈也惊起了一阵小波澜
59,许茹芸突然闪婚让当时的娱乐圈也惊起了一阵小波澜,5,False,False,0.0,0.13043478260869565,0.6666666666666666,0.13496932515337423,-0.1470947265625,0.0,0.0,0.0,0.0,0,,许如云突然闪魂让当时的娱乐圈也惊起了一阵小波澜
59,许茹芸突然闪婚让当时的娱乐圈也惊起了一阵小波澜,6,False,False,0.0,0.13043478260869565,0.6666666666666666,0.10429447852760736,-0.1513671875,0.0,0.0,0.0,0.0,0,,许如云突然闪婚让当时的娱乐圈也惊奇了一阵小波澜
59,许茹芸突然闪婚让当时的娱乐圈也惊起了一阵小波澜,7,False,False,0.0,0.13043478260869565,0.6666666666666666,0.05433829973707274,-0.1583251953125,0.0,0.0,0.0,0.0,0,,许如云突然闪祸让当时的娱乐圈也惊起了一阵小波澜
59,许茹芸突然闪婚让当时的娱乐圈也惊起了一阵小波澜,8,False,False,0.0,0.13043478260869565,0.6666666666666666,0.0,-0.1658935546875,0.0,0.0,0.0,0.0,0,,许如云突然闪荤让当时的娱乐圈也惊起了一阵小波澜
60,在许茹芸看来,1,True,False,0.0,0.3333333333333333,0.6666666666666666,1.0,-0.0750732421875,0.0,0.0,0.0,0.0,0,,在许如云看来
60,在许茹芸看来,2,False,False,0.0,0.16666666666666666,0.3333333333333333,0.4085422469823584,-0.4638671875,0.0,0.0,0.0,0.0,0,,在许茹云看来
60,在许茹芸看来,3,False,True,1.0,0.0,0.0,0.3988857938718663,-0.47021484375,0.0,0.0,0.0,0.0,0,,在许茹芸看来
60,在许茹芸看来,4,False,False,0.0,0.5,1.0,0.04011142061281337,-0.7060546875,0.0,0.0,0.0,0.0,0,,在徐如云看来
60,在许茹芸看来,5,False,False,0.0,0.16666666666666666,0.3333333333333333,0.0,-0.732421875,0.0,0.0,0.0,0.0,0,,在徐茹芸看来
61,日前因为广东省高院作出的无罪判决,1,True,True,1.0,0.0,0.0,1.0,-0.04803466796875,0.0,0.0,0.0,0.0,0,,日前因为广东省高院作出的无罪判决
61,日前因为广东省高院作出的无罪判决,2,False,False,1.0,0.0625,0.0,0.848465266558966,-0.07666015625,0.0,0.0,0.0,0.0,0,,日前因为广东省高院做出的无罪判决
61,日前因为广东省高院作出的无罪判决,3,False,False,1.0,0.0625,0.8,0.2604200323101777,-0.187744140625,0.0,0.0,0.0,0.0,0,,日前因广东省高院作出的无罪判决
61,日前因为广东省高院作出的无罪判决,4,False,False,1.0,0.125,0.8,0.0,-0.2369384765625,0.0,0.0,0.0,0.0,0,,日前因广东省高院做出的无罪判决
62,陈传钧从东莞市第二看守所出来,1,True,True,0.0,0.07142857142857142,0.3333333333333333,1.0,-0.0863037109375,0.0,0.0,0.0,0.0,0,,陈传君从东莞市第二看守所出来
62,陈传钧从东莞市第二看守所出来,2,False,False,0.0,0.21428571428571427,1.0,0.38336582196231317,-0.2021484375,0.0,0.0,0.0,0.0,0,,沉船均从东莞市第二看守所出来
62,陈传钧从东莞市第二看守所出来,3,False,False,0.0,0.21428571428571427,1.0,0.32293697205977906,-0.2135009765625,0.0,0.0,0.0,0.0,0,,沉船君从东莞市第二看守所出来
62,陈传钧从东莞市第二看守所出来,4,False,False,0.0,0.14285714285714285,0.6666666666666666,0.21832358674463936,-0.233154296875,0.0,0.0,0.0,0.0,0,,陈船军从东莞市第二看守所出来
62,陈传钧从东莞市第二看守所出来,5,False,False,0.0,0.21428571428571427,1.0,0.20987654320987653,-0.2347412109375,0.0,0.0,0.0,0.0,0,,沉船军从东莞市第二看守所出来
62,陈传钧从东莞市第二看守所出来,6,False,False,0.0,0.14285714285714285,0.6666666666666666,0.19558154645873943,-0.2374267578125,0.0,0.0,0.0,0.0,0,,陈船君从东莞市第二看守所出来
62,陈传钧从东莞市第二看守所出来,7,False,False,0.0,0.07142857142857142,0.3333333333333333,0.15139701104613384,-0.2457275390625,0.0,0.0,0.0,0.0,0,,陈传军从东莞市第二看守所出来
62,陈传钧从东莞市第二看守所出来,8,False,False,0.0,0.21428571428571427,1.0,0.05588044184535412,-0.263671875,0.0,0.0,0.0,0.0,0,,乘船均从东莞市第二看守所出来
62,陈传钧从东莞市第二看守所出来,9,False,False,0.0,0.21428571428571427,1.0,0.0,-0.274169921875,0.0,0.0,0.0,0.0,0,,程船君从东莞市第二看守所出来
63,他向广东省高院申诉,1,True,True,1.0,0.0,0.0,1.0,-0.06695556640625,0.0,0.0,0.0,0.0,0,,他向广东省高院申诉
63,他向广东省高院申诉,2,False,False,1.0,0.1111111111111111,0.0,0.6998535871156661,-0.1795654296875,0.0,0.0,0.0,0.0,0,,她向广东省高院申诉
63,他向广东省高院申诉,3,False,False,1.0,0.1111111111111111,0.0,0.38848218643240606,-0.29638671875,0.0,0.0,0.0,0.0,0,,它向广东省高院申诉
63,他向广东省高院申诉,4,False,False,1.0,0.1111111111111111,0.0,0.0,-0.442138671875,0.0,0.0,0.0,0.0,0,,他向广东省高原申诉
64,广东高院审理后驳回了关某的申诉,1,True,True,1.0,0.0,0.0,1.0,-0.04095458984375,0.0,0.0,0.0,0.0,0,,广东高院审理后驳回了关某的申诉
64,广东高院审理后驳回了关某的申诉,2,False,False,1.0,0.06666666666666667,0.0,0.593296384270256,-0.135009765625,0.0,0.0,0.0,0.0,0,,广东高院审理后驳回了官某的申诉
64,广东高院审理后驳回了关某的申诉,3,False,False,1.0,0.06666666666666667,0.0,0.10398522037476907,-0.2481689453125,0.0,0.0,0.0,0.0,0,,广东高院审理后驳回了关某申诉
64,广东高院审理后驳回了关某的申诉,4,False,False,1.0,0.06666666666666667,0.0,0.010556875164951175,-0.269775390625,0.0,0.0,0.0,0.0,0,,广东高院审理后驳回了观某的申诉
64,广东高院审理后驳回了关某的申诉,5,False,False,1.0,0.06666666666666667,0.0,0.0,-0.272216796875,0.0,0.0,0.0,0.0,0,,广东高院审理以后驳回了关某的申诉
65,京华时报记者蒲东峰摄2007年,1,True,False,0.0,0.26666666666666666,0.6666666666666666,1.0,-0.0297393798828125,0.0,0.0,0.0,0.0,0,,新华时报记者浦东分社2007年
65,京华时报记者蒲东峰摄2007年,2,False,False,0.0,0.26666666666666666,0.6666666666666666,0.5014450182403942,-0.1903076171875,0.0,0.0,0.0,0.0,0,,新华时报记者普东分社2007年
65,京华时报记者蒲东峰摄2007年,3,False,False,0.0,0.26666666666666666,0.6666666666666666,0.1773819112142891,-0.294677734375,0.0,0.0,0.0,0.0,0,,清华时报记者浦东分社2007年
65,京华时报记者蒲东峰摄2007年,4,False,False,0.0,0.2,0.3333333333333333,0.1243189463211257,-0.311767578125,0.0,0.0,0.0,0.0,0,,新华时报记者蒲东芬社2007年
65,京华时报记者蒲东峰摄2007年,5,False,False,0.0,0.26666666666666666,0.6666666666666666,0.12204481925427584,-0.3125,0.0,0.0,0.0,0.0,0,,新华时报记者浦东风社2007年
65,京华时报记者蒲东峰摄2007年,6,False,False,0.0,0.2,0.3333333333333333,0.09702942151892736,-0.320556640625,0.0,0.0,0.0,0.0,0,,新华时报记者蒲东分社2007年
65,京华时报记者蒲东峰摄2007年,7,False,False,0.0,0.3333333333333333,1.0,0.027289524802198324,-0.343017578125,0.0,0.0,0.0,0.0,0,,新华时报记者普通分社2007年
65,京华时报记者蒲东峰摄2007年,8,False,True,1.0,0.13333333333333333,0.0,0.0,-0.351806640625,0.0,0.0,0.0,0.0,0,,新华时报记者蒲东峰社2007年
66,视频截图新京报快讯记者杨锋昨日,1,True,True,0.5,0.06666666666666667,0.2,1.0,-0.06396484375,0.0,0.0,0.0,0.0,0,,视频截图新京报快讯记者杨芬昨日
66,视频截图新京报快讯记者杨锋昨日,2,False,False,0.0,0.13333333333333333,0.4,0.5721196130167107,-0.12335205078125,0.0,0.0,0.0,0.0,0,,视频截图新金报快讯记者杨芬昨日
66,视频截图新京报快讯记者杨锋昨日,3,False,False,0.5,0.06666666666666667,0.2,0.21899736147757257,-0.17236328125,0.0,0.0,0.0,0.0,0,,视频截图新京报快讯记者杨峰昨日
66,视频截图新京报快讯记者杨锋昨日,4,False,False,0.0,0.13333333333333333,0.4,0.1741424802110818,-0.1785888671875,0.0,0.0,0.0,0.0,0,,视频截图新津报快讯记者杨芬昨日
66,视频截图新京报快讯记者杨锋昨日,5,False,False,0.5,0.06666666666666667,0.2,0.17150395778364116,-0.178955078125,0.0,0.0,0.0,0.0,0,,视频截图新京报快讯记者杨风昨日
66,视频截图新京报快讯记者杨锋昨日,6,False,False,0.0,0.2,0.6,0.0,-0.2027587890625,0.0,0.0,0.0,0.0,0,,视频截图新金爆快讯记者杨芬昨日
67,李斯达表示自己跟周云露并没有深仇大恨,1,True,True,1.0,0.0,0.0,1.0,-0.11431884765625,0.0,0.0,0.0,0.0,0,,李斯达表示自己跟周云露并没有深仇大恨
67,李斯达表示自己跟周云露并没有深仇大恨,2,False,False,1.0,0.05555555555555555,0.0,0.8324873096446701,-0.1324462890625,0.0,0.0,0.0,0.0,0,,李斯达表示自己跟周云录并没有深仇大恨
67,李斯达表示自己跟周云露并没有深仇大恨,3,False,False,1.0,0.05555555555555555,0.0,0.6565143824027073,-0.1514892578125,0.0,0.0,0.0,0.0,0,,李斯达表示自己跟周云璐并没有深仇大恨
67,李斯达表示自己跟周云露并没有深仇大恨,4,False,False,1.0,0.05555555555555555,0.0,0.3790186125211506,-0.1815185546875,0.0,0.0,0.0,0.0,0,,李斯达表示自己跟周云路并没有深仇大恨
67,李斯达表示自己跟周云露并没有深仇大恨,5,False,False,0.0,0.05555555555555555,0.3333333333333333,0.27298364354201915,-0.1929931640625,0.0,0.0,0.0,0.0,0,,李思达表示自己跟周云露并没有深仇大恨
67,李斯达表示自己跟周云露并没有深仇大恨,6,False,False,0.0,0.1111111111111111,0.3333333333333333,0.1319796954314721,-0.208251953125,0.0,0.0,0.0,0.0,0,,李思达表示自己跟周云录并没有深仇大恨
67,李斯达表示自己跟周云露并没有深仇大恨,7,False,False,1.0,0.05555555555555555,0.0,0.050761421319796954,-0.217041015625,0.0,0.0,0.0,0.0,0,,李斯达表示自己和周云露并没有深仇大恨
67,李斯达表示自己跟周云露并没有深仇大恨,8,False,False,0.0,0.1111111111111111,0.3333333333333333,0.0,-0.2225341796875,0.0,0.0,0.0,0.0,0,,李思达表示自己跟周云璐并没有深仇大恨
68,目前李斯达被关押在朝阳区看守所,1,True,True,1.0,0.0,0.0,1.0,-0.043212890625,0.0,0.0,0.0,0.0,0,,目前李斯达被关押在朝阳区看守所
68,目前李斯达被关押在朝阳区看守所,2,False,False,0.0,0.06666666666666667,0.3333333333333333,0.5295829291949563,-0.16162109375,0.0,0.0,0.0,0.0,0,,目前李思达被关押在朝阳区看守所
68,目前李斯达被关押在朝阳区看守所,3,False,False,0.0,0.06666666666666667,0.3333333333333333,0.5092143549951503,-0.166748046875,0.0,0.0,0.0,0.0,0,,目前里斯达被关押在朝阳区看守所
68,目前李斯达被关押在朝阳区看守所,4,False,False,1.0,0.06666666666666667,0.0,0.1513094083414161,-0.2568359375,0.0,0.0,0.0,0.0,0,,目前李斯达被关在朝阳区看守所
68,目前李斯达被关押在朝阳区看守所,5,False,False,0.0,0.06666666666666667,0.3333333333333333,0.019398642095053348,-0.2900390625,0.0,0.0,0.0,0.0,0,,目前理斯达被关押在朝阳区看守所
68,目前李斯达被关押在朝阳区看守所,6,False,False,1.0,0.13333333333333333,1.0,0.013579049466537343,-0.29150390625,0.0,0.0,0.0,0.0,0,,李斯达被关押在朝阳区看守所
68,目前李斯达被关押在朝阳区看守所,7,False,False,1.0,0.06666666666666667,0.0,0.0,-0.294921875,0.0,0.0,0.0,0.0,0,,目前李斯达被关押在朝阳区勘守所
69,李斯达手持尖刀的自拍照,1,True,True,1.0,0.0,0.0,1.0,-0.08709716796875,0.0,0.0,0.0,0.0,0,,李斯达手持尖刀的自拍照
69,李斯达手持尖刀的自拍照,2,False,False,0.0,0.09090909090909091,0.3333333333333333,0.6499866915091829,-0.1673583984375,0.0,0.0,0.0,0.0,0,,里斯达手持尖刀的自拍照
69,李斯达手持尖刀的自拍照,3,False,False,1.0,0.09090909090909091,0.0,0.4189512909236093,-0.2203369140625,0.0,0.0,0.0,0.0,0,,李斯达手持剑刀的自拍照
69,李斯达手持尖刀的自拍照,4,False,False,1.0,0.09090909090909091,0.0,0.27149321266968324,-0.254150390625,0.0,0.0,0.0,0.0,0,,李斯达手持剪刀的自拍照
69,李斯达手持尖刀的自拍照,5,False,False,0.0,0.09090909090909091,0.3333333333333333,0.18951290923609262,-0.27294921875,0.0,0.0,0.0,0.0,0,,李思达手持尖刀的自拍照
69,李斯达手持尖刀的自拍照,6,False,False,0.0,0.09090909090909091,0.3333333333333333,0.16608996539792387,-0.2783203125,0.0,0.0,0.0,0.0,0,,理斯达手持尖刀的自拍照
69,李斯达手持尖刀的自拍照,7,False,False,0.0,0.09090909090909091,0.3333333333333333,0.14160234229438382,-0.283935546875,0.0,0.0,0.0,0.0,0,,李士达手持尖刀的自拍照
69,李斯达手持尖刀的自拍照,8,False,False,0.0,0.18181818181818182,0.3333333333333333,0.08198030343359063,-0.297607421875,0.0,0.0,0.0,0.0,0,,里斯达手持剑刀的自拍照
69,李斯达手持尖刀的自拍照,9,False,False,0.0,0.09090909090909091,0.3333333333333333,0.0,-0.31640625,0.0,0.0,0.0,0.0,0,,利斯达手持尖刀的自拍照
70,新京报快讯记者杨锋凌晨今日下午,1,True,False,0.0,0.13333333333333333,0.4,1.0,-0.131103515625,0.0,0.0,0.0,0.0,0,,新京爆快讯记者杨芬凌晨今日下午
70,新京报快讯记者杨锋凌晨今日下午,2,False,False,0.0,0.26666666666666666,0.8,0.6935991605456453,-0.166748046875,0.0,0.0,0.0,0.0,0,,心经爆快讯记者杨芬凌晨今日下午
70,新京报快讯记者杨锋凌晨今日下午,3,False,False,0.0,0.2,0.4,0.6107030430220357,-0.1763916015625,0.0,0.0,0.0,0.0,0,,新京爆快讯记者杨芬林晨今日下午
70,新京报快讯记者杨锋凌晨今日下午,4,False,True,0.5,0.06666666666666667,0.2,0.41657922350472193,-0.198974609375,0.0,0.0,0.0,0.0,0,,新京报快讯记者杨芬凌晨今日下午
70,新京报快讯记者杨锋凌晨今日下午,5,False,False,0.0,0.2,0.6,0.3704092339979014,-0.204345703125,0.0,0.0,0.0,0.0,0,,新金爆快讯记者杨芬凌晨今日下午
70,新京报快讯记者杨锋凌晨今日下午,6,False,False,0.0,0.3333333333333333,0.8,0.29800629590766003,-0.2127685546875,0.0,0.0,0.0,0.0,0,,心经爆快讯记者杨芬林晨今日下午
70,新京报快讯记者杨锋凌晨今日下午,7,False,False,0.0,0.26666666666666666,0.8,0.14795383001049317,-0.230224609375,0.0,0.0,0.0,0.0,0,,心惊爆快讯记者杨芬凌晨今日下午
70,新京报快讯记者杨锋凌晨今日下午,8,False,False,0.0,0.13333333333333333,0.4,0.0912906610703043,-0.23681640625,0.0,0.0,0.0,0.0,0,,新京爆快讯记者杨峰凌晨今日下午
70,新京报快讯记者杨锋凌晨今日下午,9,False,False,0.5,0.13333333333333333,0.2,0.08604407135362015,-0.2374267578125,0.0,0.0,0.0,0.0,0,,新京报快讯记者杨芬林晨今日下午
70,新京报快讯记者杨锋凌晨今日下午,10,False,False,0.0,0.13333333333333333,0.4,0.011542497376705142,-0.24609375,0.0,0.0,0.0,0.0,0,,新京爆快讯记者杨风凌晨今日下午
70,新京报快讯记者杨锋凌晨今日下午,11,False,False,0.0,0.26666666666666666,0.6,0.0,-0.2474365234375,0.0,0.0,0.0,0.0,0,,新金爆快讯记者杨芬林晨今日下午
71,在朝阳区百子湾阳光嘉园小区遇害,1,True,False,0.0,0.13333333333333333,0.2857142857142857,1.0,-0.052734375,0.0,0.0,0.0,0.0,0,,在朝阳区白子湾阳光家园小区遇害
71,在朝阳区百子湾阳光嘉园小区遇害,2,False,False,0.0,0.2,0.42857142857142855,0.26108374384236455,-0.16259765625,0.0,0.0,0.0,0.0,0,,在朝阳区白紫湾阳光家园小区遇害
71,在朝阳区百子湾阳光嘉园小区遇害,3,False,True,0.0,0.06666666666666667,0.14285714285714285,0.21921182266009853,-0.1688232421875,0.0,0.0,0.0,0.0,0,,在朝阳区百子湾阳光家园小区遇害
71,在朝阳区百子湾阳光嘉园小区遇害,4,False,False,0.0,0.2,0.2857142857142857,0.03284072249589491,-0.196533203125,0.0,0.0,0.0,0.0,0,,在朝阳区白子湾阳光家园小区遇海
71,在朝阳区百子湾阳光嘉园小区遇害,5,False,False,0.0,0.26666666666666666,0.2857142857142857,0.0,-0.201416015625,0.0,0.0,0.0,0.0,0,,在潮洋区白子湾阳光家园小区遇害
72,四川广安11岁女孩的失踪,1,True,True,1.0,0.0,0.0,1.0,-0.09185791015625,0.0,0.0,0.0,0.0,0,,四川广安11岁女孩的失踪
72,四川广安11岁女孩的失踪,2,False,False,1.0,0.08333333333333333,0.0,0.46221489420170375,-0.2113037109375,0.0,0.0,0.0,0.0,0,,四川广安1岁女孩的失踪
72,四川广安11岁女孩的失踪,3,False,False,1.0,0.08333333333333333,0.0,0.20665017862050014,-0.26806640625,0.0,0.0,0.0,0.0,0,,四川广安11岁女孩失踪
72,四川广安11岁女孩的失踪,4,False,False,1.0,0.08333333333333333,0.0,0.19455894476504534,-0.270751953125,0.0,0.0,0.0,0.0,0,,四川广安11岁女孩儿的失踪
72,四川广安11岁女孩的失踪,5,False,False,1.0,0.6666666666666666,0.0,0.15278922780983786,-0.280029296875,0.0,0.0,0.0,0.0,0,,四川广安100000000岁女孩的失踪
72,四川广安11岁女孩的失踪,6,False,False,1.0,0.08333333333333333,0.0,0.1110195108546304,-0.289306640625,0.0,0.0,0.0,0.0,0,,四川广安一1岁女孩的失踪
72,四川广安11岁女孩的失踪,7,False,False,1.0,0.08333333333333333,0.0,0.0,-0.31396484375,0.0,0.0,0.0,0.0,0,,四川广安亿1岁女孩的失踪
73,凶手在郫县安靖镇被抓,1,True,False,0.0,0.4,0.6666666666666666,1.0,-0.08721923828125,0.0,0.0,0.0,0.0,0,,凶手在P线安静正被抓
73,凶手在郫县安靖镇被抓,2,False,False,0.0,0.3,0.3333333333333333,0.6094744284704219,-0.1883544921875,0.0,0.0,0.0,0.0,0,,凶手在P线安静镇被抓
73,凶手在郫县安靖镇被抓,3,False,True,0.0,0.2,0.3333333333333333,0.6085316992693849,-0.1885986328125,0.0,0.0,0.0,0.0,0,,凶手在屁县安静镇被抓
73,凶手在郫县安靖镇被抓,4,False,False,0.0,0.4,0.6666666666666666,0.5156728729672402,-0.212646484375,0.0,0.0,0.0,0.0,0,,凶手在屁线安静正被抓
73,凶手在郫县安靖镇被抓,5,False,False,0.0,0.4,0.6666666666666666,0.15743577657317936,-0.305419921875,0.0,0.0,0.0,0.0,0,,凶手在p线安静正被抓
73,凶手在郫县安靖镇被抓,6,False,False,0.0,0.4,0.6666666666666666,0.1300966297431063,-0.3125,0.0,0.0,0.0,0.0,0,,凶手在P线安静症被抓
73,凶手在郫县安靖镇被抓,7,False,False,0.0,0.4,0.6666666666666666,0.0848456280933302,-0.32421875,0.0,0.0,0.0,0.0,0,,凶手在P线安静震被抓
73,凶手在郫县安靖镇被抓,8,False,False,0.0,0.3,0.3333333333333333,0.0452510016497761,-0.33447265625,0.0,0.0,0.0,0.0,0,,凶手在屁线安静镇被抓
73,凶手在郫县安靖镇被抓,9,False,False,0.0,0.2,0.3333333333333333,0.034880980438369076,-0.337158203125,0.0,0.0,0.0,0.0,0,,凶手在P县安静镇被抓
73,凶手在郫县安靖镇被抓,10,False,False,0.0,0.4,0.6666666666666666,0.0,-0.34619140625,0.0,0.0,0.0,0.0,0,,凶手在P线安静阵被抓
74,应邀参加第2届天府古镇艺术节,1,True,True,1.0,0.0,0.0,1.0,-0.061279296875,0.0,0.0,0.0,0.0,0,,应邀参加第2届天府古镇艺术节
74,应邀参加第2届天府古镇艺术节,2,False,False,0.0,0.07142857142857142,0.25,0.9149519890260631,-0.076416015625,0.0,0.0,0.0,0.0,0,,应邀参加第2届天福古镇艺术节
74,应邀参加第2届天府古镇艺术节,3,False,False,1.0,0.07142857142857142,0.0,0.5541838134430727,-0.140625,0.0,0.0,0.0,0.0,0,,引邀参加第2届天府古镇艺术节
74,应邀参加第2届天府古镇艺术节,4,False,False,0.0,0.14285714285714285,0.25,0.47599451303155005,-0.154541015625,0.0,0.0,0.0,0.0,0,,引邀参加第2届天福古镇艺术节
74,应邀参加第2届天府古镇艺术节,5,False,False,0.0,0.21428571428571427,0.75,0.43072702331961593,-0.16259765625,0.0,0.0,0.0,0.0,0,,应邀参加第2届天福鼓阵艺术节
74,应邀参加第2届天府古镇艺术节,6,False,False,0.0,0.14285714285714285,0.5,0.21742112482853224,-0.2005615234375,0.0,0.0,0.0,0.0,0,,应邀参加第2届天府鼓阵艺术节
74,应邀参加第2届天府古镇艺术节,7,False,False,0.0,0.14285714285714285,0.5,0.04252400548696845,-0.231689453125,0.0,0.0,0.0,0.0,0,,应邀参加第2届天福谷镇艺术节
74,应邀参加第2届天府古镇艺术节,8,False,False,0.0,0.2857142857142857,0.75,0.0,-0.2392578125,0.0,0.0,0.0,0.0,0,,引邀参加第2届天福鼓阵艺术节
75,李嘉诚军师抛售马云一五亿买香港最贵单价豪宅,1,True,True,1.0,0.0,0.0,1.0,-0.09130859375,0.0,0.0,0.0,0.0,0,,李嘉诚军师抛售马云一五亿买香港最贵单价豪宅
75,李嘉诚军师抛售马云一五亿买香港最贵单价豪宅,2,False,False,1.0,0.09523809523809523,0.0,0.0,-0.09832763671875,0.0,0.0,0.0,0.0,0,,李嘉诚军师抛售马云15亿买香港最贵单价豪宅
76,今久整合营销集团就是如此,1,True,False,0.0,0.16666666666666666,0.4,1.0,-0.05303955078125,0.0,0.0,0.0,0.0,0,,金九整合营销集团就是如此
76,今久整合营销集团就是如此,2,False,False,0.0,0.16666666666666666,0.4,0.6070419883261156,-0.180419921875,0.0,0.0,0.0,0.0,0,,金酒整合营销集团就是如此
76,今久整合营销集团就是如此,3,False,False,0.0,0.3333333333333333,0.6,0.5072491056298248,-0.2127685546875,0.0,0.0,0.0,0.0,0,,金九掌和营销集团就是如此
76,今久整合营销集团就是如此,4,False,False,0.0,0.25,0.5,0.32536245528149127,-0.271728515625,0.0,0.0,0.0,0.0,0,,金九掌合营销集团就是如此
76,今久整合营销集团就是如此,5,False,False,0.0,0.3333333333333333,0.6,0.16418753530408586,-0.323974609375,0.0,0.0,0.0,0.0,0,,金九涨核营销集团就是如此
76,今久整合营销集团就是如此,6,False,False,0.0,0.25,0.6,0.12276407456222933,-0.33740234375,0.0,0.0,0.0,0.0,0,,金九整合营营销集团就是如此
76,今久整合营销集团就是如此,7,False,True,0.0,0.08333333333333333,0.2,0.06552438335530032,-0.35595703125,0.0,0.0,0.0,0.0,0,,今九整合营销集团就是如此
76,今久整合营销集团就是如此,8,False,False,0.0,0.3333333333333333,0.6,0.05121446055356807,-0.360595703125,0.0,0.0,0.0,0.0,0,,金九长河营销集团就是如此
76,今久整合营销集团就是如此,9,False,False,0.0,0.3333333333333333,0.6,0.0,-0.377197265625,0.0,0.0,0.0,0.0,0,,金九涨和营销集团就是如此
77,今久必须担当起引领时代潮流的重任,1,True,False,0.0,0.125,1.0,1.0,-0.03289794921875,0.0,0.0,0.0,0.0,0,,金九必须担当起引领时代潮流的重任
77,今久必须担当起引领时代潮流的重任,2,False,True,1.0,0.0,0.0,0.470662860767523,-0.134765625,0.0,0.0,0.0,0.0,0,,今久必须担当起引领时代潮流的重任
77,今久必须担当起引领时代潮流的重任,3,False,False,0.0,0.0625,0.5,0.39835077703774185,-0.148681640625,0.0,0.0,0.0,0.0,0,,今九必须担当起引领时代潮流的重任
77,今久必须担当起引领时代潮流的重任,4,False,False,0.0,0.125,1.0,0.3082778306374881,-0.166015625,0.0,0.0,0.0,0.0,0,,金酒必须担当起引领时代潮流的重任
77,今久必须担当起引领时代潮流的重任,5,False,False,0.0,0.0625,0.5,0.0,-0.225341796875,0.0,0.0,0.0,0.0,0,,金久必须担当起引领时代潮流的重任
78,蓝色光标以几亿人民币收购今久,1,True,False,0.0,0.14285714285714285,1.0,1.0,-0.071533203125,0.0,0.0,0.0,0.0,0,,蓝色光标以几亿人民币收购金酒
78,蓝色光标以几亿人民币收购今久,2,False,False,0.0,0.14285714285714285,1.0,0.9856532356532357,-0.07440185546875,0.0,0.0,0.0,0.0,0,,蓝色光标以几亿人民币收购金九
78,蓝色光标以几亿人民币收购今久,3,False,False,0.0,0.14285714285714285,1.0,0.23321123321123322,-0.224853515625,0.0,0.0,0.0,0.0,0,,蓝色光标以几亿人民币收购金韭
78,蓝色光标以几亿人民币收购今久,4,False,False,0.0,0.21428571428571427,1.0,0.231990231990232,-0.22509765625,0.0,0.0,0.0,0.0,0,,蓝色光标已几亿人民币收购金九
78,蓝色光标以几亿人民币收购今久,5,False,True,0.0,0.07142857142857142,0.5,0.007326007326007326,-0.27001953125,0.0,0.0,0.0,0.0,0,,蓝色光标以几亿人民币收购经久
78,蓝色光标以几亿人民币收购今久,6,False,False,0.0,0.07142857142857142,0.5,0.0,-0.271484375,0.0,0.0,0.0,0.0,0,,蓝色光标以几亿人民币收购金久
79,这成为今久转型的起点,1,True,False,0.0,0.2,1.0,1.0,-0.040924072265625,0.0,0.0,0.0,0.0,0,,这成为金九转型的起点
79,这成为今久转型的起点,2,False,False,0.0,0.2,1.0,0.4529097342467816,-0.2626953125,0.0,0.0,0.0,0.0,0,,这成为金酒转型的起点
79,这成为今久转型的起点,3,False,False,0.0,0.3,1.0,0.3228186403673869,-0.3154296875,0.0,0.0,0.0,0.0,0,,这成为金九转形的起点
79,这成为今久转型的起点,4,False,True,0.0,0.1,0.5,0.11744334864112023,-0.398681640625,0.0,0.0,0.0,0.0,0,,这成为今九转型的起点
79,这成为今久转型的起点,5,False,False,0.0,0.3,1.0,0.11382970714447038,-0.400146484375,0.0,0.0,0.0,0.0,0,,这常为金九转型的起点
79,这成为今久转型的起点,6,False,False,0.0,0.2,1.0,0.019272754648799215,-0.4384765625,0.0,0.0,0.0,0.0,0,,这成为金9转型的起点
79,这成为今久转型的起点,7,False,False,0.0,0.2,1.0,0.0,-0.4462890625,0.0,0.0,0.0,0.0,0,,这成为金韭转型的起点
80,今久率先提出整合营销的概念,1,True,False,0.0,0.15384615384615385,1.0,1.0,-0.04107666015625,0.0,0.0,0.0,0.0,0,,金九率先提出整合营销的概念
80,今久率先提出整合营销的概念,2,False,False,0.0,0.15384615384615385,1.0,0.4512677366829495,-0.18505859375,0.0,0.0,0.0,0.0,0,,金酒率先提出整合营销的概念
80,今久率先提出整合营销的概念,3,False,False,0.0,0.07692307692307693,0.5,0.43638055361712025,-0.18896484375,0.0,0.0,0.0,0.0,0,,金久率先提出整合营销的概念
80,今久率先提出整合营销的概念,4,False,True,1.0,0.0,0.0,0.24842986741102582,-0.23828125,0.0,0.0,0.0,0.0,0,,今久率先提出整合营销的概念
80,今久率先提出整合营销的概念,5,False,False,0.0,0.23076923076923078,1.0,0.19818562456385205,-0.25146484375,0.0,0.0,0.0,0.0,0,,金九率先提出整合行销的概念
80,今久率先提出整合营销的概念,6,False,False,0.0,0.15384615384615385,1.0,0.1898115840893231,-0.253662109375,0.0,0.0,0.0,0.0,0,,金韭率先提出整合营销的概念
80,今久率先提出整合营销的概念,7,False,False,0.0,0.07692307692307693,0.5,0.07350546638753198,-0.2841796875,0.0,0.0,0.0,0.0,0,,今九率先提出整合营销的概念
80,今久率先提出整合营销的概念,8,False,False,0.0,0.23076923076923078,1.0,0.03349616189811584,-0.294677734375,0.0,0.0,0.0,0.0,0,,金九首先提出整合营销的概念
80,今久率先提出整合营销的概念,9,False,False,0.0,0.3076923076923077,1.0,0.0,-0.303466796875,0.0,0.0,0.0,0.0,0,,金九涉嫌提出整合营销的概念
81,今久正是在蓝色光标的技术支持下,1,True,False,0.0,0.13333333333333333,1.0,1.0,-0.046783447265625,0.0,0.0,0.0,0.0,0,,金九正是在蓝色光标的技术支持下
81,今久正是在蓝色光标的技术支持下,2,False,False,0.0,0.13333333333333333,1.0,0.6970756960962642,-0.11285400390625,0.0,0.0,0.0,0.0,0,,金酒正是在蓝色光标的技术支持下
81,今久正是在蓝色光标的技术支持下,3,False,False,0.0,0.13333333333333333,1.0,0.4796418077515041,-0.1602783203125,0.0,0.0,0.0,0.0,0,,金9正是在蓝色光标的技术支持下
81,今久正是在蓝色光标的技术支持下,4,False,False,0.0,0.13333333333333333,1.0,0.3363649083531552,-0.1915283203125,0.0,0.0,0.0,0.0,0,,金韭正是在蓝色光标的技术支持下
81,今久正是在蓝色光标的技术支持下,5,False,True,0.0,0.06666666666666667,0.5,0.13935917168042536,-0.2344970703125,0.0,0.0,0.0,0.0,0,,今酒正是在蓝色光标的技术支持下
81,今久正是在蓝色光标的技术支持下,6,False,False,0.0,0.06666666666666667,0.5,0.0,-0.264892578125,0.0,0.0,0.0,0.0,0,,金久正是在蓝色光标的技术支持下
82,今久在大举创新的同时,1,True,False,0.0,0.1,0.5,1.0,-0.1195068359375,0.0,0.0,0.0,0.0,0,,今九在大举创新的同时
82,今久在大举创新的同时,2,False,False,0.0,0.2,0.5,0.9063200358583595,-0.14501953125,0.0,0.0,0.0,0.0,0,,今九赛大举创新的同时
82,今久在大举创新的同时,3,False,False,0.0,0.2,0.5,0.5073957866427611,-0.253662109375,0.0,0.0,0.0,0.0,0,,今酒赛大举创新的同时
82,今久在大举创新的同时,4,False,True,1.0,0.0,0.0,0.31376064545047067,-0.306396484375,0.0,0.0,0.0,0.0,0,,今久在大举创新的同时
82,今久在大举创新的同时,5,False,False,0.0,0.2,1.0,0.017929179740026894,-0.386962890625,0.0,0.0,0.0,0.0,0,,金九在大举创新的同时
82,今久在大举创新的同时,6,False,False,0.0,0.3,1.0,0.0,-0.391845703125,0.0,0.0,0.0,0.0,0,,金九赛大举创新的同时
83,今久上海分公司又悄无声息地开张了,1,True,False,0.0,0.125,0.4444444444444444,1.0,-0.1728515625,0.0,0.0,0.0,0.0,0,,金九上海分公司又悄无声息地开张了
83,今久上海分公司又悄无声息地开张了,2,False,False,0.0,0.1875,0.4444444444444444,0.8933518005540166,-0.1822509765625,0.0,0.0,0.0,0.0,0,,金九上海分公司又悄无声息的开张了
83,今久上海分公司又悄无声息地开张了,3,False,False,0.0,0.125,0.2222222222222222,0.4806094182825485,-0.2186279296875,0.0,0.0,0.0,0.0,0,,今九上海分公司又悄无声息的开张了
83,今久上海分公司又悄无声息地开张了,4,False,False,0.0,0.125,0.4444444444444444,0.3587257617728532,-0.2293701171875,0.0,0.0,0.0,0.0,0,,京九上海分公司又悄无声息地开张了
83,今久上海分公司又悄无声息地开张了,5,False,False,0.0,0.1875,0.4444444444444444,0.2548476454293629,-0.238525390625,0.0,0.0,0.0,0.0,0,,京九上海分公司又悄无声息的开张了
83,今久上海分公司又悄无声息地开张了,6,False,True,0.0,0.0625,0.2222222222222222,0.0,-0.260986328125,0.0,0.0,0.0,0.0,0,,今九上海分公司又悄无声息地开张了
84,今久又出高价,1,True,True,0.0,0.3333333333333333,1.0,1.0,-0.1422119140625,0.0,0.0,0.0,0.0,0,,清酒又出高价
84,今久又出高价,2,False,False,0.0,0.5,1.0,0.8409351363740546,-0.2269287109375,0.0,0.0,0.0,0.0,0,,清酒又出高架
84,今久又出高价,3,False,False,0.0,0.5,1.0,0.2942929177171671,-0.51806640625,0.0,0.0,0.0,0.0,0,,金九又出高架
84,今久又出高价,4,False,False,0.0,0.5,1.0,0.16227366490946596,-0.58837890625,0.0,0.0,0.0,0.0,0,,清酒诱出高价
84,今久又出高价,5,False,False,0.0,0.3333333333333333,1.0,0.16044006417602566,-0.58935546875,0.0,0.0,0.0,0.0,0,,金九又出高价
84,今久又出高价,6,False,False,0.0,0.6666666666666666,1.0,0.07151042860417144,-0.63671875,0.0,0.0,0.0,0.0,0,,清酒右出高架
84,今久又出高价,7,False,False,0.0,0.6666666666666666,1.0,0.0,-0.6748046875,0.0,0.0,0.0,0.0,0,,清酒釉出高架
85,收购了房地产互联网营销公司沈阳新维一半股份,1,True,False,0.0,0.09523809523809523,0.25,1.0,-0.10968017578125,0.0,0.0,0.0,0.0,0,,收购了房地产互联网营销公司沈阳新威一办股份
85,收购了房地产互联网营销公司沈阳新维一半股份,2,False,False,0.0,0.09523809523809523,0.25,0.5897674418604651,-0.1365966796875,0.0,0.0,0.0,0.0,0,,收购了房地产互联网营销公司沈阳新微一办股份
85,收购了房地产互联网营销公司沈阳新维一半股份,3,False,False,0.0,0.09523809523809523,0.25,0.5506976744186046,-0.13916015625,0.0,0.0,0.0,0.0,0,,收购了房地产互联网营销公司沈阳新唯一办股份
85,收购了房地产互联网营销公司沈阳新维一半股份,4,False,True,0.0,0.047619047619047616,0.125,0.5172093023255814,-0.141357421875,0.0,0.0,0.0,0.0,0,,收购了房地产互联网营销公司沈阳新威一半股份
85,收购了房地产互联网营销公司沈阳新维一半股份,5,False,False,0.0,0.047619047619047616,0.125,0.3404651162790698,-0.1529541015625,0.0,0.0,0.0,0.0,0,,收购了房地产互联网营销公司沈阳新微一半股份
85,收购了房地产互联网营销公司沈阳新维一半股份,6,False,False,0.0,0.09523809523809523,0.25,0.10232558139534884,-0.1685791015625,0.0,0.0,0.0,0.0,0,,收购了房地产互联网营销公司沈阳新卫一办股份
85,收购了房地产互联网营销公司沈阳新维一半股份,7,False,False,0.0,0.047619047619047616,0.125,0.053953488372093024,-0.1717529296875,0.0,0.0,0.0,0.0,0,,收购了房地产互联网营销公司沈阳新唯一半股份
85,收购了房地产互联网营销公司沈阳新维一半股份,8,False,False,0.0,0.14285714285714285,0.375,0.035348837209302326,-0.1729736328125,0.0,0.0,0.0,0.0,0,,收购了房地产互联网营销公司沈阳新威伊办股份
85,收购了房地产互联网营销公司沈阳新维一半股份,9,False,False,0.0,0.14285714285714285,0.375,0.0,-0.17529296875,0.0,0.0,0.0,0.0,0,,收购了房地产互联网营销公司沈阳新微衣办股份
86,今久又1次利用资本市场,1,True,False,0.0,0.2727272727272727,1.0,1.0,-0.027191162109375,0.0,0.0,0.0,0.0,0,,金九又1次利用私本市场
86,今久又1次利用资本市场,2,False,False,0.0,0.2727272727272727,1.0,0.635323759133283,-0.248046875,0.0,0.0,0.0,0.0,0,,金酒又1次利用私本市场
86,今久又1次利用资本市场,3,False,False,0.0,0.18181818181818182,1.0,0.5047115142353238,-0.3271484375,0.0,0.0,0.0,0.0,0,,金九又1次利用资本市场
86,今久又1次利用资本市场,4,False,False,0.0,0.18181818181818182,0.5,0.400705467372134,-0.39013671875,0.0,0.0,0.0,0.0,0,,今九又1次利用私本市场
86,今久又1次利用资本市场,5,False,False,0.0,0.18181818181818182,0.5,0.3720836482741245,-0.407470703125,0.0,0.0,0.0,0.0,0,,金久又1次利用私本市场
86,今久又1次利用资本市场,6,False,False,0.0,0.2727272727272727,1.0,0.37006802721088433,-0.40869140625,0.0,0.0,0.0,0.0,0,,金韭又1次利用私本市场
86,今久又1次利用资本市场,7,False,False,0.0,0.18181818181818182,0.5,0.163668430335097,-0.53369140625,0.0,0.0,0.0,0.0,0,,经久又1次利用私本市场
86,今久又1次利用资本市场,8,False,False,0.0,0.2727272727272727,1.0,0.1564121945074326,-0.5380859375,0.0,0.0,0.0,0.0,0,,金9又1次利用私本市场
86,今久又1次利用资本市场,9,False,False,0.0,0.18181818181818182,1.0,0.1564121945074326,-0.5380859375,0.0,0.0,0.0,0.0,0,,金酒又1次利用资本市场
86,今久又1次利用资本市场,10,False,True,1.0,0.09090909090909091,0.0,0.1475434618291761,-0.54345703125,0.0,0.0,0.0,0.0,0,,今久又1次利用私本市场
86,今久又1次利用资本市场,11,False,False,0.0,0.36363636363636365,1.0,0.045149911816578486,-0.60546875,0.0,0.0,0.0,0.0,0,,金九又1次利用私奔市场
86,今久又1次利用资本市场,12,False,False,0.0,0.2727272727272727,1.0,0.008062484252960444,-0.6279296875,0.0,0.0,0.0,0.0,0,,京酒又1次利用私本市场
86,今久又1次利用资本市场,13,False,False,0.0,0.2727272727272727,1.0,0.0,-0.6328125,0.0,0.0,0.0,0.0,0,,金角又1次利用私本市场
87,今久成功实现了转型,1,True,False,0.0,0.2222222222222222,1.0,1.0,-0.04803466796875,0.0,0.0,0.0,0.0,0,,金九成功实现了转型
87,今久成功实现了转型,2,False,False,0.0,0.2222222222222222,1.0,0.4448705656759348,-0.29541015625,0.0,0.0,0.0,0.0,0,,金酒成功实现了转型
87,今久成功实现了转型,3,False,False,0.0,0.1111111111111111,0.5,0.2816052595534858,-0.3681640625,0.0,0.0,0.0,0.0,0,,今九成功实现了转型
87,今久成功实现了转型,4,False,True,1.0,0.0,0.0,0.1671003972058622,-0.419189453125,0.0,0.0,0.0,0.0,0,,今久成功实现了转型
87,今久成功实现了转型,5,False,False,0.0,0.2222222222222222,1.0,0.16271743596767566,-0.421142578125,0.0,0.0,0.0,0.0,0,,金9成功实现了转型
87,今久成功实现了转型,6,False,False,0.0,0.1111111111111111,0.5,0.1287494863717299,-0.436279296875,0.0,0.0,0.0,0.0,0,,金久成功实现了转型
87,今久成功实现了转型,7,False,False,0.0,0.3333333333333333,1.0,0.025202027119572663,-0.482421875,0.0,0.0,0.0,0.0,0,,金九成功实现了转形
87,今久成功实现了转型,8,False,False,0.0,0.2222222222222222,1.0,0.02246267634570607,-0.483642578125,0.0,0.0,0.0,0.0,0,,金韭成功实现了转型
87,今久成功实现了转型,9,False,False,0.0,0.2222222222222222,1.0,0.0016436104643199562,-0.492919921875,0.0,0.0,0.0,0.0,0,,荆九成功实现了转型
87,今久成功实现了转型,10,False,False,0.0,0.1111111111111111,0.5,0.0,-0.49365234375,0.0,0.0,0.0,0.0,0,,津久成功实现了转型
88,后今久时代正式到来,1,True,False,0.0,0.2222222222222222,1.0,1.0,-0.01739501953125,0.0,0.0,0.0,0.0,0,,后金九时代正式到来
88,后今久时代正式到来,2,False,True,0.0,0.1111111111111111,0.5,0.42580523283271937,-0.388427734375,0.0,0.0,0.0,0.0,0,,后今九时代正式到来
88,后今久时代正式到来,3,False,False,0.0,0.2222222222222222,1.0,0.373287994710494,-0.42236328125,0.0,0.0,0.0,0.0,0,,后金酒时代正式到来
88,后今久时代正式到来,4,False,False,0.0,0.3333333333333333,1.0,0.37215452913951075,-0.423095703125,0.0,0.0,0.0,0.0,0,,后金九时代正史到来
88,后今久时代正式到来,5,False,False,0.0,0.2222222222222222,1.0,0.11636913195428356,-0.58837890625,0.0,0.0,0.0,0.0,0,,后金9时代正式到来
88,后今久时代正式到来,6,False,False,0.0,0.3333333333333333,1.0,0.1057901199584396,-0.59521484375,0.0,0.0,0.0,0.0,0,,后金九时代正是到来
88,后今久时代正式到来,7,False,False,0.0,0.1111111111111111,0.5,0.05894020969113063,-0.62548828125,0.0,0.0,0.0,0.0,0,,后金久时代正式到来
88,后今久时代正式到来,8,False,False,0.0,0.2222222222222222,1.0,0.009823368281855106,-0.6572265625,0.0,0.0,0.0,0.0,0,,后金韭时代正式到来
88,后今久时代正式到来,9,False,False,0.0,0.2222222222222222,1.0,0.00528950599792198,-0.66015625,0.0,0.0,0.0,0.0,0,,后荆九时代正式到来
88,后今久时代正式到来,10,False,False,0.0,0.3333333333333333,1.0,0.0,-0.66357421875,0.0,0.0,0.0,0.0,0,,后金九十代正式到来
89,转型后的今久整合营销集团,1,True,False,0.0,0.16666666666666666,0.4,1.0,-0.039337158203125,0.0,0.0,0.0,0.0,0,,转型后的金九整合营销集团
89,转型后的今久整合营销集团,2,False,False,0.0,0.16666666666666666,0.4,0.5322736548168833,-0.1722412109375,0.0,0.0,0.0,0.0,0,,转型后的金酒整合营销集团
89,转型后的今久整合营销集团,3,False,True,0.0,0.08333333333333333,0.2,0.18988293416389218,-0.26953125,0.0,0.0,0.0,0.0,0,,转型后的金久整合营销集团
89,转型后的今久整合营销集团,4,False,False,0.0,0.08333333333333333,0.2,0.05327032542154441,-0.308349609375,0.0,0.0,0.0,0.0,0,,转型后的今九整合营销集团
89,转型后的今久整合营销集团,5,False,False,0.0,0.25,0.6,0.04210074105896252,-0.3115234375,0.0,0.0,0.0,0.0,0,,转型后的金九整合营营销集团
89,转型后的今久整合营销集团,6,False,False,0.0,0.16666666666666666,0.4,0.02749436150789389,-0.315673828125,0.0,0.0,0.0,0.0,0,,转型后的金韭整合营销集团
89,转型后的今久整合营销集团,7,False,False,0.0,0.16666666666666666,0.4,0.0,-0.323486328125,0.0,0.0,0.0,0.0,0,,转型后的金9整合营销集团
90,人民银行多次提高存款准备金率和存贷款基准利率,1,True,False,0.0,0.09090909090909091,0.5,1.0,-0.04083251953125,0.0,0.0,0.0,0.0,0,,雷明银行多次提高存款准备金率和存贷款基准利率
90,人民银行多次提高存款准备金率和存贷款基准利率,2,False,False,0.0,0.13636363636363635,0.5,0.7101598762248582,-0.07513427734375,0.0,0.0,0.0,0.0,0,,雷明银行多次提高存款准备几率和存贷款基准利率
90,人民银行多次提高存款准备金率和存贷款基准利率,3,False,True,1.0,0.0,0.0,0.5477050025786487,-0.0943603515625,0.0,0.0,0.0,0.0,0,,人民银行多次提高存款准备金率和存贷款基准利率
90,人民银行多次提高存款准备金率和存贷款基准利率,4,False,False,0.0,0.18181818181818182,0.5,0.2630221763795771,-0.1280517578125,0.0,0.0,0.0,0.0,0,,雷明银行多次提高存款准备几率和存贷款几准利率
90,人民银行多次提高存款准备金率和存贷款基准利率,5,False,False,1.0,0.045454545454545456,0.0,0.2444559051057246,-0.1302490234375,0.0,0.0,0.0,0.0,0,,人民银行多次提高存款准备几率和存贷款基准利率
90,人民银行多次提高存款准备金率和存贷款基准利率,6,False,False,0.0,0.09090909090909091,0.5,0.18359979370809695,-0.137451171875,0.0,0.0,0.0,0.0,0,,雷鸣银行多次提高存款准备金率和存贷款基准利率
90,人民银行多次提高存款准备金率和存贷款基准利率,7,False,False,0.0,0.13636363636363635,0.5,0.15678184631253222,-0.140625,0.0,0.0,0.0,0.0,0,,雷明银行多次提高存款准备机率和存贷款基准利率
90,人民银行多次提高存款准备金率和存贷款基准利率,8,False,False,0.0,0.09090909090909091,0.5,0.06188757091284167,-0.15185546875,0.0,0.0,0.0,0.0,0,,雷敏银行多次提高存款准备金率和存贷款基准利率
90,人民银行多次提高存款准备金率和存贷款基准利率,9,False,False,0.0,0.045454545454545456,0.25,0.03197524497163486,-0.1553955078125,0.0,0.0,0.0,0.0,0,,雷民银行多次提高存款准备金率和存贷款基准利率
90,人民银行多次提高存款准备金率和存贷款基准利率,10,False,False,0.0,0.09090909090909091,0.5,0.0,-0.1591796875,0.0,0.0,0.0,0.0,0,,雷铭银行多次提高存款准备金率和存贷款基准利率
91,中国证券报面对市场对城投债券风险的担忧,1,True,False,0.0,0.15789473684210525,0.2,1.0,-0.07733154296875,0.0,0.0,0.0,0.0,0,,中国证券爆面对市场对成头债券风险的担忧
91,中国证券报面对市场对城投债券风险的担忧,2,False,False,0.0,0.05263157894736842,0.2,0.8544562551103843,-0.08819580078125,0.0,0.0,0.0,0.0,0,,中国证券爆面对市场对城投债券风险的担忧
91,中国证券报面对市场对城投债券风险的担忧,3,False,False,0.0,0.10526315789473684,0.2,0.6124284546197875,-0.10626220703125,0.0,0.0,0.0,0.0,0,,中国证券爆面对市场对城头债券风险的担忧
91,中国证券报面对市场对城投债券风险的担忧,4,False,False,0.0,0.10526315789473684,0.2,0.4971381847914963,-0.1148681640625,0.0,0.0,0.0,0.0,0,,中国证券爆面对市场对成投债券风险的担忧
91,中国证券报面对市场对城投债券风险的担忧,5,False,False,0.0,0.15789473684210525,0.2,0.3630417007358953,-0.1248779296875,0.0,0.0,0.0,0.0,0,,中国证券暴面对市场对成头债券风险的担忧
91,中国证券报面对市场对城投债券风险的担忧,6,False,False,0.0,0.05263157894736842,0.2,0.25674570727718726,-0.1328125,0.0,0.0,0.0,0.0,0,,中国证券暴面对市场对城投债券风险的担忧
91,中国证券报面对市场对城投债券风险的担忧,7,False,False,1.0,0.10526315789473684,0.0,0.25020441537203597,-0.13330078125,0.0,0.0,0.0,0.0,0,,中国证券报面对市场对成头债券风险的担忧
91,中国证券报面对市场对城投债券风险的担忧,8,False,True,1.0,0.0,0.0,0.12264922322158626,-0.142822265625,0.0,0.0,0.0,0.0,0,,中国证券报面对市场对城投债券风险的担忧
91,中国证券报面对市场对城投债券风险的担忧,9,False,False,0.0,0.10526315789473684,0.2,0.0,-0.1519775390625,0.0,0.0,0.0,0.0,0,,中国证券暴面对市场对城头债券风险的担忧
92,梅姐待的已算够长了,1,True,False,0.0,0.2222222222222222,0.5,1.0,-0.1202392578125,0.0,0.0,0.0,0.0,0,,美姐待的算够长了
92,梅姐待的已算够长了,2,False,False,0.0,0.3333333333333333,0.5,0.8445700444085588,-0.167236328125,0.0,0.0,0.0,0.0,0,,美姐呆的算够长了
92,梅姐待的已算够长了,3,False,False,0.0,0.4444444444444444,0.5,0.4271295922486879,-0.29345703125,0.0,0.0,0.0,0.0,0,,美姐呆得算够长了
92,梅姐待的已算够长了,4,False,False,1.0,0.2222222222222222,0.0,0.17521194993944286,-0.36962890625,0.0,0.0,0.0,0.0,0,,梅姐呆的算够长了
92,梅姐待的已算够长了,5,False,False,0.0,0.3333333333333333,0.5,0.16794509487283005,-0.371826171875,0.0,0.0,0.0,0.0,0,,美姐待得算够长了
92,梅姐待的已算够长了,6,False,False,0.0,0.3333333333333333,0.5,0.0702462656439241,-0.4013671875,0.0,0.0,0.0,0.0,0,,美姐呆的也算够长了
92,梅姐待的已算够长了,7,False,True,1.0,0.1111111111111111,0.0,0.025837706903512312,-0.414794921875,0.0,0.0,0.0,0.0,0,,梅姐待的算够长了
92,梅姐待的已算够长了,8,False,False,0.0,0.2222222222222222,0.5,0.021800565199838515,-0.416015625,0.0,0.0,0.0,0.0,0,,美姐待的也算够长了
92,梅姐待的已算够长了,9,False,False,0.0,0.4444444444444444,1.0,0.0,-0.422607421875,0.0,0.0,0.0,0.0,0,,眉睫呆的算够长了
93,而梅姐则可以陪陪小孩或者去搞搞政治,1,True,False,0.0,0.17647058823529413,1.0,1.0,-0.1734619140625,0.0,0.0,0.0,0.0,0,,而美解色可以陪陪小孩或者去搞搞政治
93,而梅姐则可以陪陪小孩或者去搞搞政治,2,False,False,0.0,0.17647058823529413,1.0,0.7255343082114736,-0.2032470703125,0.0,0.0,0.0,0.0,0,,而没解释可以陪陪小孩或者去搞搞政治
93,而梅姐则可以陪陪小孩或者去搞搞政治,3,False,True,0.0,0.058823529411764705,0.5,0.6152980877390326,-0.2152099609375,0.0,0.0,0.0,0.0,0,,而美姐则可以陪陪小孩或者去搞搞政治
93,而梅姐则可以陪陪小孩或者去搞搞政治,4,False,False,0.0,0.17647058823529413,1.0,0.31833520809898763,-0.2474365234375,0.0,0.0,0.0,0.0,0,,而美解瑟可以陪陪小孩或者去搞搞政治
93,而梅姐则可以陪陪小孩或者去搞搞政治,5,False,False,0.0,0.11764705882352941,0.5,0.27671541057367827,-0.251953125,0.0,0.0,0.0,0.0,0,,而美姐色可以陪陪小孩或者去搞搞政治
93,而梅姐则可以陪陪小孩或者去搞搞政治,6,False,False,0.0,0.17647058823529413,1.0,0.21372328458942633,-0.2587890625,0.0,0.0,0.0,0.0,0,,而美杰瑟可以陪陪小孩或者去搞搞政治
93,而梅姐则可以陪陪小孩或者去搞搞政治,7,False,False,0.0,0.23529411764705882,1.0,0.18672665916760406,-0.26171875,0.0,0.0,0.0,0.0,0,,而媒体解释可以陪陪小孩或者去搞搞政治
93,而梅姐则可以陪陪小孩或者去搞搞政治,8,False,False,0.0,0.11764705882352941,0.5,0.17097862767154107,-0.263427734375,0.0,0.0,0.0,0.0,0,,而美姐姐可以陪陪小孩或者去搞搞政治
93,而梅姐则可以陪陪小孩或者去搞搞政治,9,False,False,0.0,0.17647058823529413,1.0,0.1529808773903262,-0.265380859375,0.0,0.0,0.0,0.0,0,,而媒介色可以陪陪小孩或者去搞搞政治
93,而梅姐则可以陪陪小孩或者去搞搞政治,10,False,False,0.0,0.17647058823529413,1.0,0.08998875140607424,-0.272216796875,0.0,0.0,0.0,0.0,0,,而没解色可以陪陪小孩或者去搞搞政治
93,而梅姐则可以陪陪小孩或者去搞搞政治,11,False,False,0.0,0.17647058823529413,1.0,0.0,-0.281982421875,0.0,0.0,0.0,0.0,0,,而美解释可以陪陪小孩或者去搞搞政治
94,成飞集成相关人士告诉每日经济新闻记者,1,True,False,0.0,0.16666666666666666,0.5,1.0,-0.1231689453125,0.0,0.0,0.0,0.0,0,,程飞及程相关人士告诉每日经济新闻记者
94,成飞集成相关人士告诉每日经济新闻记者,2,False,False,0.0,0.2222222222222222,0.5,0.6422764227642277,-0.1553955078125,0.0,0.0,0.0,0.0,0,,程飞及程相关人士告诉美日经济新闻记者
94,成飞集成相关人士告诉每日经济新闻记者,3,False,False,0.0,0.05555555555555555,0.5,0.33739837398373984,-0.182861328125,0.0,0.0,0.0,0.0,0,,程飞集成相关人士告诉每日经济新闻记者
94,成飞集成相关人士告诉每日经济新闻记者,4,False,True,1.0,0.0,0.0,0.32926829268292684,-0.18359375,0.0,0.0,0.0,0.0,0,,成飞集成相关人士告诉每日经济新闻记者
94,成飞集成相关人士告诉每日经济新闻记者,5,False,False,0.0,0.1111111111111111,0.5,0.025745257452574527,-0.2109375,0.0,0.0,0.0,0.0,0,,程飞及成相关人士告诉每日经济新闻记者
94,成飞集成相关人士告诉每日经济新闻记者,6,False,False,0.0,0.1111111111111111,0.5,0.0,-0.2132568359375,0.0,0.0,0.0,0.0,0,,程飞集成相关人士告诉美日经济新闻记者
95,成飞集成的锂电池业务在前两年情况并不好,1,True,False,0.0,0.05263157894736842,0.5,1.0,-0.0638427734375,0.0,0.0,0.0,0.0,0,,程飞集成的锂电池业务在前两年情况并不好
95,成飞集成的锂电池业务在前两年情况并不好,2,False,False,0.0,0.05263157894736842,0.5,0.9315476190476191,-0.07366943359375,0.0,0.0,0.0,0.0,0,,成非集成的锂电池业务在前两年情况并不好
95,成飞集成的锂电池业务在前两年情况并不好,3,False,True,1.0,0.0,0.0,0.8826530612244898,-0.0806884765625,0.0,0.0,0.0,0.0,0,,成飞集成的锂电池业务在前两年情况并不好
95,成飞集成的锂电池业务在前两年情况并不好,4,False,False,0.0,0.05263157894736842,0.5,0.42431972789115646,-0.146484375,0.0,0.0,0.0,0.0,0,,城飞集成的锂电池业务在前两年情况并不好
95,成飞集成的锂电池业务在前两年情况并不好,5,False,False,0.0,0.05263157894736842,0.5,0.3231292517006803,-0.1610107421875,0.0,0.0,0.0,0.0,0,,承飞集成的锂电池业务在前两年情况并不好
95,成飞集成的锂电池业务在前两年情况并不好,6,False,False,0.0,0.05263157894736842,0.5,0.2585034013605442,-0.1702880859375,0.0,0.0,0.0,0.0,0,,诚飞集成的锂电池业务在前两年情况并不好
95,成飞集成的锂电池业务在前两年情况并不好,7,False,False,0.0,0.10526315789473684,1.0,0.1360544217687075,-0.1878662109375,0.0,0.0,0.0,0.0,0,,呈非集成的锂电池业务在前两年情况并不好
95,成飞集成的锂电池业务在前两年情况并不好,8,False,False,0.0,0.05263157894736842,0.5,0.06207482993197279,-0.198486328125,0.0,0.0,0.0,0.0,0,,成菲集成的锂电池业务在前两年情况并不好
95,成飞集成的锂电池业务在前两年情况并不好,9,False,False,0.0,0.10526315789473684,0.5,0.02040816326530612,-0.2044677734375,0.0,0.0,0.0,0.0,0,,城飞集城的锂电池业务在前两年情况并不好
95,成飞集成的锂电池业务在前两年情况并不好,10,False,False,0.0,0.05263157894736842,0.5,0.0,-0.2073974609375,0.0,0.0,0.0,0.0,0,,橙飞集成的锂电池业务在前两年情况并不好
96,成飞集成相关人士告诉记者,1,True,False,0.0,0.08333333333333333,0.5,1.0,-0.1544189453125,0.0,0.0,0.0,0.0,0,,程飞集成相关人士告诉记者
96,成飞集成相关人士告诉记者,2,False,False,0.0,0.25,0.5,0.9992144540455616,-0.154541015625,0.0,0.0,0.0,0.0,0,,程飞及程相关人士告诉记者
96,成飞集成相关人士告诉记者,3,False,False,0.0,0.25,0.5,0.7996857816182247,-0.185546875,0.0,0.0,0.0,0.0,0,,程飞急诚相关人士告诉记者
96,成飞集成相关人士告诉记者,4,False,False,0.0,0.25,0.5,0.5310290652003142,-0.227294921875,0.0,0.0,0.0,0.0,0,,程飞急呈相关人士告诉记者
96,成飞集成相关人士告诉记者,5,False,False,0.0,0.25,0.5,0.22309505106048705,-0.275146484375,0.0,0.0,0.0,0.0,0,,程飞急程相关人士告诉记者
96,成飞集成相关人士告诉记者,6,False,False,0.0,0.16666666666666666,0.5,0.09269442262372349,-0.29541015625,0.0,0.0,0.0,0.0,0,,程飞集诚相关人士告诉记者
96,成飞集成相关人士告诉记者,7,False,False,0.0,0.25,0.5,0.031421838177533384,-0.304931640625,0.0,0.0,0.0,0.0,0,,程飞急乘相关人士告诉记者
96,成飞集成相关人士告诉记者,8,False,True,1.0,0.0,0.0,0.0,-0.309814453125,0.0,0.0,0.0,0.0,0,,成飞集成相关人士告诉记者
97,成飞集成的其他主营业务中,1,True,False,0.0,0.08333333333333333,0.5,1.0,-0.08697509765625,0.0,0.0,0.0,0.0,0,,程飞集成的其他主营业务中
97,成飞集成的其他主营业务中,2,False,True,1.0,0.0,0.0,0.7786414329165259,-0.126953125,0.0,0.0,0.0,0.0,0,,成飞集成的其他主营业务中
97,成飞集成的其他主营业务中,3,False,False,0.0,0.08333333333333333,0.5,0.5177424805677594,-0.174072265625,0.0,0.0,0.0,0.0,0,,承飞集成的其他主营业务中
97,成飞集成的其他主营业务中,4,False,False,0.0,0.08333333333333333,0.5,0.4001351808043258,-0.1953125,0.0,0.0,0.0,0.0,0,,成非集成的其他主营业务中
97,成飞集成的其他主营业务中,5,False,False,0.0,0.16666666666666666,0.5,0.36633997972287935,-0.201416015625,0.0,0.0,0.0,0.0,0,,诚飞集诚的其他主营业务中
97,成飞集成的其他主营业务中,6,False,False,0.0,0.08333333333333333,0.5,0.2852314971274079,-0.216064453125,0.0,0.0,0.0,0.0,0,,城飞集成的其他主营业务中
97,成飞集成的其他主营业务中,7,False,False,0.0,0.16666666666666666,0.5,0.20412301453193646,-0.230712890625,0.0,0.0,0.0,0.0,0,,程飞集成的其它主营业务中
97,成飞集成的其他主营业务中,8,False,False,0.0,0.16666666666666666,0.5,0.1365326123690436,-0.242919921875,0.0,0.0,0.0,0.0,0,,城飞集城的其他主营业务中
97,成飞集成的其他主营业务中,9,False,False,0.0,0.08333333333333333,0.5,0.021628928692125717,-0.263671875,0.0,0.0,0.0,0.0,0,,乘飞集成的其他主营业务中
97,成飞集成的其他主营业务中,10,False,False,1.0,0.08333333333333333,0.0,0.0,-0.267578125,0.0,0.0,0.0,0.0,0,,成飞集成的其它主营业务中
98,允许布鲁诺马塞洛特代表德国,1,True,False,1.0,0.07692307692307693,0.0,1.0,-0.022552490234375,0.0,0.0,0.0,0.0,0,,允许布鲁诺马赛洛特代表德国
98,允许布鲁诺马塞洛特代表德国,2,False,True,1.0,0.0,0.0,0.2948984487446026,-0.1571044921875,0.0,0.0,0.0,0.0,0,,允许布鲁诺马塞洛特代表德国
98,允许布鲁诺马塞洛特代表德国,3,False,False,1.0,0.15384615384615385,0.0,0.0,-0.21337890625,0.0,0.0,0.0,0.0,0,,允许布鲁诺马赛诺特代表德国
99,在金牌搭档罗宾索尔科维退役之后,1,True,True,0.5,0.06666666666666667,0.16666666666666666,1.0,-0.043121337890625,0.0,0.0,0.0,0.0,0,,在金牌搭档罗宾索尔科威退役之后
99,在金牌搭档罗宾索尔科维退役之后,2,False,False,0.5,0.13333333333333333,0.16666666666666666,0.026063938098147017,-0.1890869140625,0.0,0.0,0.0,0.0,0,,在金牌搭档罗宾索尔科威退役后
99,在金牌搭档罗宾索尔科维退役之后,3,False,False,0.0,0.13333333333333333,0.3333333333333333,0.0,-0.1929931640625,0.0,0.0,0.0,0.0,0,,在金牌搭档卢宾索尔科威退役之后
100,萨维申科宣布会再坚持1个冬奥会周期,1,True,False,0.0,0.058823529411764705,0.2857142857142857,1.0,-0.10870361328125,0.0,0.0,0.0,0.0,0,,萨威申科宣布会再坚持1个冬奥会周期
100,萨维申科宣布会再坚持1个冬奥会周期,2,False,False,0.0,0.058823529411764705,0.2857142857142857,0.9472196041470311,-0.11212158203125,0.0,0.0,0.0,0.0,0,,萨维辛科宣布会再坚持1个冬奥会周期
100,萨维申科宣布会再坚持1个冬奥会周期,3,False,True,1.0,0.0,0.0,0.47690857681432614,-0.142578125,0.0,0.0,0.0,0.0,0,,萨维申科宣布会再坚持1个冬奥会周期
100,萨维申科宣布会再坚持1个冬奥会周期,4,False,False,0.0,0.23529411764705882,1.0,0.473138548539114,-0.142822265625,0.0,0.0,0.0,0.0,0,,塞尔维辛克宣布会再坚持1个冬奥会周期
100,萨维申科宣布会再坚持1个冬奥会周期,5,False,False,0.0,0.17647058823529413,1.0,0.471253534401508,-0.1429443359375,0.0,0.0,0.0,0.0,0,,塞尔维辛科宣布会再坚持1个冬奥会周期
100,萨维申科宣布会再坚持1个冬奥会周期,6,False,False,0.0,0.11764705882352941,0.42857142857142855,0.354382657869934,-0.1505126953125,0.0,0.0,0.0,0.0,0,,萨维辛克宣布会再坚持1个冬奥会周期
100,萨维申科宣布会再坚持1个冬奥会周期,7,False,False,0.0,0.11764705882352941,0.5714285714285714,0.24505183788878418,-0.1575927734375,0.0,0.0,0.0,0.0,0,,萨威深科宣布会再坚持1个冬奥会周期
100,萨维申科宣布会再坚持1个冬奥会周期,8,False,False,0.0,0.058823529411764705,0.2857142857142857,0.05655042412818096,-0.1697998046875,0.0,0.0,0.0,0.0,0,,萨维生科宣布会再坚持1个冬奥会周期
100,萨维申科宣布会再坚持1个冬奥会周期,9,False,False,0.0,0.17647058823529413,0.7142857142857143,0.0,-0.1734619140625,0.0,0.0,0.0,0.0,0,,萨威深刻宣布会再坚持1个冬奥会周期
101,恭喜他与萨维申科走上正确的道路,1,True,False,0.0,0.26666666666666666,1.0,1.0,-0.15380859375,0.0,0.0,0.0,0.0,0,,恭喜他与赛威深刻走上正确的道路
101,恭喜他与萨维申科走上正确的道路,2,False,False,0.0,0.3333333333333333,1.0,0.625,-0.2061767578125,0.0,0.0,0.0,0.0,0,,恭喜她与赛威深刻走上正确的道路
101,恭喜他与萨维申科走上正确的道路,3,False,False,0.0,0.26666666666666666,1.0,0.45367132867132864,-0.2301025390625,0.0,0.0,0.0,0.0,0,,恭喜他与三威深刻走上正确的道路
101,恭喜他与萨维申科走上正确的道路,4,False,True,0.0,0.13333333333333333,0.5714285714285714,0.2395104895104895,-0.260009765625,0.0,0.0,0.0,0.0,0,,恭喜他与赛威申科走上正确的道路
101,恭喜他与萨维申科走上正确的道路,5,False,False,0.0,0.3333333333333333,1.0,0.23776223776223776,-0.26025390625,0.0,0.0,0.0,0.0,0,,恭喜她与三威深刻走上正确的道路
101,恭喜他与萨维申科走上正确的道路,6,False,False,0.0,0.13333333333333333,0.5714285714285714,0.17132867132867133,-0.26953125,0.0,0.0,0.0,0.0,0,,恭喜他与三维深科走上正确的道路
101,恭喜他与萨维申科走上正确的道路,7,False,False,0.0,0.2,0.8571428571428571,0.08041958041958042,-0.2822265625,0.0,0.0,0.0,0.0,0,,恭喜他与赛威神科走上正确的道路
101,恭喜他与萨维申科走上正确的道路,8,False,False,0.0,0.5333333333333333,1.0,0.07342657342657342,-0.283203125,0.0,0.0,0.0,0.0,0,,恭喜他与Savage深刻走上正确的道路
101,恭喜他与萨维申科走上正确的道路,9,False,False,0.0,0.3333333333333333,1.0,0.008741258741258742,-0.292236328125,0.0,0.0,0.0,0.0,0,,恭喜他与赛文威深刻走上正确的道路
101,恭喜他与萨维申科走上正确的道路,10,False,False,0.0,0.2,0.8571428571428571,0.0,-0.29345703125,0.0,0.0,0.0,0.0,0,,恭喜他与三威深科走上正确的道路
102,我们的朋友将代表德国,1,True,True,1.0,0.0,0.0,1.0,-0.0843505859375,0.0,0.0,0.0,0.0,0,,我们的朋友将代表德国
102,我们的朋友将代表德国,2,False,False,1.0,0.1,0.5,0.16009967294813893,-0.74267578125,0.0,0.0,0.0,0.0,0,,我们朋友将代表德国
102,我们的朋友将代表德国,3,False,False,1.0,0.1,1.0,0.011836162591496651,-0.85888671875,0.0,0.0,0.0,0.0,0,,我们的朋友将在代表德国
102,我们的朋友将代表德国,4,False,False,1.0,0.1,0.0,0.0,-0.8681640625,0.0,0.0,0.0,0.0,0,,我们的朋友江代表德国
103,对于隋文静韩聪彭程张昊领衔的中国双人滑军团,1,True,False,0.5,0.19047619047619047,0.3333333333333333,1.0,-0.10211181640625,0.0,0.0,0.0,0.0,0,,对于隋文静韩聪彭诚张浩领衔的中国双联华军团
103,对于隋文静韩聪彭程张昊领衔的中国双人滑军团,2,False,False,0.5,0.19047619047619047,0.3333333333333333,0.8790896159317212,-0.1072998046875,0.0,0.0,0.0,0.0,0,,对于隋文静韩聪彭成张浩领衔的中国双联华军团
103,对于隋文静韩聪彭程张昊领衔的中国双人滑军团,3,False,False,0.5,0.19047619047619047,0.3333333333333333,0.5931721194879089,-0.11956787109375,0.0,0.0,0.0,0.0,0,,对于隋文静韩聪彭城张浩领衔的中国双联华军团
103,对于隋文静韩聪彭程张昊领衔的中国双人滑军团,4,False,False,0.5,0.23809523809523808,0.3333333333333333,0.45803698435277385,-0.1253662109375,0.0,0.0,0.0,0.0,0,,对于隋文靖韩聪彭诚张浩领衔的中国双联华军团
103,对于隋文静韩聪彭程张昊领衔的中国双人滑军团,5,False,True,0.5,0.14285714285714285,0.16666666666666666,0.3812233285917496,-0.128662109375,0.0,0.0,0.0,0.0,0,,对于隋文静韩聪彭诚张昊领衔的中国双联华军团
103,对于隋文静韩聪彭程张昊领衔的中国双人滑军团,6,False,False,0.5,0.23809523809523808,0.3333333333333333,0.3584637268847795,-0.129638671875,0.0,0.0,0.0,0.0,0,,对于隋文靖韩聪彭成张浩领衔的中国双联华军团
103,对于隋文静韩聪彭程张昊领衔的中国双人滑军团,7,False,False,0.0,0.23809523809523808,0.5,0.19914651493598862,-0.136474609375,0.0,0.0,0.0,0.0,0,,对于隋文静韩松彭诚张浩领衔的中国双联华军团
103,对于隋文静韩聪彭程张昊领衔的中国双人滑军团,8,False,False,0.5,0.23809523809523808,0.3333333333333333,0.09388335704125178,-0.1409912109375,0.0,0.0,0.0,0.0,0,,对于隋文靖韩聪彭城张浩领衔的中国双联华军团
103,对于隋文静韩聪彭程张昊领衔的中国双人滑军团,9,False,False,0.5,0.14285714285714285,0.16666666666666666,0.08250355618776671,-0.1414794921875,0.0,0.0,0.0,0.0,0,,对于隋文静韩聪彭成张昊领衔的中国双联华军团
103,对于隋文静韩聪彭程张昊领衔的中国双人滑军团,10,False,False,0.5,0.14285714285714285,0.16666666666666666,0.0,-0.14501953125,0.0,0.0,0.0,0.0,0,,对于隋文静韩聪彭城张昊领衔的中国双联华军团
104,五度世锦赛冠军萨维申科联手年轻新搭档马塞洛特,1,True,False,0.0,0.13636363636363635,0.2857142857142857,1.0,-0.08984375,0.0,0.0,0.0,0.0,0,,五度师锦赛冠军萨维辛科联手年轻新搭档马赛洛特
104,五度世锦赛冠军萨维申科联手年轻新搭档马塞洛特,2,False,True,0.0,0.09090909090909091,0.2857142857142857,0.9371482176360225,-0.09393310546875,0.0,0.0,0.0,0.0,0,,五度世锦赛冠军萨维辛科联手年轻新搭档马赛洛特
104,五度世锦赛冠军萨维申科联手年轻新搭档马塞洛特,3,False,False,0.0,0.18181818181818182,0.2857142857142857,0.7166979362101313,-0.1082763671875,0.0,0.0,0.0,0.0,0,,五度师锦赛冠军萨维辛科联手年轻星搭档马赛洛特
104,五度世锦赛冠军萨维申科联手年轻新搭档马塞洛特,4,False,False,0.0,0.13636363636363635,0.2857142857142857,0.6454033771106942,-0.1129150390625,0.0,0.0,0.0,0.0,0,,五度世锦赛冠军萨维辛科联手年轻星搭档马赛洛特
104,五度世锦赛冠军萨维申科联手年轻新搭档马塞洛特,5,False,False,0.0,0.18181818181818182,0.5714285714285714,0.4071294559099437,-0.12841796875,0.0,0.0,0.0,0.0,0,,五度师锦赛冠军萨威辛科联手年轻新搭档马赛洛特
104,五度世锦赛冠军萨维申科联手年轻新搭档马塞洛特,6,False,False,0.0,0.13636363636363635,0.5714285714285714,0.300187617260788,-0.1353759765625,0.0,0.0,0.0,0.0,0,,五度世锦赛冠军萨威辛科联手年轻新搭档马赛洛特
104,五度世锦赛冠军萨维申科联手年轻新搭档马塞洛特,7,False,False,0.0,0.13636363636363635,0.2857142857142857,0.17448405253283303,-0.1435546875,0.0,0.0,0.0,0.0,0,,5度世锦赛冠军萨维辛科联手年轻新搭档马赛洛特
104,五度世锦赛冠军萨维申科联手年轻新搭档马塞洛特,8,False,False,0.0,0.22727272727272727,0.5714285714285714,0.1200750469043152,-0.1470947265625,0.0,0.0,0.0,0.0,0,,五度师锦赛冠军萨威辛科联手年轻星搭档马赛洛特
104,五度世锦赛冠军萨维申科联手年轻新搭档马塞洛特,9,False,False,0.0,0.18181818181818182,0.2857142857142857,0.11444652908067542,-0.1474609375,0.0,0.0,0.0,0.0,0,,五度师锦赛冠军萨维辛科联手年轻心搭档马赛洛特
104,五度世锦赛冠军萨维申科联手年轻新搭档马塞洛特,10,False,False,0.0,0.13636363636363635,0.2857142857142857,0.09380863039399624,-0.1488037109375,0.0,0.0,0.0,0.0,0,,五度诗锦赛冠军萨维辛科联手年轻新搭档马赛洛特
104,五度世锦赛冠军萨维申科联手年轻新搭档马塞洛特,11,False,False,0.0,0.18181818181818182,0.2857142857142857,0.03564727954971857,-0.152587890625,0.0,0.0,0.0,0.0,0,,5度师锦赛冠军萨维辛科联手年轻新搭档马赛洛特
104,五度世锦赛冠军萨维申科联手年轻新搭档马塞洛特,12,False,False,0.0,0.18181818181818182,0.5714285714285714,0.0,-0.1549072265625,0.0,0.0,0.0,0.0,0,,五度世锦赛冠军萨威辛科联手年轻星搭档马赛洛特
105,曾以分歧者星运里的错窜红的谢琳伍德蕾,1,True,False,0.0,0.2222222222222222,0.6,1.0,-0.1685791015625,0.0,0.0,0.0,0.0,0,,曾以分歧者星运里的创红的谢林伍德雷
105,曾以分歧者星运里的错窜红的谢琳伍德蕾,2,False,False,0.0,0.2222222222222222,0.6,0.93935790725327,-0.1748046875,0.0,0.0,0.0,0.0,0,,曾以分歧者星运里的串红的谢林伍德雷
105,曾以分歧者星运里的错窜红的谢琳伍德蕾,3,False,False,0.0,0.16666666666666666,0.4,0.9215219976218787,-0.1766357421875,0.0,0.0,0.0,0.0,0,,曾以分歧者星运里的错串红的谢林伍德雷
105,曾以分歧者星运里的错窜红的谢琳伍德蕾,4,False,False,0.0,0.2777777777777778,0.6,0.845422116527943,-0.1844482421875,0.0,0.0,0.0,0.0,0,,曾以分歧者星运里创红的谢林伍德雷
105,曾以分歧者星运里的错窜红的谢琳伍德蕾,5,False,False,0.0,0.2777777777777778,0.6,0.7931034482758621,-0.1898193359375,0.0,0.0,0.0,0.0,0,,曾以分歧者星运里串红的谢林伍德雷
105,曾以分歧者星运里的错窜红的谢琳伍德蕾,6,False,False,0.0,0.2222222222222222,0.6,0.6468489892984542,-0.204833984375,0.0,0.0,0.0,0.0,0,,曾以分歧者星运里的篡红的谢林伍德雷
105,曾以分歧者星运里的错窜红的谢琳伍德蕾,7,False,True,0.0,0.1111111111111111,0.4,0.6111771700356718,-0.20849609375,0.0,0.0,0.0,0.0,0,,曾以分歧者星运里的错窜红的谢林伍德雷
105,曾以分歧者星运里的错窜红的谢琳伍德蕾,8,False,False,0.0,0.2222222222222222,0.6,0.5885850178359097,-0.2108154296875,0.0,0.0,0.0,0.0,0,,曾以分歧者星运里窜红的谢林伍德雷
105,曾以分歧者星运里的错窜红的谢琳伍德蕾,9,False,False,0.0,0.16666666666666666,0.4,0.5600475624256838,-0.2137451171875,0.0,0.0,0.0,0.0,0,,曾以分歧者星运里的错篡红的谢林伍德雷
105,曾以分歧者星运里的错窜红的谢琳伍德蕾,10,False,False,0.0,0.2777777777777778,0.6,0.5481569560047562,-0.2149658203125,0.0,0.0,0.0,0.0,0,,曾以分歧者幸运里的创红的谢林伍德雷
105,曾以分歧者星运里的错窜红的谢琳伍德蕾,11,False,False,0.0,0.2222222222222222,0.6,0.4637336504161712,-0.2236328125,0.0,0.0,0.0,0.0,0,,曾以分歧者星运里的挫红的谢林伍德雷
105,曾以分歧者星运里的错窜红的谢琳伍德蕾,12,False,False,0.0,0.3333333333333333,0.6,0.43162901307966706,-0.2269287109375,0.0,0.0,0.0,0.0,0,,曾以分歧者幸运里创红的谢林伍德雷
105,曾以分歧者星运里的错窜红的谢琳伍德蕾,13,False,False,0.0,0.2777777777777778,0.6,0.41379310344827586,-0.228759765625,0.0,0.0,0.0,0.0,0,,曾以分歧者星运里的创洪的谢林伍德雷
105,曾以分歧者星运里的错窜红的谢琳伍德蕾,14,False,False,0.0,0.2222222222222222,0.6,0.3793103448275862,-0.2322998046875,0.0,0.0,0.0,0.0,0,,曾以分歧者星运里的灿红的谢林伍德雷
105,曾以分歧者星运里的错窜红的谢琳伍德蕾,15,False,False,0.0,0.2777777777777778,0.6,0.187871581450654,-0.251953125,0.0,0.0,0.0,0.0,0,,曾以分歧者星运里的篡宏的谢林伍德雷
105,曾以分歧者星运里的错窜红的谢琳伍德蕾,16,False,False,0.0,0.2777777777777778,0.6,0.0,-0.271240234375,0.0,0.0,0.0,0.0,0,,曾以分歧者星运里的灿烘的谢林伍德雷
106,与孙楠巫启贤共同起立鼓掌的许茹芸小腹凸起,1,True,False,0.0,0.35,0.625,1.0,-0.1387939453125,0.0,0.0,0.0,0.0,0,,与孙楠乌起行共同起立鼓掌的许如云小副突起
106,与孙楠巫启贤共同起立鼓掌的许茹芸小腹凸起,2,False,False,0.0,0.3,0.5,0.5873544093178037,-0.1690673828125,0.0,0.0,0.0,0.0,0,,与孙楠吴启行共同起立鼓掌的许如云小副突起
106,与孙楠巫启贤共同起立鼓掌的许茹芸小腹凸起,3,False,False,0.0,0.3,0.5,0.5158069883527454,-0.17431640625,0.0,0.0,0.0,0.0,0,,与孙楠吴启行共同起立鼓掌的许如云小富突起
106,与孙楠巫启贤共同起立鼓掌的许茹芸小腹凸起,4,False,True,0.0,0.25,0.375,0.5041597337770383,-0.1751708984375,0.0,0.0,0.0,0.0,0,,与孙楠巫启行共同起立鼓掌的许如云小副突起
106,与孙楠巫启贤共同起立鼓掌的许茹芸小腹凸起,5,False,False,0.0,0.35,0.625,0.46089850249584025,-0.1783447265625,0.0,0.0,0.0,0.0,0,,与孙楠乌起行共同起立鼓掌的许如云小富突起
106,与孙楠巫启贤共同起立鼓掌的许茹芸小腹凸起,6,False,False,0.0,0.35,0.625,0.3910149750415973,-0.1834716796875,0.0,0.0,0.0,0.0,0,,与孙楠乌起刑共同起立鼓掌的许如云小副突起
106,与孙楠巫启贤共同起立鼓掌的许茹芸小腹凸起,7,False,False,0.0,0.3,0.625,0.3427620632279534,-0.18701171875,0.0,0.0,0.0,0.0,0,,与孙楠乌起行共同起立鼓掌的许如云小腹突起
106,与孙楠巫启贤共同起立鼓掌的许茹芸小腹凸起,8,False,False,0.0,0.35,0.625,0.31281198003327787,-0.189208984375,0.0,0.0,0.0,0.0,0,,与孙楠乌起行共同起立鼓掌的许如云小赋突起
106,与孙楠巫启贤共同起立鼓掌的许茹芸小腹凸起,9,False,False,0.0,0.35,0.625,0.30282861896838603,-0.18994140625,0.0,0.0,0.0,0.0,0,,与孙楠乌起形共同起立鼓掌的许如云小副突起
106,与孙楠巫启贤共同起立鼓掌的许茹芸小腹凸起,10,False,False,0.0,0.4,0.75,0.19966722129783693,-0.197509765625,0.0,0.0,0.0,0.0,0,,与孙南乌起行共同起立鼓掌的许如云小副突起
106,与孙楠巫启贤共同起立鼓掌的许茹芸小腹凸起,11,False,False,0.0,0.3,0.5,0.18469217970049917,-0.1986083984375,0.0,0.0,0.0,0.0,0,,与孙楠吴启行共同起立鼓掌的许如云小赋突起
106,与孙楠巫启贤共同起立鼓掌的许茹芸小腹凸起,12,False,False,0.0,0.3,0.5,0.0,-0.212158203125,0.0,0.0,0.0,0.0,0,,与孙楠乌启行共同起立鼓掌的许如云小富突起
107,许茹芸与韩国丈夫崔栽诚迎来结婚一周年纪念日,1,True,False,0.0,0.19047619047619047,0.6666666666666666,1.0,-0.0711669921875,0.0,0.0,0.0,0.0,0,,许如云与韩国丈夫崔才成迎来结婚一周年纪念日
107,许茹芸与韩国丈夫崔栽诚迎来结婚一周年纪念日,2,False,True,0.0,0.14285714285714285,0.5,0.947538860103627,-0.07611083984375,0.0,0.0,0.0,0.0,0,,许如云与韩国丈夫崔才诚迎来结婚一周年纪念日
107,许茹芸与韩国丈夫崔栽诚迎来结婚一周年纪念日,3,False,False,0.0,0.19047619047619047,0.6666666666666666,0.06476683937823834,-0.1593017578125,0.0,0.0,0.0,0.0,0,,许卢云与韩国丈夫崔才成迎来结婚一周年纪念日
107,许茹芸与韩国丈夫崔栽诚迎来结婚一周年纪念日,4,False,False,0.0,0.14285714285714285,0.5,0.042746113989637305,-0.161376953125,0.0,0.0,0.0,0.0,0,,许卢云与韩国丈夫崔才诚迎来结婚一周年纪念日
107,许茹芸与韩国丈夫崔栽诚迎来结婚一周年纪念日,5,False,False,0.0,0.19047619047619047,0.6666666666666666,0.03756476683937824,-0.161865234375,0.0,0.0,0.0,0.0,0,,许如云与韩国丈夫崔才晨迎来结婚一周年纪念日
107,许茹芸与韩国丈夫崔栽诚迎来结婚一周年纪念日,6,False,False,0.0,0.14285714285714285,0.5,0.034974093264248704,-0.162109375,0.0,0.0,0.0,0.0,0,,许露云与韩国丈夫崔才诚迎来结婚一周年纪念日
107,许茹芸与韩国丈夫崔栽诚迎来结婚一周年纪念日,7,False,False,0.0,0.19047619047619047,0.6666666666666666,0.0038860103626943004,-0.1650390625,0.0,0.0,0.0,0.0,0,,许露云与韩国丈夫崔才成迎来结婚一周年纪念日
107,许茹芸与韩国丈夫崔栽诚迎来结婚一周年纪念日,8,False,False,0.0,0.19047619047619047,0.6666666666666666,0.0,-0.1654052734375,0.0,0.0,0.0,0.0,0,,许如云与韩国丈夫崔财成迎来结婚一周年纪念日
108,许茹芸特地发微博感谢婚姻带来的幸福,1,True,False,0.0,0.11764705882352941,0.6666666666666666,1.0,-0.0146942138671875,0.0,0.0,0.0,0.0,0,,许如云特地发微博感谢婚姻带来的幸福
108,许茹芸特地发微博感谢婚姻带来的幸福,2,False,False,0.0,0.11764705882352941,0.6666666666666666,0.3915707264525685,-0.152587890625,0.0,0.0,0.0,0.0,0,,许露云特地发微博感谢婚姻带来的幸福
108,许茹芸特地发微博感谢婚姻带来的幸福,3,False,False,0.0,0.11764705882352941,0.6666666666666666,0.3845687739850535,-0.1541748046875,0.0,0.0,0.0,0.0,0,,许卢云特地发微博感谢婚姻带来的幸福
108,许茹芸特地发微博感谢婚姻带来的幸福,4,False,False,0.0,0.11764705882352941,0.6666666666666666,0.2353733252541574,-0.18798828125,0.0,0.0,0.0,0.0,0,,许芦云特地发微博感谢婚姻带来的幸福
108,许茹芸特地发微博感谢婚姻带来的幸福,5,False,False,0.0,0.11764705882352941,0.6666666666666666,0.23052581969972397,-0.1890869140625,0.0,0.0,0.0,0.0,0,,许璐云特地发微博感谢婚姻带来的幸福
108,许茹芸特地发微博感谢婚姻带来的幸福,6,False,False,0.0,0.11764705882352941,0.6666666666666666,0.22567831414529052,-0.190185546875,0.0,0.0,0.0,0.0,0,,许如荫特地发微博感谢婚姻带来的幸福
108,许茹芸特地发微博感谢婚姻带来的幸福,7,False,False,0.0,0.11764705882352941,0.6666666666666666,0.0037702820978926816,-0.240478515625,0.0,0.0,0.0,0.0,0,,许鲁云特地发微博感谢婚姻带来的幸福
108,许茹芸特地发微博感谢婚姻带来的幸福,8,False,True,0.0,0.058823529411764705,0.3333333333333333,0.0,-0.2413330078125,0.0,0.0,0.0,0.0,0,,许茹云特地发微博感谢婚姻带来的幸福
109,许茹芸重回舞台不做苦情女娱乐频道,1,True,True,0.0,0.125,0.6666666666666666,1.0,-0.037017822265625,0.0,0.0,0.0,0.0,0,,许如云重回舞台不做苦情女娱乐频道
109,许茹芸重回舞台不做苦情女娱乐频道,2,False,False,0.0,0.125,0.6666666666666666,0.47374847374847373,-0.1553955078125,0.0,0.0,0.0,0.0,0,,许露云重回舞台不做苦情女娱乐频道
109,许茹芸重回舞台不做苦情女娱乐频道,3,False,False,0.0,0.125,0.6666666666666666,0.35381902048568714,-0.182373046875,0.0,0.0,0.0,0.0,0,,许卢云重回舞台不做苦情女娱乐频道
109,许茹芸重回舞台不做苦情女娱乐频道,4,False,False,0.0,0.1875,0.6666666666666666,0.2148962148962149,-0.213623046875,0.0,0.0,0.0,0.0,0,,许如云重回舞台不做苦情侣娱乐频道
109,许茹芸重回舞台不做苦情女娱乐频道,5,False,False,0.0,0.125,0.6666666666666666,0.20187220187220187,-0.216552734375,0.0,0.0,0.0,0.0,0,,许芦云重回舞台不做苦情女娱乐频道
109,许茹芸重回舞台不做苦情女娱乐频道,6,False,False,0.0,0.125,0.6666666666666666,0.13403880070546736,-0.2318115234375,0.0,0.0,0.0,0.0,0,,许璐云重回舞台不做苦情女娱乐频道
109,许茹芸重回舞台不做苦情女娱乐频道,7,False,False,0.0,0.1875,0.6666666666666666,0.011938678605345272,-0.25927734375,0.0,0.0,0.0,0.0,0,,许如云重挥舞台不做苦情女娱乐频道
109,许茹芸重回舞台不做苦情女娱乐频道,8,False,False,0.0,0.1875,0.6666666666666666,0.0,-0.261962890625,0.0,0.0,0.0,0.0,0,,许如云重回舞台不作苦情女娱乐频道
110,许茹芸与韩籍男朋友举行了婚礼,1,True,True,0.0,0.21428571428571427,0.6,1.0,-0.035919189453125,0.0,0.0,0.0,0.0,0,,许如云与韩姬男朋友举行了婚礼
110,许茹芸与韩籍男朋友举行了婚礼,2,False,False,0.0,0.21428571428571427,0.6,0.7023051902135483,-0.10015869140625,0.0,0.0,0.0,0.0,0,,许如云与韩基男朋友举行了婚礼
110,许茹芸与韩籍男朋友举行了婚礼,3,False,False,0.0,0.21428571428571427,0.6,0.3015132230236176,-0.1866455078125,0.0,0.0,0.0,0.0,0,,许如云与韩吉男朋友举行了婚礼
110,许茹芸与韩籍男朋友举行了婚礼,4,False,False,0.0,0.21428571428571427,0.6,0.28114835242539954,-0.1910400390625,0.0,0.0,0.0,0.0,0,,许如云与韩机男朋友举行了婚礼
110,许茹芸与韩籍男朋友举行了婚礼,5,False,False,0.0,0.21428571428571427,0.6,0.2443784471786169,-0.198974609375,0.0,0.0,0.0,0.0,0,,许如荫与韩姬男朋友举行了婚礼
110,许茹芸与韩籍男朋友举行了婚礼,6,False,False,0.0,0.21428571428571427,0.6,0.22514495828029982,-0.203125,0.0,0.0,0.0,0.0,0,,许芦云与韩姬男朋友举行了婚礼
110,许茹芸与韩籍男朋友举行了婚礼,7,False,False,0.0,0.21428571428571427,0.6,0.17762692688445764,-0.21337890625,0.0,0.0,0.0,0.0,0,,许卢云与韩姬男朋友举行了婚礼
110,许茹芸与韩籍男朋友举行了婚礼,8,False,False,0.0,0.21428571428571427,0.6,0.17366709093480412,-0.2142333984375,0.0,0.0,0.0,0.0,0,,许露云与韩姬男朋友举行了婚礼
110,许茹芸与韩籍男朋友举行了婚礼,9,False,False,0.0,0.21428571428571427,0.6,0.10634987979069438,-0.228759765625,0.0,0.0,0.0,0.0,0,,许璐云与韩姬男朋友举行了婚礼
110,许茹芸与韩籍男朋友举行了婚礼,10,False,False,0.0,0.21428571428571427,0.6,0.05826615754490171,-0.2391357421875,0.0,0.0,0.0,0.0,0,,许如云与韩金男朋友举行了婚礼
110,许茹芸与韩籍男朋友举行了婚礼,11,False,False,0.0,0.21428571428571427,0.6,0.0,-0.251708984375,0.0,0.0,0.0,0.0,0,,许如云与韩激男朋友举行了婚礼
111,许茹芸突然闪婚让当时的娱乐圈也惊起了一阵小波澜,1,True,True,0.0,0.08695652173913043,0.6666666666666666,1.0,-0.061431884765625,0.0,0.0,0.0,0.0,0,,许如云突然闪婚让当时的娱乐圈也惊起了一阵小波澜
111,许茹芸突然闪婚让当时的娱乐圈也惊起了一阵小波澜,2,False,False,0.0,0.13043478260869565,0.6666666666666666,0.9494038027715115,-0.06622314453125,0.0,0.0,0.0,0.0,0,,许如云突然闪昏让当时的娱乐圈也惊起了一阵小波澜
111,许茹芸突然闪婚让当时的娱乐圈也惊起了一阵小波澜,3,False,False,0.0,0.13043478260869565,0.6666666666666666,0.31582339671285853,-0.126220703125,0.0,0.0,0.0,0.0,0,,许如云突然闪婚那当时的娱乐圈也惊起了一阵小波澜
111,许茹芸突然闪婚让当时的娱乐圈也惊起了一阵小波澜,4,False,False,0.0,0.17391304347826086,0.6666666666666666,0.29390912020625204,-0.1282958984375,0.0,0.0,0.0,0.0,0,,许如云突然闪昏那当时的娱乐圈也惊起了一阵小波澜
111,许茹芸突然闪婚让当时的娱乐圈也惊起了一阵小波澜,5,False,False,0.0,0.13043478260869565,0.6666666666666666,0.16113438607798905,-0.140869140625,0.0,0.0,0.0,0.0,0,,许如云突然闪欢让当时的娱乐圈也惊起了一阵小波澜
111,许茹芸突然闪婚让当时的娱乐圈也惊起了一阵小波澜,6,False,False,0.0,0.17391304347826086,0.6666666666666666,0.15082178536899774,-0.141845703125,0.0,0.0,0.0,0.0,0,,许如云突然闪回那当时的娱乐圈也惊起了一阵小波澜
111,许茹芸突然闪婚让当时的娱乐圈也惊起了一阵小波澜,7,False,False,0.0,0.13043478260869565,0.6666666666666666,0.11730583306477603,-0.14501953125,0.0,0.0,0.0,0.0,0,,许如云突然散婚让当时的娱乐圈也惊起了一阵小波澜
111,许茹芸突然闪婚让当时的娱乐圈也惊起了一阵小波澜,8,False,False,0.0,0.13043478260869565,0.6666666666666666,0.10183693200128907,-0.146484375,0.0,0.0,0.0,0.0,0,,许如云突然闪魂让当时的娱乐圈也惊起了一阵小波澜
111,许茹芸突然闪婚让当时的娱乐圈也惊起了一阵小波澜,9,False,False,0.0,0.13043478260869565,0.6666666666666666,0.0,-0.1561279296875,0.0,0.0,0.0,0.0,0,,许如云突然闪瘟让当时的娱乐圈也惊起了一阵小波澜
112,李嘉诚回应撤资不爱国指控完全不成立,1,True,False,1.0,0.058823529411764705,0.0,1.0,-0.139892578125,0.0,0.0,0.0,0.0,0,,李嘉诚回应撤司不爱国指控完全不成立
112,李嘉诚回应撤资不爱国指控完全不成立,2,False,False,1.0,0.11764705882352941,0.0,0.8232421875,-0.1619873046875,0.0,0.0,0.0,0.0,0,,李嘉诚回应彻思不爱国指控完全不成立
112,李嘉诚回应撤资不爱国指控完全不成立,3,False,False,1.0,0.058823529411764705,0.0,0.6123046875,-0.1883544921875,0.0,0.0,0.0,0.0,0,,李嘉诚回应撤私不爱国指控完全不成立
112,李嘉诚回应撤资不爱国指控完全不成立,4,False,False,1.0,0.11764705882352941,0.0,0.595703125,-0.1904296875,0.0,0.0,0.0,0.0,0,,李嘉诚回应撤司博爱国指控完全不成立
112,李嘉诚回应撤资不爱国指控完全不成立,5,False,False,1.0,0.17647058823529413,0.0,0.2177734375,-0.2376708984375,0.0,0.0,0.0,0.0,0,,李嘉诚回应彻思博爱国指控完全不成立
112,李嘉诚回应撤资不爱国指控完全不成立,6,False,False,1.0,0.11764705882352941,0.0,0.09375,-0.253173828125,0.0,0.0,0.0,0.0,0,,李嘉诚回应测试不爱国指控完全不成立
112,李嘉诚回应撤资不爱国指控完全不成立,7,False,True,1.0,0.0,0.0,0.02734375,-0.261474609375,0.0,0.0,0.0,0.0,0,,李嘉诚回应撤资不爱国指控完全不成立
112,李嘉诚回应撤资不爱国指控完全不成立,8,False,False,1.0,0.11764705882352941,0.0,0.0,-0.264892578125,0.0,0.0,0.0,0.0,0,,李嘉诚回应测思不爱国指控完全不成立
113,李嘉诚首次公开回应撤资不爱国等质疑,1,True,False,1.0,0.058823529411764705,0.0,1.0,-0.041656494140625,0.0,0.0,0.0,0.0,0,,李嘉诚首次公开回应撤私不爱国等质疑
113,李嘉诚首次公开回应撤资不爱国等质疑,2,False,False,1.0,0.058823529411764705,0.0,0.652046332046332,-0.11041259765625,0.0,0.0,0.0,0.0,0,,李嘉诚首次公开回应撤丝不爱国等质疑
113,李嘉诚首次公开回应撤资不爱国等质疑,3,False,False,1.0,0.11764705882352941,0.0,0.648957528957529,-0.11102294921875,0.0,0.0,0.0,0.0,0,,李嘉诚首次公开回应彻思不爱国等质疑
113,李嘉诚首次公开回应撤资不爱国等质疑,4,False,True,1.0,0.0,0.0,0.48864864864864865,-0.1427001953125,0.0,0.0,0.0,0.0,0,,李嘉诚首次公开回应撤资不爱国等质疑
113,李嘉诚首次公开回应撤资不爱国等质疑,5,False,False,1.0,0.058823529411764705,0.0,0.4342857142857143,-0.1534423828125,0.0,0.0,0.0,0.0,0,,李嘉诚首次公开回应撤司不爱国等质疑
113,李嘉诚首次公开回应撤资不爱国等质疑,6,False,False,1.0,0.11764705882352941,0.0,0.3762162162162162,-0.1649169921875,0.0,0.0,0.0,0.0,0,,李嘉诚首次公开回应测试不爱国等质疑
113,李嘉诚首次公开回应撤资不爱国等质疑,7,False,False,1.0,0.11764705882352941,0.0,0.3626254826254826,-0.1676025390625,0.0,0.0,0.0,0.0,0,,李嘉诚首次公开回应撤私博爱国等质疑
113,李嘉诚首次公开回应撤资不爱国等质疑,8,False,False,1.0,0.11764705882352941,0.0,0.30023166023166026,-0.179931640625,0.0,0.0,0.0,0.0,0,,李嘉诚首次公开回应测思不爱国等质疑
113,李嘉诚首次公开回应撤资不爱国等质疑,9,False,False,1.0,0.11764705882352941,0.0,0.2829343629343629,-0.183349609375,0.0,0.0,0.0,0.0,0,,李嘉诚首次公开回应特斯不爱国等质疑
113,李嘉诚首次公开回应撤资不爱国等质疑,10,False,False,1.0,0.11764705882352941,0.0,0.24154440154440154,-0.1915283203125,0.0,0.0,0.0,0.0,0,,李嘉诚首次公开回应车丝不爱国等质疑
113,李嘉诚首次公开回应撤资不爱国等质疑,11,False,False,1.0,0.11764705882352941,0.0,0.016061776061776063,-0.236083984375,0.0,0.0,0.0,0.0,0,,李嘉诚首次公开回应彻斯不爱国等质疑
113,李嘉诚首次公开回应撤资不爱国等质疑,12,False,False,1.0,0.058823529411764705,0.0,0.0,-0.2392578125,0.0,0.0,0.0,0.0,0,,李嘉诚首次公开回应撤资博爱国等质疑
114,李嘉诚怎么回答与中央关系有变,1,True,True,1.0,0.0,0.0,1.0,-0.0350341796875,0.0,0.0,0.0,0.0,0,,李嘉诚怎么回答与中央关系有变
114,李嘉诚怎么回答与中央关系有变,2,False,False,1.0,0.07142857142857142,0.0,0.4671707122960605,-0.198486328125,0.0,0.0,0.0,0.0,0,,李嘉诚怎么回答与中央关系有别
114,李嘉诚怎么回答与中央关系有变,3,False,False,1.0,0.07142857142857142,0.0,0.3939514524472742,-0.220947265625,0.0,0.0,0.0,0.0,0,,李嘉诚怎么回答与中央关系有辩
114,李嘉诚怎么回答与中央关系有变,4,False,False,1.0,0.07142857142857142,0.0,0.1870274572224433,-0.284423828125,0.0,0.0,0.0,0.0,0,,李嘉诚怎么回答与中央关系有边
114,李嘉诚怎么回答与中央关系有变,5,False,False,1.0,0.07142857142857142,0.0,0.1862315957023478,-0.28466796875,0.0,0.0,0.0,0.0,0,,李嘉诚怎么回答与中央关系有便
114,李嘉诚怎么回答与中央关系有变,6,False,False,1.0,0.07142857142857142,0.0,0.1607640270592917,-0.29248046875,0.0,0.0,0.0,0.0,0,,李嘉诚怎么回答与中央关系有鞭
114,李嘉诚怎么回答与中央关系有变,7,False,False,1.0,0.07142857142857142,0.0,0.06128133704735376,-0.322998046875,0.0,0.0,0.0,0.0,0,,李嘉诚怎么回答于中央关系有变
114,李嘉诚怎么回答与中央关系有变,8,False,False,0.0,0.14285714285714285,0.6666666666666666,0.0469558296856347,-0.327392578125,0.0,0.0,0.0,0.0,0,,李佳成怎么回答与中央关系有变
114,李嘉诚怎么回答与中央关系有变,9,False,False,0.0,0.14285714285714285,0.6666666666666666,0.012733784321528054,-0.337890625,0.0,0.0,0.0,0.0,0,,李家成怎么回答与中央关系有变
114,李嘉诚怎么回答与中央关系有变,10,False,False,0.0,0.07142857142857142,0.3333333333333333,0.0,-0.341796875,0.0,0.0,0.0,0.0,0,,李佳诚怎么回答与中央关系有变
115,李嘉诚或再抛售内地地产项目拟出售上海办公楼,1,True,False,1.0,0.09523809523809523,0.0,1.0,-0.08245849609375,0.0,0.0,0.0,0.0,0,,李嘉诚或在抛售内地地产项目你出售上海办公楼
115,李嘉诚或再抛售内地地产项目拟出售上海办公楼,2,False,False,1.0,0.09523809523809523,0.0,0.6584389593062041,-0.11370849609375,0.0,0.0,0.0,0.0,0,,李嘉诚或在抛售内地地产项目您出售上海办公楼
115,李嘉诚或再抛售内地地产项目拟出售上海办公楼,3,False,False,1.0,0.09523809523809523,0.0,0.5383589059372915,-0.12469482421875,0.0,0.0,0.0,0.0,0,,李嘉诚或在抛售内地地产项目离出售上海办公楼
115,李嘉诚或再抛售内地地产项目拟出售上海办公楼,4,False,True,1.0,0.047619047619047616,0.0,0.4523015343562375,-0.132568359375,0.0,0.0,0.0,0.0,0,,李嘉诚或再抛售内地地产项目你出售上海办公楼
115,李嘉诚或再抛售内地地产项目拟出售上海办公楼,5,False,False,1.0,0.047619047619047616,0.0,0.3869246164109406,-0.1385498046875,0.0,0.0,0.0,0.0,0,,李嘉诚或在抛售内地地产项目拟出售上海办公楼
115,李嘉诚或再抛售内地地产项目拟出售上海办公楼,6,False,False,1.0,0.14285714285714285,0.0,0.3068712474983322,-0.1458740234375,0.0,0.0,0.0,0.0,0,,李嘉诚获赛抛售内地地产项目你出售上海办公楼
115,李嘉诚或再抛售内地地产项目拟出售上海办公楼,7,False,False,1.0,0.14285714285714285,0.0,0.17211474316210806,-0.158203125,0.0,0.0,0.0,0.0,0,,李嘉诚货载抛售内地地产项目你出售上海办公楼
115,李嘉诚或再抛售内地地产项目拟出售上海办公楼,8,False,False,1.0,0.14285714285714285,0.0,0.1534356237491661,-0.159912109375,0.0,0.0,0.0,0.0,0,,李嘉诚获赛抛售内地地产项目离出售上海办公楼
115,李嘉诚或再抛售内地地产项目拟出售上海办公楼,9,False,False,1.0,0.14285714285714285,0.0,0.0466977985323549,-0.169677734375,0.0,0.0,0.0,0.0,0,,李嘉诚货在抛售内地地产项目你出售上海办公楼
115,李嘉诚或再抛售内地地产项目拟出售上海办公楼,10,False,False,1.0,0.14285714285714285,0.0,0.0,-0.1739501953125,0.0,0.0,0.0,0.0,0,,李嘉诚货赛抛售内地地产项目你出售上海办公楼
116,李嘉诚正式回应撤资指控不相信文革式思维复苏,1,True,False,1.0,0.047619047619047616,0.0,1.0,-0.050994873046875,0.0,0.0,0.0,0.0,0,,李嘉诚正式回应撤司指控不相信文革式思维复苏
116,李嘉诚正式回应撤资指控不相信文革式思维复苏,2,False,False,1.0,0.047619047619047616,0.0,0.8951486697965572,-0.0653076171875,0.0,0.0,0.0,0.0,0,,李嘉诚正式回应撤私指控不相信文革式思维复苏
116,李嘉诚正式回应撤资指控不相信文革式思维复苏,3,False,False,1.0,0.09523809523809523,0.0,0.5754527162977867,-0.10894775390625,0.0,0.0,0.0,0.0,0,,李嘉诚正式回应彻思指控不相信文革式思维复苏
116,李嘉诚正式回应撤资指控不相信文革式思维复苏,4,False,False,1.0,0.09523809523809523,0.0,0.4985468365750056,-0.11944580078125,0.0,0.0,0.0,0.0,0,,李嘉诚正式回应撤司指控不相信文革市思维复苏
116,李嘉诚正式回应撤资指控不相信文革式思维复苏,5,False,False,1.0,0.09523809523809523,0.0,0.35591325732170803,-0.138916015625,0.0,0.0,0.0,0.0,0,,李嘉诚正式回应撤私指控不相信文革市思维复苏
116,李嘉诚正式回应撤资指控不相信文革式思维复苏,6,False,False,1.0,0.047619047619047616,0.0,0.25396825396825395,-0.15283203125,0.0,0.0,0.0,0.0,0,,李嘉诚正式回应撤丝指控不相信文革式思维复苏
116,李嘉诚正式回应撤资指控不相信文革式思维复苏,7,False,True,1.0,0.0,0.0,0.22445785826067516,-0.1568603515625,0.0,0.0,0.0,0.0,0,,李嘉诚正式回应撤资指控不相信文革式思维复苏
116,李嘉诚正式回应撤资指控不相信文革式思维复苏,8,False,False,1.0,0.14285714285714285,0.0,0.0,-0.1875,0.0,0.0,0.0,0.0,0,,李嘉诚正式回应彻思指控不相信文革市思维复苏
117,李嘉诚首次对撤资做出回应,1,True,False,1.0,0.25,0.0,1.0,-0.132080078125,0.0,0.0,0.0,0.0,0,,李嘉诚首次对彻思作出回应
117,李嘉诚首次对撤资做出回应,2,False,False,1.0,0.16666666666666666,0.0,0.9102564102564102,-0.1431884765625,0.0,0.0,0.0,0.0,0,,李嘉诚首次对彻思做出回应
117,李嘉诚首次对撤资做出回应,3,False,False,1.0,0.16666666666666666,0.0,0.7662721893491125,-0.1610107421875,0.0,0.0,0.0,0.0,0,,李嘉诚首次对撤司作出回应
117,李嘉诚首次对撤资做出回应,4,False,False,1.0,0.16666666666666666,0.0,0.5818540433925049,-0.183837890625,0.0,0.0,0.0,0.0,0,,李嘉诚首次对撤私作出回应
117,李嘉诚首次对撤资做出回应,5,False,False,1.0,0.25,0.0,0.2958579881656805,-0.21923828125,0.0,0.0,0.0,0.0,0,,李嘉诚首次对测试作出回应
117,李嘉诚首次对撤资做出回应,6,False,False,1.0,0.25,0.0,0.23372781065088757,-0.2269287109375,0.0,0.0,0.0,0.0,0,,李嘉诚首次对测思作出回应
117,李嘉诚首次对撤资做出回应,7,False,False,1.0,0.25,0.0,0.07396449704142012,-0.2467041015625,0.0,0.0,0.0,0.0,0,,李嘉诚首次对车司作出回应
117,李嘉诚首次对撤资做出回应,8,False,False,1.0,0.16666666666666666,0.0,0.06804733727810651,-0.2474365234375,0.0,0.0,0.0,0.0,0,,李嘉诚首次对测试做出回应
117,李嘉诚首次对撤资做出回应,9,False,True,1.0,0.08333333333333333,0.0,0.0,-0.255859375,0.0,0.0,0.0,0.0,0,,李嘉诚首次对撤司做出回应
118,李嘉诚首次回应撤资传闻对中国发展充满信心,1,True,True,1.0,0.05,0.0,1.0,-0.041748046875,0.0,0.0,0.0,0.0,0,,李嘉诚首次回应撤私传闻对中国发展充满信心
118,李嘉诚首次回应撤资传闻对中国发展充满信心,2,False,False,1.0,0.05,0.0,0.4767899291896145,-0.1229248046875,0.0,0.0,0.0,0.0,0,,李嘉诚首次回应撤司传闻对中国发展充满信心
118,李嘉诚首次回应撤资传闻对中国发展充满信心,3,False,False,1.0,0.05,0.0,0.22738001573564123,-0.16162109375,0.0,0.0,0.0,0.0,0,,李嘉诚首次回应撤丝传闻对中国发展充满信心
118,李嘉诚首次回应撤资传闻对中国发展充满信心,4,False,False,1.0,0.1,0.0,0.1904012588512982,-0.1673583984375,0.0,0.0,0.0,0.0,0,,李嘉诚首次回应彻思传闻对中国发展充满信心
118,李嘉诚首次回应撤资传闻对中国发展充满信心,5,False,False,1.0,0.1,0.0,0.040912667191188044,-0.1905517578125,0.0,0.0,0.0,0.0,0,,李嘉诚首次回应测思传闻对中国发展充满信心
118,李嘉诚首次回应撤资传闻对中国发展充满信心,6,False,False,1.0,0.1,0.0,0.0,-0.1968994140625,0.0,0.0,0.0,0.0,0,,李嘉诚首次回应车丝传闻对中国发展充满信心
119,长江商报消息本报记者张萌昨日,1,True,True,1.0,0.07142857142857142,0.0,1.0,-0.17333984375,0.0,0.0,0.0,0.0,0,,长江商报消息本报记者张萌索日
119,长江商报消息本报记者张萌昨日,2,False,False,1.0,0.14285714285714285,0.0,0.9285714285714286,-0.1796875,0.0,0.0,0.0,0.0,0,,长江商报消息本报记者张萌
119,长江商报消息本报记者张萌昨日,3,False,False,0.0,0.14285714285714285,0.5,0.842032967032967,-0.1873779296875,0.0,0.0,0.0,0.0,0,,长江商报消息本报记者张蒙索日
119,长江商报消息本报记者张萌昨日,4,False,False,1.0,0.07142857142857142,0.0,0.03296703296703297,-0.25927734375,0.0,0.0,0.0,0.0,0,,长江商报消息本报记者张萌所日
119,长江商报消息本报记者张萌昨日,5,False,False,0.0,0.14285714285714285,0.5,0.0,-0.26220703125,0.0,0.0,0.0,0.0,0,,长江商报消息本报记者张蒙锁日
120,新京报快讯记者刘玮近日,1,True,False,0.5,0.09090909090909091,0.2,1.0,-0.05621337890625,0.0,0.0,0.0,0.0,0,,新京报快讯记者刘伟近日
120,新京报快讯记者刘玮近日,2,False,True,1.0,0.0,0.0,0.4350580781414995,-0.219482421875,0.0,0.0,0.0,0.0,0,,新京报快讯记者刘玮近日
120,新京报快讯记者刘玮近日,3,False,False,0.0,0.18181818181818182,0.4,0.15374868004223866,-0.30078125,0.0,0.0,0.0,0.0,0,,新京爆快讯记者刘伟近日
120,新京报快讯记者刘玮近日,4,False,False,0.5,0.2727272727272727,0.2,0.0,-0.34521484375,0.0,0.0,0.0,0.0,0,,新京报快讯记者刘伟进入
121,由于电影王朝的女人杨贵妃中的一场激情戏,1,True,True,1.0,0.0,0.0,1.0,-0.038818359375,0.0,0.0,0.0,0.0,0,,由于电影王朝的女人杨贵妃中的一场激情戏
121,由于电影王朝的女人杨贵妃中的一场激情戏,2,False,False,1.0,0.05263157894736842,0.6666666666666666,0.29357798165137616,-0.1610107421875,0.0,0.0,0.0,0.0,0,,由于电影王朝女人杨贵妃中的一场激情戏
121,由于电影王朝的女人杨贵妃中的一场激情戏,3,False,False,1.0,0.10526315789473684,1.0,0.0,-0.2117919921875,0.0,0.0,0.0,0.0,0,,由于电影王朝的杨贵妃中的一场激情戏
122,李玉刚张学友黄琦雯入选一零大最涨姿势歌曲,1,True,False,0.0,0.45,0.6666666666666666,1.0,-0.26806640625,0.0,0.0,0.0,0.0,0,,李玉刚张学友黄其文陆选10大岁长私史歌曲
122,李玉刚张学友黄琦雯入选一零大最涨姿势歌曲,2,False,False,0.0,0.45,0.6666666666666666,0.9855769230769231,-0.268798828125,0.0,0.0,0.0,0.0,0,,李玉刚张学友黄其文陆选10大岁长私事歌曲
122,李玉刚张学友黄琦雯入选一零大最涨姿势歌曲,3,False,False,0.0,0.45,0.6666666666666666,0.8269230769230769,-0.27685546875,0.0,0.0,0.0,0.0,0,,李玉刚张学友黄七文陆选10大岁长私事歌曲
122,李玉刚张学友黄琦雯入选一零大最涨姿势歌曲,4,False,False,0.0,0.45,0.6666666666666666,0.75,-0.28076171875,0.0,0.0,0.0,0.0,0,,李玉刚张学友黄七文陆选10大岁长私史歌曲
122,李玉刚张学友黄琦雯入选一零大最涨姿势歌曲,5,False,False,0.0,0.45,0.6666666666666666,0.47596153846153844,-0.294677734375,0.0,0.0,0.0,0.0,0,,李玉刚张学友黄奇文陆选10大岁长私事歌曲
122,李玉刚张学友黄琦雯入选一零大最涨姿势歌曲,6,False,False,0.0,0.45,0.6666666666666666,0.4375,-0.296630859375,0.0,0.0,0.0,0.0,0,,李玉刚张学友黄奇文陆选10大岁长私史歌曲
122,李玉刚张学友黄琦雯入选一零大最涨姿势歌曲,7,False,True,0.0,0.4,0.6666666666666666,0.33653846153846156,-0.3017578125,0.0,0.0,0.0,0.0,0,,李玉刚张学友黄其文陆选一龄大岁长私史歌曲
122,李玉刚张学友黄琦雯入选一零大最涨姿势歌曲,8,False,False,0.0,0.4,0.6666666666666666,0.22596153846153846,-0.307373046875,0.0,0.0,0.0,0.0,0,,李玉刚张学友黄七文陆选一龄大岁长私史歌曲
122,李玉刚张学友黄琦雯入选一零大最涨姿势歌曲,9,False,False,0.0,0.4,0.6666666666666666,0.014423076923076924,-0.318115234375,0.0,0.0,0.0,0.0,0,,李玉刚张学友黄其文陆选一龄大岁长私事歌曲
122,李玉刚张学友黄琦雯入选一零大最涨姿势歌曲,10,False,False,0.0,0.4,0.6666666666666666,0.0,-0.31884765625,0.0,0.0,0.0,0.0,0,,李玉刚张学友黄其文陆选一灵大岁长私史歌曲
123,李玉刚新歌点击逾一亿网友李家每人只需半次,1,True,False,1.0,0.1,0.0,1.0,-0.1475830078125,0.0,0.0,0.0,0.0,0,,李玉刚新歌点击于一亿网友李家美人只需半次
123,李玉刚新歌点击逾一亿网友李家每人只需半次,2,False,False,0.0,0.15,0.5,0.9823008849557522,-0.1485595703125,0.0,0.0,0.0,0.0,0,,李玉刚新歌点击于一亿网友李佳美人只需半次
123,李玉刚新歌点击逾一亿网友李家每人只需半次,3,False,False,0.0,0.1,0.5,0.9424778761061947,-0.1507568359375,0.0,0.0,0.0,0.0,0,,李玉刚新歌点击于一亿网友李佳每人只需半次
123,李玉刚新歌点击逾一亿网友李家每人只需半次,4,False,False,0.0,0.2,0.5,0.6880530973451328,-0.164794921875,0.0,0.0,0.0,0.0,0,,李玉刚新歌点击于一亿网友李佳美龄只需半次
123,李玉刚新歌点击逾一亿网友李家每人只需半次,5,False,True,1.0,0.05,0.0,0.6570796460176991,-0.16650390625,0.0,0.0,0.0,0.0,0,,李玉刚新歌点击于一亿网友李家每人只需半次
123,李玉刚新歌点击逾一亿网友李家每人只需半次,6,False,False,1.0,0.15,0.0,0.6415929203539823,-0.1673583984375,0.0,0.0,0.0,0.0,0,,李玉刚新歌点击于一亿网友李家美龄只需半次
123,李玉刚新歌点击逾一亿网友李家每人只需半次,7,False,False,0.0,0.15,0.5,0.584070796460177,-0.1705322265625,0.0,0.0,0.0,0.0,0,,李玉刚新歌点击于一亿网友李嘉美人只需半次
123,李玉刚新歌点击逾一亿网友李家每人只需半次,8,False,False,0.0,0.2,0.5,0.5221238938053098,-0.1739501953125,0.0,0.0,0.0,0.0,0,,李玉刚新歌点击于一亿网友李嘉美龄只需半次
123,李玉刚新歌点击逾一亿网友李家每人只需半次,9,False,False,0.0,0.2,0.5,0.45132743362831856,-0.1778564453125,0.0,0.0,0.0,0.0,0,,李玉刚新歌点击于1亿网友李佳美人只需半次
123,李玉刚新歌点击逾一亿网友李家每人只需半次,10,False,False,1.0,0.15,0.0,0.3938053097345133,-0.1810302734375,0.0,0.0,0.0,0.0,0,,李玉刚新歌点击于1亿网友李家美人只需半次
123,李玉刚新歌点击逾一亿网友李家每人只需半次,11,False,False,0.0,0.15,0.5,0.3407079646017699,-0.1839599609375,0.0,0.0,0.0,0.0,0,,李玉刚新歌点击于1亿网友李佳每人只需半次
123,李玉刚新歌点击逾一亿网友李家每人只需半次,12,False,False,0.0,0.1,0.5,0.3185840707964602,-0.1851806640625,0.0,0.0,0.0,0.0,0,,李玉刚新歌点击于一亿网友李嘉每人只需半次
123,李玉刚新歌点击逾一亿网友李家每人只需半次,13,False,False,0.0,0.2,0.5,0.10619469026548672,-0.1968994140625,0.0,0.0,0.0,0.0,0,,李玉刚新歌点击于1亿网友李嘉美人只需半次
123,李玉刚新歌点击逾一亿网友李家每人只需半次,14,False,False,0.0,0.2,0.5,0.07964601769911504,-0.1983642578125,0.0,0.0,0.0,0.0,0,,李玉刚新歌点击于一亿网友李嘉美林只需半次
123,李玉刚新歌点击逾一亿网友李家每人只需半次,15,False,False,1.0,0.15,0.0,0.030973451327433628,-0.2010498046875,0.0,0.0,0.0,0.0,0,,李玉刚新歌点击于一亿网友李家美林只需半次
123,李玉刚新歌点击逾一亿网友李家每人只需半次,16,False,False,1.0,0.1,0.0,0.0,-0.2027587890625,0.0,0.0,0.0,0.0,0,,李玉刚新歌点击于1亿网友李家每人只需半次
124,李玉刚饰演的杨贵妃被指芳华绝代说到神曲,1,True,True,1.0,0.0,0.0,1.0,-0.0565185546875,0.0,0.0,0.0,0.0,0,,李玉刚饰演的杨贵妃被指芳华绝代说到神曲
124,李玉刚饰演的杨贵妃被指芳华绝代说到神曲,2,False,False,1.0,0.05263157894736842,0.0,0.8620531622364803,-0.07489013671875,0.0,0.0,0.0,0.0,0,,李玉刚饰演的杨贵妃被指芳华绝代说道神曲
124,李玉刚饰演的杨贵妃被指芳华绝代说到神曲,3,False,False,1.0,0.05263157894736842,0.0,0.23648029330889092,-0.158203125,0.0,0.0,0.0,0.0,0,,李玉纲饰演的杨贵妃被指芳华绝代说到神曲
124,李玉刚饰演的杨贵妃被指芳华绝代说到神曲,4,False,False,1.0,0.05263157894736842,0.0,0.1934005499541705,-0.1639404296875,0.0,0.0,0.0,0.0,0,,李玉刚饰演的杨贵妃被指芳华绝代说到神取
124,李玉刚饰演的杨贵妃被指芳华绝代说到神曲,5,False,False,1.0,0.10526315789473684,0.0,0.12740604949587533,-0.1727294921875,0.0,0.0,0.0,0.0,0,,李玉纲饰演的杨贵妃被指芳华绝代说道神曲
124,李玉刚饰演的杨贵妃被指芳华绝代说到神曲,6,False,False,1.0,0.10526315789473684,0.0,0.03024747937671861,-0.1856689453125,0.0,0.0,0.0,0.0,0,,李玉刚饰演的杨贵妃被指芳华绝代说道神取
124,李玉刚饰演的杨贵妃被指芳华绝代说到神曲,7,False,False,1.0,0.05263157894736842,0.0,0.0,-0.189697265625,0.0,0.0,0.0,0.0,0,,李玉冈饰演的杨贵妃被指芳华绝代说到神曲
125,今久整合营销集团迎来了它的十岁生日,1,True,False,0.0,0.29411764705882354,0.4,1.0,-0.1048583984375,0.0,0.0,0.0,0.0,0,,金九整合营销集团迎来了他的10岁生日
125,今久整合营销集团迎来了它的十岁生日,2,False,False,0.0,0.17647058823529413,0.4,0.8970588235294118,-0.11895751953125,0.0,0.0,0.0,0.0,0,,金九整合营销集团迎来了他的十岁生日
125,今久整合营销集团迎来了它的十岁生日,3,False,False,0.0,0.35294117647058826,0.5,0.7237076648841355,-0.1427001953125,0.0,0.0,0.0,0.0,0,,金九整和营销集团迎来了他的10岁生日
125,今久整合营销集团迎来了它的十岁生日,4,False,False,0.0,0.23529411764705882,0.5,0.6497326203208557,-0.15283203125,0.0,0.0,0.0,0.0,0,,金九整和营销集团迎来了他的十岁生日
125,今久整合营销集团迎来了它的十岁生日,5,False,False,0.0,0.23529411764705882,0.4,0.17023172905525846,-0.218505859375,0.0,0.0,0.0,0.0,0,,金九整合营销集团迎来了它的10岁生日
125,今久整合营销集团迎来了它的十岁生日,6,False,False,0.0,0.29411764705882354,0.4,0.15597147950089127,-0.220458984375,0.0,0.0,0.0,0.0,0,,金酒整合营销集团迎来了他的10岁生日
125,今久整合营销集团迎来了它的十岁生日,7,False,False,0.0,0.29411764705882354,0.4,0.14260249554367202,-0.2222900390625,0.0,0.0,0.0,0.0,0,,金九整合营销集团迎来了她的10岁生日
125,今久整合营销集团迎来了它的十岁生日,8,False,True,0.0,0.11764705882352941,0.4,0.08110516934046345,-0.230712890625,0.0,0.0,0.0,0.0,0,,金九整合营销集团迎来了它的十岁生日
125,今久整合营销集团迎来了它的十岁生日,9,False,False,0.0,0.17647058823529413,0.4,0.030303030303030304,-0.2376708984375,0.0,0.0,0.0,0.0,0,,金九整合营销集团迎来了她的十岁生日
125,今久整合营销集团迎来了它的十岁生日,10,False,False,0.0,0.17647058823529413,0.4,0.0,-0.2418212890625,0.0,0.0,0.0,0.0,0,,金酒整合营销集团迎来了他的十岁生日
126,今久从最初的几十个人,1,True,False,0.0,0.2,1.0,1.0,-0.07122802734375,0.0,0.0,0.0,0.0,0,,金九从最初的几十个人
126,今久从最初的几十个人,2,False,True,0.0,0.1,0.5,0.7175295186194369,-0.1661376953125,0.0,0.0,0.0,0.0,0,,今九从最初的几十个人
126,今久从最初的几十个人,3,False,False,0.0,0.2,1.0,0.4792007266121708,-0.2462158203125,0.0,0.0,0.0,0.0,0,,金酒从最初的几十个人
126,今久从最初的几十个人,4,False,False,0.0,0.3,1.0,0.3407811080835604,-0.292724609375,0.0,0.0,0.0,0.0,0,,金九重最初的几十个人
126,今久从最初的几十个人,5,False,False,0.0,0.3,1.0,0.33787465940054495,-0.293701171875,0.0,0.0,0.0,0.0,0,,金九丛最初的几十个人
126,今久从最初的几十个人,6,False,False,0.0,0.1,0.5,0.14532243415077203,-0.3583984375,0.0,0.0,0.0,0.0,0,,今酒从最初的几十个人
126,今久从最初的几十个人,7,False,False,0.0,0.1,0.5,0.1257039055404178,-0.364990234375,0.0,0.0,0.0,0.0,0,,经久从最初的几十个人
126,今久从最初的几十个人,8,False,False,0.0,0.2,1.0,0.10390554041780199,-0.372314453125,0.0,0.0,0.0,0.0,0,,荆九从最初的几十个人
126,今久从最初的几十个人,9,False,False,0.0,0.3,1.0,0.10172570390554042,-0.373046875,0.0,0.0,0.0,0.0,0,,金九层最初的几十个人
126,今久从最初的几十个人,10,False,False,0.0,0.3,1.0,0.023978201634877384,-0.399169921875,0.0,0.0,0.0,0.0,0,,金酒丛最初的几十个人
126,今久从最初的几十个人,11,False,False,0.0,0.2,1.0,0.0,-0.4072265625,0.0,0.0,0.0,0.0,0,,斤九从最初的几十个人
127,今久商品房销售额首次上涨,1,True,False,0.0,0.16666666666666666,1.0,1.0,-0.044189453125,0.0,0.0,0.0,0.0,0,,金酒商品房销售额首次上涨
127,今久商品房销售额首次上涨,2,False,False,0.0,0.16666666666666666,1.0,0.7953597497393118,-0.09210205078125,0.0,0.0,0.0,0.0,0,,金九商品房销售额首次上涨
127,今久商品房销售额首次上涨,3,False,False,0.0,0.16666666666666666,1.0,0.49635036496350365,-0.162109375,0.0,0.0,0.0,0.0,0,,京酒商品房销售额首次上涨
127,今久商品房销售额首次上涨,4,False,True,0.0,0.08333333333333333,0.5,0.2596454640250261,-0.217529296875,0.0,0.0,0.0,0.0,0,,今九商品房销售额首次上涨
127,今久商品房销售额首次上涨,5,False,False,0.0,0.16666666666666666,1.0,0.13138686131386862,-0.24755859375,0.0,0.0,0.0,0.0,0,,京九商品房销售额首次上涨
127,今久商品房销售额首次上涨,6,False,False,0.0,0.08333333333333333,0.5,0.0,-0.2783203125,0.0,0.0,0.0,0.0,0,,经久商品房销售额首次上涨
128,德佑链家市场研究部总监陆骑麟表示,1,True,False,0.0,0.125,0.3333333333333333,1.0,-0.138427734375,0.0,0.0,0.0,0.0,0,,德佑链加市场研究部总监陆麒麟表示
128,德佑链家市场研究部总监陆骑麟表示,2,False,False,0.0,0.1875,0.6666666666666666,0.8701298701298701,-0.1494140625,0.0,0.0,0.0,0.0,0,,德佑链加市场研究部总监陆棋林表示
128,德佑链家市场研究部总监陆骑麟表示,3,False,False,0.0,0.1875,0.6666666666666666,0.7070707070707071,-0.1632080078125,0.0,0.0,0.0,0.0,0,,德佑链加市场研究部总监陆七林表示
128,德佑链家市场研究部总监陆骑麟表示,4,False,True,0.0,0.0625,0.3333333333333333,0.30303030303030304,-0.1973876953125,0.0,0.0,0.0,0.0,0,,德佑链家市场研究部总监陆麒麟表示
128,德佑链家市场研究部总监陆骑麟表示,5,False,False,0.0,0.1875,0.6666666666666666,0.22077922077922077,-0.204345703125,0.0,0.0,0.0,0.0,0,,德佑链加市场研究部总监陆其林表示
128,德佑链家市场研究部总监陆骑麟表示,6,False,False,0.0,0.125,0.3333333333333333,0.1717171717171717,-0.20849609375,0.0,0.0,0.0,0.0,0,,德佑链佳市场研究部总监陆麒麟表示
128,德佑链家市场研究部总监陆骑麟表示,7,False,False,0.0,0.125,0.6666666666666666,0.11832611832611832,-0.2130126953125,0.0,0.0,0.0,0.0,0,,德佑链家市场研究部总监陆棋林表示
128,德佑链家市场研究部总监陆骑麟表示,8,False,False,0.0,0.1875,0.6666666666666666,0.0,-0.2230224609375,0.0,0.0,0.0,0.0,0,,德佑链佳市场研究部总监陆棋林表示
129,中国证券报从您刚才的介绍中我们了解到,1,True,True,1.0,0.0,0.0,1.0,-0.026702880859375,0.0,0.0,0.0,0.0,0,,中国证券报从您刚才的介绍中我们了解到
129,中国证券报从您刚才的介绍中我们了解到,2,False,False,0.0,0.1111111111111111,0.4,0.0,-0.262939453125,0.0,0.0,0.0,0.0,0,,中国政卷报从您刚才的介绍中我们了解到
130,本报记者曹志为王婷王颖春来源中国证券报,1,True,True,1.0,0.0,0.0,1.0,-0.1298828125,0.0,0.0,0.0,0.0,0,,本报记者曹志为王婷王颖春来源中国证券报
130,本报记者曹志为王婷王颖春来源中国证券报,2,False,False,0.75,0.05263157894736842,0.08333333333333333,0.458,-0.1629638671875,0.0,0.0,0.0,0.0,0,,本报记者曹志为王廷王颖春来源中国证券报
130,本报记者曹志为王婷王颖春来源中国证券报,3,False,False,0.75,0.05263157894736842,0.08333333333333333,0.178,-0.1800537109375,0.0,0.0,0.0,0.0,0,,本报记者曹志为王庭王颖春来源中国证券报
130,本报记者曹志为王婷王颖春来源中国证券报,4,False,False,0.75,0.05263157894736842,0.08333333333333333,0.082,-0.1859130859375,0.0,0.0,0.0,0.0,0,,本报记者曹志为王挺王颖春来源中国证券报
130,本报记者曹志为王婷王颖春来源中国证券报,5,False,False,0.75,0.05263157894736842,0.08333333333333333,0.0,-0.19091796875,0.0,0.0,0.0,0.0,0,,本报记者曹智为王婷王颖春来源中国证券报
131,而苹果虽有可能卖出不少手表给忠实的粉丝,1,True,True,1.0,0.0,0.0,1.0,-0.040252685546875,0.0,0.0,0.0,0.0,0,,而苹果虽有可能卖出不少手表给忠实的粉丝
131,而苹果虽有可能卖出不少手表给忠实的粉丝,2,False,False,1.0,0.10526315789473684,0.0,0.14322952394018384,-0.2308349609375,0.0,0.0,0.0,0.0,0,,而苹果虽有可能卖出不少手表给中时的粉丝
131,而苹果虽有可能卖出不少手表给忠实的粉丝,3,False,False,1.0,0.10526315789473684,0.0,0.052682123748113596,-0.2509765625,0.0,0.0,0.0,0.0,0,,而苹果虽有可能卖出不少手表给中食的粉丝
131,而苹果虽有可能卖出不少手表给忠实的粉丝,4,False,False,1.0,0.05263157894736842,0.0,0.037316504321580464,-0.25439453125,0.0,0.0,0.0,0.0,0,,而苹果虽然有可能卖出不少手表给忠实的粉丝
131,而苹果虽有可能卖出不少手表给忠实的粉丝,5,False,False,1.0,0.05263157894736842,0.0,0.005487721223761833,-0.261474609375,0.0,0.0,0.0,0.0,0,,而苹果虽可能卖出不少手表给忠实的粉丝
131,而苹果虽有可能卖出不少手表给忠实的粉丝,6,False,False,1.0,0.10526315789473684,0.0,0.0,-0.2626953125,0.0,0.0,0.0,0.0,0,,而苹果虽有可能卖出不少手表给中式的粉丝
132,成飞机成业绩增长主要是由于锂电需求增长,1,True,False,0.0,0.6842105263157895,0.5,1.0,-0.0072021484375,0.0,0.0,0.0,0.0,0,,乘飞机乘业绩增长
132,成飞机成业绩增长主要是由于锂电需求增长,2,False,False,0.0,0.2631578947368421,0.5,0.9154709105139577,-0.0467529296875,0.0,0.0,0.0,0.0,0,,乘飞机乘业绩增长主要是由于理电需求
132,成飞机成业绩增长主要是由于锂电需求增长,3,False,False,0.0,0.15789473684210525,0.5,0.13514218627706756,-0.411865234375,0.0,0.0,0.0,0.0,0,,乘飞机乘业绩增长主要是由于理电需求增长
132,成飞机成业绩增长主要是由于锂电需求增长,4,False,True,0.0,0.10526315789473684,0.5,0.0881815810070441,-0.433837890625,0.0,0.0,0.0,0.0,0,,乘飞机乘业绩增长主要是由于锂电需求增长
132,成飞机成业绩增长主要是由于锂电需求增长,5,False,False,0.0,0.15789473684210525,0.5,0.07461518392903731,-0.440185546875,0.0,0.0,0.0,0.0,0,,乘飞机乘业绩增长主要是由于礼电需求增长
132,成飞机成业绩增长主要是由于锂电需求增长,6,False,False,0.0,0.15789473684210525,0.5,0.06731020088703366,-0.443603515625,0.0,0.0,0.0,0.0,0,,乘飞机乘业绩增长主要是由于里电需求增长
132,成飞机成业绩增长主要是由于锂电需求增长,7,False,False,0.0,0.21052631578947367,0.5,0.05635272632402818,-0.44873046875,0.0,0.0,0.0,0.0,0,,乘飞机乘业绩增长主要是由于理电需求增涨
132,成飞机成业绩增长主要是由于锂电需求增长,8,False,False,0.0,0.21052631578947367,0.5,0.02765457865901383,-0.462158203125,0.0,0.0,0.0,0.0,0,,乘飞机乘业绩增长主要是由于理电需求增加
132,成飞机成业绩增长主要是由于锂电需求增长,9,False,False,0.0,0.21052631578947367,0.5,0.021393164623010698,-0.465087890625,0.0,0.0,0.0,0.0,0,,乘飞机乘业绩增长主要是由于里店需求增长
132,成飞机成业绩增长主要是由于锂电需求增长,10,False,False,0.0,0.21052631578947367,0.5,0.016697104096008348,-0.46728515625,0.0,0.0,0.0,0.0,0,,乘飞机乘业绩增长主要是由于里电需求增涨
132,成飞机成业绩增长主要是由于锂电需求增长,11,False,False,0.0,0.15789473684210525,0.5,0.0,-0.47509765625,0.0,0.0,0.0,0.0,0,,乘飞机乘业绩增长主要是由于锂电需求增加
133,上述成飞集成人士表示,1,True,False,0.0,0.4,0.5,1.0,-0.0865478515625,0.0,0.0,0.0,0.0,0,,上述乘飞机乘人是表示
133,上述成飞集成人士表示,2,False,True,0.0,0.3,0.5,0.8665601278465841,-0.1273193359375,0.0,0.0,0.0,0.0,0,,上述乘飞机乘人士表示
133,上述成飞集成人士表示,3,False,False,0.0,0.4,0.5,0.2940471434278865,-0.30224609375,0.0,0.0,0.0,0.0,0,,上述乘飞机乘人式表示
133,上述成飞集成人士表示,4,False,False,0.0,0.4,0.5,0.1813823411905713,-0.336669921875,0.0,0.0,0.0,0.0,0,,上述乘飞机乘人氏表示
133,上述成飞集成人士表示,5,False,False,0.0,0.4,0.5,0.08709548541749901,-0.365478515625,0.0,0.0,0.0,0.0,0,,上述乘飞机乘人示表示
133,上述成飞集成人士表示,6,False,False,0.0,0.4,0.5,0.0,-0.39208984375,0.0,0.0,0.0,0.0,0,,上述乘飞机乘人事表示
134,上述成飞集成人士告诉记者,1,True,False,0.0,0.25,0.5,1.0,-0.26318359375,0.0,0.0,0.0,0.0,0,,上述程飞及成人事告诉记者
134,上述成飞集成人士告诉记者,2,False,False,0.0,0.25,0.5,0.8232044198895028,-0.28662109375,0.0,0.0,0.0,0.0,0,,上述程飞吉成人事告诉记者
134,上述成飞集成人士告诉记者,3,False,False,0.0,0.3333333333333333,0.5,0.425414364640884,-0.33935546875,0.0,0.0,0.0,0.0,0,,上述程飞及成仁氏告诉记者
134,上述成飞集成人士告诉记者,4,False,False,0.0,0.4166666666666667,0.5,0.2154696132596685,-0.3671875,0.0,0.0,0.0,0.0,0,,上述程飞及程仁氏告诉记者
134,上述成飞集成人士告诉记者,5,False,True,1.0,0.16666666666666666,0.0,0.21178637200736647,-0.36767578125,0.0,0.0,0.0,0.0,0,,上述成飞及成人事告诉记者
134,上述成飞集成人士告诉记者,6,False,False,0.0,0.3333333333333333,0.5,0.17679558011049723,-0.372314453125,0.0,0.0,0.0,0.0,0,,上述程飞及程仁士告诉记者
134,上述成飞集成人士告诉记者,7,False,False,0.0,0.16666666666666666,0.5,0.07366482504604052,-0.385986328125,0.0,0.0,0.0,0.0,0,,上述程飞集成人事告诉记者
134,上述成飞集成人士告诉记者,8,False,False,0.0,0.25,0.5,0.040515653775322284,-0.390380859375,0.0,0.0,0.0,0.0,0,,上述程飞籍成人事告诉记者
134,上述成飞集成人士告诉记者,9,False,False,0.0,0.25,0.5,0.0,-0.395751953125,0.0,0.0,0.0,0.0,0,,上述程飞即成人事告诉记者
135,成飞集成与常州市金坛区政府合作的项目将分三期完成,1,True,False,0.0,0.08333333333333333,0.5,1.0,-0.1072998046875,0.0,0.0,0.0,0.0,0,,程飞集成与常州市金潭区政府合作的项目将分三期完成
135,成飞集成与常州市金坛区政府合作的项目将分三期完成,2,False,False,0.5,0.041666666666666664,0.25,0.814,-0.11865234375,0.0,0.0,0.0,0.0,0,,成飞集成与常州市金潭区政府合作的项目将分三期完成
135,成飞集成与常州市金坛区政府合作的项目将分三期完成,3,False,False,0.5,0.041666666666666664,0.25,0.779,-0.12078857421875,0.0,0.0,0.0,0.0,0,,程飞集成与常州市金坛区政府合作的项目将分三期完成
135,成飞集成与常州市金坛区政府合作的项目将分三期完成,4,False,False,0.0,0.08333333333333333,0.5,0.644,-0.1290283203125,0.0,0.0,0.0,0.0,0,,城飞集成与常州市金潭区政府合作的项目将分三期完成
135,成飞集成与常州市金坛区政府合作的项目将分三期完成,5,False,True,1.0,0.0,0.0,0.574,-0.13330078125,0.0,0.0,0.0,0.0,0,,成飞集成与常州市金坛区政府合作的项目将分三期完成
135,成飞集成与常州市金坛区政府合作的项目将分三期完成,6,False,False,0.0,0.16666666666666666,0.5,0.332,-0.1480712890625,0.0,0.0,0.0,0.0,0,,程飞集成与长洲市金潭区政府合作的项目将分三期完成
135,成飞集成与常州市金坛区政府合作的项目将分三期完成,7,False,False,0.5,0.041666666666666664,0.25,0.258,-0.152587890625,0.0,0.0,0.0,0.0,0,,城飞集成与常州市金坛区政府合作的项目将分三期完成
135,成飞集成与常州市金坛区政府合作的项目将分三期完成,8,False,False,0.5,0.125,0.25,0.252,-0.1529541015625,0.0,0.0,0.0,0.0,0,,成飞集成与长洲市金潭区政府合作的项目将分三期完成
135,成飞集成与常州市金坛区政府合作的项目将分三期完成,9,False,False,0.0,0.125,0.5,0.178,-0.157470703125,0.0,0.0,0.0,0.0,0,,城飞集城与常州市金潭区政府合作的项目将分三期完成
135,成飞集成与常州市金坛区政府合作的项目将分三期完成,10,False,False,0.5,0.125,0.25,0.166,-0.158203125,0.0,0.0,0.0,0.0,0,,程飞集成与长洲市金坛区政府合作的项目将分三期完成
135,成飞集成与常州市金坛区政府合作的项目将分三期完成,11,False,False,1.0,0.08333333333333333,0.0,0.048,-0.1654052734375,0.0,0.0,0.0,0.0,0,,成飞集成与长洲市金坛区政府合作的项目将分三期完成
135,成飞集成与常州市金坛区政府合作的项目将分三期完成,12,False,False,0.0,0.16666666666666666,0.5,0.022,-0.1669921875,0.0,0.0,0.0,0.0,0,,城飞集成与长洲市金潭区政府合作的项目将分三期完成
135,成飞集成与常州市金坛区政府合作的项目将分三期完成,13,False,False,0.0,0.125,0.5,0.0,-0.1683349609375,0.0,0.0,0.0,0.0,0,,程飞集成与长州市金潭区政府合作的项目将分三期完成
136,上述成飞集成人士告诉记者,1,True,False,0.0,0.08333333333333333,0.5,1.0,-0.10382080078125,0.0,0.0,0.0,0.0,0,,上述程飞集成人士告诉记者
136,上述成飞集成人士告诉记者,2,False,False,0.0,0.25,0.5,0.2523577235772358,-0.244140625,0.0,0.0,0.0,0.0,0,,上述程飞急程人士告诉记者
136,上述成飞集成人士告诉记者,3,False,False,0.0,0.25,0.5,0.2354471544715447,-0.247314453125,0.0,0.0,0.0,0.0,0,,上述程飞急诚人士告诉记者
136,上述成飞集成人士告诉记者,4,False,True,1.0,0.0,0.0,0.1821138211382114,-0.25732421875,0.0,0.0,0.0,0.0,0,,上述成飞集成人士告诉记者
136,上述成飞集成人士告诉记者,5,False,False,0.0,0.16666666666666666,0.5,0.07284552845528455,-0.27783203125,0.0,0.0,0.0,0.0,0,,上述程飞即成人士告诉记者
136,上述成飞集成人士告诉记者,6,False,False,0.0,0.16666666666666666,0.5,0.05203252032520325,-0.28173828125,0.0,0.0,0.0,0.0,0,,上述程飞及成人士告诉记者
136,上述成飞集成人士告诉记者,7,False,False,0.0,0.16666666666666666,0.5,0.0,-0.29150390625,0.0,0.0,0.0,0.0,0,,上述程飞几成人士告诉记者
137,同詹姆斯昔年头号强敌卡梅隆安东尼如出一辙,1,True,True,1.0,0.05,0.0,1.0,-0.10980224609375,0.0,0.0,0.0,0.0,0,,同詹姆斯新年头号强敌卡梅隆安东尼如出一辙
137,同詹姆斯昔年头号强敌卡梅隆安东尼如出一辙,2,False,False,1.0,0.05,0.0,0.0,-0.1162109375,0.0,0.0,0.0,0.0,0,,同詹姆斯西年头号强敌卡梅隆安东尼如出一辙
138,展示出了如同其偶像安东尼一样的全面犀利,1,True,True,1.0,0.0,0.0,1.0,-0.0263519287109375,0.0,0.0,0.0,0.0,0,,展示出了如同其偶像安东尼一样的全面犀利
138,展示出了如同其偶像安东尼一样的全面犀利,2,False,False,1.0,0.10526315789473684,0.0,0.4308457122566136,-0.173095703125,0.0,0.0,0.0,0.0,0,,展示出了如同其偶像安东尼一样的全面吸力
138,展示出了如同其偶像安东尼一样的全面犀利,3,False,False,1.0,0.05263157894736842,0.6666666666666666,0.24193643842102147,-0.2218017578125,0.0,0.0,0.0,0.0,0,,展示出如同其偶像安东尼一样的全面犀利
138,展示出了如同其偶像安东尼一样的全面犀利,4,False,False,1.0,0.05263157894736842,0.0,0.1325679114635734,-0.25,0.0,0.0,0.0,0.0,0,,展示出的如同其偶像安东尼一样的全面犀利
138,展示出了如同其偶像安东尼一样的全面犀利,5,False,False,1.0,0.05263157894736842,0.0,0.03314197786589335,-0.275634765625,0.0,0.0,0.0,0.0,0,,展示出了如同其偶像安东尼一样全面犀利
138,展示出了如同其偶像安东尼一样的全面犀利,6,False,False,1.0,0.10526315789473684,0.0,0.0,-0.2841796875,0.0,0.0,0.0,0.0,0,,展示出了如同其偶像安东尼一样的全面洗礼
139,冠军皆由麦格理集团获得,1,True,False,0.0,0.09090909090909091,0.2,1.0,-0.06866455078125,0.0,0.0,0.0,0.0,0,,冠军皆由麦格里集团获得
139,冠军皆由麦格理集团获得,2,False,False,0.0,0.18181818181818182,0.4,0.8914260129841056,-0.0982666015625,0.0,0.0,0.0,0.0,0,,冠军皆由迈格里集团获得
139,冠军皆由麦格理集团获得,3,False,True,1.0,0.0,0.0,0.8585180210432057,-0.10723876953125,0.0,0.0,0.0,0.0,0,,冠军皆由麦格理集团获得
139,冠军皆由麦格理集团获得,4,False,False,0.0,0.09090909090909091,0.2,0.7745690620102977,-0.130126953125,0.0,0.0,0.0,0.0,0,,冠军皆由麦格李集团获得
139,冠军皆由麦格理集团获得,5,False,False,0.0,0.09090909090909091,0.2,0.25968211327512875,-0.2705078125,0.0,0.0,0.0,0.0,0,,冠军皆由麦格礼集团获得
139,冠军皆由麦格理集团获得,6,False,False,0.0,0.09090909090909091,0.2,0.08685918961271547,-0.317626953125,0.0,0.0,0.0,0.0,0,,冠军皆由麦格林集团获得
139,冠军皆由麦格理集团获得,7,False,False,0.0,0.09090909090909091,0.2,0.0546227893440788,-0.326416015625,0.0,0.0,0.0,0.0,0,,冠军皆由麦格利集团获得
139,冠军皆由麦格理集团获得,8,False,False,0.0,0.18181818181818182,0.4,0.011640922319229908,-0.338134765625,0.0,0.0,0.0,0.0,0,,冠军皆由迈格李集团获得
139,冠军皆由麦格理集团获得,9,False,False,0.0,0.09090909090909091,0.2,0.0,-0.34130859375,0.0,0.0,0.0,0.0,0,,冠军皆由麦格锂集团获得
140,她就是因伤未能随队参加本次赛事的徐云丽,1,True,False,1.0,0.15789473684210525,0.0,1.0,-0.09893798828125,0.0,0.0,0.0,0.0,0,,他就是殷商未能随队参加本次赛事的徐云丽
140,她就是因伤未能随队参加本次赛事的徐云丽,2,False,True,1.0,0.10526315789473684,0.0,0.5979094076655053,-0.1341552734375,0.0,0.0,0.0,0.0,0,,她就是殷商未能随队参加本次赛事的徐云丽
140,她就是因伤未能随队参加本次赛事的徐云丽,3,False,False,0.0,0.21052631578947367,0.3333333333333333,0.5560975609756098,-0.1378173828125,0.0,0.0,0.0,0.0,0,,他就是殷商未能随队参加本次赛事的徐云立
140,她就是因伤未能随队参加本次赛事的徐云丽,4,False,False,0.0,0.21052631578947367,0.3333333333333333,0.5519163763066202,-0.13818359375,0.0,0.0,0.0,0.0,0,,他就是殷商未能随队参加本次赛事的徐云利
140,她就是因伤未能随队参加本次赛事的徐云丽,5,False,False,0.0,0.21052631578947367,0.3333333333333333,0.3790940766550523,-0.1533203125,0.0,0.0,0.0,0.0,0,,他就是殷商未能随队参加本次赛事的徐云厉
140,她就是因伤未能随队参加本次赛事的徐云丽,6,False,False,1.0,0.15789473684210525,0.0,0.30662020905923343,-0.15966796875,0.0,0.0,0.0,0.0,0,,他就是英商未能随队参加本次赛事的徐云丽
140,她就是因伤未能随队参加本次赛事的徐云丽,7,False,False,0.0,0.21052631578947367,0.3333333333333333,0.2048780487804878,-0.1685791015625,0.0,0.0,0.0,0.0,0,,他就是殷商未能随队参加本次赛事的徐云莉
140,她就是因伤未能随队参加本次赛事的徐云丽,8,False,False,1.0,0.21052631578947367,0.0,0.004181184668989547,-0.1861572265625,0.0,0.0,0.0,0.0,0,,他就是殷商未能随对参加本次赛事的徐云丽
140,她就是因伤未能随队参加本次赛事的徐云丽,9,False,False,0.0,0.21052631578947367,0.3333333333333333,0.0,-0.1865234375,0.0,0.0,0.0,0.0,0,,他就是英商未能随队参加本次赛事的徐云利
141,那就是姑娘们高举起惠若琪徐云丽和杨方旭的球衣,1,True,False,0.5,0.2727272727272727,0.3333333333333333,1.0,-0.1466064453125,0.0,0.0,0.0,0.0,0,,那就是姑娘们高举起会若其徐云丽和杨芳絮的求一
141,那就是姑娘们高举起惠若琪徐云丽和杨方旭的球衣,2,False,False,0.5,0.2727272727272727,0.3333333333333333,0.9362416107382551,-0.14892578125,0.0,0.0,0.0,0.0,0,,那就是姑娘们高举起慧若齐徐云丽和杨芳絮的求一
141,那就是姑娘们高举起惠若琪徐云丽和杨方旭的球衣,3,False,True,0.5,0.18181818181818182,0.3333333333333333,0.7785234899328859,-0.1546630859375,0.0,0.0,0.0,0.0,0,,那就是姑娘们高举起会若其徐云丽和杨芳絮的球衣
141,那就是姑娘们高举起惠若琪徐云丽和杨方旭的球衣,4,False,False,0.5,0.22727272727272727,0.3333333333333333,0.6778523489932886,-0.1583251953125,0.0,0.0,0.0,0.0,0,,那就是姑娘们高举起会若其徐云丽和杨芳絮的囚衣
141,那就是姑娘们高举起惠若琪徐云丽和杨方旭的球衣,5,False,False,0.5,0.18181818181818182,0.3333333333333333,0.6711409395973155,-0.1585693359375,0.0,0.0,0.0,0.0,0,,那就是姑娘们高举起慧若齐徐云丽和杨芳絮的球衣
141,那就是姑娘们高举起惠若琪徐云丽和杨方旭的球衣,6,False,False,0.5,0.2727272727272727,0.3333333333333333,0.2986577181208054,-0.172119140625,0.0,0.0,0.0,0.0,0,,那就是姑娘们高举起会若其徐云丽和杨芳絮的囚依
141,那就是姑娘们高举起惠若琪徐云丽和杨方旭的球衣,7,False,False,0.5,0.22727272727272727,0.3333333333333333,0.11073825503355705,-0.178955078125,0.0,0.0,0.0,0.0,0,,那就是姑娘们高举起慧若齐徐云丽和杨芳絮的囚衣
141,那就是姑娘们高举起惠若琪徐云丽和杨方旭的球衣,8,False,False,0.5,0.2727272727272727,0.5,0.0,-0.1829833984375,0.0,0.0,0.0,0.0,0,,那就是姑娘们高举起汇入其徐云丽和杨芳絮的囚衣
142,徐云丽透露在赛前队友曾经给自己发了一条短信,1,True,True,0.0,0.047619047619047616,0.3333333333333333,1.0,-0.09033203125,0.0,0.0,0.0,0.0,0,,徐韵丽透露在赛前队友曾经给自己发了一条短信
142,徐云丽透露在赛前队友曾经给自己发了一条短信,2,False,False,0.0,0.14285714285714285,1.0,0.778648974668275,-0.11273193359375,0.0,0.0,0.0,0.0,0,,虚运力透露在赛前队友曾经给自己发了一条短信
142,徐云丽透露在赛前队友曾经给自己发了一条短信,3,False,False,0.0,0.14285714285714285,1.0,0.5138721351025332,-0.1395263671875,0.0,0.0,0.0,0.0,0,,虚韵力透露在赛前队友曾经给自己发了一条短信
142,徐云丽透露在赛前队友曾经给自己发了一条短信,4,False,False,0.0,0.14285714285714285,1.0,0.503015681544029,-0.140625,0.0,0.0,0.0,0.0,0,,虚拟力透露在赛前队友曾经给自己发了一条短信
142,徐云丽透露在赛前队友曾经给自己发了一条短信,5,False,False,0.0,0.09523809523809523,0.6666666666666666,0.4813027744270205,-0.142822265625,0.0,0.0,0.0,0.0,0,,虚韵丽透露在赛前队友曾经给自己发了一条短信
142,徐云丽透露在赛前队友曾经给自己发了一条短信,6,False,False,0.0,0.09523809523809523,0.6666666666666666,0.15560916767189384,-0.17578125,0.0,0.0,0.0,0.0,0,,许韵丽透露在赛前队友曾经给自己发了一条短信
142,徐云丽透露在赛前队友曾经给自己发了一条短信,7,False,False,0.0,0.09523809523809523,0.6666666666666666,0.14957780458383596,-0.1763916015625,0.0,0.0,0.0,0.0,0,,虚云力透露在赛前队友曾经给自己发了一条短信
142,徐云丽透露在赛前队友曾经给自己发了一条短信,8,False,False,0.0,0.09523809523809523,0.6666666666666666,0.12062726176115803,-0.1793212890625,0.0,0.0,0.0,0.0,0,,薛韵丽透露在赛前队友曾经给自己发了一条短信
142,徐云丽透露在赛前队友曾经给自己发了一条短信,9,False,False,0.0,0.09523809523809523,0.6666666666666666,0.020506634499396863,-0.189453125,0.0,0.0,0.0,0.0,0,,徐韵莉透露在赛前队友曾经给自己发了一条短信
142,徐云丽透露在赛前队友曾经给自己发了一条短信,10,False,False,0.0,0.14285714285714285,1.0,0.0,-0.1915283203125,0.0,0.0,0.0,0.0,0,,虚映力透露在赛前队友曾经给自己发了一条短信
143,徐云丽最后动情地说,1,True,False,0.0,0.3333333333333333,0.6666666666666666,1.0,-0.2435302734375,0.0,0.0,0.0,0.0,0,,徐引力最后动情的说
143,徐云丽最后动情地说,2,False,True,0.0,0.2222222222222222,0.6666666666666666,0.8547129695251595,-0.2685546875,0.0,0.0,0.0,0.0,0,,徐引力最后动情地说
143,徐云丽最后动情地说,3,False,False,0.0,0.3333333333333333,0.6666666666666666,0.8263642806520198,-0.2734375,0.0,0.0,0.0,0.0,0,,徐尹律最后动情的说
143,徐云丽最后动情地说,4,False,False,0.0,0.2222222222222222,0.6666666666666666,0.7285613040396882,-0.290283203125,0.0,0.0,0.0,0.0,0,,徐尹律最后动情地说
143,徐云丽最后动情地说,5,False,False,0.0,0.4444444444444444,1.0,0.49468462083628634,-0.33056640625,0.0,0.0,0.0,0.0,0,,许引力最后动情的说
143,徐云丽最后动情地说,6,False,False,0.0,0.4444444444444444,1.0,0.47484053862508857,-0.333984375,0.0,0.0,0.0,0.0,0,,许尹律最后动情的说
143,徐云丽最后动情地说,7,False,False,0.0,0.3333333333333333,1.0,0.4223954642097803,-0.343017578125,0.0,0.0,0.0,0.0,0,,许尹律最后动情地说
143,徐云丽最后动情地说,8,False,False,0.0,0.3333333333333333,1.0,0.36853295535081504,-0.352294921875,0.0,0.0,0.0,0.0,0,,许引力最后动情地说
143,徐云丽最后动情地说,9,False,False,0.0,0.4444444444444444,1.0,0.2905740609496811,-0.36572265625,0.0,0.0,0.0,0.0,0,,许隐利最后动情的说
143,徐云丽最后动情地说,10,False,False,0.0,0.3333333333333333,1.0,0.21545003543586108,-0.378662109375,0.0,0.0,0.0,0.0,0,,许隐利最后动情地说
143,徐云丽最后动情地说,11,False,False,0.0,0.3333333333333333,0.6666666666666666,0.13749114103472715,-0.39208984375,0.0,0.0,0.0,0.0,0,,徐引律最后动情的说
143,徐云丽最后动情地说,12,False,False,0.0,0.3333333333333333,0.6666666666666666,0.07937632884479093,-0.402099609375,0.0,0.0,0.0,0.0,0,,徐尹利最后动情的说
143,徐云丽最后动情地说,13,False,False,0.0,0.4444444444444444,1.0,0.06945428773919206,-0.40380859375,0.0,0.0,0.0,0.0,0,,虚引力最后动情的说
143,徐云丽最后动情地说,14,False,False,0.0,0.3333333333333333,0.6666666666666666,0.0,-0.415771484375,0.0,0.0,0.0,0.0,0,,徐尹立最后动情的说
144,徐永昊的站立打击技术在该级别中堪称翘楚,1,True,False,0.0,0.15789473684210525,0.3333333333333333,1.0,-0.028350830078125,0.0,0.0,0.0,0.0,0,,徐永浩的战力打击技术在该级别中堪称翘楚
144,徐永昊的站立打击技术在该级别中堪称翘楚,2,False,False,0.0,0.05263157894736842,0.3333333333333333,0.6232980332829047,-0.08154296875,0.0,0.0,0.0,0.0,0,,徐永浩的站立打击技术在该级别中堪称翘楚
144,徐永昊的站立打击技术在该级别中堪称翘楚,3,False,False,0.0,0.21052631578947367,0.6666666666666666,0.5813702182839853,-0.08746337890625,0.0,0.0,0.0,0.0,0,,许永浩的战力打击技术在该级别中堪称翘楚
144,徐永昊的站立打击技术在该级别中堪称翘楚,4,False,False,0.0,0.21052631578947367,0.6666666666666666,0.1703047330883942,-0.1455078125,0.0,0.0,0.0,0.0,0,,徐勇浩的战力打击技术在该级别中堪称翘楚
144,徐永昊的站立打击技术在该级别中堪称翘楚,5,False,False,0.0,0.10526315789473684,0.6666666666666666,0.05705640803976659,-0.1614990234375,0.0,0.0,0.0,0.0,0,,许永浩的站立打击技术在该级别中堪称翘楚
144,徐永昊的站立打击技术在该级别中堪称翘楚,6,False,True,1.0,0.10526315789473684,0.0,0.0,-0.1695556640625,0.0,0.0,0.0,0.0,0,,徐永昊的战力打击技术在该级别中堪称翘楚
145,最终又确定为科林哈迪,1,True,True,1.0,0.0,0.0,1.0,-0.10650634765625,0.0,0.0,0.0,0.0,0,,最终又确定为科林哈迪
145,最终又确定为科林哈迪,2,False,False,0.0,0.1,0.3333333333333333,0.9903912148249828,-0.10736083984375,0.0,0.0,0.0,0.0,0,,最终又确定为柯林哈迪
145,最终又确定为科林哈迪,3,False,False,0.0,0.1,0.3333333333333333,0.0,-0.1954345703125,0.0,0.0,0.0,0.0,0,,最终又确定为克林哈迪
146,科林也退出了剧组,1,True,False,0.0,0.125,0.5,1.0,-0.133544921875,0.0,0.0,0.0,0.0,0,,柯林也退出了剧组
146,科林也退出了剧组,2,False,True,1.0,0.0,0.0,0.7064864864864865,-0.1998291015625,0.0,0.0,0.0,0.0,0,,科林也退出了剧组
146,科林也退出了剧组,3,False,False,0.0,0.25,0.5,0.4627027027027027,-0.2548828125,0.0,0.0,0.0,0.0,0,,柯林也退出了巨组
146,科林也退出了剧组,4,False,False,0.0,0.25,1.0,0.3848648648648649,-0.2724609375,0.0,0.0,0.0,0.0,0,,柯连也退出了剧组
146,科林也退出了剧组,5,False,False,0.0,0.25,1.0,0.30486486486486486,-0.29052734375,0.0,0.0,0.0,0.0,0,,柯莲也退出了剧组
146,科林也退出了剧组,6,False,False,0.0,0.25,1.0,0.28216216216216217,-0.295654296875,0.0,0.0,0.0,0.0,0,,柯霖也退出了剧组
146,科林也退出了剧组,7,False,False,0.0,0.125,0.5,0.17945945945945946,-0.31884765625,0.0,0.0,0.0,0.0,0,,科连也退出了剧组
146,科林也退出了剧组,8,False,False,0.0,0.25,1.0,0.02702702702702703,-0.353271484375,0.0,0.0,0.0,0.0,0,,柯廉也退出了剧组
146,科林也退出了剧组,9,False,False,1.0,0.125,0.0,0.0,-0.359375,0.0,0.0,0.0,0.0,0,,科林也退出了巨组
147,柯震东去年经历吸毒风波,1,True,False,0.0,0.18181818181818182,0.6666666666666666,1.0,-0.11419677734375,0.0,0.0,0.0,0.0,0,,柯任冬去年经历吸毒风波
147,柯震东去年经历吸毒风波,2,False,False,0.0,0.09090909090909091,0.3333333333333333,0.9972413793103448,-0.11480712890625,0.0,0.0,0.0,0.0,0,,柯仁东去年经历吸毒风波
147,柯震东去年经历吸毒风波,3,False,False,0.0,0.09090909090909091,0.3333333333333333,0.6488275862068965,-0.19189453125,0.0,0.0,0.0,0.0,0,,柯任东去年经历吸毒风波
147,柯震东去年经历吸毒风波,4,False,True,1.0,0.0,0.0,0.47558620689655173,-0.230224609375,0.0,0.0,0.0,0.0,0,,柯震东去年经历吸毒风波
147,柯震东去年经历吸毒风波,5,False,False,0.0,0.09090909090909091,0.3333333333333333,0.3056551724137931,-0.267822265625,0.0,0.0,0.0,0.0,0,,柯运东去年经历吸毒风波
147,柯震东去年经历吸毒风波,6,False,False,0.0,0.18181818181818182,0.6666666666666666,0.10482758620689656,-0.312255859375,0.0,0.0,0.0,0.0,0,,克仁东去年经历吸毒风波
147,柯震东去年经历吸毒风波,7,False,False,0.0,0.09090909090909091,0.3333333333333333,0.09489655172413793,-0.314453125,0.0,0.0,0.0,0.0,0,,柯迅东去年经历吸毒风波
147,柯震东去年经历吸毒风波,8,False,False,0.0,0.09090909090909091,0.3333333333333333,0.05296551724137931,-0.32373046875,0.0,0.0,0.0,0.0,0,,柯人东去年经历吸毒风波
147,柯震东去年经历吸毒风波,9,False,False,0.0,0.09090909090909091,0.3333333333333333,0.0,-0.33544921875,0.0,0.0,0.0,0.0,0,,柯振东去年经历吸毒风波
148,诸葛紫岐十日晚出席活动时表示,1,True,True,0.0,0.14285714285714285,0.5,1.0,-0.1837158203125,0.0,0.0,0.0,0.0,0,,诸葛子其十日晚出席活动时表示
148,诸葛紫岐十日晚出席活动时表示,2,False,False,0.0,0.14285714285714285,0.5,0.9332365747460087,-0.1893310546875,0.0,0.0,0.0,0.0,0,,诸葛子祺十日晚出席活动时表示
148,诸葛紫岐十日晚出席活动时表示,3,False,False,0.0,0.14285714285714285,0.5,0.8490566037735849,-0.1964111328125,0.0,0.0,0.0,0.0,0,,诸葛子齐十日晚出席活动时表示
148,诸葛紫岐十日晚出席活动时表示,4,False,False,0.0,0.14285714285714285,0.5,0.6894049346879536,-0.2098388671875,0.0,0.0,0.0,0.0,0,,诸葛子琪十日晚出席活动时表示
148,诸葛紫岐十日晚出席活动时表示,5,False,False,0.0,0.14285714285714285,0.5,0.5007256894049347,-0.2257080078125,0.0,0.0,0.0,0.0,0,,诸葛子琦十日晚出席活动时表示
148,诸葛紫岐十日晚出席活动时表示,6,False,False,0.0,0.14285714285714285,0.5,0.29898403483309144,-0.24267578125,0.0,0.0,0.0,0.0,0,,诸葛子奇十日晚出席活动时表示
148,诸葛紫岐十日晚出席活动时表示,7,False,False,0.0,0.14285714285714285,0.5,0.19448476052249636,-0.25146484375,0.0,0.0,0.0,0.0,0,,诸葛子骑十日晚出席活动时表示
148,诸葛紫岐十日晚出席活动时表示,8,False,False,0.0,0.2857142857142857,0.5,0.0,-0.267822265625,0.0,0.0,0.0,0.0,0,,诸葛子齐10日晚出席活动时表示
149,谢依霖穿着白色吊带裙,1,True,True,0.0,0.1,0.3333333333333333,1.0,-0.1441650390625,0.0,0.0,0.0,0.0,0,,谢依林穿着白色吊带裙
149,谢依霖穿着白色吊带裙,2,False,False,0.0,0.2,0.6666666666666666,0.38795180722891565,-0.2061767578125,0.0,0.0,0.0,0.0,0,,谢宜琳穿着白色吊带裙
149,谢依霖穿着白色吊带裙,3,False,False,0.0,0.2,0.6666666666666666,0.38072289156626504,-0.2069091796875,0.0,0.0,0.0,0.0,0,,谢宜玲穿着白色吊带裙
149,谢依霖穿着白色吊带裙,4,False,False,0.0,0.2,0.6666666666666666,0.3409638554216867,-0.2109375,0.0,0.0,0.0,0.0,0,,谢伊玲穿着白色吊带裙
149,谢依霖穿着白色吊带裙,5,False,False,0.0,0.2,0.6666666666666666,0.23373493975903614,-0.2218017578125,0.0,0.0,0.0,0.0,0,,谢伊林穿着白色吊带裙
149,谢依霖穿着白色吊带裙,6,False,False,0.0,0.2,0.6666666666666666,0.19879518072289157,-0.225341796875,0.0,0.0,0.0,0.0,0,,谢一林穿着白色吊带裙
149,谢依霖穿着白色吊带裙,7,False,False,0.0,0.2,0.6666666666666666,0.18072289156626506,-0.2271728515625,0.0,0.0,0.0,0.0,0,,谢宜林穿着白色吊带裙
149,谢依霖穿着白色吊带裙,8,False,False,0.0,0.2,0.6666666666666666,0.06265060240963856,-0.2391357421875,0.0,0.0,0.0,0.0,0,,谢怡玲穿着白色吊带裙
149,谢依霖穿着白色吊带裙,9,False,False,0.0,0.2,0.3333333333333333,0.05060240963855422,-0.2403564453125,0.0,0.0,0.0,0.0,0,,谢依林穿著白色吊带裙
149,谢依霖穿着白色吊带裙,10,False,False,0.0,0.2,0.6666666666666666,0.0,-0.2454833984375,0.0,0.0,0.0,0.0,0,,谢伊琳穿着白色吊带裙
150,也有网友发出疑问若是李玉刚演唱李的话,1,True,False,1.0,0.1111111111111111,0.0,1.0,-0.1551513671875,0.0,0.0,0.0,0.0,0,,也有网友发出疑问若是黎于刚演唱李的话
150,也有网友发出疑问若是李玉刚演唱李的话,2,False,False,1.0,0.05555555555555555,0.0,0.6928446771378709,-0.1766357421875,0.0,0.0,0.0,0.0,0,,也有网友发出疑问若是黎玉刚演唱李的话
150,也有网友发出疑问若是李玉刚演唱李的话,3,False,True,1.0,0.0,0.0,0.3507853403141361,-0.2005615234375,0.0,0.0,0.0,0.0,0,,也有网友发出疑问若是李玉刚演唱李的话
150,也有网友发出疑问若是李玉刚演唱李的话,4,False,False,0.0,0.16666666666666666,0.3333333333333333,0.2792321116928447,-0.20556640625,0.0,0.0,0.0,0.0,0,,也有网友发出疑问若是黎于刚演唱里的话
150,也有网友发出疑问若是李玉刚演唱李的话,5,False,False,0.0,0.2222222222222222,0.3333333333333333,0.2425828970331588,-0.2081298828125,0.0,0.0,0.0,0.0,0,,也有网友发出疑问若是鲤鱼缸演唱里的话
150,也有网友发出疑问若是李玉刚演唱李的话,6,False,False,0.0,0.16666666666666666,0.3333333333333333,0.19720767888307156,-0.2113037109375,0.0,0.0,0.0,0.0,0,,也有网友发出疑问若是黎于刚演唱理的话
150,也有网友发出疑问若是李玉刚演唱李的话,7,False,False,1.0,0.16666666666666666,0.0,0.16404886561954624,-0.213623046875,0.0,0.0,0.0,0.0,0,,也有网友发出疑问若是鲤鱼缸演唱李的话
150,也有网友发出疑问若是李玉刚演唱李的话,8,False,False,0.0,0.1111111111111111,0.3333333333333333,0.04712041884816754,-0.2218017578125,0.0,0.0,0.0,0.0,0,,也有网友发出疑问若是黎玉刚演唱里的话
150,也有网友发出疑问若是李玉刚演唱李的话,9,False,False,0.0,0.2222222222222222,0.3333333333333333,0.0,-0.22509765625,0.0,0.0,0.0,0.0,0,,也有网友发出疑问若是鲤鱼缸演唱礼的话
151,更有全球李氏宗亲大会将其列为祭祖主题曲,1,True,False,0.0,0.10526315789473684,1.0,1.0,-0.040435791015625,0.0,0.0,0.0,0.0,0,,更有全球理事宗亲大会将其列为祭祖主题曲
151,更有全球李氏宗亲大会将其列为祭祖主题曲,2,False,False,0.0,0.15789473684210525,1.0,0.5400713067741435,-0.1309814453125,0.0,0.0,0.0,0.0,0,,更有全球理事宗庆大会将其列为祭祖主题曲
151,更有全球李氏宗亲大会将其列为祭祖主题曲,3,False,True,1.0,0.0,0.0,0.332971632305069,-0.1717529296875,0.0,0.0,0.0,0.0,0,,更有全球李氏宗亲大会将其列为祭祖主题曲
151,更有全球李氏宗亲大会将其列为祭祖主题曲,4,False,False,0.0,0.21052631578947367,1.0,0.21144008680824677,-0.1956787109375,0.0,0.0,0.0,0.0,0,,更有全球理事中青大会将其列为祭祖主题曲
151,更有全球李氏宗亲大会将其列为祭祖主题曲,5,False,False,0.0,0.15789473684210525,1.0,0.19903890869632615,-0.1981201171875,0.0,0.0,0.0,0.0,0,,更有全球理事宗卿大会将其列为祭祖主题曲
151,更有全球李氏宗亲大会将其列为祭祖主题曲,6,False,False,0.0,0.21052631578947367,1.0,0.18911796620678964,-0.2000732421875,0.0,0.0,0.0,0.0,0,,更有全球理事宗亲大会将其列为技组主题曲
151,更有全球李氏宗亲大会将其列为祭祖主题曲,7,False,False,0.0,0.15789473684210525,1.0,0.17733684700046504,-0.202392578125,0.0,0.0,0.0,0.0,0,,更有全球理事宗清大会将其列为祭祖主题曲
151,更有全球李氏宗亲大会将其列为祭祖主题曲,8,False,False,0.0,0.21052631578947367,1.0,0.13765307704231902,-0.210205078125,0.0,0.0,0.0,0.0,0,,更有全球理事中心大会将其列为祭祖主题曲
151,更有全球李氏宗亲大会将其列为祭祖主题曲,9,False,False,0.0,0.21052631578947367,1.0,0.06820647961556348,-0.223876953125,0.0,0.0,0.0,0.0,0,,更有全球理事宗亲大会将其列为季组主题曲
151,更有全球李氏宗亲大会将其列为祭祖主题曲,10,False,False,0.0,0.15789473684210525,1.0,0.05022477135327856,-0.2274169921875,0.0,0.0,0.0,0.0,0,,更有全球理事宗亲大会将其列为妓祖主题曲
151,更有全球李氏宗亲大会将其列为祭祖主题曲,11,False,False,0.0,0.15789473684210525,1.0,0.0031002945279801583,-0.2366943359375,0.0,0.0,0.0,0.0,0,,更有全球理事宗亲大会将其列为季祖主题曲
151,更有全球李氏宗亲大会将其列为祭祖主题曲,12,False,False,0.0,0.21052631578947367,1.0,0.0,-0.2373046875,0.0,0.0,0.0,0.0,0,,更有全球理事宗亲大会将其列为剂组主题曲
152,大兴灭门案的凶犯李磊被执行死刑后,1,True,True,1.0,0.0,0.0,1.0,-0.0223388671875,0.0,0.0,0.0,0.0,0,,大兴灭门案的凶犯李磊被执行死刑后
152,大兴灭门案的凶犯李磊被执行死刑后,2,False,False,1.0,0.0625,0.0,0.3549618320610687,-0.1461181640625,0.0,0.0,0.0,0.0,0,,大兴灭门案的凶犯黎磊被执行死刑后
152,大兴灭门案的凶犯李磊被执行死刑后,3,False,False,0.0,0.0625,0.5,0.1806615776081425,-0.1795654296875,0.0,0.0,0.0,0.0,0,,大型灭门案的凶犯李磊被执行死刑后
152,大兴灭门案的凶犯李磊被执行死刑后,4,False,False,1.0,0.0625,0.0,0.13676844783715011,-0.18798828125,0.0,0.0,0.0,0.0,0,,大兴灭门案的凶犯李蕾被执行死刑后
152,大兴灭门案的凶犯李磊被执行死刑后,5,False,False,1.0,0.0625,0.0,0.0,-0.2142333984375,0.0,0.0,0.0,0.0,0,,大兴灭门案凶犯李磊被执行死刑后
153,市二中院终审认定李家遗产共计八零零多万元,1,True,False,1.0,0.2,0.0,1.0,-0.1058349609375,0.0,0.0,0.0,0.0,0,,市二中院中审认定李家遗产共计800多万元
153,市二中院终审认定李家遗产共计八零零多万元,2,False,False,1.0,0.25,0.0,0.9448863636363637,-0.11175537109375,0.0,0.0,0.0,0.0,0,,是二中院中审认定李家遗产共计800多万元
153,市二中院终审认定李家遗产共计八零零多万元,3,False,False,1.0,0.2,0.0,0.7863636363636364,-0.1287841796875,0.0,0.0,0.0,0.0,0,,是二中院终审认定李家遗产共计800多万元
153,市二中院终审认定李家遗产共计八零零多万元,4,False,True,1.0,0.15,0.0,0.7863636363636364,-0.1287841796875,0.0,0.0,0.0,0.0,0,,市二中院终审认定李家遗产共计800多万元
153,市二中院终审认定李家遗产共计八零零多万元,5,False,False,0.0,0.25,0.5,0.27045454545454545,-0.1842041015625,0.0,0.0,0.0,0.0,0,,市二中院中审认定李佳遗产共计800多万元
153,市二中院终审认定李家遗产共计八零零多万元,6,False,False,0.0,0.3,0.5,0.20454545454545456,-0.1912841796875,0.0,0.0,0.0,0.0,0,,是二中院中审认定李佳遗产共计800多万元
153,市二中院终审认定李家遗产共计八零零多万元,7,False,False,0.0,0.25,0.5,0.0,-0.2132568359375,0.0,0.0,0.0,0.0,0,,是二中院终审认定李佳遗产共计800多万元
154,李谷一曾怒揭东方歌舞团腐败事后被调离岗位,1,True,False,0.0,0.15,0.16666666666666666,1.0,-0.13037109375,0.0,0.0,0.0,0.0,0,,李武一从怒接东方歌舞团腐败事后被调离岗位
154,李谷一曾怒揭东方歌舞团腐败事后被调离岗位,2,False,False,0.0,0.15,0.16666666666666666,0.6269315673289183,-0.1510009765625,0.0,0.0,0.0,0.0,0,,李武一从怒坚东方歌舞团腐败事后被调离岗位
154,李谷一曾怒揭东方歌舞团腐败事后被调离岗位,3,False,True,1.0,0.1,0.0,0.4922737306843267,-0.158447265625,0.0,0.0,0.0,0.0,0,,李武一从怒揭东方歌舞团腐败事后被调离岗位
154,李谷一曾怒揭东方歌舞团腐败事后被调离岗位,4,False,False,0.0,0.2,0.16666666666666666,0.4282560706401766,-0.1619873046875,0.0,0.0,0.0,0.0,0,,李武一从路接东方歌舞团腐败事后被调离岗位
154,李谷一曾怒揭东方歌舞团腐败事后被调离岗位,5,False,False,0.0,0.15,0.16666666666666666,0.2958057395143488,-0.1693115234375,0.0,0.0,0.0,0.0,0,,李武一从怒见东方歌舞团腐败事后被调离岗位
154,李谷一曾怒揭东方歌舞团腐败事后被调离岗位,6,False,False,0.0,0.2,0.16666666666666666,0.2913907284768212,-0.1695556640625,0.0,0.0,0.0,0.0,0,,李武一从诺坚东方歌舞团腐败事后被调离岗位
154,李谷一曾怒揭东方歌舞团腐败事后被调离岗位,7,False,False,0.0,0.2,0.16666666666666666,0.24061810154525387,-0.17236328125,0.0,0.0,0.0,0.0,0,,李武一从路间东方歌舞团腐败事后被调离岗位
154,李谷一曾怒揭东方歌舞团腐败事后被调离岗位,8,False,False,0.0,0.15,0.16666666666666666,0.0,-0.1856689453125,0.0,0.0,0.0,0.0,0,,李五一从怒接东方歌舞团腐败事后被调离岗位
155,东方演艺集团大门口戒备森严,1,True,True,1.0,0.0,0.0,1.0,-0.029327392578125,0.0,0.0,0.0,0.0,0,,东方演艺集团大门口戒备森严
155,东方演艺集团大门口戒备森严,2,False,False,1.0,0.07692307692307693,0.0,0.1097220536472873,-0.253173828125,0.0,0.0,0.0,0.0,0,,东方演艺集团的大门口戒备森严
155,东方演艺集团大门口戒备森严,3,False,False,1.0,0.07692307692307693,0.0,0.0,-0.28076171875,0.0,0.0,0.0,0.0,0,,东方演艺集团大门户戒备森严
156,新京报快讯记者林野记者今天傍晚获悉,1,True,False,1.0,0.058823529411764705,0.0,1.0,-0.1331787109375,0.0,0.0,0.0,0.0,0,,新京报快讯记者林也记者今天傍晚获悉
156,新京报快讯记者林野记者今天傍晚获悉,2,False,True,1.0,0.0,0.0,0.9498327759197325,-0.138671875,0.0,0.0,0.0,0.0,0,,新京报快讯记者林野记者今天傍晚获悉
156,新京报快讯记者林野记者今天傍晚获悉,3,False,False,1.0,0.11764705882352941,0.0,0.057971014492753624,-0.236328125,0.0,0.0,0.0,0.0,0,,新京报快讯记者林也记着今天傍晚获悉
156,新京报快讯记者林野记者今天傍晚获悉,4,False,False,1.0,0.058823529411764705,0.0,0.0,-0.24267578125,0.0,0.0,0.0,0.0,0,,新京报快讯记者林冶记者今天傍晚获悉
157,李银河的文学梦将出版虐恋小说三卷本,1,True,True,1.0,0.0,0.0,1.0,-0.028472900390625,0.0,0.0,0.0,0.0,0,,李银河的文学梦将出版虐恋小说三卷本
157,李银河的文学梦将出版虐恋小说三卷本,2,False,False,1.0,0.058823529411764705,0.0,0.14795244385733158,-0.166259765625,0.0,0.0,0.0,0.0,0,,李银河的文学梦将出版虐恋小说3卷本
157,李银河的文学梦将出版虐恋小说三卷本,3,False,False,0.0,0.11764705882352941,0.6666666666666666,0.0030194376297414606,-0.189697265625,0.0,0.0,0.0,0.0,0,,李寅和的文学梦将出版虐恋小说三卷本
157,李银河的文学梦将出版虐恋小说三卷本,4,False,False,1.0,0.058823529411764705,0.0,0.0,-0.190185546875,0.0,0.0,0.0,0.0,0,,李银河的文学梦将出版恋恋小说三卷本
158,权义澎湃资料李银河在现实中是柔软的,1,True,False,0.0,0.23529411764705882,0.8,1.0,-0.10211181640625,0.0,0.0,0.0,0.0,0,,权益澎湃资料零和在现实中是柔软的
158,权义澎湃资料李银河在现实中是柔软的,2,False,False,0.0,0.23529411764705882,0.8,0.8634490876986463,-0.11627197265625,0.0,0.0,0.0,0.0,0,,权益澎湃资料联合在现实中是柔软的
158,权义澎湃资料李银河在现实中是柔软的,3,False,False,0.0,0.23529411764705882,0.8,0.849911712772219,-0.11767578125,0.0,0.0,0.0,0.0,0,,权益澎湃资料离合在现实中是柔软的
158,权义澎湃资料李银河在现实中是柔软的,4,False,False,0.0,0.23529411764705882,0.8,0.4649793996468511,-0.1575927734375,0.0,0.0,0.0,0.0,0,,权益澎湃资料理应和在现实中是柔软的
158,权义澎湃资料李银河在现实中是柔软的,5,False,False,0.0,0.11764705882352941,0.4,0.4049440847557387,-0.163818359375,0.0,0.0,0.0,0.0,0,,权益澎湃资料离银河在现实中是柔软的
158,权义澎湃资料李银河在现实中是柔软的,6,False,False,0.0,0.17647058823529413,0.8,0.18246027074749852,-0.1868896484375,0.0,0.0,0.0,0.0,0,,权益澎湃资料临河在现实中是柔软的
158,权义澎湃资料李银河在现实中是柔软的,7,False,True,0.5,0.058823529411764705,0.2,0.0,-0.205810546875,0.0,0.0,0.0,0.0,0,,权宜澎湃资料李银河在现实中是柔软的
159,李银河写虐恋不会伤害小波,1,True,False,0.0,0.3333333333333333,1.0,1.0,-0.1898193359375,0.0,0.0,0.0,0.0,0,,理因核心虐恋不会伤害小波
159,李银河写虐恋不会伤害小波,2,False,False,0.0,0.3333333333333333,1.0,0.544251447477254,-0.257080078125,0.0,0.0,0.0,0.0,0,,理应和谐虐恋不会伤害小波
159,李银河写虐恋不会伤害小波,3,False,False,0.0,0.16666666666666666,0.6666666666666666,0.5177832919768404,-0.260986328125,0.0,0.0,0.0,0.0,0,,李英和写虐恋不会伤害小波
159,李银河写虐恋不会伤害小波,4,False,True,1.0,0.0,0.0,0.3986765922249793,-0.278564453125,0.0,0.0,0.0,0.0,0,,李银河写虐恋不会伤害小波
159,李银河写虐恋不会伤害小波,5,False,False,0.0,0.3333333333333333,1.0,0.23159636062861869,-0.30322265625,0.0,0.0,0.0,0.0,0,,理因和谐虐恋不会伤害小波
159,李银河写虐恋不会伤害小波,6,False,False,0.0,0.3333333333333333,1.0,0.2001654259718776,-0.307861328125,0.0,0.0,0.0,0.0,0,,离阴和谐虐恋不会伤害小波
159,李银河写虐恋不会伤害小波,7,False,False,0.0,0.3333333333333333,1.0,0.0827129859387924,-0.3251953125,0.0,0.0,0.0,0.0,0,,离阴核心虐恋不会伤害小波
159,李银河写虐恋不会伤害小波,8,False,False,0.0,0.3333333333333333,1.0,0.05789909015715467,-0.328857421875,0.0,0.0,0.0,0.0,0,,里因核心虐恋不会伤害小波
159,李银河写虐恋不会伤害小波,9,False,False,0.0,0.3333333333333333,1.0,0.0,-0.33740234375,0.0,0.0,0.0,0.0,0,,理应核心虐恋不会伤害小波
160,63岁的李银河拿着钥匙袋走了进来,1,True,True,1.0,0.0,0.0,1.0,-0.081787109375,0.0,0.0,0.0,0.0,0,,63岁的李银河拿着钥匙袋走了进来
160,63岁的李银河拿着钥匙袋走了进来,2,False,False,1.0,0.0625,0.0,0.5866477272727273,-0.15283203125,0.0,0.0,0.0,0.0,0,,63岁的李银河拿着钥匙带走了进来
160,63岁的李银河拿着钥匙袋走了进来,3,False,False,1.0,0.0625,0.0,0.33948863636363635,-0.1953125,0.0,0.0,0.0,0.0,0,,六3岁的李银河拿着钥匙袋走了进来
160,63岁的李银河拿着钥匙袋走了进来,4,False,False,1.0,0.125,0.0,0.0,-0.253662109375,0.0,0.0,0.0,0.0,0,,六3岁的李银河拿着钥匙带走了进来
161,高新区钓渭镇疙瘩沟村村民称,1,True,False,0.0,0.3076923076923077,0.5,1.0,-0.14404296875,0.0,0.0,0.0,0.0,0,,高新区吊位镇歌大沟村村民称
161,高新区钓渭镇疙瘩沟村村民称,2,False,False,0.0,0.3076923076923077,0.5,1.0,-0.14404296875,0.0,0.0,0.0,0.0,0,,高新区吊位镇戈大沟村村民称
161,高新区钓渭镇疙瘩沟村村民称,3,False,False,0.0,0.3076923076923077,0.5,0.8413173652694611,-0.1634521484375,0.0,0.0,0.0,0.0,0,,高新区吊卫镇戈大沟村村民称
161,高新区钓渭镇疙瘩沟村村民称,4,False,False,0.0,0.3076923076923077,0.5,0.7644710578842315,-0.1728515625,0.0,0.0,0.0,0.0,0,,高新区吊卫镇歌大沟村村民称
161,高新区钓渭镇疙瘩沟村村民称,5,False,True,0.0,0.15384615384615385,0.5,0.5948103792415169,-0.193603515625,0.0,0.0,0.0,0.0,0,,高新区吊位镇疙瘩沟村村民称
161,高新区钓渭镇疙瘩沟村村民称,6,False,False,0.0,0.3076923076923077,0.5,0.562874251497006,-0.197509765625,0.0,0.0,0.0,0.0,0,,高新区吊位镇哥大沟村村民称
161,高新区钓渭镇疙瘩沟村村民称,7,False,False,0.0,0.15384615384615385,0.5,0.4780439121756487,-0.2078857421875,0.0,0.0,0.0,0.0,0,,高新区吊卫镇疙瘩沟村村民称
161,高新区钓渭镇疙瘩沟村村民称,8,False,False,0.0,0.3076923076923077,0.5,0.35429141716566864,-0.2230224609375,0.0,0.0,0.0,0.0,0,,高新区吊卫镇哥大沟村村民称
161,高新区钓渭镇疙瘩沟村村民称,9,False,False,0.0,0.38461538461538464,0.5,0.17265469061876249,-0.2452392578125,0.0,0.0,0.0,0.0,0,,高新区吊位镇戈大沟村民称
161,高新区钓渭镇疙瘩沟村村民称,10,False,False,0.0,0.3076923076923077,0.5,0.15768463073852296,-0.2470703125,0.0,0.0,0.0,0.0,0,,高新区吊位镇鸽大沟村村民称
161,高新区钓渭镇疙瘩沟村村民称,11,False,False,0.0,0.38461538461538464,0.5,0.08982035928143713,-0.25537109375,0.0,0.0,0.0,0.0,0,,高新区吊位镇歌大沟村民称
161,高新区钓渭镇疙瘩沟村村民称,12,False,False,0.0,0.3076923076923077,0.5,0.0,-0.266357421875,0.0,0.0,0.0,0.0,0,,高新区吊位镇割大沟村村民称
162,华商报商洛讯记者白鹏飞近日,1,True,False,1.0,0.07692307692307693,0.0,1.0,-0.09381103515625,0.0,0.0,0.0,0.0,0,,华商报商洛迅记者白鹏飞近日
162,华商报商洛讯记者白鹏飞近日,2,False,True,1.0,0.0,0.0,0.8879892037786775,-0.1090087890625,0.0,0.0,0.0,0.0,0,,华商报商洛讯记者白鹏飞近日
162,华商报商洛讯记者白鹏飞近日,3,False,False,1.0,0.07692307692307693,0.0,0.7197480881691408,-0.1318359375,0.0,0.0,0.0,0.0,0,,华商报商洛逊记者白鹏飞近日
162,华商报商洛讯记者白鹏飞近日,4,False,False,1.0,0.07692307692307693,0.0,0.7098515519568152,-0.1331787109375,0.0,0.0,0.0,0.0,0,,华商报商洛汛记者白鹏飞近日
162,华商报商洛讯记者白鹏飞近日,5,False,False,1.0,0.15384615384615385,0.0,0.15114709851551958,-0.208984375,0.0,0.0,0.0,0.0,0,,华商报商落训记者白鹏飞近日
162,华商报商洛讯记者白鹏飞近日,6,False,False,1.0,0.07692307692307693,0.0,0.0,-0.2294921875,0.0,0.0,0.0,0.0,0,,华商报商落讯记者白鹏飞近日
163,京华时报讯记者王晓飞在农村,1,True,False,0.0,0.07692307692307693,0.3333333333333333,1.0,-0.09600830078125,0.0,0.0,0.0,0.0,0,,京华时报讯记者王小飞在农村
163,京华时报讯记者王晓飞在农村,2,False,True,1.0,0.0,0.0,0.5254437869822485,-0.16943359375,0.0,0.0,0.0,0.0,0,,京华时报讯记者王晓飞在农村
163,京华时报讯记者王晓飞在农村,3,False,False,0.0,0.15384615384615385,0.6666666666666666,0.5183431952662721,-0.1705322265625,0.0,0.0,0.0,0.0,0,,京华时报讯记者王小菲在农村
163,京华时报讯记者王晓飞在农村,4,False,False,0.0,0.15384615384615385,0.3333333333333333,0.4915187376725838,-0.1746826171875,0.0,0.0,0.0,0.0,0,,金华时报讯记者王小飞在农村
163,京华时报讯记者王晓飞在农村,5,False,False,0.0,0.15384615384615385,0.3333333333333333,0.48757396449704143,-0.17529296875,0.0,0.0,0.0,0.0,0,,精华时报讯记者王小飞在农村
163,京华时报讯记者王晓飞在农村,6,False,False,1.0,0.07692307692307693,0.0,0.14595660749506903,-0.2281494140625,0.0,0.0,0.0,0.0,0,,金华时报讯记者王晓飞在农村
163,京华时报讯记者王晓飞在农村,7,False,False,0.0,0.07692307692307693,0.3333333333333333,0.0,-0.250732421875,0.0,0.0,0.0,0.0,0,,京华时报讯记者王晓菲在农村
164,中国证券报报道,1,True,False,0.0,0.14285714285714285,0.0,1.0,-0.06292724609375,0.0,0.0,0.0,0.0,0,,中国证券报道
164,中国证券报报道,2,False,True,1.0,0.0,0.0,0.4274041483343809,-0.4521484375,0.0,0.0,0.0,0.0,0,,中国证券报报道
164,中国证券报报道,3,False,False,0.0,0.2857142857142857,0.0,0.2988237406842058,-0.53955078125,0.0,0.0,0.0,0.0,0,,中国证券报导
164,中国证券报报道,4,False,False,0.0,0.2857142857142857,0.0,0.18676483792762863,-0.61572265625,0.0,0.0,0.0,0.0,0,,中国证券报到
164,中国证券报报道,5,False,False,0.0,0.42857142857142855,0.4,0.08619915596659783,-0.68408203125,0.0,0.0,0.0,0.0,0,,中国政卷报道
164,中国证券报报道,6,False,False,0.0,0.2857142857142857,0.0,0.0711143036724432,-0.6943359375,0.0,0.0,0.0,0.0,0,,中国证券报告
164,中国证券报报道,7,False,False,0.0,0.42857142857142855,0.4,0.0,-0.74267578125,0.0,0.0,0.0,0.0,0,,中国政权报道
165,新京报讯记者张徐报道,1,True,True,1.0,0.0,0.0,1.0,-0.09271240234375,0.0,0.0,0.0,0.0,0,,新京报讯记者张徐报道
165,新京报讯记者张徐报道,2,False,False,1.0,0.1,0.0,0.9336222178451842,-0.11328125,0.0,0.0,0.0,0.0,0,,新京报讯记者张旭报道
165,新京报讯记者张徐报道,3,False,False,1.0,0.1,0.0,0.4175694307662005,-0.273193359375,0.0,0.0,0.0,0.0,0,,新京报信记者张徐报道
165,新京报讯记者张徐报道,4,False,False,1.0,0.2,0.0,0.3041166042938743,-0.308349609375,0.0,0.0,0.0,0.0,0,,新京报信记者张旭报道
165,新京报讯记者张徐报道,5,False,False,0.0,0.1,0.3333333333333333,0.18042150876501872,-0.3466796875,0.0,0.0,0.0,0.0,0,,新疆报讯记者张徐报道
165,新京报讯记者张徐报道,6,False,False,1.0,0.1,0.0,0.05830214693716762,-0.384521484375,0.0,0.0,0.0,0.0,0,,新京报讯记者章徐报道
165,新京报讯记者张徐报道,7,False,False,0.0,0.2,0.3333333333333333,0.052787078983651765,-0.38623046875,0.0,0.0,0.0,0.0,0,,新疆报讯记者张旭报道
165,新京报讯记者张徐报道,8,False,False,1.0,0.2,0.0,0.0,-0.402587890625,0.0,0.0,0.0,0.0,0,,新京报讯记者张旭报导
166,丰台区域潘家村危改3号地成为今年的收官地质块,1,True,True,0.0,0.13636363636363635,0.2857142857142857,1.0,-0.21435546875,0.0,0.0,0.0,0.0,0,,丰台区潘家村微改3号地成为今年的收官地址块
166,丰台区域潘家村危改3号地成为今年的收官地质块,2,False,False,0.0,0.18181818181818182,0.2857142857142857,0.45977011494252873,-0.248779296875,0.0,0.0,0.0,0.0,0,,丰台区潘家村微改3号地成为今年的收官地之一
166,丰台区域潘家村危改3号地成为今年的收官地质块,3,False,False,0.0,0.13636363636363635,0.2857142857142857,0.32567049808429116,-0.25732421875,0.0,0.0,0.0,0.0,0,,丰台区潘家村微改3号地成为今年的收官地块
166,丰台区域潘家村危改3号地成为今年的收官地质块,4,False,False,0.0,0.13636363636363635,0.2857142857142857,0.0,-0.278076171875,0.0,0.0,0.0,0.0,0,,丰台区潘家村微改3号地成为今年的收官地之块
167,通州新城彩虹之门用地挂出30日,1,True,False,1.0,0.06666666666666667,0.0,1.0,-0.136962890625,0.0,0.0,0.0,0.0,0,,通州新城彩虹之门用地挂除30日
167,通州新城彩虹之门用地挂出30日,2,False,False,1.0,0.06666666666666667,0.0,0.5709779179810726,-0.170166015625,0.0,0.0,0.0,0.0,0,,通州新城彩虹之门用地挂处30日
167,通州新城彩虹之门用地挂出30日,3,False,False,1.0,0.06666666666666667,0.0,0.5536277602523659,-0.1715087890625,0.0,0.0,0.0,0.0,0,,通州新城彩虹之门用地挂储30日
167,通州新城彩虹之门用地挂出30日,4,False,False,1.0,0.06666666666666667,0.0,0.04889589905362776,-0.2105712890625,0.0,0.0,0.0,0.0,0,,通州新城彩虹之门用地挂厝30日
167,通州新城彩虹之门用地挂出30日,5,False,False,1.0,0.13333333333333333,0.0,0.04889589905362776,-0.2105712890625,0.0,0.0,0.0,0.0,0,,通周新城彩虹之门用地挂除30日
167,通州新城彩虹之门用地挂出30日,6,False,True,1.0,0.0,0.0,0.0,-0.21435546875,0.0,0.0,0.0,0.0,0,,通州新城彩虹之门用地挂出30日
168,该地块位于通州新城五河交汇处东南角,1,True,True,1.0,0.0,0.0,1.0,-0.0982666015625,0.0,0.0,0.0,0.0,0,,该地块位于通州新城五河交汇处东南角
168,该地块位于通州新城五河交汇处东南角,2,False,False,1.0,0.058823529411764705,0.0,0.9518518518518518,-0.1046142578125,0.0,0.0,0.0,0.0,0,,该地块位于通州新城武河交汇处东南角
168,该地块位于通州新城五河交汇处东南角,3,False,False,1.0,0.058823529411764705,0.0,0.8476851851851852,-0.11834716796875,0.0,0.0,0.0,0.0,0,,该地块位于通州新城五合交汇处东南角
168,该地块位于通州新城五河交汇处东南角,4,False,False,1.0,0.058823529411764705,0.0,0.12685185185185185,-0.21337890625,0.0,0.0,0.0,0.0,0,,该地块位于通州新城五河交会处东南角
168,该地块位于通州新城五河交汇处东南角,5,False,False,1.0,0.11764705882352941,0.0,0.12037037037037036,-0.2142333984375,0.0,0.0,0.0,0.0,0,,该地块位于通州新城五合交会处东南角
168,该地块位于通州新城五河交汇处东南角,6,False,False,1.0,0.11764705882352941,0.0,0.10833333333333334,-0.2158203125,0.0,0.0,0.0,0.0,0,,该地块位于通州新城武和交汇处东南角
168,该地块位于通州新城五河交汇处东南角,7,False,False,1.0,0.11764705882352941,0.0,0.09907407407407408,-0.217041015625,0.0,0.0,0.0,0.0,0,,该地块位于通州新城武河郊汇处东南角
168,该地块位于通州新城五河交汇处东南角,8,False,False,1.0,0.058823529411764705,0.0,0.09907407407407408,-0.217041015625,0.0,0.0,0.0,0.0,0,,该地块位于通州新城五河郊汇处东南角
168,该地块位于通州新城五河交汇处东南角,9,False,False,1.0,0.11764705882352941,0.0,0.03796296296296296,-0.22509765625,0.0,0.0,0.0,0.0,0,,该地块位于通州新城武河交会处东南角
168,该地块位于通州新城五河交汇处东南角,10,False,False,1.0,0.17647058823529413,0.0,0.0,-0.2301025390625,0.0,0.0,0.0,0.0,0,,该地块位于通州新城武河郊会处东南角
169,国家审计署还专门组织力量,1,True,False,0.0,0.25,1.0,1.0,-0.053009033203125,0.0,0.0,0.0,0.0,0,,国家神技术还专门组织力量
169,国家审计署还专门组织力量,2,False,True,0.0,0.16666666666666666,0.6666666666666666,0.3331816112881202,-0.1871337890625,0.0,0.0,0.0,0.0,0,,国家神技署还专门组织力量
169,国家审计署还专门组织力量,3,False,False,0.0,0.3333333333333333,1.0,0.2991958731603702,-0.1939697265625,0.0,0.0,0.0,0.0,0,,国家神技艺术还专门组织力量
169,国家审计署还专门组织力量,4,False,False,0.0,0.3333333333333333,1.0,0.2360795023516917,-0.2066650390625,0.0,0.0,0.0,0.0,0,,国家神技一属还专门组织力量
169,国家审计署还专门组织力量,5,False,False,0.0,0.3333333333333333,1.0,0.1844940069792141,-0.217041015625,0.0,0.0,0.0,0.0,0,,国家神技术和专门组织力量
169,国家审计署还专门组织力量,6,False,False,0.0,0.25,1.0,0.1753906842664239,-0.2188720703125,0.0,0.0,0.0,0.0,0,,国家神技一署还专门组织力量
169,国家审计署还专门组织力量,7,False,False,0.0,0.3333333333333333,1.0,0.09952966165983917,-0.234130859375,0.0,0.0,0.0,0.0,0,,国家神器艺术还专门组织力量
169,国家审计署还专门组织力量,8,False,False,0.0,0.3333333333333333,1.0,0.08557123350022758,-0.2369384765625,0.0,0.0,0.0,0.0,0,,国家神技术专门组织力量
169,国家审计署还专门组织力量,9,False,False,0.0,0.16666666666666666,0.6666666666666666,0.0024275527234107115,-0.253662109375,0.0,0.0,0.0,0.0,0,,国家神纪署还专门组织力量
169,国家审计署还专门组织力量,10,False,False,0.0,0.3333333333333333,1.0,0.0,-0.254150390625,0.0,0.0,0.0,0.0,0,,国家神纪一鼠还专门组织力量
170,审计署的审计结论表明,1,True,True,0.0,0.5,1.0,1.0,-0.08331298828125,0.0,0.0,0.0,0.0,0,,神技术的神技结论表明
170,审计署的审计结论表明,2,False,False,0.0,0.5,1.0,0.7317521603235889,-0.17236328125,0.0,0.0,0.0,0.0,0,,神技书的神技结论表明
170,审计署的审计结论表明,3,False,False,0.0,0.5,1.0,0.2206287920573635,-0.342041015625,0.0,0.0,0.0,0.0,0,,神技术的神迹结论表明
170,审计署的审计结论表明,4,False,False,0.0,0.5,1.0,0.1382607096892811,-0.369384765625,0.0,0.0,0.0,0.0,0,,神技蜀的神技结论表明
170,审计署的审计结论表明,5,False,False,0.0,0.5,1.0,0.05883434454863026,-0.395751953125,0.0,0.0,0.0,0.0,0,,神记书的神记结论表明
170,审计署的审计结论表明,6,False,False,0.0,0.5,1.0,0.0,-0.415283203125,0.0,0.0,0.0,0.0,0,,神技树的神技结论表明
171,美商务部与国际贸易委员会都需作出肯定性终裁,1,True,False,1.0,0.09523809523809523,0.0,1.0,-0.053192138671875,0.0,0.0,0.0,0.0,0,,美商务部与国际贸易委员会都需做出肯定性仲裁
171,美商务部与国际贸易委员会都需作出肯定性终裁,2,False,False,1.0,0.09523809523809523,0.0,0.7913990505445406,-0.07598876953125,0.0,0.0,0.0,0.0,0,,美商务部与国际贸易委员会都需做出肯定性中裁
171,美商务部与国际贸易委员会都需作出肯定性终裁,3,False,True,1.0,0.047619047619047616,0.0,0.607092990784697,-0.09613037109375,0.0,0.0,0.0,0.0,0,,美商务部与国际贸易委员会都需作出肯定性仲裁
171,美商务部与国际贸易委员会都需作出肯定性终裁,4,False,False,1.0,0.047619047619047616,0.0,0.5920134040770735,-0.0977783203125,0.0,0.0,0.0,0.0,0,,美商务部与国际贸易委员会都需作出肯定性中裁
171,美商务部与国际贸易委员会都需作出肯定性终裁,5,False,False,1.0,0.14285714285714285,0.0,0.3920692543982128,-0.11962890625,0.0,0.0,0.0,0.0,0,,美商务部与国际贸易委员会都需做出肯定性忠财
171,美商务部与国际贸易委员会都需作出肯定性终裁,6,False,False,1.0,0.09523809523809523,0.0,0.33286791399050547,-0.1260986328125,0.0,0.0,0.0,0.0,0,,美商务部与国际贸易委员会都需做出肯定性装裁
171,美商务部与国际贸易委员会都需作出肯定性终裁,7,False,False,1.0,0.09523809523809523,0.0,0.30159173415247137,-0.1295166015625,0.0,0.0,0.0,0.0,0,,美商务部与国际贸易委员会都需作出肯定性忠财
171,美商务部与国际贸易委员会都需作出肯定性终裁,8,False,False,1.0,0.09523809523809523,0.0,0.22116727171181233,-0.1383056640625,0.0,0.0,0.0,0.0,0,,美商务部与国际贸易委员会都须作出肯定性仲裁
171,美商务部与国际贸易委员会都需作出肯定性终裁,9,False,False,0.0,0.14285714285714285,0.25,0.0,-0.1624755859375,0.0,0.0,0.0,0.0,0,,每商务部与国际贸易委员会都需做出肯定性仲裁
172,根据美国商务部去年12月份终裁确定的幅度,1,True,False,1.0,0.1,0.0,1.0,-0.06329345703125,0.0,0.0,0.0,0.0,0,,根据美国商务部去年12月份中财确定的幅度
172,根据美国商务部去年12月份终裁确定的幅度,2,False,False,1.0,0.15,0.0,0.9232569021993449,-0.07330322265625,0.0,0.0,0.0,0.0,0,,根据美国商务部去年12月中财确定的幅度
172,根据美国商务部去年12月份终裁确定的幅度,3,False,True,1.0,0.05,0.0,0.6167524567150211,-0.11328125,0.0,0.0,0.0,0.0,0,,根据美国商务部去年12月份中裁确定的幅度
172,根据美国商务部去年12月份终裁确定的幅度,4,False,False,1.0,0.1,0.0,0.5961628451099672,-0.115966796875,0.0,0.0,0.0,0.0,0,,根据美国商务部去年12月份中彩确定的幅度
172,根据美国商务部去年12月份终裁确定的幅度,5,False,False,1.0,0.1,0.0,0.541413196069256,-0.12310791015625,0.0,0.0,0.0,0.0,0,,根据美国商务部去年12月份中才确定的幅度
172,根据美国商务部去年12月份终裁确定的幅度,6,False,False,1.0,0.05,0.0,0.4829199812821713,-0.1307373046875,0.0,0.0,0.0,0.0,0,,根据美国商务部去年12月份仲裁确定的幅度
172,根据美国商务部去年12月份终裁确定的幅度,7,False,False,1.0,0.1,0.0,0.3462798315395414,-0.1485595703125,0.0,0.0,0.0,0.0,0,,根据美国商务部去年12月份中产确定的幅度
172,根据美国商务部去年12月份终裁确定的幅度,8,False,False,1.0,0.15,0.0,0.3284978942442677,-0.15087890625,0.0,0.0,0.0,0.0,0,,根据美国商务部去年12月中才确定的幅度
172,根据美国商务部去年12月份终裁确定的幅度,9,False,False,1.0,0.1,0.0,0.3172671970051474,-0.15234375,0.0,0.0,0.0,0.0,0,,根据美国商务部去年12月份中材确定的幅度
172,根据美国商务部去年12月份终裁确定的幅度,10,False,False,1.0,0.1,0.0,0.2339728591483388,-0.1632080078125,0.0,0.0,0.0,0.0,0,,根据美国商务部去年12月份中采确定的幅度
172,根据美国商务部去年12月份终裁确定的幅度,11,False,False,1.0,0.1,0.0,0.15348619560131024,-0.1737060546875,0.0,0.0,0.0,0.0,0,,根据美国商务部去年12月中裁确定的幅度
172,根据美国商务部去年12月份终裁确定的幅度,12,False,False,1.0,0.15,0.0,0.08984557791296209,-0.1820068359375,0.0,0.0,0.0,0.0,0,,根据美国商务部去年12月中彩确定的幅度
172,根据美国商务部去年12月份终裁确定的幅度,13,False,False,1.0,0.2,0.0,0.0,-0.1937255859375,0.0,0.0,0.0,0.0,0,,根据美国商务部去年12月中财确定幅度
173,据新华社电美国商务部21日宣布初裁结果,1,True,False,1.0,0.10526315789473684,0.0,1.0,-0.0399169921875,0.0,0.0,0.0,0.0,0,,据新华社电美国商务部21日宣布出财结果
173,据新华社电美国商务部21日宣布初裁结果,2,False,False,1.0,0.10526315789473684,0.0,0.7443009118541033,-0.08099365234375,0.0,0.0,0.0,0.0,0,,据新华社电美国商务部21日宣布出彩结果
173,据新华社电美国商务部21日宣布初裁结果,3,False,False,1.0,0.10526315789473684,0.0,0.6439969604863222,-0.09710693359375,0.0,0.0,0.0,0.0,0,,据新华社电美国商务部21日宣布出差结果
173,据新华社电美国商务部21日宣布初裁结果,4,False,False,1.0,0.10526315789473684,0.0,0.34194528875379937,-0.1456298828125,0.0,0.0,0.0,0.0,0,,据新华社电美国商务部21日宣布出台结果
173,据新华社电美国商务部21日宣布初裁结果,5,False,False,1.0,0.10526315789473684,0.0,0.3047112462006079,-0.151611328125,0.0,0.0,0.0,0.0,0,,据新华社电美国商务部21日宣布出采结果
173,据新华社电美国商务部21日宣布初裁结果,6,False,False,1.0,0.10526315789473684,0.0,0.25759878419452886,-0.1591796875,0.0,0.0,0.0,0.0,0,,据新华社电美国商务部21日宣布出材结果
173,据新华社电美国商务部21日宣布初裁结果,7,False,True,1.0,0.05263157894736842,0.0,0.056990881458966566,-0.19140625,0.0,0.0,0.0,0.0,0,,据新华社电美国商务部21日宣布初采结果
173,据新华社电美国商务部21日宣布初裁结果,8,False,False,1.0,0.05263157894736842,0.0,0.0,-0.2005615234375,0.0,0.0,0.0,0.0,0,,据新华社电美国商务部21日宣布出裁结果
174,美商务部当天发表声明说,1,True,True,1.0,0.0,0.0,1.0,-0.0191497802734375,0.0,0.0,0.0,0.0,0,,美商务部当天发表声明说
174,美商务部当天发表声明说,2,False,False,1.0,0.09090909090909091,0.0,0.9980990370531958,-0.02008056640625,0.0,0.0,0.0,0.0,0,,美商务部当天发表声明
174,美商务部当天发表声明说,3,False,False,0.0,0.36363636363636365,1.0,0.33107918601389885,-0.3466796875,0.0,0.0,0.0,0.0,0,,每三五步当天发表声明说
174,美商务部当天发表声明说,4,False,False,0.0,0.09090909090909091,0.25,0.3051512979525694,-0.359375,0.0,0.0,0.0,0.0,0,,美山务部当天发表声明说
174,美商务部当天发表声明说,5,False,False,0.0,3.1818181818181817,1.0,0.29069151422605877,-0.366455078125,0.0,0.0,0.0,0.0,0,,优优独播剧场YoYoTelevisionSeriesExclusive
174,美商务部当天发表声明说,6,False,False,0.0,0.18181818181818182,0.5,0.25080245567016735,-0.385986328125,0.0,0.0,0.0,0.0,0,,美三五部当天发表声明说
174,美商务部当天发表声明说,7,False,False,0.0,0.18181818181818182,0.5,0.21141201034622456,-0.4052734375,0.0,0.0,0.0,0.0,0,,美山武部当天发表声明说
174,美商务部当天发表声明说,8,False,False,0.0,0.18181818181818182,0.5,0.12116301536352021,-0.449462890625,0.0,0.0,0.0,0.0,0,,美山五部当天发表声明说
174,美商务部当天发表声明说,9,False,False,0.0,0.18181818181818182,0.5,0.12116301536352021,-0.449462890625,0.0,0.0,0.0,0.0,0,,美珊舞部当天发表声明说
174,美商务部当天发表声明说,10,False,False,0.0,0.2727272727272727,0.75,0.0,-0.5087890625,0.0,0.0,0.0,0.0,0,,每三五部当天发表声明说
175,成飞集成百二十一九十,1,True,False,0.0,0.3,0.5,1.0,-0.299072265625,0.0,0.0,0.0,0.0,0,,乘飞即乘百二十一九十
175,成飞集成百二十一九十,2,False,False,0.0,0.1,0.5,0.9867172675521821,-0.30078125,0.0,0.0,0.0,0.0,0,,程飞集成百二十一九十
175,成飞集成百二十一九十,3,False,False,0.0,0.3,0.5,0.9316888045540797,-0.307861328125,0.0,0.0,0.0,0.0,0,,程飞急乘百二十一九十
175,成飞集成百二十一九十,4,False,False,0.0,0.2,0.5,0.7514231499051234,-0.3310546875,0.0,0.0,0.0,0.0,0,,成非即成百二十一九十
175,成飞集成百二十一九十,5,False,False,0.0,0.3,0.5,0.6963946869070209,-0.338134765625,0.0,0.0,0.0,0.0,0,,乘飞急乘百二十一九十
175,成飞集成百二十一九十,6,False,False,0.0,0.2,0.5,0.396584440227704,-0.376708984375,0.0,0.0,0.0,0.0,0,,乘飞集乘百二十一九十
175,成飞集成百二十一九十,7,False,False,0.0,0.3,0.5,0.36242884250474383,-0.381103515625,0.0,0.0,0.0,0.0,0,,乘飞几乘百二十一九十
175,成飞集成百二十一九十,8,False,True,1.0,0.0,0.0,0.23908918406072105,-0.39697265625,0.0,0.0,0.0,0.0,0,,成飞集成百二十一九十
175,成飞集成百二十一九十,9,False,False,0.0,0.1,0.5,0.22770398481973433,-0.3984375,0.0,0.0,0.0,0.0,0,,乘飞集成百二十一九十
175,成飞集成百二十一九十,10,False,False,1.0,0.1,0.0,0.222011385199241,-0.399169921875,0.0,0.0,0.0,0.0,0,,成飞即成百二十一九十
175,成飞集成百二十一九十,11,False,False,0.0,0.1,0.5,0.15180265654648956,-0.408203125,0.0,0.0,0.0,0.0,0,,成非集成百二十一九十
175,成飞集成百二十一九十,12,False,False,1.0,0.2,0.0,0.11954459203036052,-0.412353515625,0.0,0.0,0.0,0.0,0,,成飞急乘百二十一九十
175,成飞集成百二十一九十,13,False,False,0.0,0.3,0.5,0.0,-0.427734375,0.0,0.0,0.0,0.0,0,,程飞即乘百二十一九十
176,决定由麦德公司的技术部门研发静默插件,1,True,False,1.0,0.05555555555555555,0.0,1.0,-0.055999755859375,0.0,0.0,0.0,0.0,0,,决定由麦德公司的技术部研发静默插件
176,决定由麦德公司的技术部门研发静默插件,2,False,True,1.0,0.0,0.0,0.7624587938724064,-0.0933837890625,0.0,0.0,0.0,0.0,0,,决定由麦德公司的技术部门研发静默插件
176,决定由麦德公司的技术部门研发静默插件,3,False,False,0.0,0.1111111111111111,0.25,0.5953073492340508,-0.11968994140625,0.0,0.0,0.0,0.0,0,,决定由迈德公司的技术部研发静默插件
176,决定由麦德公司的技术部门研发静默插件,4,False,False,0.0,0.05555555555555555,0.25,0.4242776808221834,-0.1466064453125,0.0,0.0,0.0,0.0,0,,决定由迈德公司的技术部门研发静默插件
176,决定由麦德公司的技术部门研发静默插件,5,False,False,1.0,0.05555555555555555,0.0,0.26371921659879777,-0.171875,0.0,0.0,0.0,0.0,0,,决定由麦德公司的技术部们研发静默插件
176,决定由麦德公司的技术部门研发静默插件,6,False,False,1.0,0.1111111111111111,0.0,0.2590653480705837,-0.172607421875,0.0,0.0,0.0,0.0,0,,决定由麦德公司技术部研发静默插件
176,决定由麦德公司的技术部门研发静默插件,7,False,False,1.0,0.1111111111111111,0.0,0.1341865425635059,-0.1922607421875,0.0,0.0,0.0,0.0,0,,决定由麦德公司的技术部研发静墨插件
176,决定由麦德公司的技术部门研发静默插件,8,False,False,1.0,0.05555555555555555,0.0,0.09773123909249563,-0.197998046875,0.0,0.0,0.0,0.0,0,,决定由麦德公司的技术部员研发静默插件
176,决定由麦德公司的技术部门研发静默插件,9,False,False,1.0,0.05555555555555555,0.0,0.034904013961605584,-0.2078857421875,0.0,0.0,0.0,0.0,0,,决定由麦德公司的技术部门研发静墨插件
176,决定由麦德公司的技术部门研发静默插件,10,False,False,1.0,0.05555555555555555,0.0,0.0,-0.21337890625,0.0,0.0,0.0,0.0,0,,决定由麦德公司的技术部来研发静默插件
177,三百六十软件识别出了麦德公司的插件,1,True,False,1.0,0.23529411764705882,0.5,1.0,-0.03350830078125,0.0,0.0,0.0,0.0,0,,360软件识别出了麦德公司的插件
177,三百六十软件识别出了麦德公司的插件,2,False,False,0.0,0.29411764705882354,0.5,0.5572185125489293,-0.15087890625,0.0,0.0,0.0,0.0,0,,360软件识别出了迈德公司的插件
177,三百六十软件识别出了麦德公司的插件,3,False,False,0.0,0.29411764705882354,0.5,0.1768362882799908,-0.251708984375,0.0,0.0,0.0,0.0,0,,360软件识别出了卖德公司的插件
177,三百六十软件识别出了麦德公司的插件,4,False,True,1.0,0.0,0.0,0.11696983651853557,-0.267578125,0.0,0.0,0.0,0.0,0,,三百六十软件识别出了麦德公司的插件
177,三百六十软件识别出了麦德公司的插件,5,False,False,1.0,0.29411764705882354,0.0,0.11144370250978586,-0.26904296875,0.0,0.0,0.0,0.0,0,,360软件儿识别出了麦德公司的插件
177,三百六十软件识别出了麦德公司的插件,6,False,False,1.0,0.35294117647058826,0.5,0.038682938061247986,-0.288330078125,0.0,0.0,0.0,0.0,0,,360软件识别出了麦德公司的X键
177,三百六十软件识别出了麦德公司的插件,7,False,False,0.0,0.35294117647058826,0.75,0.03684089339166475,-0.288818359375,0.0,0.0,0.0,0.0,0,,360软件识别出了卖得公司的插件
177,三百六十软件识别出了麦德公司的插件,8,False,False,1.0,0.35294117647058826,0.5,0.0,-0.298583984375,0.0,0.0,0.0,0.0,0,,360软件识别出了麦德公司的叉键
178,警方在麦德公司数据库中发现,1,True,True,1.0,0.0,0.0,1.0,-0.038726806640625,0.0,0.0,0.0,0.0,0,,警方在麦德公司数据库中发现
178,警方在麦德公司数据库中发现,2,False,False,1.0,0.07692307692307693,0.0,0.4804296189197563,-0.1922607421875,0.0,0.0,0.0,0.0,0,,警方在麦德公司的数据库中发现
178,警方在麦德公司数据库中发现,3,False,False,0.0,0.07692307692307693,0.25,0.2668594443870701,-0.25537109375,0.0,0.0,0.0,0.0,0,,警方在麦特公司数据库中发现
178,警方在麦德公司数据库中发现,4,False,False,0.0,0.23076923076923078,1.0,0.1883713725085201,-0.278564453125,0.0,0.0,0.0,0.0,0,,警方在Mac公司数据库中发现
178,警方在麦德公司数据库中发现,5,False,False,0.0,0.07692307692307693,0.25,0.17845708974491375,-0.281494140625,0.0,0.0,0.0,0.0,0,,警方在麦的公司数据库中发现
178,警方在麦德公司数据库中发现,6,False,False,0.0,0.23076923076923078,1.0,0.12475472477537954,-0.29736328125,0.0,0.0,0.0,0.0,0,,警方在MAC公司数据库中发现
178,警方在麦德公司数据库中发现,7,False,False,0.0,0.23076923076923078,1.0,0.12144996385417743,-0.29833984375,0.0,0.0,0.0,0.0,0,,警方在MAD公司数据库中发现
178,警方在麦德公司数据库中发现,8,False,False,0.0,0.07692307692307693,0.25,0.11484044201177321,-0.30029296875,0.0,0.0,0.0,0.0,0,,警方在麦克公司数据库中发现
178,警方在麦德公司数据库中发现,9,False,False,0.0,0.07692307692307693,0.25,0.07683569141794898,-0.3115234375,0.0,0.0,0.0,0.0,0,,警方在曼德公司数据库中发现
178,警方在麦德公司数据库中发现,10,False,False,1.0,0.07692307692307693,0.0,0.06774759888464318,-0.314208984375,0.0,0.0,0.0,0.0,0,,警方在麦德公司数据库发现
178,警方在麦德公司数据库中发现,11,False,False,0.0,0.07692307692307693,0.25,0.051223794278632655,-0.319091796875,0.0,0.0,0.0,0.0,0,,警方在迈德公司数据库中发现
178,警方在麦德公司数据库中发现,12,False,False,0.0,0.07692307692307693,0.5,0.0,-0.334228515625,0.0,0.0,0.0,0.0,0,,警方在麦德的公司数据库中发现
179,徐永昊以雷霆万钧之势缔造了一场震撼的秒杀之作,1,True,False,0.0,0.045454545454545456,0.3333333333333333,1.0,-0.034698486328125,0.0,0.0,0.0,0.0,0,,徐永浩以雷霆万钧之势缔造了一场震撼的秒杀之作
179,徐永昊以雷霆万钧之势缔造了一场震撼的秒杀之作,2,False,False,0.0,0.09090909090909091,0.6666666666666666,0.5259427992913187,-0.09185791015625,0.0,0.0,0.0,0.0,0,,许永浩以雷霆万钧之势缔造了一场震撼的秒杀之作
179,徐永昊以雷霆万钧之势缔造了一场震撼的秒杀之作,3,False,True,1.0,0.0,0.0,0.4049607694254619,-0.1064453125,0.0,0.0,0.0,0.0,0,,徐永昊以雷霆万钧之势缔造了一场震撼的秒杀之作
179,徐永昊以雷霆万钧之势缔造了一场震撼的秒杀之作,4,False,False,0.0,0.09090909090909091,0.3333333333333333,0.3862313338395343,-0.10870361328125,0.0,0.0,0.0,0.0,0,,徐永浩以雷霆万军之势缔造了一场震撼的秒杀之作
179,徐永昊以雷霆万钧之势缔造了一场震撼的秒杀之作,5,False,False,0.0,0.09090909090909091,0.3333333333333333,0.1629967096937484,-0.1356201171875,0.0,0.0,0.0,0.0,0,,徐永浩以雷霆万钧之事缔造了一场震撼的秒杀之作
179,徐永昊以雷霆万钧之势缔造了一场震撼的秒杀之作,6,False,False,0.0,0.09090909090909091,0.3333333333333333,0.060744115413819286,-0.14794921875,0.0,0.0,0.0,0.0,0,,徐永浩以雷霆万钧之式缔造了一场震撼的秒杀之作
179,徐永昊以雷霆万钧之势缔造了一场震撼的秒杀之作,7,False,False,0.0,0.13636363636363635,0.6666666666666666,0.02733485193621868,-0.1519775390625,0.0,0.0,0.0,0.0,0,,许永浩以雷霆万军之势缔造了一场震撼的秒杀之作
179,徐永昊以雷霆万钧之势缔造了一场震撼的秒杀之作,8,False,False,0.0,0.09090909090909091,0.3333333333333333,0.0,-0.1552734375,0.0,0.0,0.0,0.0,0,,徐永浩以雷霆万钧之士缔造了一场震撼的秒杀之作
180,徐永昊的地面技术无疑是其格斗体系中的1块短板,1,True,False,0.0,0.045454545454545456,0.3333333333333333,1.0,-0.041229248046875,0.0,0.0,0.0,0.0,0,,徐永浩的地面技术无疑是其格斗体系中的1块短板
180,徐永昊的地面技术无疑是其格斗体系中的1块短板,2,False,False,0.0,0.09090909090909091,0.6666666666666666,0.5835532994923858,-0.10382080078125,0.0,0.0,0.0,0.0,0,,许永浩的地面技术无疑是其格斗体系中的1块短板
180,徐永昊的地面技术无疑是其格斗体系中的1块短板,3,False,False,0.0,0.09090909090909091,0.6666666666666666,0.38578680203045684,-0.133544921875,0.0,0.0,0.0,0.0,0,,徐勇浩的地面技术无疑是其格斗体系中的1块短板
180,徐永昊的地面技术无疑是其格斗体系中的1块短板,4,False,True,1.0,0.0,0.0,0.2566497461928934,-0.1529541015625,0.0,0.0,0.0,0.0,0,,徐永昊的地面技术无疑是其格斗体系中的1块短板
180,徐永昊的地面技术无疑是其格斗体系中的1块短板,5,False,False,0.0,0.09090909090909091,0.6666666666666666,0.2184771573604061,-0.15869140625,0.0,0.0,0.0,0.0,0,,徐咏浩的地面技术无疑是其格斗体系中的1块短板
180,徐永昊的地面技术无疑是其格斗体系中的1块短板,6,False,False,0.0,0.09090909090909091,0.3333333333333333,0.20548223350253808,-0.16064453125,0.0,0.0,0.0,0.0,0,,徐永浩的地面技术无疑是其格斗体系的1块短板
180,徐永昊的地面技术无疑是其格斗体系中的1块短板,7,False,False,0.0,0.09090909090909091,0.3333333333333333,0.03898477157360406,-0.1856689453125,0.0,0.0,0.0,0.0,0,,徐永浩的地面技术无疑是其格斗体系中的1块儿短板
180,徐永昊的地面技术无疑是其格斗体系中的1块短板,8,False,False,0.0,0.09090909090909091,0.3333333333333333,0.0,-0.1915283203125,0.0,0.0,0.0,0.0,0,,徐永浩的地面技术无疑是其戈斗体系中的1块短板
181,上一场同包尔江的比赛之后,1,True,False,0.0,0.16666666666666666,0.6666666666666666,1.0,-0.1514892578125,0.0,0.0,0.0,0.0,0,,上一场同鲍尔交的比赛之后
181,上一场同包尔江的比赛之后,2,False,False,0.0,0.16666666666666666,0.6666666666666666,0.5994848679974243,-0.2274169921875,0.0,0.0,0.0,0.0,0,,上一场同鲍尔教的比赛之后
181,上一场同包尔江的比赛之后,3,False,True,0.0,0.08333333333333333,0.3333333333333333,0.587894397939472,-0.2296142578125,0.0,0.0,0.0,0.0,0,,上一场同包尔交的比赛之后
181,上一场同包尔江的比赛之后,4,False,False,0.0,0.16666666666666666,0.6666666666666666,0.48358016741790083,-0.2493896484375,0.0,0.0,0.0,0.0,0,,上一场同保尔交的比赛之后
181,上一场同包尔江的比赛之后,5,False,False,0.0,0.16666666666666666,0.6666666666666666,0.24082421120412106,-0.29541015625,0.0,0.0,0.0,0.0,0,,上一场同鲍尔礁的比赛之后
181,上一场同包尔江的比赛之后,6,False,False,0.0,0.25,0.6666666666666666,0.2163554410817772,-0.300048828125,0.0,0.0,0.0,0.0,0,,上一场和鲍尔交的比赛之后
181,上一场同包尔江的比赛之后,7,False,False,0.0,0.25,0.6666666666666666,0.12234385061171925,-0.31787109375,0.0,0.0,0.0,0.0,0,,上一场跟鲍尔交的比赛之后
181,上一场同包尔江的比赛之后,8,False,False,0.0,0.16666666666666666,0.6666666666666666,0.0463618802318094,-0.332275390625,0.0,0.0,0.0,0.0,0,,上一场同鲍尔乔的比赛之后
181,上一场同包尔江的比赛之后,9,False,False,0.0,0.25,0.6666666666666666,0.03477141017385705,-0.33447265625,0.0,0.0,0.0,0.0,0,,上一场从鲍尔交的比赛之后
181,上一场同包尔江的比赛之后,10,False,False,0.0,0.25,0.6666666666666666,0.01674179008370895,-0.337890625,0.0,0.0,0.0,0.0,0,,上一场和保尔交的比赛之后
181,上一场同包尔江的比赛之后,11,False,False,0.0,0.16666666666666666,0.6666666666666666,0.0,-0.341064453125,0.0,0.0,0.0,0.0,0,,上一场同宝尔交的比赛之后
182,此次昆罗决中俄对抗赛上,1,True,False,1.0,0.09090909090909091,0.0,1.0,-0.15771484375,0.0,0.0,0.0,0.0,0,,此次昆罗决中俄队抗赛上
182,此次昆罗决中俄对抗赛上,2,False,True,1.0,0.0,0.0,0.8182989690721649,-0.1749267578125,0.0,0.0,0.0,0.0,0,,此次昆罗决中俄对抗赛上
182,此次昆罗决中俄对抗赛上,3,False,False,0.0,0.18181818181818182,0.2,0.740979381443299,-0.1822509765625,0.0,0.0,0.0,0.0,0,,此次昆罗决终俄队抗赛上
182,此次昆罗决中俄对抗赛上,4,False,False,0.0,0.09090909090909091,0.2,0.6791237113402062,-0.1881103515625,0.0,0.0,0.0,0.0,0,,此次昆罗决终俄对抗赛上
182,此次昆罗决中俄对抗赛上,5,False,False,1.0,0.09090909090909091,0.0,0.4162371134020619,-0.2130126953125,0.0,0.0,0.0,0.0,0,,此次昆罗决中俄对抗赛尚
182,此次昆罗决中俄对抗赛上,6,False,False,0.0,0.18181818181818182,0.2,0.2615979381443299,-0.2276611328125,0.0,0.0,0.0,0.0,0,,此次昆罗决终俄对抗赛事
182,此次昆罗决中俄对抗赛上,7,False,False,1.0,0.18181818181818182,0.0,0.25902061855670105,-0.2279052734375,0.0,0.0,0.0,0.0,0,,此次昆罗决中俄队抗赛事
182,此次昆罗决中俄对抗赛上,8,False,False,1.0,0.09090909090909091,0.0,0.0979381443298969,-0.2431640625,0.0,0.0,0.0,0.0,0,,此次昆罗决中俄对抗赛事
182,此次昆罗决中俄对抗赛上,9,False,False,1.0,0.18181818181818182,0.0,0.09536082474226804,-0.243408203125,0.0,0.0,0.0,0.0,0,,此次昆罗决中俄队抗赛尚
182,此次昆罗决中俄对抗赛上,10,False,False,0.0,0.2727272727272727,0.2,0.08247422680412371,-0.24462890625,0.0,0.0,0.0,0.0,0,,此次昆罗决终俄队抗赛事
182,此次昆罗决中俄对抗赛上,11,False,False,0.0,0.18181818181818182,0.2,0.07603092783505154,-0.2452392578125,0.0,0.0,0.0,0.0,0,,此次昆罗决终俄对抗赛尚
182,此次昆罗决中俄对抗赛上,12,False,False,1.0,0.18181818181818182,0.0,0.0,-0.25244140625,0.0,0.0,0.0,0.0,0,,此次昆罗决中俄队抗赛赛
183,对于代表中国战队略先出阵的徐永昊来讲,1,True,False,0.0,0.16666666666666666,1.0,1.0,-0.1026611328125,0.0,0.0,0.0,0.0,0,,对于代表中国队略先出政的徐永浩来讲
183,对于代表中国战队略先出阵的徐永昊来讲,2,False,False,0.0,0.2222222222222222,1.0,0.8499440089585666,-0.1190185546875,0.0,0.0,0.0,0.0,0,,对于代表中国队略先出政的习永浩来讲
183,对于代表中国战队略先出阵的徐永昊来讲,3,False,True,0.0,0.1111111111111111,1.0,0.832026875699888,-0.1209716796875,0.0,0.0,0.0,0.0,0,,对于代表中国队略先出阵的徐永浩来讲
183,对于代表中国战队略先出阵的徐永昊来讲,4,False,False,0.0,0.16666666666666666,1.0,0.6774916013437849,-0.1378173828125,0.0,0.0,0.0,0.0,0,,对于代表中国队略先出征的徐永浩来讲
183,对于代表中国战队略先出阵的徐永昊来讲,5,False,False,0.0,0.16666666666666666,1.0,0.6270996640537514,-0.143310546875,0.0,0.0,0.0,0.0,0,,对于代表中国队略先出阵的习永浩来讲
183,对于代表中国战队略先出阵的徐永昊来讲,6,False,False,0.0,0.16666666666666666,1.0,0.5296752519596865,-0.1539306640625,0.0,0.0,0.0,0.0,0,,对于代表中国队略先出正的徐永浩来讲
183,对于代表中国战队略先出阵的徐永昊来讲,7,False,False,0.0,0.2222222222222222,1.0,0.49720044792833146,-0.157470703125,0.0,0.0,0.0,0.0,0,,对于代表中国队略先出征的习永浩来讲
183,对于代表中国战队略先出阵的徐永昊来讲,8,False,False,0.0,0.2222222222222222,1.0,0.4748040313549832,-0.159912109375,0.0,0.0,0.0,0.0,0,,对于代表中国队略先出政的许永浩来讲
183,对于代表中国战队略先出阵的徐永昊来讲,9,False,False,0.0,0.16666666666666666,1.0,0.3762597984322508,-0.170654296875,0.0,0.0,0.0,0.0,0,,对于代表中国队略先出证的徐永浩来讲
183,对于代表中国战队略先出阵的徐永昊来讲,10,False,False,0.0,0.16666666666666666,1.0,0.3202687569988802,-0.1767578125,0.0,0.0,0.0,0.0,0,,对于代表中国队略先出阵的许永浩来讲
183,对于代表中国战队略先出阵的徐永昊来讲,11,False,False,0.0,0.2222222222222222,1.0,0.2956326987681971,-0.179443359375,0.0,0.0,0.0,0.0,0,,对于代表中国队略先出正的习永浩来讲
183,对于代表中国战队略先出阵的徐永昊来讲,12,False,False,0.0,0.2222222222222222,1.0,0.19820828667413215,-0.1900634765625,0.0,0.0,0.0,0.0,0,,对于代表中国队略先出证的习永浩来讲
183,对于代表中国战队略先出阵的徐永昊来讲,13,False,False,0.0,0.2222222222222222,1.0,0.15677491601343785,-0.194580078125,0.0,0.0,0.0,0.0,0,,对于代表中国队略先出征的许永浩来讲
183,对于代表中国战队略先出阵的徐永昊来讲,14,False,False,0.0,0.2222222222222222,1.0,0.0,-0.211669921875,0.0,0.0,0.0,0.0,0,,对于代表中国队略先出正的许永浩来讲
184,近日德郭队公布了参加此次世锦赛的66人大名单,1,True,False,0.0,0.045454545454545456,0.3333333333333333,1.0,-0.020843505859375,0.0,0.0,0.0,0.0,0,,近日德国队公布了参加此次世锦赛的66人大名单
184,近日德郭队公布了参加此次世锦赛的66人大名单,2,False,False,0.0,0.13636363636363635,0.3333333333333333,0.413469068128426,-0.1351318359375,0.0,0.0,0.0,0.0,0,,近日德国队公布了参加此次市井赛的66人大名单
184,近日德郭队公布了参加此次世锦赛的66人大名单,3,False,False,0.0,0.13636363636363635,0.3333333333333333,0.39718089271730617,-0.1383056640625,0.0,0.0,0.0,0.0,0,,近日德国队公布了参加此次市警赛的66人大名单
184,近日德郭队公布了参加此次世锦赛的66人大名单,4,False,False,0.0,0.09090909090909091,0.3333333333333333,0.056382145653876274,-0.2047119140625,0.0,0.0,0.0,0.0,0,,近日德国队公布了参加此次世锦赛66人大名单
184,近日德郭队公布了参加此次世锦赛的66人大名单,5,False,True,1.0,0.0,0.0,0.0,-0.2156982421875,0.0,0.0,0.0,0.0,0,,近日德郭队公布了参加此次世锦赛的66人大名单
185,包括前秋运动员维斯多尔,1,True,False,1.0,0.18181818181818182,0.0,1.0,-0.07049560546875,0.0,0.0,0.0,0.0,0,,包括全球运动员维斯多尔
185,包括前秋运动员维斯多尔,2,False,True,1.0,0.0,0.0,0.6646751306945482,-0.1527099609375,0.0,0.0,0.0,0.0,0,,包括前秋运动员维斯多尔
185,包括前秋运动员维斯多尔,3,False,False,0.0,0.2727272727272727,0.25,0.5870052277819268,-0.1717529296875,0.0,0.0,0.0,0.0,0,,包括全球运动员韦斯多尔
185,包括前秋运动员维斯多尔,4,False,False,1.0,0.09090909090909091,0.0,0.3300970873786408,-0.2347412109375,0.0,0.0,0.0,0.0,0,,包括前球运动员维斯多尔
185,包括前秋运动员维斯多尔,5,False,False,0.0,0.09090909090909091,0.25,0.2917600199153597,-0.244140625,0.0,0.0,0.0,0.0,0,,包括前秋运动员韦斯多尔
185,包括前秋运动员维斯多尔,6,False,False,0.0,0.18181818181818182,0.25,0.0,-0.315673828125,0.0,0.0,0.0,0.0,0,,包括前球运动员韦斯多尔
186,撑杆跳选手拉斐尔霍尔泽德佩,1,True,False,1.0,0.15384615384615385,0.5,1.0,-0.2144775390625,0.0,0.0,0.0,0.0,0,,撑杆跳起人手拉斐尔霍尔泽德佩
186,撑杆跳选手拉斐尔霍尔泽德佩,2,False,False,1.0,0.23076923076923078,0.5,0.9348571428571428,-0.221435546875,0.0,0.0,0.0,0.0,0,,撑竿跳起人手拉斐尔霍尔泽德佩
186,撑杆跳选手拉斐尔霍尔泽德佩,3,False,True,1.0,0.07692307692307693,0.0,0.8617142857142858,-0.229248046875,0.0,0.0,0.0,0.0,0,,撑杆挑选手拉斐尔霍尔泽德佩
186,撑杆跳选手拉斐尔霍尔泽德佩,4,False,False,0.5,0.23076923076923078,0.625,0.6651428571428571,-0.250244140625,0.0,0.0,0.0,0.0,0,,撑杆跳起人手拉菲尔霍尔泽德佩
186,撑杆跳选手拉斐尔霍尔泽德佩,5,False,False,0.5,0.3076923076923077,0.625,0.5462857142857143,-0.262939453125,0.0,0.0,0.0,0.0,0,,撑竿跳起人手拉菲尔霍尔泽德佩
186,撑杆跳选手拉斐尔霍尔泽德佩,6,False,False,0.5,0.15384615384615385,0.125,0.44571428571428573,-0.273681640625,0.0,0.0,0.0,0.0,0,,撑杆挑选手拉菲尔霍尔泽德佩
186,撑杆跳选手拉斐尔霍尔泽德佩,7,False,False,1.0,0.15384615384615385,0.5,0.44342857142857145,-0.27392578125,0.0,0.0,0.0,0.0,0,,撑杆跳起岩手拉斐尔霍尔泽德佩
186,撑杆跳选手拉斐尔霍尔泽德佩,8,False,False,1.0,0.23076923076923078,0.5,0.3931428571428571,-0.279296875,0.0,0.0,0.0,0.0,0,,撑杆跳起眼首拉斐尔霍尔泽德佩
186,撑杆跳选手拉斐尔霍尔泽德佩,9,False,False,1.0,0.23076923076923078,0.0,0.3862857142857143,-0.280029296875,0.0,0.0,0.0,0.0,0,,称甘挑选手拉斐尔霍尔泽德佩
186,撑杆跳选手拉斐尔霍尔泽德佩,10,False,False,1.0,0.23076923076923078,0.5,0.38171428571428573,-0.280517578125,0.0,0.0,0.0,0.0,0,,撑杆挑起人手拉斐尔霍尔泽德佩
186,撑杆跳选手拉斐尔霍尔泽德佩,11,False,False,1.0,0.38461538461538464,0.5,0.31542857142857145,-0.28759765625,0.0,0.0,0.0,0.0,0,,称甘挑衅人手拉斐尔霍尔泽德佩
186,撑杆跳选手拉斐尔霍尔泽德佩,12,False,False,1.0,0.23076923076923078,0.5,0.31085714285714283,-0.2880859375,0.0,0.0,0.0,0.0,0,,撑竿跳血人手拉斐尔霍尔泽德佩
186,撑杆跳选手拉斐尔霍尔泽德佩,13,False,False,1.0,0.3076923076923077,0.5,0.25142857142857145,-0.29443359375,0.0,0.0,0.0,0.0,0,,称甘跳血人手拉斐尔霍尔泽德佩
186,撑杆跳选手拉斐尔霍尔泽德佩,14,False,False,0.5,0.3076923076923077,0.75,0.13942857142857143,-0.306396484375,0.0,0.0,0.0,0.0,0,,撑杆跳起人手拉斐尔霍尔则得佩
186,撑杆跳选手拉斐尔霍尔泽德佩,15,False,False,0.5,0.38461538461538464,0.75,0.12571428571428572,-0.307861328125,0.0,0.0,0.0,0.0,0,,撑竿跳起人手拉斐尔霍尔则得佩
186,撑杆跳选手拉斐尔霍尔泽德佩,16,False,False,0.5,0.23076923076923078,0.625,0.0,-0.3212890625,0.0,0.0,0.0,0.0,0,,撑杆跳起人手拉斐尔霍尔泽得佩
187,哈特灵今年饱受十字韧带伤势困扰,1,True,False,0.0,0.13333333333333333,0.3333333333333333,1.0,-0.1439208984375,0.0,0.0,0.0,0.0,0,,哈特林今年饱受十字忍带伤势困扰
187,哈特灵今年饱受十字韧带伤势困扰,2,False,False,0.0,0.2,0.3333333333333333,0.9180602006688964,-0.14990234375,0.0,0.0,0.0,0.0,0,,哈特林今年饱受十字忍待伤势困扰
187,哈特灵今年饱受十字韧带伤势困扰,3,False,False,0.0,0.2,0.3333333333333333,0.7290969899665551,-0.1636962890625,0.0,0.0,0.0,0.0,0,,哈特林今年饱受十字忍耐伤势困扰
187,哈特灵今年饱受十字韧带伤势困扰,4,False,True,1.0,0.06666666666666667,0.0,0.6421404682274248,-0.1700439453125,0.0,0.0,0.0,0.0,0,,哈特灵今年饱受十字忍带伤势困扰
187,哈特灵今年饱受十字韧带伤势困扰,5,False,False,1.0,0.13333333333333333,0.0,0.5852842809364549,-0.1741943359375,0.0,0.0,0.0,0.0,0,,哈特灵今年饱受十字忍待伤势困扰
187,哈特灵今年饱受十字韧带伤势困扰,6,False,False,0.0,0.13333333333333333,0.3333333333333333,0.5317725752508361,-0.1781005859375,0.0,0.0,0.0,0.0,0,,哈特琳今年饱受十字忍带伤势困扰
187,哈特灵今年饱受十字韧带伤势困扰,7,False,False,0.0,0.2,0.3333333333333333,0.44816053511705684,-0.1842041015625,0.0,0.0,0.0,0.0,0,,哈特琳今年饱受十字忍待伤势困扰
187,哈特灵今年饱受十字韧带伤势困扰,8,False,False,0.0,0.2,0.3333333333333333,0.38461538461538464,-0.1888427734375,0.0,0.0,0.0,0.0,0,,哈特林今年饱受十字忍受伤势困扰
187,哈特灵今年饱受十字韧带伤势困扰,9,False,False,1.0,0.13333333333333333,0.0,0.38294314381270905,-0.18896484375,0.0,0.0,0.0,0.0,0,,哈特灵今年饱受十字忍耐伤势困扰
187,哈特灵今年饱受十字韧带伤势困扰,10,False,False,0.0,0.2,0.3333333333333333,0.2525083612040134,-0.198486328125,0.0,0.0,0.0,0.0,0,,哈特琳今年饱受十字忍耐伤势困扰
187,哈特灵今年饱受十字韧带伤势困扰,11,False,False,0.0,0.2,0.3333333333333333,0.2508361204013378,-0.1986083984375,0.0,0.0,0.0,0.0,0,,哈特林今年饱受十字忍败伤势困扰
187,哈特灵今年饱受十字韧带伤势困扰,12,False,False,0.0,0.2,0.3333333333333333,0.038461538461538464,-0.214111328125,0.0,0.0,0.0,0.0,0,,哈特玲今年饱受十字忍待伤势困扰
187,哈特灵今年饱受十字韧带伤势困扰,13,False,False,1.0,0.13333333333333333,0.0,0.0,-0.2169189453125,0.0,0.0,0.0,0.0,0,,哈特灵今年饱受十字忍受伤势困扰
188,德国队此次以老带新,1,True,True,1.0,0.2222222222222222,0.0,1.0,-0.130126953125,0.0,0.0,0.0,0.0,0,,德国对此次以老待新
188,德国队此次以老带新,2,False,False,1.0,0.3333333333333333,0.0,0.3851239669421488,-0.311767578125,0.0,0.0,0.0,0.0,0,,德国对此次倚老待新
188,德国队此次以老带新,3,False,False,1.0,0.3333333333333333,0.0,0.22975206611570248,-0.357666015625,0.0,0.0,0.0,0.0,0,,德国对此次倚老殆新
188,德国队此次以老带新,4,False,False,1.0,0.2222222222222222,0.0,0.22644628099173553,-0.358642578125,0.0,0.0,0.0,0.0,0,,德国对此次以老代新
188,德国队此次以老带新,5,False,False,1.0,0.3333333333333333,0.0,0.1628099173553719,-0.37744140625,0.0,0.0,0.0,0.0,0,,德国对此次以老待兴
188,德国队此次以老带新,6,False,False,1.0,0.4444444444444444,0.0,0.15867768595041323,-0.378662109375,0.0,0.0,0.0,0.0,0,,德国对此次倚老待兴
188,德国队此次以老带新,7,False,False,1.0,0.4444444444444444,0.0,0.05702479338842975,-0.40869140625,0.0,0.0,0.0,0.0,0,,德国对此次遗老待兴
188,德国队此次以老带新,8,False,False,1.0,0.2222222222222222,0.0,0.023140495867768594,-0.418701171875,0.0,0.0,0.0,0.0,0,,德国对此次以老殆新
188,德国队此次以老带新,9,False,False,1.0,0.3333333333333333,0.0,0.0,-0.425537109375,0.0,0.0,0.0,0.0,0,,德国对此事以老待新
189,附二零一五田径世锦赛德国队名单,1,True,True,1.0,0.3333333333333333,0.0,1.0,-0.1337890625,0.0,0.0,0.0,0.0,0,,赴2015田径世锦赛德国队名单
189,附二零一五田径世锦赛德国队名单,2,False,False,1.0,0.3333333333333333,0.0,0.8908918406072106,-0.1478271484375,0.0,0.0,0.0,0.0,0,,辅2015田径世锦赛德国队名单
189,附二零一五田径世锦赛德国队名单,3,False,False,1.0,0.3333333333333333,0.0,0.7296015180265655,-0.1685791015625,0.0,0.0,0.0,0.0,0,,福2015田径世锦赛德国队名单
189,附二零一五田径世锦赛德国队名单,4,False,False,1.0,0.3333333333333333,0.0,0.6166982922201139,-0.18310546875,0.0,0.0,0.0,0.0,0,,服2015田径世锦赛德国队名单
189,附二零一五田径世锦赛德国队名单,5,False,False,1.0,0.4,0.0,0.45540796963946867,-0.203857421875,0.0,0.0,0.0,0.0,0,,赴2015田径市锦赛德国队名单
189,附二零一五田径世锦赛德国队名单,6,False,False,1.0,0.4,0.0,0.2998102466793169,-0.223876953125,0.0,0.0,0.0,0.0,0,,福2015田径市锦赛德国队名单
189,附二零一五田径世锦赛德国队名单,7,False,False,1.0,0.4,0.0,0.27988614800759015,-0.2264404296875,0.0,0.0,0.0,0.0,0,,辅2015田径市锦赛德国队名单
189,附二零一五田径世锦赛德国队名单,8,False,False,1.0,0.3333333333333333,0.0,0.11859582542694497,-0.2471923828125,0.0,0.0,0.0,0.0,0,,俯2015田径世锦赛德国队名单
189,附二零一五田径世锦赛德国队名单,9,False,False,1.0,0.4,0.0,0.10910815939278938,-0.2484130859375,0.0,0.0,0.0,0.0,0,,府2015田径市锦赛德国队名单
189,附二零一五田径世锦赛德国队名单,10,False,False,1.0,0.4,0.0,0.06072106261859583,-0.254638671875,0.0,0.0,0.0,0.0,0,,服2015田径市锦赛德国队名单
189,附二零一五田径世锦赛德国队名单,11,False,False,1.0,0.3333333333333333,0.0,0.03795066413662239,-0.257568359375,0.0,0.0,0.0,0.0,0,,府2015田径世锦赛德国队名单
189,附二零一五田径世锦赛德国队名单,12,False,False,1.0,0.3333333333333333,0.0,0.0,-0.262451171875,0.0,0.0,0.0,0.0,0,,普2015田径世锦赛德国队名单
190,200米罗宾埃尔瓦,1,True,True,1.0,0.0,0.0,1.0,-0.190185546875,0.0,0.0,0.0,0.0,0,,200米罗宾埃尔瓦
190,200米罗宾埃尔瓦,2,False,False,1.0,0.1111111111111111,0.0,0.06575682382133995,-0.3740234375,0.0,0.0,0.0,0.0,0,,200米罗宾艾尔瓦
190,200米罗宾埃尔瓦,3,False,False,1.0,0.1111111111111111,0.0,0.0,-0.386962890625,0.0,0.0,0.0,0.0,0,,200米罗宾阿尔瓦
191,800米罗宾斯切姆贝拉,1,True,True,1.0,0.0,0.0,1.0,-0.0751953125,0.0,0.0,0.0,0.0,0,,800米罗宾斯切姆贝拉
191,800米罗宾斯切姆贝拉,2,False,False,1.0,0.2727272727272727,1.0,0.25147492625368734,-0.322998046875,0.0,0.0,0.0,0.0,0,,巴白米罗宾斯切姆贝拉
191,800米罗宾斯切姆贝拉,3,False,False,1.0,0.09090909090909091,0.0,0.09513274336283185,-0.374755859375,0.0,0.0,0.0,0.0,0,,800米罗宾斯迁姆贝拉
191,800米罗宾斯切姆贝拉,4,False,False,1.0,0.18181818181818182,1.0,0.07079646017699115,-0.3828125,0.0,0.0,0.0,0.0,0,,8百米罗宾斯切姆贝拉
191,800米罗宾斯切姆贝拉,5,False,False,1.0,0.09090909090909091,0.0,0.0,-0.40625,0.0,0.0,0.0,0.0,0,,800米罗宾斯且姆贝拉
192,5000米理查德灵格,1,True,False,0.0,0.2,0.4,1.0,-0.2235107421875,0.0,0.0,0.0,0.0,0,,5000米里查德林格
192,5000米理查德灵格,2,False,False,0.0,0.5,0.6,0.45631891433418154,-0.458251953125,0.0,0.0,0.0,0.0,0,,5千米里查德林格
192,5000米理查德灵格,3,False,True,1.0,0.1,0.2,0.44387899349731413,-0.463623046875,0.0,0.0,0.0,0.0,0,,5000米理查德林格
192,5000米理查德灵格,4,False,False,0.0,0.3,0.6,0.22391857506361323,-0.55859375,0.0,0.0,0.0,0.0,0,,5000米里察德林格
192,5000米理查德灵格,5,False,False,0.0,0.4,0.6,0.21034775233248515,-0.564453125,0.0,0.0,0.0,0.0,0,,50米里查德林格
192,5000米理查德灵格,6,False,False,0.0,0.7,0.6,0.0,-0.6552734375,0.0,0.0,0.0,0.0,0,,五千里里查德林格
193,10000米阿尔恩加比乌斯,1,True,False,0.0,0.5384615384615384,0.5714285714285714,1.0,-0.36962890625,0.0,0.0,0.0,0.0,0,,1万米2n加比乌斯
193,10000米阿尔恩加比乌斯,2,False,False,0.0,0.5384615384615384,0.5714285714285714,0.8782051282051282,-0.37890625,0.0,0.0,0.0,0.0,0,,1万米2N加比乌斯
193,10000米阿尔恩加比乌斯,3,False,False,0.0,0.6153846153846154,0.7142857142857143,0.3974358974358974,-0.41552734375,0.0,0.0,0.0,0.0,0,,1万米2n加比乌丝
193,10000米阿尔恩加比乌斯,4,False,True,0.0,0.23076923076923078,0.42857142857142855,0.38461538461538464,-0.41650390625,0.0,0.0,0.0,0.0,0,,10000米二n加比乌斯
193,10000米阿尔恩加比乌斯,5,False,False,0.0,0.6153846153846154,0.7142857142857143,0.34294871794871795,-0.419677734375,0.0,0.0,0.0,0.0,0,,1万米2N加比乌丝
193,10000米阿尔恩加比乌斯,6,False,False,0.0,0.23076923076923078,0.42857142857142855,0.0,-0.44580078125,0.0,0.0,0.0,0.0,0,,10000米二N加比乌斯
194,110米栏马特里亚斯布赫雷尔,1,True,True,0.0,0.21428571428571427,0.4444444444444444,1.0,-0.2288818359375,0.0,0.0,0.0,0.0,0,,110米兰马特里斯布豪雷尔
194,110米栏马特里亚斯布赫雷尔,2,False,False,0.0,0.2857142857142857,0.5555555555555556,0.9301260022909508,-0.236328125,0.0,0.0,0.0,0.0,0,,110米莱玛特里斯布豪雷尔
194,110米栏马特里亚斯布赫雷尔,3,False,False,0.0,0.2857142857142857,0.5555555555555556,0.9289805269186713,-0.2364501953125,0.0,0.0,0.0,0.0,0,,110米兰玛特里斯布豪雷尔
194,110米栏马特里亚斯布赫雷尔,4,False,False,0.0,0.2857142857142857,0.5555555555555556,0.032073310423825885,-0.33203125,0.0,0.0,0.0,0.0,0,,110米兰玛特里斯布好雷尔
194,110米栏马特里亚斯布赫雷尔,5,False,False,0.0,0.21428571428571427,0.4444444444444444,0.0,-0.33544921875,0.0,0.0,0.0,0.0,0,,110米兰马特里斯布好雷尔
195,格里格尔特拉贝尔,1,True,True,1.0,0.0,0.0,1.0,-0.0374755859375,0.0,0.0,0.0,0.0,0,,格里格尔特拉贝尔
195,格里格尔特拉贝尔,2,False,False,0.0,0.125,0.125,0.605884066414215,-0.20263671875,0.0,0.0,0.0,0.0,0,,格黎格尔特拉贝尔
195,格里格尔特拉贝尔,3,False,False,0.0,0.125,0.125,0.41421497232741045,-0.282958984375,0.0,0.0,0.0,0.0,0,,格里戈尔特拉贝尔
195,格里格尔特拉贝尔,4,False,False,0.0,0.25,0.25,0.3425575298572677,-0.31298828125,0.0,0.0,0.0,0.0,0,,格黎戈尔特拉贝尔
195,格里格尔特拉贝尔,5,False,False,0.0,0.125,0.125,0.33673172152636177,-0.3154296875,0.0,0.0,0.0,0.0,0,,格尼格尔特拉贝尔
195,格里格尔特拉贝尔,6,False,False,0.0,0.125,0.125,0.26973492572094376,-0.343505859375,0.0,0.0,0.0,0.0,0,,格雷格尔特拉贝尔
195,格里格尔特拉贝尔,7,False,False,0.0,0.125,0.125,0.019225167491989513,-0.448486328125,0.0,0.0,0.0,0.0,0,,格离格尔特拉贝尔
195,格里格尔特拉贝尔,8,False,False,0.0,0.25,0.25,0.0,-0.45654296875,0.0,0.0,0.0,0.0,0,,格尼戈尔特拉贝尔
196,撑杆跳拉斐尔霍尔泽德斯佩,1,True,False,1.0,0.16666666666666666,0.0,1.0,-0.400146484375,0.0,0.0,0.0,0.0,0,,成干跳拉斐尔霍尔泽德斯佩
196,撑杆跳拉斐尔霍尔泽德斯佩,2,False,False,1.0,0.16666666666666666,0.0,0.718266253869969,-0.42236328125,0.0,0.0,0.0,0.0,0,,成竿跳拉斐尔霍尔泽德斯佩
196,撑杆跳拉斐尔霍尔泽德斯佩,3,False,False,0.5,0.25,0.1111111111111111,0.6594427244582043,-0.427001953125,0.0,0.0,0.0,0.0,0,,成干跳拉菲尔霍尔泽德斯佩
196,撑杆跳拉斐尔霍尔泽德斯佩,4,False,False,0.5,0.25,0.1111111111111111,0.6130030959752322,-0.4306640625,0.0,0.0,0.0,0.0,0,,成干跳拉斐尔霍尔泽德斯派
196,撑杆跳拉斐尔霍尔泽德斯佩,5,False,False,0.5,0.3333333333333333,0.1111111111111111,0.5386996904024768,-0.4365234375,0.0,0.0,0.0,0.0,0,,成根挑拉菲尔霍尔泽德斯佩
196,撑杆跳拉斐尔霍尔泽德斯佩,6,False,False,0.5,0.25,0.1111111111111111,0.46439628482972134,-0.4423828125,0.0,0.0,0.0,0.0,0,,成干跳拉斐尔霍尔泽德斯泰
196,撑杆跳拉斐尔霍尔泽德斯佩,7,False,False,0.5,0.25,0.1111111111111111,0.44272445820433437,-0.444091796875,0.0,0.0,0.0,0.0,0,,成竿跳拉斐尔霍尔泽德斯派
196,撑杆跳拉斐尔霍尔泽德斯佩,8,False,False,0.5,0.25,0.1111111111111111,0.3931888544891641,-0.447998046875,0.0,0.0,0.0,0.0,0,,成根跳拉斐尔霍尔泽德斯派
196,撑杆跳拉斐尔霍尔泽德斯佩,9,False,False,1.0,0.16666666666666666,0.0,0.39009287925696595,-0.4482421875,0.0,0.0,0.0,0.0,0,,成根跳拉斐尔霍尔泽德斯佩
196,撑杆跳拉斐尔霍尔泽德斯佩,10,False,False,0.5,0.16666666666666666,0.1111111111111111,0.38699690402476783,-0.448486328125,0.0,0.0,0.0,0.0,0,,成杆跳拉斐尔霍尔泽德斯派
196,撑杆跳拉斐尔霍尔泽德斯佩,11,False,False,1.0,0.25,0.0,0.29102167182662536,-0.4560546875,0.0,0.0,0.0,0.0,0,,成根挑拉斐尔霍尔泽德斯佩
196,撑杆跳拉斐尔霍尔泽德斯佩,12,False,False,0.5,0.3333333333333333,0.2222222222222222,0.2043343653250774,-0.462890625,0.0,0.0,0.0,0.0,0,,成干跳拉斐尔霍尔泽德派
196,撑杆跳拉斐尔霍尔泽德斯佩,13,False,False,0.5,0.25,0.1111111111111111,0.19814241486068113,-0.46337890625,0.0,0.0,0.0,0.0,0,,成竿跳拉菲尔霍尔泽德斯佩
196,撑杆跳拉斐尔霍尔泽德斯佩,14,False,True,1.0,0.08333333333333333,0.0,0.15170278637770898,-0.467041015625,0.0,0.0,0.0,0.0,0,,成杆跳拉斐尔霍尔泽德斯佩
196,撑杆跳拉斐尔霍尔泽德斯佩,15,False,False,0.5,0.25,0.1111111111111111,0.14551083591331268,-0.467529296875,0.0,0.0,0.0,0.0,0,,成竿跳拉斐尔霍尔泽德斯泰
196,撑杆跳拉斐尔霍尔泽德斯佩,16,False,False,1.0,0.16666666666666666,0.0,0.0,-0.47900390625,0.0,0.0,0.0,0.0,0,,成杆挑拉斐尔霍尔泽德斯佩
197,铅球达维斯多尔,1,True,False,0.5,0.5714285714285714,0.4444444444444444,1.0,-0.25927734375,0.0,0.0,0.0,0.0,0,,千秋达威斯多瓦尔
197,铅球达维斯多尔,2,False,False,0.5,0.42857142857142855,0.2222222222222222,0.9882854100106496,-0.261962890625,0.0,0.0,0.0,0.0,0,,千秋达威斯多尔
197,铅球达维斯多尔,3,False,False,0.5,0.7142857142857143,0.6666666666666666,0.663471778487753,-0.33642578125,0.0,0.0,0.0,0.0,0,,千秋达威斯杜瓦尔
197,铅球达维斯多尔,4,False,False,0.5,0.7142857142857143,0.6666666666666666,0.5867944621938233,-0.35400390625,0.0,0.0,0.0,0.0,0,,千秋达威斯段
197,铅球达维斯多尔,5,False,True,1.0,0.2857142857142857,0.0,0.3333333333333333,-0.412109375,0.0,0.0,0.0,0.0,0,,千秋达维斯多尔
197,铅球达维斯多尔,6,False,False,0.5,0.42857142857142855,0.2222222222222222,0.33226837060702874,-0.412353515625,0.0,0.0,0.0,0.0,0,,千秋达维斯多瓦尔
197,铅球达维斯多尔,7,False,False,0.5,0.5714285714285714,0.4444444444444444,0.27582534611288606,-0.42529296875,0.0,0.0,0.0,0.0,0,,千秋达维斯段
197,铅球达维斯多尔,8,False,False,0.5,0.7142857142857143,0.6666666666666666,0.23429179978700745,-0.434814453125,0.0,0.0,0.0,0.0,0,,千秋达威斯断
197,铅球达维斯多尔,9,False,False,0.5,0.5714285714285714,0.4444444444444444,0.18743343982960597,-0.445556640625,0.0,0.0,0.0,0.0,0,,千秋达威斯堕尔
197,铅球达维斯多尔,10,False,False,0.5,0.5714285714285714,0.4444444444444444,0.17891373801916932,-0.447509765625,0.0,0.0,0.0,0.0,0,,千秋达威斯多阿尔
197,铅球达维斯多尔,11,False,False,0.0,0.7142857142857143,0.5555555555555556,0.1448349307774228,-0.455322265625,0.0,0.0,0.0,0.0,0,,千秋大为斯多瓦尔
197,铅球达维斯多尔,12,False,False,0.5,0.5714285714285714,0.4444444444444444,0.11608093716719915,-0.4619140625,0.0,0.0,0.0,0.0,0,,千秋达威斯断尔
197,铅球达维斯多尔,13,False,False,0.5,0.5714285714285714,0.4444444444444444,0.0,-0.488525390625,0.0,0.0,0.0,0.0,0,,千秋达威斯杜尔
198,铁饼克里斯托弗哈特灵,1,True,True,0.5,0.1,0.18181818181818182,1.0,-0.1553955078125,0.0,0.0,0.0,0.0,0,,铁饼克里斯托弗哈特林
198,铁饼克里斯托弗哈特灵,2,False,False,0.0,0.2,0.2727272727272727,0.9020791415157612,-0.1732177734375,0.0,0.0,0.0,0.0,0,,铁饼克里斯托夫哈特林
198,铁饼克里斯托弗哈特灵,3,False,False,0.0,0.2,0.2727272727272727,0.8665325285043595,-0.1796875,0.0,0.0,0.0,0.0,0,,铁饼科里斯托弗哈特林
198,铁饼克里斯托弗哈特灵,4,False,False,0.0,0.2,0.2727272727272727,0.8048289738430584,-0.19091796875,0.0,0.0,0.0,0.0,0,,铁饼柯里斯托弗哈特林
198,铁饼克里斯托弗哈特灵,5,False,False,0.0,0.2,0.2727272727272727,0.7176391683433937,-0.206787109375,0.0,0.0,0.0,0.0,0,,铁饼克里斯托福哈特林
198,铁饼克里斯托弗哈特灵,6,False,False,0.0,0.3,0.36363636363636365,0.664654594232059,-0.2164306640625,0.0,0.0,0.0,0.0,0,,铁饼科里斯托夫哈特林
198,铁饼克里斯托弗哈特灵,7,False,False,0.0,0.3,0.36363636363636365,0.6639839034205232,-0.216552734375,0.0,0.0,0.0,0.0,0,,铁饼柯里斯托夫哈特林
198,铁饼克里斯托弗哈特灵,8,False,False,0.0,0.3,0.36363636363636365,0.641851106639839,-0.2205810546875,0.0,0.0,0.0,0.0,0,,铁饼科里斯托福哈特林
198,铁饼克里斯托弗哈特灵,9,False,False,0.0,0.3,0.36363636363636365,0.4902749832327297,-0.2481689453125,0.0,0.0,0.0,0.0,0,,铁饼柯里斯托福哈特林
198,铁饼克里斯托弗哈特灵,10,False,False,0.5,0.1,0.18181818181818182,0.21059691482226695,-0.299072265625,0.0,0.0,0.0,0.0,0,,铁饼克里斯托弗哈特琳
198,铁饼克里斯托弗哈特灵,11,False,False,0.0,0.2,0.2727272727272727,0.14352783366867874,-0.311279296875,0.0,0.0,0.0,0.0,0,,铁饼克里斯托夫哈特琳
198,铁饼克里斯托弗哈特灵,12,False,False,0.0,0.2,0.2727272727272727,0.056338028169014086,-0.3271484375,0.0,0.0,0.0,0.0,0,,铁饼柯里斯托弗哈特琳
198,铁饼克里斯托弗哈特灵,13,False,False,0.0,0.2,0.2727272727272727,0.0,-0.33740234375,0.0,0.0,0.0,0.0,0,,铁饼科里斯托弗哈特琳
199,全能里科费雷姆斯,1,True,False,0.0,0.375,0.375,1.0,-0.320556640625,0.0,0.0,0.0,0.0,0,,潜能理科费雷摩斯
199,全能里科费雷姆斯,2,False,False,0.0,0.375,0.375,0.9049295774647887,-0.333740234375,0.0,0.0,0.0,0.0,0,,前能理科费雷摩斯
199,全能里科费雷姆斯,3,False,False,0.0,0.25,0.25,0.8274647887323944,-0.344482421875,0.0,0.0,0.0,0.0,0,,潜能理科费雷姆斯
199,全能里科费雷姆斯,4,False,False,0.0,0.25,0.25,0.7112676056338029,-0.360595703125,0.0,0.0,0.0,0.0,0,,钱能里科费雷摩斯
199,全能里科费雷姆斯,5,False,False,0.0,0.375,0.375,0.6073943661971831,-0.375,0.0,0.0,0.0,0.0,0,,钱能理科费雷摩斯
199,全能里科费雷姆斯,6,False,False,0.0,0.25,0.25,0.6056338028169014,-0.375244140625,0.0,0.0,0.0,0.0,0,,前能理科费雷姆斯
199,全能里科费雷姆斯,7,False,True,0.0,0.125,0.125,0.5915492957746479,-0.377197265625,0.0,0.0,0.0,0.0,0,,钱能里科费雷姆斯
199,全能里科费雷姆斯,8,False,False,0.0,0.25,0.25,0.323943661971831,-0.414306640625,0.0,0.0,0.0,0.0,0,,钱能理科费雷姆斯
199,全能里科费雷姆斯,9,False,False,0.0,0.375,0.375,0.14964788732394366,-0.4384765625,0.0,0.0,0.0,0.0,0,,前能力科费雷摩斯
199,全能里科费雷姆斯,10,False,False,0.0,0.25,0.25,0.09330985915492958,-0.4462890625,0.0,0.0,0.0,0.0,0,,全能理科费雷摩斯
199,全能里科费雷姆斯,11,False,False,0.0,0.5,0.5,0.058098591549295774,-0.451171875,0.0,0.0,0.0,0.0,0,,潜能理科菲雷摩斯
199,全能里科费雷姆斯,12,False,False,0.0,0.375,0.375,0.0,-0.459228515625,0.0,0.0,0.0,0.0,0,,潜能理科菲雷姆斯
200,迈克尔斯齐莱德尔,1,True,True,1.0,0.0,0.0,1.0,-0.11907958984375,0.0,0.0,0.0,0.0,0,,迈克尔斯齐莱德尔
200,迈克尔斯齐莱德尔,2,False,False,0.0,0.125,0.125,0.9913419913419913,-0.12017822265625,0.0,0.0,0.0,0.0,0,,麦克尔斯齐莱德尔
200,迈克尔斯齐莱德尔,3,False,False,0.0,0.125,0.125,0.04521404521404521,-0.240234375,0.0,0.0,0.0,0.0,0,,迈克尔斯奇莱德尔
200,迈克尔斯齐莱德尔,4,False,False,0.0,0.25,0.25,0.0,-0.2459716796875,0.0,0.0,0.0,0.0,0,,麦克尔斯奇莱德尔
201,四乘100米接力罗伯特哈特灵,1,True,False,1.0,0.07142857142857142,0.2222222222222222,1.0,-0.241943359375,0.0,0.0,0.0,0.0,0,,四乘100米接力罗伯特哈特林
201,四乘100米接力罗伯特哈特灵,2,False,False,1.0,0.21428571428571427,0.2222222222222222,0.579185520361991,-0.287353515625,0.0,0.0,0.0,0.0,0,,四成100名接力罗伯特哈特林
201,四乘100米接力罗伯特哈特灵,3,False,False,1.0,0.21428571428571427,0.2222222222222222,0.5678733031674208,-0.28857421875,0.0,0.0,0.0,0.0,0,,4×100米接力罗伯特哈特林
201,四乘100米接力罗伯特哈特灵,4,False,False,1.0,0.14285714285714285,0.2222222222222222,0.39592760180995473,-0.30712890625,0.0,0.0,0.0,0.0,0,,四乘100名接力罗伯特哈特林
201,四乘100米接力罗伯特哈特灵,5,False,False,1.0,0.07142857142857142,0.2222222222222222,0.3009049773755656,-0.3173828125,0.0,0.0,0.0,0.0,0,,四乘100米接力罗伯特哈特琳
201,四乘100米接力罗伯特哈特灵,6,False,True,1.0,0.0,0.0,0.20361990950226244,-0.327880859375,0.0,0.0,0.0,0.0,0,,四乘100米接力罗伯特哈特灵
201,四乘100米接力罗伯特哈特灵,7,False,False,1.0,0.14285714285714285,0.2222222222222222,0.13122171945701358,-0.335693359375,0.0,0.0,0.0,0.0,0,,4乘100米接力罗伯特哈特林
201,四乘100米接力罗伯特哈特灵,8,False,False,1.0,0.21428571428571427,0.2222222222222222,0.0,-0.349853515625,0.0,0.0,0.0,0.0,0,,四成100名接力罗伯特哈特琳
202,雅莱克斯欧帕拉迪尼门格,1,True,False,0.0,0.18181818181818182,0.2,1.0,-0.2203369140625,0.0,0.0,0.0,0.0,0,,雅来克斯欧帕拉蒂尼门格
202,雅莱克斯欧帕拉迪尼门格,2,False,False,0.0,0.18181818181818182,0.2,0.6358381502890174,-0.2587890625,0.0,0.0,0.0,0.0,0,,亚莱克斯欧帕拉蒂尼门格
202,雅莱克斯欧帕拉迪尼门格,3,False,True,0.0,0.09090909090909091,0.2,0.4439306358381503,-0.279052734375,0.0,0.0,0.0,0.0,0,,雅莱克斯欧帕拉蒂尼门格
202,雅莱克斯欧帕拉迪尼门格,4,False,False,0.0,0.18181818181818182,0.2,0.3213872832369942,-0.2919921875,0.0,0.0,0.0,0.0,0,,雅来克斯欧帕拉第尼门格
202,雅莱克斯欧帕拉迪尼门格,5,False,False,0.0,0.2727272727272727,0.4,0.30982658959537573,-0.293212890625,0.0,0.0,0.0,0.0,0,,雅来克斯奥帕拉蒂尼门格
202,雅莱克斯欧帕拉迪尼门格,6,False,False,0.0,0.18181818181818182,0.2,0.2566473988439306,-0.298828125,0.0,0.0,0.0,0.0,0,,雅来克斯欧帕拉帝尼门格
202,雅莱克斯欧帕拉迪尼门格,7,False,False,0.0,0.18181818181818182,0.2,0.18265895953757225,-0.306640625,0.0,0.0,0.0,0.0,0,,雅来克斯欧帕拉地尼门格
202,雅莱克斯欧帕拉迪尼门格,8,False,False,0.0,0.2727272727272727,0.2,0.12485549132947976,-0.312744140625,0.0,0.0,0.0,0.0,0,,雅来克斯欧帕拉蒂尼蒙格
202,雅莱克斯欧帕拉迪尼门格,9,False,False,0.0,0.18181818181818182,0.2,0.0,-0.325927734375,0.0,0.0,0.0,0.0,0,,亚莱克斯欧帕拉第尼门格
203,吉娜卢克肯科姆普尔,1,True,False,0.5,0.1111111111111111,0.1111111111111111,1.0,-0.170654296875,0.0,0.0,0.0,0.0,0,,吉拿卢克肯科姆普尔
203,吉娜卢克肯科姆普尔,2,False,False,0.5,0.1111111111111111,0.1111111111111111,0.6411290322580645,-0.2467041015625,0.0,0.0,0.0,0.0,0,,吉纳卢克肯科姆普尔
203,吉娜卢克肯科姆普尔,3,False,True,1.0,0.0,0.0,0.6059907834101382,-0.254150390625,0.0,0.0,0.0,0.0,0,,吉娜卢克肯科姆普尔
203,吉娜卢克肯科姆普尔,4,False,False,0.0,0.2222222222222222,0.2222222222222222,0.1578341013824885,-0.34912109375,0.0,0.0,0.0,0.0,0,,吉拿卢克坎科姆普尔
203,吉娜卢克肯科姆普尔,5,False,False,0.5,0.1111111111111111,0.1111111111111111,0.12327188940092165,-0.3564453125,0.0,0.0,0.0,0.0,0,,吉那卢克肯科姆普尔
203,吉娜卢克肯科姆普尔,6,False,False,0.0,0.2222222222222222,0.2222222222222222,0.001152073732718894,-0.38232421875,0.0,0.0,0.0,0.0,0,,吉拿卢克肯科姆普阿尔
203,吉娜卢克肯科姆普尔,7,False,False,0.0,0.2222222222222222,0.2222222222222222,0.0,-0.382568359375,0.0,0.0,0.0,0.0,0,,吉拿卢克肯科姆普洱
204,800米克里斯蒂娜哈灵,1,True,False,1.0,0.09090909090909091,0.14285714285714285,1.0,-0.281494140625,0.0,0.0,0.0,0.0,0,,800米克里斯蒂娜哈林
204,800米克里斯蒂娜哈灵,2,False,False,0.5,0.18181818181818182,0.2857142857142857,0.871578947368421,-0.29638671875,0.0,0.0,0.0,0.0,0,,800米科里斯蒂娜哈林
204,800米克里斯蒂娜哈灵,3,False,False,0.5,0.18181818181818182,0.2857142857142857,0.28,-0.364990234375,0.0,0.0,0.0,0.0,0,,800米克里斯蒂纳哈林
204,800米克里斯蒂娜哈灵,4,False,True,1.0,0.0,0.0,0.17473684210526316,-0.377197265625,0.0,0.0,0.0,0.0,0,,800米克里斯蒂娜哈灵
204,800米克里斯蒂娜哈灵,5,False,False,0.5,0.09090909090909091,0.14285714285714285,0.05052631578947368,-0.3916015625,0.0,0.0,0.0,0.0,0,,800米科里斯蒂娜哈灵
204,800米克里斯蒂娜哈灵,6,False,False,1.0,0.36363636363636365,0.5714285714285714,0.04,-0.392822265625,0.0,0.0,0.0,0.0,0,,巴白米克里斯蒂娜哈林
204,800米克里斯蒂娜哈灵,7,False,False,0.0,0.2727272727272727,0.42857142857142855,0.04,-0.392822265625,0.0,0.0,0.0,0.0,0,,800米科里斯蒂纳哈林
204,800米克里斯蒂娜哈灵,8,False,False,0.5,0.45454545454545453,0.5714285714285714,0.0,-0.3974609375,0.0,0.0,0.0,0.0,0,,巴白米科里斯蒂娜哈林
205,科林之前已经积极的支持影片拍摄,1,True,False,0.0,0.06666666666666667,0.5,1.0,-0.0809326171875,0.0,0.0,0.0,0.0,0,,柯林之前已经积极的支持影片拍摄
205,科林之前已经积极的支持影片拍摄,2,False,False,0.0,0.06666666666666667,0.5,0.9733292458614347,-0.08624267578125,0.0,0.0,0.0,0.0,0,,克林之前已经积极的支持影片拍摄
205,科林之前已经积极的支持影片拍摄,3,False,False,0.0,0.13333333333333333,0.5,0.5702023298589822,-0.16650390625,0.0,0.0,0.0,0.0,0,,柯林之前已经积极地支持影片拍摄
205,科林之前已经积极的支持影片拍摄,4,False,False,0.0,0.13333333333333333,0.5,0.5076640098099325,-0.178955078125,0.0,0.0,0.0,0.0,0,,克林之前已经积极地支持影片拍摄
205,科林之前已经积极的支持影片拍摄,5,False,False,0.0,0.13333333333333333,0.5,0.2795830778663397,-0.224365234375,0.0,0.0,0.0,0.0,0,,柯林之前已经积极的支持影片拍摄了
205,科林之前已经积极的支持影片拍摄,6,False,False,0.0,0.13333333333333333,0.5,0.22378908645003065,-0.2354736328125,0.0,0.0,0.0,0.0,0,,克林之前已经积极的支持影片拍摄了
205,科林之前已经积极的支持影片拍摄,7,False,True,1.0,0.0,0.0,0.05150214592274678,-0.269775390625,0.0,0.0,0.0,0.0,0,,科林之前已经积极的支持影片拍摄
205,科林之前已经积极的支持影片拍摄,8,False,False,0.0,0.13333333333333333,0.5,0.0,-0.280029296875,0.0,0.0,0.0,0.0,0,,柯林之前已经积极支持影片拍摄
206,艺人谢婷婷出席活动时,1,True,True,1.0,0.0,0.0,1.0,-0.01335906982421875,0.0,0.0,0.0,0.0,0,,艺人谢婷婷出席活动时
206,艺人谢婷婷出席活动时,2,False,False,0.0,0.2,0.6666666666666666,0.17590981838424605,-0.284423828125,0.0,0.0,0.0,0.0,0,,艺人谢庭庭出席活动时
206,艺人谢婷婷出席活动时,3,False,False,0.0,0.1,0.3333333333333333,0.13286015818894534,-0.298583984375,0.0,0.0,0.0,0.0,0,,艺人解婷婷出席活动时
206,艺人谢婷婷出席活动时,4,False,False,0.0,0.2,0.6666666666666666,0.04379189571590936,-0.327880859375,0.0,0.0,0.0,0.0,0,,艺人谢亭亭出席活动时
206,艺人谢婷婷出席活动时,5,False,False,0.0,0.2,0.6666666666666666,0.008164590726694964,-0.339599609375,0.0,0.0,0.0,0.0,0,,艺人谢霆霆出席活动时
206,艺人谢婷婷出席活动时,6,False,False,1.0,0.1,0.0,0.0,-0.34228515625,0.0,0.0,0.0,0.0,0,,1人谢婷婷出席活动时
207,京华时报讯记者迟名常鑫前天中午近一一点半,1,True,False,0.0,0.35,0.75,1.0,-0.26220703125,0.0,0.0,0.0,0.0,0,,金华时报信记者持名长新前天中午近11点半
207,京华时报讯记者迟名常鑫前天中午近一一点半,2,False,False,0.0,0.35,0.75,0.953125,-0.264404296875,0.0,0.0,0.0,0.0,0,,金华时报信记者持名长心前天中午近11点半
207,京华时报讯记者迟名常鑫前天中午近一一点半,3,False,False,0.0,0.25,0.5,0.8541666666666666,-0.26904296875,0.0,0.0,0.0,0.0,0,,京华时报信记者持名常新前天中午近11点半
207,京华时报讯记者迟名常鑫前天中午近一一点半,4,False,False,0.0,0.3,0.75,0.8229166666666666,-0.2705078125,0.0,0.0,0.0,0.0,0,,京华时报信记者持名长新前天中午近11点半
207,京华时报讯记者迟名常鑫前天中午近一一点半,5,False,False,0.0,0.3,0.5,0.7083333333333334,-0.27587890625,0.0,0.0,0.0,0.0,0,,金华时报信记者持名常新前天中午近11点半
207,京华时报讯记者迟名常鑫前天中午近一一点半,6,False,False,0.0,0.3,0.75,0.671875,-0.277587890625,0.0,0.0,0.0,0.0,0,,京华时报信记者持名长心前天中午近11点半
207,京华时报讯记者迟名常鑫前天中午近一一点半,7,False,True,0.0,0.2,0.5,0.6041666666666666,-0.28076171875,0.0,0.0,0.0,0.0,0,,京华时报讯记者持名常新前天中午近11点半
207,京华时报讯记者迟名常鑫前天中午近一一点半,8,False,False,0.0,0.25,0.75,0.5677083333333334,-0.282470703125,0.0,0.0,0.0,0.0,0,,京华时报讯记者持名长新前天中午近11点半
207,京华时报讯记者迟名常鑫前天中午近一一点半,9,False,False,0.0,0.25,0.5,0.4166666666666667,-0.28955078125,0.0,0.0,0.0,0.0,0,,京华时报信记者持名常心前天中午近11点半
207,京华时报讯记者迟名常鑫前天中午近一一点半,10,False,False,0.0,0.25,0.75,0.3645833333333333,-0.2919921875,0.0,0.0,0.0,0.0,0,,京华时报讯记者持名长心前天中午近11点半
207,京华时报讯记者迟名常鑫前天中午近一一点半,11,False,False,0.0,0.3,0.75,0.3489583333333333,-0.292724609375,0.0,0.0,0.0,0.0,0,,金华时报讯记者持名长新前天中午近11点半
207,京华时报讯记者迟名常鑫前天中午近一一点半,12,False,False,0.0,0.3,0.75,0.25,-0.29736328125,0.0,0.0,0.0,0.0,0,,金华时报讯记者持名长心前天中午近11点半
207,京华时报讯记者迟名常鑫前天中午近一一点半,13,False,False,0.0,0.2,0.5,0.21875,-0.298828125,0.0,0.0,0.0,0.0,0,,京华时报讯记者持名常心前天中午近11点半
207,京华时报讯记者迟名常鑫前天中午近一一点半,14,False,False,0.0,0.35,1.0,0.078125,-0.305419921875,0.0,0.0,0.0,0.0,0,,京华时报信记者池明长新前天中午近11点半
207,京华时报讯记者迟名常鑫前天中午近一一点半,15,False,False,0.0,0.25,0.5,0.0625,-0.30615234375,0.0,0.0,0.0,0.0,0,,金华时报讯记者持名常新前天中午近11点半
207,京华时报讯记者迟名常鑫前天中午近一一点半,16,False,False,0.0,0.3,0.75,0.0,-0.30908203125,0.0,0.0,0.0,0.0,0,,金华时报信记者持名长新前天中午近一点半
208,大兴区礼贤镇紫各庄村,1,True,False,0.0,0.3,0.3333333333333333,1.0,-0.25,0.0,0.0,0.0,0.0,0,,大刑区李贤镇子各庄村
208,大兴区礼贤镇紫各庄村,2,False,False,0.3333333333333333,0.2,0.16666666666666666,0.7266187050359713,-0.27783203125,0.0,0.0,0.0,0.0,0,,大刑区李贤镇紫各庄村
208,大兴区礼贤镇紫各庄村,3,False,False,0.3333333333333333,0.2,0.25,0.4724220623501199,-0.3037109375,0.0,0.0,0.0,0.0,0,,大兴区李贤镇子各庄村
208,大兴区礼贤镇紫各庄村,4,False,False,0.0,0.3,0.3333333333333333,0.4580335731414868,-0.30517578125,0.0,0.0,0.0,0.0,0,,大刑区李贤镇紫歌庄村
208,大兴区礼贤镇紫各庄村,5,False,False,0.0,0.3,0.3333333333333333,0.37170263788968827,-0.31396484375,0.0,0.0,0.0,0.0,0,,大型区李贤镇子各庄村
208,大兴区礼贤镇紫各庄村,6,False,False,0.0,0.3,0.3333333333333333,0.2589928057553957,-0.325439453125,0.0,0.0,0.0,0.0,0,,大刑区里贤镇子各庄村
208,大兴区礼贤镇紫各庄村,7,False,False,0.0,0.4,0.5,0.22541966426858512,-0.328857421875,0.0,0.0,0.0,0.0,0,,大刑区李贤镇子戈庄村
208,大兴区礼贤镇紫各庄村,8,False,True,0.6666666666666666,0.1,0.08333333333333333,0.2014388489208633,-0.331298828125,0.0,0.0,0.0,0.0,0,,大兴区李贤镇紫各庄村
208,大兴区礼贤镇紫各庄村,9,False,False,0.0,0.3,0.3333333333333333,0.11510791366906475,-0.340087890625,0.0,0.0,0.0,0.0,0,,大刑区李贤镇紫戈庄村
208,大兴区礼贤镇紫各庄村,10,False,False,0.0,0.4,0.5,0.047961630695443645,-0.346923828125,0.0,0.0,0.0,0.0,0,,大刑区李贤镇子歌庄村
208,大兴区礼贤镇紫各庄村,11,False,False,0.3333333333333333,0.2,0.25,0.0,-0.351806640625,0.0,0.0,0.0,0.0,0,,大兴区李贤镇紫歌庄村
209,肇事者为紫各庄村民乔某,1,True,True,0.0,0.09090909090909091,0.2857142857142857,1.0,-0.1497802734375,0.0,0.0,0.0,0.0,0,,肇事者为紫阁庄村民乔某
209,肇事者为紫各庄村民乔某,2,False,False,0.0,0.18181818181818182,0.5714285714285714,0.8394793926247288,-0.1768798828125,0.0,0.0,0.0,0.0,0,,肇事者为子阁庄村民乔某
209,肇事者为紫各庄村民乔某,3,False,False,0.0,0.2727272727272727,0.2857142857142857,0.7519884309472162,-0.191650390625,0.0,0.0,0.0,0.0,0,,赵氏者为紫阁庄村民乔某
209,肇事者为紫各庄村民乔某,4,False,False,0.0,0.36363636363636365,0.5714285714285714,0.5625451916124368,-0.2236328125,0.0,0.0,0.0,0.0,0,,赵氏者为子阁庄村民乔某
209,肇事者为紫各庄村民乔某,5,False,False,0.0,0.36363636363636365,0.2857142857142857,0.5075921908893709,-0.23291015625,0.0,0.0,0.0,0.0,0,,昭示着为紫阁庄村民乔某
209,肇事者为紫各庄村民乔某,6,False,False,0.0,0.2727272727272727,0.2857142857142857,0.4092552422270427,-0.24951171875,0.0,0.0,0.0,0.0,0,,召使者为紫阁庄村民乔某
209,肇事者为紫各庄村民乔某,7,False,False,0.0,0.45454545454545453,0.5714285714285714,0.3123644251626898,-0.265869140625,0.0,0.0,0.0,0.0,0,,昭示着为子阁庄村民乔某
209,肇事者为紫各庄村民乔某,8,False,False,0.0,0.36363636363636365,0.2857142857142857,0.19956616052060738,-0.284912109375,0.0,0.0,0.0,0.0,0,,照示着为紫阁庄村民乔某
209,肇事者为紫各庄村民乔某,9,False,False,0.0,0.36363636363636365,0.5714285714285714,0.19088937093275488,-0.286376953125,0.0,0.0,0.0,0.0,0,,召使者为子阁庄村民乔某
209,肇事者为紫各庄村民乔某,10,False,False,0.0,0.18181818181818182,0.5714285714285714,0.14027476500361533,-0.294921875,0.0,0.0,0.0,0.0,0,,肇事者为梓阁庄村民乔某
209,肇事者为紫各庄村民乔某,11,False,False,0.0,0.36363636363636365,0.2857142857142857,0.11569052783803326,-0.299072265625,0.0,0.0,0.0,0.0,0,,召使着为紫阁庄村民乔某
209,肇事者为紫各庄村民乔某,12,False,False,0.0,0.18181818181818182,0.5714285714285714,0.07230657989877079,-0.306396484375,0.0,0.0,0.0,0.0,0,,肇事者为子隔庄村民乔某
209,肇事者为紫各庄村民乔某,13,False,False,0.0,0.18181818181818182,0.2857142857142857,0.0014461315979754157,-0.318359375,0.0,0.0,0.0,0.0,0,,照事者为紫阁庄村民乔某
209,肇事者为紫各庄村民乔某,14,False,False,0.0,0.45454545454545453,0.5714285714285714,0.0,-0.318603515625,0.0,0.0,0.0,0.0,0,,照示着为子阁庄村民乔某
210,大兴警方以涉嫌交通肇事罪将肇事者刑事拘留,1,True,False,0.0,0.1,0.5,1.0,-0.324462890625,0.0,0.0,0.0,0.0,0,,大型警方以涉嫌交通肇事罪将肇失者刑事拘留
210,大兴警方以涉嫌交通肇事罪将肇事者刑事拘留,2,False,False,0.0,0.1,0.5,0.8089430894308943,-0.347412109375,0.0,0.0,0.0,0.0,0,,大型警方以涉嫌交通肇失罪将肇事者刑事拘留
210,大兴警方以涉嫌交通肇事罪将肇事者刑事拘留,3,False,False,0.0,0.1,0.5,0.676829268292683,-0.36328125,0.0,0.0,0.0,0.0,0,,大型警方以涉嫌交通肇事罪将肇始者刑事拘留
210,大兴警方以涉嫌交通肇事罪将肇事者刑事拘留,4,False,False,0.0,0.1,0.5,0.44715447154471544,-0.390869140625,0.0,0.0,0.0,0.0,0,,大型警方以涉嫌交通肇事罪将肇死者刑事拘留
210,大兴警方以涉嫌交通肇事罪将肇事者刑事拘留,5,False,True,1.0,0.05,0.0,0.3231707317073171,-0.40576171875,0.0,0.0,0.0,0.0,0,,大兴警方以涉嫌交通肇事罪将肇失者刑事拘留
210,大兴警方以涉嫌交通肇事罪将肇事者刑事拘留,6,False,False,0.0,0.1,0.5,0.12804878048780488,-0.42919921875,0.0,0.0,0.0,0.0,0,,大型警方以涉嫌交通肇事罪将肇使者刑事拘留
210,大兴警方以涉嫌交通肇事罪将肇事者刑事拘留,7,False,False,0.0,0.1,0.5,0.12398373983739837,-0.4296875,0.0,0.0,0.0,0.0,0,,大型警方以涉嫌交通肇事罪将肇市者刑事拘留
210,大兴警方以涉嫌交通肇事罪将肇事者刑事拘留,8,False,False,1.0,0.05,0.0,0.0,-0.444580078125,0.0,0.0,0.0,0.0,0,,大兴警方以涉嫌交通肇事罪将肇始者刑事拘留
211,新京报讯记者王巍利用村里遭受泥石流灾害后,1,True,False,0.5,0.1,0.2,1.0,-0.0999755859375,0.0,0.0,0.0,0.0,0,,新京报宣记者王薇利用村里遭受泥石流灾害后
211,新京报讯记者王巍利用村里遭受泥石流灾害后,2,False,False,0.0,0.15,0.4,0.8718130311614731,-0.11102294921875,0.0,0.0,0.0,0.0,0,,新京暴雪记者王薇利用村里遭受泥石流灾害后
211,新京报讯记者王巍利用村里遭受泥石流灾害后,3,False,False,0.5,0.1,0.2,0.43342776203966005,-0.1488037109375,0.0,0.0,0.0,0.0,0,,新京报线记者王薇利用村里遭受泥石流灾害后
211,新京报讯记者王巍利用村里遭受泥石流灾害后,4,False,True,0.5,0.05,0.2,0.3810198300283286,-0.1533203125,0.0,0.0,0.0,0.0,0,,新京报讯记者王薇利用村里遭受泥石流灾害后
211,新京报讯记者王巍利用村里遭受泥石流灾害后,5,False,False,0.5,0.1,0.2,0.2747875354107649,-0.1624755859375,0.0,0.0,0.0,0.0,0,,新京报宣记者王威利用村里遭受泥石流灾害后
211,新京报讯记者王巍利用村里遭受泥石流灾害后,6,False,False,0.5,0.1,0.2,0.2096317280453258,-0.1680908203125,0.0,0.0,0.0,0.0,0,,新京报逊记者王薇利用村里遭受泥石流灾害后
211,新京报讯记者王巍利用村里遭受泥石流灾害后,7,False,False,0.0,0.2,0.6,0.10339943342776203,-0.17724609375,0.0,0.0,0.0,0.0,0,,新疆暴雪记者王薇利用村里遭受泥石流灾害后
211,新京报讯记者王巍利用村里遭受泥石流灾害后,8,False,False,0.0,0.15,0.4,0.05524079320113314,-0.181396484375,0.0,0.0,0.0,0.0,0,,新京暴雪记者王威利用村里遭受泥石流灾害后
211,新京报讯记者王巍利用村里遭受泥石流灾害后,9,False,False,0.5,0.1,0.2,0.025495750708215296,-0.1839599609375,0.0,0.0,0.0,0.0,0,,新京报信记者王薇利用村里遭受泥石流灾害后
211,新京报讯记者王巍利用村里遭受泥石流灾害后,10,False,False,0.0,0.15,0.4,0.0,-0.1861572265625,0.0,0.0,0.0,0.0,0,,新京暴旋记者王薇利用村里遭受泥石流灾害后
212,延庆县永宁镇偏坡峪村原党支部书记钱某,1,True,True,0.5,0.05555555555555555,0.14285714285714285,1.0,-0.1617431640625,0.0,0.0,0.0,0.0,0,,延庆县永宁镇偏坡一村原党支部书记钱某
212,延庆县永宁镇偏坡峪村原党支部书记钱某,2,False,False,0.5,0.1111111111111111,0.14285714285714285,0.8547008547008547,-0.1700439453125,0.0,0.0,0.0,0.0,0,,沿庆县永宁镇偏坡一村原党支部书记钱某
212,延庆县永宁镇偏坡峪村原党支部书记钱某,3,False,False,0.5,0.16666666666666666,0.2857142857142857,0.7307692307692307,-0.1771240234375,0.0,0.0,0.0,0.0,0,,沿庆县永宁镇偏颇玉村原党支部书记钱某
212,延庆县永宁镇偏坡峪村原党支部书记钱某,4,False,False,0.5,0.1111111111111111,0.14285714285714285,0.7158119658119658,-0.177978515625,0.0,0.0,0.0,0.0,0,,阎庆县永宁镇偏坡一村原党支部书记钱某
212,延庆县永宁镇偏坡峪村原党支部书记钱某,5,False,False,0.5,0.05555555555555555,0.14285714285714285,0.6346153846153846,-0.1826171875,0.0,0.0,0.0,0.0,0,,延庆县永宁镇偏坡玉村原党支部书记钱某
212,延庆县永宁镇偏坡峪村原党支部书记钱某,6,False,False,0.5,0.16666666666666666,0.2857142857142857,0.6346153846153846,-0.1826171875,0.0,0.0,0.0,0.0,0,,阎庆县永宁镇偏颇玉村原党支部书记钱某
212,延庆县永宁镇偏坡峪村原党支部书记钱某,7,False,False,0.5,0.1111111111111111,0.14285714285714285,0.6025641025641025,-0.1844482421875,0.0,0.0,0.0,0.0,0,,阎庆县永宁镇偏坡玉村原党支部书记钱某
212,延庆县永宁镇偏坡峪村原党支部书记钱某,8,False,False,0.5,0.1111111111111111,0.14285714285714285,0.5683760683760684,-0.1864013671875,0.0,0.0,0.0,0.0,0,,严庆县永宁镇偏坡一村原党支部书记钱某
212,延庆县永宁镇偏坡峪村原党支部书记钱某,9,False,False,0.5,0.1111111111111111,0.2857142857142857,0.5662393162393162,-0.1865234375,0.0,0.0,0.0,0.0,0,,延庆县永宁镇偏颇玉村原党支部书记钱某
212,延庆县永宁镇偏坡峪村原党支部书记钱某,10,False,False,0.5,0.16666666666666666,0.2857142857142857,0.4594017094017094,-0.192626953125,0.0,0.0,0.0,0.0,0,,沿庆县永宁镇偏颇一村原党支部书记钱某
212,延庆县永宁镇偏坡峪村原党支部书记钱某,11,False,False,0.5,0.1111111111111111,0.2857142857142857,0.3803418803418803,-0.1971435546875,0.0,0.0,0.0,0.0,0,,延庆县永宁镇偏颇一村原党支部书记钱某
212,延庆县永宁镇偏坡峪村原党支部书记钱某,12,False,False,0.5,0.1111111111111111,0.14285714285714285,0.31196581196581197,-0.2010498046875,0.0,0.0,0.0,0.0,0,,沿庆县永宁镇偏坡玉村原党支部书记钱某
212,延庆县永宁镇偏坡峪村原党支部书记钱某,13,False,False,0.5,0.05555555555555555,0.14285714285714285,0.22008547008547008,-0.206298828125,0.0,0.0,0.0,0.0,0,,延庆县永宁镇偏坡渝村原党支部书记钱某
212,延庆县永宁镇偏坡峪村原党支部书记钱某,14,False,False,0.5,0.16666666666666666,0.2857142857142857,0.202991452991453,-0.207275390625,0.0,0.0,0.0,0.0,0,,阎庆县永宁镇偏颇一村原党支部书记钱某
212,延庆县永宁镇偏坡峪村原党支部书记钱某,15,False,False,0.5,0.1111111111111111,0.14285714285714285,0.0641025641025641,-0.2152099609375,0.0,0.0,0.0,0.0,0,,沿庆县永宁镇偏坡渝村原党支部书记钱某
212,延庆县永宁镇偏坡峪村原党支部书记钱某,16,False,False,0.5,0.1111111111111111,0.14285714285714285,0.0,-0.2188720703125,0.0,0.0,0.0,0.0,0,,延庆县永宁镇偏坡一村原党支部书记前某
213,信息时报讯记者陈子玉近日,1,True,True,1.0,0.0,0.0,1.0,-0.12176513671875,0.0,0.0,0.0,0.0,0,,信息时报讯记者陈子玉近日
213,信息时报讯记者陈子玉近日,2,False,False,1.0,0.16666666666666666,0.0,0.9789117417339235,-0.126708984375,0.0,0.0,0.0,0.0,0,,信息时报讯记者陈子玉
213,信息时报讯记者陈子玉近日,3,False,False,0.0,0.08333333333333333,0.2,0.7524082270242124,-0.1798095703125,0.0,0.0,0.0,0.0,0,,信息时报信记者陈子玉近日
213,信息时报讯记者陈子玉近日,4,False,False,0.0,0.08333333333333333,0.2,0.6800312418640979,-0.19677734375,0.0,0.0,0.0,0.0,0,,信息时报训记者陈子玉近日
213,信息时报讯记者陈子玉近日,5,False,False,1.0,0.08333333333333333,0.0,0.3603228325956782,-0.271728515625,0.0,0.0,0.0,0.0,0,,信息时报讯记者陈紫玉近日
213,信息时报讯记者陈子玉近日,6,False,False,1.0,0.08333333333333333,0.0,0.3228325956782088,-0.280517578125,0.0,0.0,0.0,0.0,0,,信息时报讯记者陈子豫近日
213,信息时报讯记者陈子玉近日,7,False,False,1.0,0.08333333333333333,0.0,0.1645404842488935,-0.317626953125,0.0,0.0,0.0,0.0,0,,信息时报讯记者陈子裕近日
213,信息时报讯记者陈子玉近日,8,False,False,1.0,0.08333333333333333,0.0,0.11247071075240822,-0.329833984375,0.0,0.0,0.0,0.0,0,,信息时报讯记者陈子欲近日
213,信息时报讯记者陈子玉近日,9,False,False,0.0,0.16666666666666666,0.2,0.0895600104139547,-0.335205078125,0.0,0.0,0.0,0.0,0,,信息时报训记者陈紫玉近日
213,信息时报讯记者陈子玉近日,10,False,False,0.0,0.16666666666666666,0.2,0.08227024212444675,-0.3369140625,0.0,0.0,0.0,0.0,0,,信息时报信记者陈紫玉近日
213,信息时报讯记者陈子玉近日,11,False,False,0.0,0.16666666666666666,0.2,0.0,-0.356201171875,0.0,0.0,0.0,0.0,0,,信息时报信记者陈子豫近日
214,白云区钟落潭竹一村民白云区钟落潭竹一村的村民跟记者报料,1,True,False,0.0,0.5555555555555556,0.5806451612903226,1.0,-0.1749267578125,0.0,0.0,0.0,0.0,0,,白云区中落潭主一村民跟记者爆料
214,白云区钟落潭竹一村民白云区钟落潭竹一村的村民跟记者报料,2,False,False,0.0,0.6666666666666666,0.8709677419354839,0.6355029585798817,-0.2125244140625,0.0,0.0,0.0,0.0,0,,白云区中洛滩主义村民跟记者爆料
214,白云区钟落潭竹一村民白云区钟落潭竹一村的村民跟记者报料,3,False,False,0.0,0.5925925925925926,0.6774193548387096,0.5159763313609468,-0.224853515625,0.0,0.0,0.0,0.0,0,,白云区中落滩主一村民跟记者爆料
214,白云区钟落潭竹一村民白云区钟落潭竹一村的村民跟记者报料,4,False,False,0.0,0.6296296296296297,0.7741935483870968,0.514792899408284,-0.2249755859375,0.0,0.0,0.0,0.0,0,,白云区中落谈主义村民跟记者爆料
214,白云区钟落潭竹一村民白云区钟落潭竹一村的村民跟记者报料,5,False,False,0.0,0.5925925925925926,0.5806451612903226,0.46153846153846156,-0.23046875,0.0,0.0,0.0,0.0,0,,白云区中落潭主一村民和记者爆料
214,白云区钟落潭竹一村民白云区钟落潭竹一村的村民跟记者报料,6,False,False,0.0,0.6296296296296297,0.7741935483870968,0.35976331360946745,-0.240966796875,0.0,0.0,0.0,0.0,0,,白云区中洛潭主义村民跟记者爆料
214,白云区钟落潭竹一村民白云区钟落潭竹一村的村民跟记者报料,7,False,False,0.0,0.6666666666666666,0.8709677419354839,0.3502958579881657,-0.241943359375,0.0,0.0,0.0,0.0,0,,白云区中洛坛主义村民跟记者爆料
214,白云区钟落潭竹一村民白云区钟落潭竹一村的村民跟记者报料,8,False,False,0.0,0.6296296296296297,0.7741935483870968,0.3384615384615385,-0.2431640625,0.0,0.0,0.0,0.0,0,,白云区中落滩主义村民跟记者爆料
214,白云区钟落潭竹一村民白云区钟落潭竹一村的村民跟记者报料,9,False,True,0.0,0.5185185185185185,0.4838709677419355,0.3384615384615385,-0.2431640625,0.0,0.0,0.0,0.0,0,,白云区中落潭竹一村民跟记者爆料
214,白云区钟落潭竹一村民白云区钟落潭竹一村的村民跟记者报料,10,False,False,0.0,0.5925925925925926,0.6774193548387096,0.3183431952662722,-0.2452392578125,0.0,0.0,0.0,0.0,0,,白云区中落弹珠一村民跟记者爆料
214,白云区钟落潭竹一村民白云区钟落潭竹一村的村民跟记者报料,11,False,False,0.0,0.7037037037037037,0.8709677419354839,0.22011834319526627,-0.25537109375,0.0,0.0,0.0,0.0,0,,白云区中洛滩主义村民和记者爆料
214,白云区钟落潭竹一村民白云区钟落潭竹一村的村民跟记者报料,12,False,False,0.0,0.5185185185185185,0.6129032258064516,0.12544378698224853,-0.26513671875,0.0,0.0,0.0,0.0,0,,白云区中落潭主一村的村民和记者爆料
214,白云区钟落潭竹一村民白云区钟落潭竹一村的村民跟记者报料,13,False,False,0.0,0.48148148148148145,0.6129032258064516,0.10414201183431952,-0.267333984375,0.0,0.0,0.0,0.0,0,,白云区中落潭主一村的村民跟记者爆料
214,白云区钟落潭竹一村民白云区钟落潭竹一村的村民跟记者报料,14,False,False,0.0,0.5925925925925926,0.6774193548387096,0.0,-0.278076171875,0.0,0.0,0.0,0.0,0,,白云区中落坛主一村民跟记者爆料
215,明着是大兴区黄村镇狼垡三村的医师,1,True,False,0.5,0.25,0.3333333333333333,1.0,-0.152099609375,0.0,0.0,0.0,0.0,0,,名者是大兴区黄村镇廊阀三村的医师
215,明着是大兴区黄村镇狼垡三村的医师,2,False,False,0.5,0.3125,0.5,0.6056338028169014,-0.186279296875,0.0,0.0,0.0,0.0,0,,名者是大兴区黄村镇廊阀山村的医师
215,明着是大兴区黄村镇狼垡三村的医师,3,False,False,0.5,0.3125,0.3333333333333333,0.4788732394366197,-0.197265625,0.0,0.0,0.0,0.0,0,,名者是大兴区皇村镇廊阀三村的医师
215,明着是大兴区黄村镇狼垡三村的医师,4,False,False,0.5,0.25,0.3333333333333333,0.4295774647887324,-0.2015380859375,0.0,0.0,0.0,0.0,0,,名者是大兴区黄村镇廊伐三村的医师
215,明着是大兴区黄村镇狼垡三村的医师,5,False,False,0.5,0.25,0.3333333333333333,0.22253521126760564,-0.219482421875,0.0,0.0,0.0,0.0,0,,名者是大兴区黄村镇郎阀三村的医师
215,明着是大兴区黄村镇狼垡三村的医师,6,False,False,0.5,0.3125,0.5,0.19577464788732393,-0.2218017578125,0.0,0.0,0.0,0.0,0,,名者是大兴区黄村镇廊伐山村的医师
215,明着是大兴区黄村镇狼垡三村的医师,7,False,True,0.5,0.1875,0.16666666666666666,0.13661971830985917,-0.2269287109375,0.0,0.0,0.0,0.0,0,,名者是大兴区黄村镇狼伐三村的医师
215,明着是大兴区黄村镇狼垡三村的医师,8,False,False,0.5,0.25,0.3333333333333333,0.07605633802816901,-0.232177734375,0.0,0.0,0.0,0.0,0,,名者是大兴区黄村镇狼伐山村的医师
215,明着是大兴区黄村镇狼垡三村的医师,9,False,False,0.5,0.3125,0.3333333333333333,0.015492957746478873,-0.2374267578125,0.0,0.0,0.0,0.0,0,,名者是大兴区皇村镇廊伐三村的医师
215,明着是大兴区黄村镇狼垡三村的医师,10,False,False,0.5,0.3125,0.5,0.0,-0.23876953125,0.0,0.0,0.0,0.0,0,,名者是大兴区黄村镇郎阀山村的医师
216,张绵跃当选村委会主任,1,True,False,0.0,0.2,0.6666666666666666,1.0,-0.10845947265625,0.0,0.0,0.0,0.0,0,,张锦月当选村委会主任
216,张绵跃当选村委会主任,2,False,False,0.0,0.2,0.6666666666666666,0.8574252532740302,-0.1436767578125,0.0,0.0,0.0,0.0,0,,张锦悦当选村委会主任
216,张绵跃当选村委会主任,3,False,False,0.0,0.2,0.6666666666666666,0.40029651593773163,-0.256591796875,0.0,0.0,0.0,0.0,0,,张锦乐当选村委会主任
216,张绵跃当选村委会主任,4,False,False,0.0,0.2,0.6666666666666666,0.38151717321472695,-0.26123046875,0.0,0.0,0.0,0.0,0,,张瑾月当选村委会主任
216,张绵跃当选村委会主任,5,False,False,0.0,0.2,0.6666666666666666,0.36076105757351123,-0.266357421875,0.0,0.0,0.0,0.0,0,,张景岳当选村委会主任
216,张绵跃当选村委会主任,6,False,False,0.0,0.2,0.6666666666666666,0.2411662960217445,-0.2958984375,0.0,0.0,0.0,0.0,0,,张瑾悦当选村委会主任
216,张绵跃当选村委会主任,7,False,False,0.0,0.2,0.6666666666666666,0.19767729182110205,-0.306640625,0.0,0.0,0.0,0.0,0,,张锦越当选村委会主任
216,张绵跃当选村委会主任,8,False,True,0.0,0.1,0.3333333333333333,0.1848282678527304,-0.309814453125,0.0,0.0,0.0,0.0,0,,张锦跃当选村委会主任
216,张绵跃当选村委会主任,9,False,False,0.0,0.3,1.0,0.16901408450704225,-0.313720703125,0.0,0.0,0.0,0.0,0,,章锦月当选村委会主任
216,张绵跃当选村委会主任,10,False,False,0.0,0.2,0.6666666666666666,0.12255992092908327,-0.3251953125,0.0,0.0,0.0,0.0,0,,张景月当选村委会主任
216,张绵跃当选村委会主任,11,False,False,0.0,0.2,0.6666666666666666,0.027674820854954287,-0.3486328125,0.0,0.0,0.0,0.0,0,,张景悦当选村委会主任
216,张绵跃当选村委会主任,12,False,False,0.0,0.2,0.6666666666666666,0.0,-0.35546875,0.0,0.0,0.0,0.0,0,,张锦岳当选村委会主任
217,该地块即为通州新城核心地标彩虹之门用地,1,True,True,1.0,0.0,0.0,1.0,-0.02154541015625,0.0,0.0,0.0,0.0,0,,该地块即为通州新城核心地标彩虹之门用地
217,该地块即为通州新城核心地标彩虹之门用地,2,False,False,1.0,0.05263157894736842,0.0,0.4507088691064952,-0.12322998046875,0.0,0.0,0.0,0.0,0,,该地块既为通州新城核心地标彩虹之门用地
217,该地块即为通州新城核心地标彩虹之门用地,3,False,False,1.0,0.05263157894736842,0.0,0.26904055390702275,-0.1568603515625,0.0,0.0,0.0,0.0,0,,该地块即为通周新城核心地标彩虹之门用地
217,该地块即为通州新城核心地标彩虹之门用地,4,False,False,1.0,0.10526315789473684,0.0,0.2044180679195516,-0.1688232421875,0.0,0.0,0.0,0.0,0,,该地块即为通州新城核心地标采红之门用地
217,该地块即为通州新城核心地标彩虹之门用地,5,False,False,1.0,0.05263157894736842,0.0,0.18397626112759644,-0.172607421875,0.0,0.0,0.0,0.0,0,,该地块计为通州新城核心地标彩虹之门用地
217,该地块即为通州新城核心地标彩虹之门用地,6,False,False,1.0,0.05263157894736842,0.0,0.11803494889548302,-0.184814453125,0.0,0.0,0.0,0.0,0,,该地块暨为通州新城核心地标彩虹之门用地
217,该地块即为通州新城核心地标彩虹之门用地,7,False,False,1.0,0.05263157894736842,0.0,0.004615891856247939,-0.205810546875,0.0,0.0,0.0,0.0,0,,该地块积为通州新城核心地标彩虹之门用地
217,该地块即为通州新城核心地标彩虹之门用地,8,False,False,1.0,0.05263157894736842,0.0,0.0,-0.2066650390625,0.0,0.0,0.0,0.0,0,,该地块记为通州新城核心地标彩虹之门用地
218,北京通州新城投资公司网站显示,1,True,True,1.0,0.0,0.0,1.0,-0.029144287109375,0.0,0.0,0.0,0.0,0,,北京通州新城投资公司网站显示
218,北京通州新城投资公司网站显示,2,False,False,1.0,0.07142857142857142,0.0,0.6376310385820815,-0.1314697265625,0.0,0.0,0.0,0.0,0,,北京通周新城投资公司网站显示
218,北京通州新城投资公司网站显示,3,False,False,1.0,0.07142857142857142,0.0,0.49756835620879714,-0.1710205078125,0.0,0.0,0.0,0.0,0,,北京通舟新城投资公司网站显示
218,北京通州新城投资公司网站显示,4,False,False,1.0,0.07142857142857142,0.0,0.3674483951150978,-0.207763671875,0.0,0.0,0.0,0.0,0,,北京通洲新城投资公司网站显示
218,北京通州新城投资公司网站显示,5,False,False,1.0,0.07142857142857142,0.0,0.0,-0.3115234375,0.0,0.0,0.0,0.0,0,,北京通胀新城投资公司网站显示
219,新京报讯记者张旭报道,1,True,True,1.0,0.0,0.0,1.0,-0.072998046875,0.0,0.0,0.0,0.0,0,,新京报讯记者张旭报道
219,新京报讯记者张旭报道,2,False,False,1.0,0.1,0.0,0.45348837209302323,-0.2393798828125,0.0,0.0,0.0,0.0,0,,新京报讯记者张旭报导
219,新京报讯记者张旭报道,3,False,False,0.0,0.1,0.3333333333333333,0.0032076984763432237,-0.37646484375,0.0,0.0,0.0,0.0,0,,新京暴讯记者张旭报道
219,新京报讯记者张旭报道,4,False,False,1.0,0.1,0.0,0.0,-0.37744140625,0.0,0.0,0.0,0.0,0,,新京报讯记者章旭报道
220,瑞银分析师丁晓预测,1,True,False,1.0,0.1111111111111111,0.0,1.0,-0.06689453125,0.0,0.0,0.0,0.0,0,,瑞银分析师丁小预测
220,瑞银分析师丁晓预测,2,False,True,1.0,0.0,0.0,0.6853245531514581,-0.1485595703125,0.0,0.0,0.0,0.0,0,,瑞银分析师丁晓预测
220,瑞银分析师丁晓预测,3,False,False,1.0,0.1111111111111111,0.0,0.6274694261523989,-0.16357421875,0.0,0.0,0.0,0.0,0,,瑞银分析师丁晓玉测
220,瑞银分析师丁晓预测,4,False,False,0.0,0.2222222222222222,0.5,0.6157102539981185,-0.1666259765625,0.0,0.0,0.0,0.0,0,,瑞因分析师丁小预测
220,瑞银分析师丁晓预测,5,False,False,1.0,0.2222222222222222,0.0,0.32126058325493884,-0.2430419921875,0.0,0.0,0.0,0.0,0,,瑞银分析师丁小玉测
220,瑞银分析师丁晓预测,6,False,False,0.0,0.1111111111111111,0.5,0.31514581373471307,-0.24462890625,0.0,0.0,0.0,0.0,0,,瑞因分析师丁晓预测
220,瑞银分析师丁晓预测,7,False,False,1.0,0.1111111111111111,0.0,0.2605832549388523,-0.2587890625,0.0,0.0,0.0,0.0,0,,瑞银分析师丁晓遇测
220,瑞银分析师丁晓预测,8,False,False,0.0,0.2222222222222222,0.5,0.09783631232361242,-0.301025390625,0.0,0.0,0.0,0.0,0,,瑞因分析师丁晓玉测
220,瑞银分析师丁晓预测,9,False,False,0.0,0.2222222222222222,0.5,0.08184383819379115,-0.30517578125,0.0,0.0,0.0,0.0,0,,锐银分析师丁小预测
220,瑞银分析师丁晓预测,10,False,False,1.0,0.1111111111111111,0.0,0.0761994355597366,-0.306640625,0.0,0.0,0.0,0.0,0,,瑞银分析师丁晓育测
220,瑞银分析师丁晓预测,11,False,False,1.0,0.1111111111111111,0.0,0.022577610536218252,-0.320556640625,0.0,0.0,0.0,0.0,0,,瑞银分析师丁晓钰测
220,瑞银分析师丁晓预测,12,False,False,1.0,0.1111111111111111,0.0,0.0,-0.326416015625,0.0,0.0,0.0,0.0,0,,瑞银分析师丁晓浴测
221,人民银行多次提高存款准备金率和存贷款基准利率,1,True,True,1.0,0.0,0.0,1.0,-0.0020465850830078125,0.0,0.0,0.0,0.0,0,,人民银行多次提高存款准备金率和存贷款基准利率
221,人民银行多次提高存款准备金率和存贷款基准利率,2,False,False,1.0,0.045454545454545456,0.0,0.16357958130655995,-0.2017822265625,0.0,0.0,0.0,0.0,0,,人民银行多次提高存款准备金率和存贷款几准利率
221,人民银行多次提高存款准备金率和存贷款基准利率,3,False,False,1.0,0.045454545454545456,0.0,0.04805150200880199,-0.2293701171875,0.0,0.0,0.0,0.0,0,,人民银行多次提高存款准备坚率和存贷款基准利率
221,人民银行多次提高存款准备金率和存贷款基准利率,4,False,False,1.0,0.045454545454545456,0.0,0.03936133675189099,-0.2314453125,0.0,0.0,0.0,0.0,0,,人民银行多次提高存款准备监率和存贷款基准利率
221,人民银行多次提高存款准备金率和存贷款基准利率,5,False,False,1.0,0.045454545454545456,0.0,0.023003378621234995,-0.2353515625,0.0,0.0,0.0,0.0,0,,人民银行多次提高存款准备减率和存贷款基准利率
221,人民银行多次提高存款准备金率和存贷款基准利率,6,False,False,1.0,0.045454545454545456,0.0,0.0,-0.2408447265625,0.0,0.0,0.0,0.0,0,,人民银行多次提高存款准备金利率和存贷款基准利率
222,中国证券报面对市场对城投债券风险的担忧,1,True,False,1.0,0.10526315789473684,0.0,1.0,-0.06024169921875,0.0,0.0,0.0,0.0,0,,中国证券报面对市场对成头债券风险的担忧
222,中国证券报面对市场对城投债券风险的担忧,2,False,True,1.0,0.0,0.0,0.9785217940619078,-0.06231689453125,0.0,0.0,0.0,0.0,0,,中国证券报面对市场对城投债券风险的担忧
222,中国证券报面对市场对城投债券风险的担忧,3,False,False,1.0,0.05263157894736842,0.0,0.8471257106759318,-0.07501220703125,0.0,0.0,0.0,0.0,0,,中国证券报面对市场对城头债券风险的担忧
222,中国证券报面对市场对城投债券风险的担忧,4,False,False,1.0,0.05263157894736842,0.0,0.5660138976626659,-0.1021728515625,0.0,0.0,0.0,0.0,0,,中国证券报面对市场对成投债券风险的担忧
222,中国证券报面对市场对城投债券风险的担忧,5,False,False,1.0,0.05263157894736842,0.0,0.0,-0.1568603515625,0.0,0.0,0.0,0.0,0,,中国证券报面对市场对承投债券风险的担忧
223,苹果设备的用户应当注意,1,True,True,1.0,0.0,0.0,1.0,-0.006717681884765625,0.0,0.0,0.0,0.0,0,,苹果设备的用户应当注意
223,苹果设备的用户应当注意,2,False,False,1.0,0.09090909090909091,0.0,0.3844365010887875,-0.29248046875,0.0,0.0,0.0,0.0,0,,苹果设备用户应当注意
223,苹果设备的用户应当注意,3,False,False,1.0,0.09090909090909091,0.0,0.0,-0.470947265625,0.0,0.0,0.0,0.0,0,,苹果设备的用户应该注意
224,苹果公司也在第一时间发布官方声明,1,True,True,1.0,0.0,0.0,1.0,-0.042266845703125,0.0,0.0,0.0,0.0,0,,苹果公司也在第一时间发布官方声明
224,苹果公司也在第一时间发布官方声明,2,False,False,1.0,1.25,0.0,0.531960531960532,-0.208740234375,0.0,0.0,0.0,0.0,0,,苹果公司也在第一时间发布官方声明请不吝点赞订阅转发打赏支持明镜与点点栏目
224,苹果公司也在第一时间发布官方声明,3,False,False,1.0,2.1875,0.0,0.3335907335907336,-0.279296875,0.0,0.0,0.0,0.0,0,,苹果公司也在第一时间发布官方声明优优独播剧场YoYoTelevisionSeriesExclusive
224,苹果公司也在第一时间发布官方声明,4,False,False,1.0,0.0625,0.0,0.14071214071214072,-0.347900390625,0.0,0.0,0.0,0.0,0,,苹果公司也在第1时间发布官方声明
224,苹果公司也在第一时间发布官方声明,5,False,False,1.0,1.25,0.0,0.04461604461604462,-0.382080078125,0.0,0.0,0.0,0.0,0,,苹果公司也在第一时间发布官方声明请不吝点赞订阅转发打赏支持明镜和点点栏目
224,苹果公司也在第一时间发布官方声明,6,False,False,1.0,1.25,0.0,0.026083226083226083,-0.388671875,0.0,0.0,0.0,0.0,0,,苹果公司也在第一时间发布官方声明请不吝点赞订阅转移打赏支持明镜与点点栏目
224,苹果公司也在第一时间发布官方声明,7,False,False,1.0,1.25,0.0,0.0,-0.39794921875,0.0,0.0,0.0,0.0,0,,苹果公司也在第一时间发布官方声明请不吝点赞订阅转发打赏支持明镜丶点点栏目
225,苹果设备的用户应当注意,1,True,True,1.0,0.0,0.0,1.0,-0.004955291748046875,0.0,0.0,0.0,0.0,0,,苹果设备的用户应当注意
225,苹果设备的用户应当注意,2,False,False,1.0,1.8181818181818181,0.0,0.47590933698327903,-0.20068359375,0.0,0.0,0.0,0.0,0,,苹果设备的用户应当注意请不吝点赞订阅转发打赏支持明镜与点点栏目
225,苹果设备的用户应当注意,3,False,False,1.0,0.09090909090909091,0.0,0.21180580382222858,-0.29931640625,0.0,0.0,0.0,0.0,0,,苹果设备用户应当注意
225,苹果设备的用户应当注意,4,False,False,1.0,1.6363636363636365,0.0,0.017650483651852383,-0.371826171875,0.0,0.0,0.0,0.0,0,,苹果设备的用户应当注意请不吝点赞订阅打赏支持明镜与点点栏目
225,苹果设备的用户应当注意,5,False,False,1.0,1.8181818181818181,0.0,0.0,-0.37841796875,0.0,0.0,0.0,0.0,0,,苹果设备的用户应当注意请不吝点赞订阅转移打赏支持明镜与点点栏目
226,改由设在印度本加卢鲁的1家美印合资公司生产,1,True,True,0.0,0.047619047619047616,0.16666666666666666,1.0,-0.050140380859375,0.0,0.0,0.0,0.0,0,,改由设在印度本加卢卢的1家美印合资公司生产
226,改由设在印度本加卢鲁的1家美印合资公司生产,2,False,False,0.0,0.09523809523809523,0.3333333333333333,0.969290573372206,-0.054962158203125,0.0,0.0,0.0,0.0,0,,改由设在印度本家卢卢的1家美印合资公司生产
226,改由设在印度本加卢鲁的1家美印合资公司生产,3,False,False,0.0,0.14285714285714285,0.16666666666666666,0.433041788143829,-0.13916015625,0.0,0.0,0.0,0.0,0,,该油设在印度本加卢卢的1家美印合资公司生产
226,改由设在印度本加卢鲁的1家美印合资公司生产,4,False,False,0.0,0.09523809523809523,0.3333333333333333,0.37317784256559766,-0.1485595703125,0.0,0.0,0.0,0.0,0,,改由设在印度粉加卢卢的1家美印合资公司生产
226,改由设在印度本加卢鲁的1家美印合资公司生产,5,False,False,0.0,0.19047619047619047,0.3333333333333333,0.34285714285714286,-0.1533203125,0.0,0.0,0.0,0.0,0,,该油设在印度本家卢卢的1家美印合资公司生产
226,改由设在印度本加卢鲁的1家美印合资公司生产,6,False,False,0.0,0.09523809523809523,0.16666666666666666,0.26355685131195333,-0.165771484375,0.0,0.0,0.0,0.0,0,,改油设在印度本加卢卢的1家美印合资公司生产
226,改由设在印度本加卢鲁的1家美印合资公司生产,7,False,False,0.0,0.14285714285714285,0.3333333333333333,0.24956268221574343,-0.16796875,0.0,0.0,0.0,0.0,0,,改油设在印度本家卢卢的1家美印合资公司生产
226,改由设在印度本加卢鲁的1家美印合资公司生产,8,False,False,0.0,0.09523809523809523,0.3333333333333333,0.23012633624878523,-0.1710205078125,0.0,0.0,0.0,0.0,0,,改由设在印度本嘉卢卢的1家美印合资公司生产
226,改由设在印度本加卢鲁的1家美印合资公司生产,9,False,False,0.0,0.14285714285714285,0.5,0.18736637512147716,-0.177734375,0.0,0.0,0.0,0.0,0,,改由设在印度粉家卢卢的1家美印合资公司生产
226,改由设在印度本加卢鲁的1家美印合资公司生产,10,False,False,0.0,0.09523809523809523,0.3333333333333333,0.14538386783284743,-0.184326171875,0.0,0.0,0.0,0.0,0,,改由设在印度本伽卢卢的1家美印合资公司生产
226,改由设在印度本加卢鲁的1家美印合资公司生产,11,False,False,0.0,0.14285714285714285,0.3333333333333333,0.0,-0.2071533203125,0.0,0.0,0.0,0.0,0,,改邮设在印度本家卢卢的1家美印合资公司生产
227,肯德尔定于2月23日访问印度,1,True,True,1.0,0.0,0.0,1.0,-0.031341552734375,0.0,0.0,0.0,0.0,0,,肯德尔定于2月23日访问印度
227,肯德尔定于2月23日访问印度,2,False,False,1.0,0.07142857142857142,0.0,0.17813765182186234,-0.2481689453125,0.0,0.0,0.0,0.0,0,,肯德尔订于2月23日访问印度
227,肯德尔定于2月23日访问印度,3,False,False,1.0,0.14285714285714285,0.0,0.11937536148062464,-0.263671875,0.0,0.0,0.0,0.0,0,,肯德尔2月23日访问印度
227,肯德尔定于2月23日访问印度,4,False,False,0.0,0.07142857142857142,0.3333333333333333,0.0,-0.295166015625,0.0,0.0,0.0,0.0,0,,凯德尔定于2月23日访问印度
228,虽然工信部很快就删除了后半句话,1,True,True,1.0,0.0,0.0,1.0,-0.00811004638671875,0.0,0.0,0.0,0.0,0,,虽然工信部很快就删除了后半句话
228,虽然工信部很快就删除了后半句话,2,False,False,0.0,0.06666666666666667,0.3333333333333333,0.6945590799993093,-0.14306640625,0.0,0.0,0.0,0.0,0,,虽然公信部很快就删除了后半句话
228,虽然工信部很快就删除了后半句话,3,False,False,0.0,0.06666666666666667,0.3333333333333333,0.34368794571167094,-0.298095703125,0.0,0.0,0.0,0.0,0,,虽然宫信部很快就删除了后半句话
228,虽然工信部很快就删除了后半句话,4,False,False,0.0,0.06666666666666667,0.3333333333333333,0.19173587968159136,-0.365234375,0.0,0.0,0.0,0.0,0,,虽然攻信部很快就删除了后半句话
228,虽然工信部很快就删除了后半句话,5,False,False,0.0,0.06666666666666667,0.3333333333333333,0.055807849705592875,-0.42529296875,0.0,0.0,0.0,0.0,0,,虽然供信部很快就删除了后半句话
228,虽然工信部很快就删除了后半句话,6,False,False,0.0,0.06666666666666667,0.3333333333333333,0.027075095401723273,-0.43798828125,0.0,0.0,0.0,0.0,0,,虽然功信部很快就删除了后半句话
228,虽然工信部很快就删除了后半句话,7,False,False,0.0,0.06666666666666667,0.3333333333333333,0.01657658902146323,-0.442626953125,0.0,0.0,0.0,0.0,0,,虽然共信部很快就删除了后半句话
228,虽然工信部很快就删除了后半句话,8,False,False,1.0,0.13333333333333333,0.0,0.0,-0.449951171875,0.0,0.0,0.0,0.0,0,,虽然工信部就很快删除了后半句话
229,100米栏辛迪罗勒德尔,1,True,True,0.0,0.18181818181818182,0.16666666666666666,1.0,-0.2724609375,0.0,0.0,0.0,0.0,0,,100米蓝辛迪罗雷德尔
229,100米栏辛迪罗勒德尔,2,False,False,0.0,0.45454545454545453,0.3333333333333333,0.8031319910514542,-0.2939453125,0.0,0.0,0.0,0.0,0,,伊白米兰辛迪罗雷德尔
229,100米栏辛迪罗勒德尔,3,False,False,0.0,0.18181818181818182,0.16666666666666666,0.7248322147651006,-0.302490234375,0.0,0.0,0.0,0.0,0,,100米兰辛迪罗雷德尔
229,100米栏辛迪罗勒德尔,4,False,False,0.0,0.2727272727272727,0.3333333333333333,0.24161073825503357,-0.355224609375,0.0,0.0,0.0,0.0,0,,100米蓝心迪罗雷德尔
229,100米栏辛迪罗勒德尔,5,False,False,0.0,0.2727272727272727,0.3333333333333333,0.0,-0.381591796875,0.0,0.0,0.0,0.0,0,,100米蓝新迪罗雷德尔
230,3000米障碍吉萨费里欣塔斯卡鲁塞,1,True,False,0.0,0.11764705882352941,0.3333333333333333,1.0,-0.2301025390625,0.0,0.0,0.0,0.0,0,,3000米障碍吉萨费里辛塔斯卡卢塞
230,3000米障碍吉萨费里欣塔斯卡鲁塞,2,False,False,0.0,0.11764705882352941,0.3333333333333333,0.776500638569604,-0.25146484375,0.0,0.0,0.0,0.0,0,,3000米障碍吉萨费里新塔斯卡卢塞
230,3000米障碍吉萨费里欣塔斯卡鲁塞,3,False,False,0.0,0.17647058823529413,0.3333333333333333,0.38569604086845466,-0.288818359375,0.0,0.0,0.0,0.0,0,,3000米障碍吉萨菲里辛塔斯卡卢塞
230,3000米障碍吉萨费里欣塔斯卡鲁塞,4,False,False,0.0,0.17647058823529413,0.3333333333333333,0.13282247765006386,-0.31298828125,0.0,0.0,0.0,0.0,0,,3000米障碍吉萨菲里新塔斯卡卢塞
230,3000米障碍吉萨费里欣塔斯卡鲁塞,5,False,True,0.0,0.058823529411764705,0.16666666666666666,0.0,-0.32568359375,0.0,0.0,0.0,0.0,0,,3000米障碍吉萨费里辛塔斯卡鲁塞
231,撑杆跳丽萨莱兹奇,1,True,False,0.0,0.25,0.25,1.0,-0.2310791015625,0.0,0.0,0.0,0.0,0,,撑竿跳丽莎莱兹奇
231,撑杆跳丽萨莱兹奇,2,False,False,0.0,0.125,0.25,0.7883934890304317,-0.267578125,0.0,0.0,0.0,0.0,0,,撑杆跳丽莎莱兹奇
231,撑杆跳丽萨莱兹奇,3,False,False,0.0,0.375,0.25,0.5718329794762915,-0.304931640625,0.0,0.0,0.0,0.0,0,,撑竿跳莉莎莱兹奇
231,撑杆跳丽萨莱兹奇,4,False,False,0.0,0.375,0.5,0.5322009907997169,-0.311767578125,0.0,0.0,0.0,0.0,0,,撑竿跳丽莎莱兹琪
231,撑杆跳丽萨莱兹奇,5,False,False,0.0,0.375,0.5,0.445859872611465,-0.32666015625,0.0,0.0,0.0,0.0,0,,撑竿跳丽莎莱兹旗
231,撑杆跳丽萨莱兹奇,6,False,False,0.0,0.25,0.5,0.3057324840764331,-0.350830078125,0.0,0.0,0.0,0.0,0,,撑杆跳丽莎莱兹旗
231,撑杆跳丽萨莱兹奇,7,False,False,0.0,0.25,0.5,0.2505307855626327,-0.3603515625,0.0,0.0,0.0,0.0,0,,撑杆跳丽莎莱兹琪
231,撑杆跳丽萨莱兹奇,8,False,True,1.0,0.125,0.0,0.17692852087756547,-0.373046875,0.0,0.0,0.0,0.0,0,,撑竿跳丽萨莱兹奇
231,撑杆跳丽萨莱兹奇,9,False,False,0.0,0.25,0.25,0.1670205237084218,-0.374755859375,0.0,0.0,0.0,0.0,0,,撑杆跳莉莎莱兹奇
231,撑杆跳丽萨莱兹奇,10,False,False,0.0,0.5,0.5,0.11040339702760085,-0.384521484375,0.0,0.0,0.0,0.0,0,,撑竿跳莉莎莱兹琪
231,撑杆跳丽萨莱兹奇,11,False,False,1.0,0.25,0.0,0.0,-0.403564453125,0.0,0.0,0.0,0.0,0,,撑竿跳莉萨莱兹奇
232,三级跳克里斯丁吉尔奇,1,True,True,1.0,0.0,0.0,1.0,-0.1484375,0.0,0.0,0.0,0.0,0,,三级跳克里斯丁吉尔奇
232,三级跳克里斯丁吉尔奇,2,False,False,0.0,0.1,0.14285714285714285,0.7381720430107527,-0.2078857421875,0.0,0.0,0.0,0.0,0,,三级跳克里斯汀吉尔奇
232,三级跳克里斯丁吉尔奇,3,False,False,1.0,0.1,0.0,0.6876344086021505,-0.2193603515625,0.0,0.0,0.0,0.0,0,,三极跳克里斯丁吉尔奇
232,三级跳克里斯丁吉尔奇,4,False,False,1.0,0.1,0.0,0.6446236559139785,-0.2291259765625,0.0,0.0,0.0,0.0,0,,三急跳克里斯丁吉尔奇
232,三级跳克里斯丁吉尔奇,5,False,False,0.0,0.1,0.14285714285714285,0.44193548387096776,-0.275146484375,0.0,0.0,0.0,0.0,0,,三级跳克里斯丁吉尔齐
232,三级跳克里斯丁吉尔奇,6,False,False,0.0,0.2,0.14285714285714285,0.4053763440860215,-0.283447265625,0.0,0.0,0.0,0.0,0,,三极跳克里斯汀吉尔奇
232,三级跳克里斯丁吉尔奇,7,False,False,0.0,0.2,0.14285714285714285,0.32150537634408605,-0.302490234375,0.0,0.0,0.0,0.0,0,,三急跳克里斯汀吉尔奇
232,三级跳克里斯丁吉尔奇,8,False,False,0.0,0.2,0.2857142857142857,0.24086021505376345,-0.32080078125,0.0,0.0,0.0,0.0,0,,三级跳克里斯汀吉尔齐
232,三级跳克里斯丁吉尔奇,9,False,False,0.0,0.1,0.14285714285714285,0.2086021505376344,-0.328125,0.0,0.0,0.0,0.0,0,,三级跳克里斯丁吉尔琪
232,三级跳克里斯丁吉尔奇,10,False,False,0.0,0.2,0.14285714285714285,0.06881720430107527,-0.35986328125,0.0,0.0,0.0,0.0,0,,三极跳克里斯丁吉尔齐
232,三级跳克里斯丁吉尔奇,11,False,False,0.0,0.2,0.2857142857142857,0.04516129032258064,-0.365234375,0.0,0.0,0.0,0.0,0,,三级跳克里斯汀吉尔琪
232,三级跳克里斯丁吉尔奇,12,False,False,0.0,0.1,0.14285714285714285,0.03118279569892473,-0.368408203125,0.0,0.0,0.0,0.0,0,,三级跳克里斯丁杰尔奇
232,三级跳克里斯丁吉尔奇,13,False,False,1.0,0.1,0.0,0.010752688172043012,-0.373046875,0.0,0.0,0.0,0.0,0,,三集跳克里斯丁吉尔奇
232,三级跳克里斯丁吉尔奇,14,False,False,0.0,0.2,0.14285714285714285,0.0,-0.37548828125,0.0,0.0,0.0,0.0,0,,三急跳克里斯丁吉尔齐
233,铅球克里斯蒂娜斯齐万兹,1,True,True,1.0,0.2727272727272727,0.0,1.0,-0.2330322265625,0.0,0.0,0.0,0.0,0,,千秋克里斯蒂娜斯奇万兹
233,铅球克里斯蒂娜斯齐万兹,2,False,False,0.0,0.45454545454545453,0.09090909090909091,0.5951448707909162,-0.296142578125,0.0,0.0,0.0,0.0,0,,千求克里斯蒂娜施其万资
233,铅球克里斯蒂娜斯齐万兹,3,False,False,1.0,0.2727272727272727,0.0,0.4463586530931872,-0.3193359375,0.0,0.0,0.0,0.0,0,,千秋克里斯蒂娜斯琪万兹
233,铅球克里斯蒂娜斯齐万兹,4,False,False,0.0,0.45454545454545453,0.09090909090909091,0.3899765074393109,-0.328125,0.0,0.0,0.0,0.0,0,,千求克里斯蒂娜施其万滋
233,铅球克里斯蒂娜斯齐万兹,5,False,False,0.0,0.45454545454545453,0.09090909090909091,0.38214565387627253,-0.329345703125,0.0,0.0,0.0,0.0,0,,千求克里斯蒂娜思其万支
233,铅球克里斯蒂娜斯齐万兹,6,False,False,0.0,0.45454545454545453,0.09090909090909091,0.3617854346123727,-0.33251953125,0.0,0.0,0.0,0.0,0,,千求克里斯蒂娜思其万资
233,铅球克里斯蒂娜斯齐万兹,7,False,False,0.0,0.45454545454545453,0.09090909090909091,0.3288958496476116,-0.337646484375,0.0,0.0,0.0,0.0,0,,千求克里斯蒂娜思其万滋
233,铅球克里斯蒂娜斯齐万兹,8,False,False,1.0,0.2727272727272727,0.0,0.3038371182458888,-0.341552734375,0.0,0.0,0.0,0.0,0,,千求克里斯蒂娜斯奇万兹
233,铅球克里斯蒂娜斯齐万兹,9,False,False,0.0,0.45454545454545453,0.09090909090909091,0.18637431480031325,-0.35986328125,0.0,0.0,0.0,0.0,0,,千求克里斯蒂娜思其万姿
233,铅球克里斯蒂娜斯齐万兹,10,False,False,0.0,0.45454545454545453,0.09090909090909091,0.13782302270947533,-0.367431640625,0.0,0.0,0.0,0.0,0,,千求克里斯蒂娜施其万姿
233,铅球克里斯蒂娜斯齐万兹,11,False,False,1.0,0.36363636363636365,0.0,0.12999216914643696,-0.36865234375,0.0,0.0,0.0,0.0,0,,千秋克里斯蒂娜斯奇万姿
233,铅球克里斯蒂娜斯齐万兹,12,False,False,1.0,0.2727272727272727,0.0,0.025058731401722788,-0.385009765625,0.0,0.0,0.0,0.0,0,,迁求克里斯蒂娜斯奇万兹
233,铅球克里斯蒂娜斯齐万兹,13,False,False,0.0,0.45454545454545453,0.09090909090909091,0.0,-0.388916015625,0.0,0.0,0.0,0.0,0,,千求克里斯蒂娜思其万知
234,链球贝蒂海德尔,1,True,True,1.0,0.14285714285714285,0.0,1.0,-0.1925048828125,0.0,0.0,0.0,0.0,0,,练球贝蒂海德尔
234,链球贝蒂海德尔,2,False,False,1.0,0.2857142857142857,0.0,0.3439784532512505,-0.400634765625,0.0,0.0,0.0,0.0,0,,练习贝蒂海德尔
234,链球贝蒂海德尔,3,False,False,1.0,0.2857142857142857,0.4,0.30934974990380915,-0.41162109375,0.0,0.0,0.0,0.0,0,,恋爱球贝蒂海德尔
234,链球贝蒂海德尔,4,False,False,0.0,0.2857142857142857,0.2,0.2754905732974221,-0.42236328125,0.0,0.0,0.0,0.0,0,,练球贝利海德尔
234,链球贝蒂海德尔,5,False,False,0.0,0.2857142857142857,0.2,0.2116198537899192,-0.442626953125,0.0,0.0,0.0,0.0,0,,练球贝蒂海德阿尔
234,链球贝蒂海德尔,6,False,False,0.0,0.5714285714285714,0.4,0.13081954597922277,-0.46826171875,0.0,0.0,0.0,0.0,0,,练习背地海德尔
234,链球贝蒂海德尔,7,False,False,1.0,0.14285714285714285,0.0,0.0,-0.509765625,0.0,0.0,0.0,0.0,0,,脸球贝蒂海德尔
235,标枪克里斯丁胡宋,1,True,False,0.0,0.125,0.16666666666666666,1.0,-0.307861328125,0.0,0.0,0.0,0.0,0,,标枪克里斯丁胡颂
235,标枪克里斯丁胡宋,2,False,True,1.0,0.0,0.0,0.9643564356435643,-0.312255859375,0.0,0.0,0.0,0.0,0,,标枪克里斯丁胡宋
235,标枪克里斯丁胡宋,3,False,False,0.0,0.25,0.3333333333333333,0.7900990099009901,-0.333740234375,0.0,0.0,0.0,0.0,0,,标枪克里斯汀胡颂
235,标枪克里斯丁胡宋,4,False,False,0.0,0.125,0.16666666666666666,0.37623762376237624,-0.384765625,0.0,0.0,0.0,0.0,0,,标枪克里斯汀胡宋
235,标枪克里斯丁胡宋,5,False,False,0.0,0.25,0.16666666666666666,0.33861386138613864,-0.389404296875,0.0,0.0,0.0,0.0,0,,标腔克里斯丁胡颂
235,标枪克里斯丁胡宋,6,False,False,0.0,0.375,0.16666666666666666,0.30297029702970296,-0.393798828125,0.0,0.0,0.0,0.0,0,,彪腔克里斯丁胡颂
235,标枪克里斯丁胡宋,7,False,False,1.0,0.125,0.0,0.17227722772277226,-0.409912109375,0.0,0.0,0.0,0.0,0,,标腔克里斯丁胡宋
235,标枪克里斯丁胡宋,8,False,False,0.0,0.25,0.16666666666666666,0.13663366336633664,-0.414306640625,0.0,0.0,0.0,0.0,0,,标签克里斯丁胡颂
235,标枪克里斯丁胡宋,9,False,False,0.0,0.375,0.3333333333333333,0.12277227722772277,-0.416015625,0.0,0.0,0.0,0.0,0,,标签克里斯汀胡颂
235,标枪克里斯丁胡宋,10,False,False,1.0,0.25,0.0,0.09702970297029703,-0.419189453125,0.0,0.0,0.0,0.0,0,,彪腔克里斯丁胡宋
235,标枪克里斯丁胡宋,11,False,False,0.0,0.375,0.3333333333333333,0.0891089108910891,-0.420166015625,0.0,0.0,0.0,0.0,0,,标腔克里斯汀胡颂
235,标枪克里斯丁胡宋,12,False,False,1.0,0.125,0.0,0.06534653465346535,-0.423095703125,0.0,0.0,0.0,0.0,0,,标称克里斯丁胡宋
235,标枪克里斯丁胡宋,13,False,False,0.0,0.125,0.16666666666666666,0.0,-0.43115234375,0.0,0.0,0.0,0.0,0,,标枪克里斯丁胡送
236,克里斯蒂娜奥伯福尔,1,True,True,1.0,0.0,0.0,1.0,-0.11724853515625,0.0,0.0,0.0,0.0,0,,克里斯蒂娜奥伯福尔
236,克里斯蒂娜奥伯福尔,2,False,False,1.0,0.1111111111111111,0.0,0.384251968503937,-0.236572265625,0.0,0.0,0.0,0.0,0,,克里斯蒂娜奥伯弗尔
236,克里斯蒂娜奥伯福尔,3,False,False,1.0,0.1111111111111111,0.0,0.04913385826771653,-0.301513671875,0.0,0.0,0.0,0.0,0,,克里斯蒂娜奥伯夫尔
236,克里斯蒂娜奥伯福尔,4,False,False,1.0,0.1111111111111111,0.0,0.0,-0.31103515625,0.0,0.0,0.0,0.0,0,,克里斯蒂娜奥伯佛尔
237,全能詹妮弗奥赛尔,1,True,False,0.0,0.25,0.3333333333333333,1.0,-0.1468505859375,0.0,0.0,0.0,0.0,0,,全能詹妮佛奥塞尔
237,全能詹妮弗奥赛尔,2,False,True,0.0,0.125,0.16666666666666666,0.7423887587822015,-0.1871337890625,0.0,0.0,0.0,0.0,0,,全能詹妮弗奥塞尔
237,全能詹妮弗奥赛尔,3,False,False,0.0,0.375,0.5,0.11865729898516784,-0.28466796875,0.0,0.0,0.0,0.0,0,,全能珍妮佛奥塞尔
237,全能詹妮弗奥赛尔,4,False,False,0.0,0.25,0.3333333333333333,0.01405152224824356,-0.301025390625,0.0,0.0,0.0,0.0,0,,全能詹尼弗奥塞尔
237,全能詹妮弗奥赛尔,5,False,False,0.0,0.125,0.16666666666666666,0.0,-0.30322265625,0.0,0.0,0.0,0.0,0,,全能詹妮佛奥赛尔
238,安娜莱纳法拉塞,1,True,False,0.0,0.42857142857142855,0.4,1.0,-0.55712890625,0.0,0.0,0.0,0.0,0,,安拿来拿法拉塞
238,安娜莱纳法拉塞,2,False,False,0.0,0.2857142857142857,0.2,0.5837837837837838,-0.63232421875,0.0,0.0,0.0,0.0,0,,安纳来纳法拉塞
238,安娜莱纳法拉塞,3,False,False,0.0,0.42857142857142855,0.4,0.5513513513513514,-0.63818359375,0.0,0.0,0.0,0.0,0,,安那来那法拉塞
238,安娜莱纳法拉塞,4,False,False,0.0,0.2857142857142857,0.4,0.44324324324324327,-0.65771484375,0.0,0.0,0.0,0.0,0,,安娜蕾拿法拉塞
238,安娜莱纳法拉塞,5,False,True,0.0,0.14285714285714285,0.2,0.44054054054054054,-0.658203125,0.0,0.0,0.0,0.0,0,,安娜莱娜法拉塞
238,安娜莱纳法拉塞,6,False,False,0.0,0.42857142857142855,0.4,0.1810810810810811,-0.705078125,0.0,0.0,0.0,0.0,0,,安纳来拿法拉塞
238,安娜莱纳法拉塞,7,False,False,0.0,0.2857142857142857,0.4,0.13513513513513514,-0.71337890625,0.0,0.0,0.0,0.0,0,,安娜蕾娜法拉塞
238,安娜莱纳法拉塞,8,False,False,0.0,0.42857142857142855,0.4,0.010810810810810811,-0.73583984375,0.0,0.0,0.0,0.0,0,,安纳来纳法拉赛
238,安娜莱纳法拉塞,9,False,False,0.0,0.42857142857142855,0.6,0.0,-0.73779296875,0.0,0.0,0.0,0.0,0,,安娜蕾拿法拉赛
239,吉娜卢克肯科姆普尔,1,True,False,0.0,0.2222222222222222,0.2222222222222222,1.0,-0.09014892578125,0.0,0.0,0.0,0.0,0,,吉纳鲁克肯科姆普尔
239,吉娜卢克肯科姆普尔,2,False,False,0.0,0.3333333333333333,0.3333333333333333,0.6610984560870665,-0.171875,0.0,0.0,0.0,0.0,0,,吉纳鲁克肯科穆普尔
239,吉娜卢克肯科姆普尔,3,False,False,0.0,0.3333333333333333,0.3333333333333333,0.6464186281953935,-0.1754150390625,0.0,0.0,0.0,0.0,0,,基纳鲁克肯科姆普尔
239,吉娜卢克肯科姆普尔,4,False,False,0.0,0.4444444444444444,0.4444444444444444,0.313844596304733,-0.255615234375,0.0,0.0,0.0,0.0,0,,基纳鲁克肯科穆普尔
239,吉娜卢克肯科姆普尔,5,False,True,0.5,0.1111111111111111,0.1111111111111111,0.23690205011389523,-0.274169921875,0.0,0.0,0.0,0.0,0,,吉娜鲁克肯科姆普尔
239,吉娜卢克肯科姆普尔,6,False,False,0.0,0.3333333333333333,0.3333333333333333,0.01923563654770944,-0.32666015625,0.0,0.0,0.0,0.0,0,,吉纳鲁克肯科木普尔
239,吉娜卢克肯科姆普尔,7,False,False,0.0,0.3333333333333333,0.3333333333333333,0.0,-0.331298828125,0.0,0.0,0.0,0.0,0,,吉纳鲁克肯科摩普尔
240,记者从浙江省游泳协会了解到,1,True,False,1.0,0.07692307692307693,0.0,1.0,-0.070556640625,0.0,0.0,0.0,0.0,0,,记者从浙江省游泳协会了解
240,记者从浙江省游泳协会了解到,2,False,True,1.0,0.0,0.0,0.35858585858585856,-0.07830810546875,0.0,0.0,0.0,0.0,0,,记者从浙江省游泳协会了解到
240,记者从浙江省游泳协会了解到,3,False,False,1.0,0.07692307692307693,0.0,0.0,-0.0826416015625,0.0,0.0,0.0,0.0,0,,记者从浙江省游泳协会了解道
241,谢霆锋妹妹谢婷婷在微博晒出与父亲合影,1,True,True,1.0,0.0,0.0,1.0,-0.02288818359375,0.0,0.0,0.0,0.0,0,,谢霆锋妹妹谢婷婷在微博晒出与父亲合影
241,谢霆锋妹妹谢婷婷在微博晒出与父亲合影,2,False,False,1.0,0.1111111111111111,0.0,0.20826220553089791,-0.1644287109375,0.0,0.0,0.0,0.0,0,,谢亭峰妹妹谢婷婷在微博晒出与父亲合影
241,谢霆锋妹妹谢婷婷在微博晒出与父亲合影,3,False,False,1.0,0.1111111111111111,0.0,0.1782178217821782,-0.1697998046875,0.0,0.0,0.0,0.0,0,,谢廷峰妹妹谢婷婷在微博晒出与父亲合影
241,谢霆锋妹妹谢婷婷在微博晒出与父亲合影,4,False,False,1.0,0.05555555555555555,0.0,0.1399795151928986,-0.1766357421875,0.0,0.0,0.0,0.0,0,,谢霆锋妹妹谢婷婷在微博晒出于父亲合影
241,谢霆锋妹妹谢婷婷在微博晒出与父亲合影,5,False,False,1.0,0.1111111111111111,0.0,0.12495732331853875,-0.1793212890625,0.0,0.0,0.0,0.0,0,,谢庭峰妹妹谢婷婷在微博晒出与父亲合影
241,谢霆锋妹妹谢婷婷在微博晒出与父亲合影,6,False,False,1.0,0.05555555555555555,0.0,0.08876749743939912,-0.185791015625,0.0,0.0,0.0,0.0,0,,谢霆峰妹妹谢婷婷在微博晒出与父亲合影
241,谢霆锋妹妹谢婷婷在微博晒出与父亲合影,7,False,False,0.0,0.1111111111111111,0.6666666666666666,0.021850460908159782,-0.19775390625,0.0,0.0,0.0,0.0,0,,谢霆锋妹妹谢亭亭在微博晒出与父亲合影
241,谢霆锋妹妹谢婷婷在微博晒出与父亲合影,8,False,False,1.0,0.1111111111111111,0.0,0.0,-0.20166015625,0.0,0.0,0.0,0.0,0,,谢廷丰妹妹谢婷婷在微博晒出与父亲合影
242,谢婷婷将头挨着父亲的头,1,True,True,1.0,0.0,0.0,1.0,-0.0171356201171875,0.0,0.0,0.0,0.0,0,,谢婷婷将头挨着父亲的头
242,谢婷婷将头挨着父亲的头,2,False,False,0.0,0.09090909090909091,0.3333333333333333,0.3856670987163942,-0.2413330078125,0.0,0.0,0.0,0.0,0,,解婷婷将头挨着父亲的头
242,谢婷婷将头挨着父亲的头,3,False,False,0.0,0.18181818181818182,0.6666666666666666,0.2896684366768407,-0.2763671875,0.0,0.0,0.0,0.0,0,,谢亭亭将头挨着父亲的头
242,谢婷婷将头挨着父亲的头,4,False,False,1.0,0.09090909090909091,0.0,0.1866454822929297,-0.31396484375,0.0,0.0,0.0,0.0,0,,谢婷婷将头挨着父亲的头说
242,谢婷婷将头挨着父亲的头,5,False,False,0.0,0.18181818181818182,0.6666666666666666,0.0675670025504871,-0.357421875,0.0,0.0,0.0,0.0,0,,谢庭庭将头挨着父亲的头
242,谢婷婷将头挨着父亲的头,6,False,False,0.0,0.18181818181818182,0.6666666666666666,0.04816657607559476,-0.364501953125,0.0,0.0,0.0,0.0,0,,谢霆霆将头挨着父亲的头
242,谢婷婷将头挨着父亲的头,7,False,False,1.0,0.09090909090909091,0.0,0.04482167495923402,-0.36572265625,0.0,0.0,0.0,0.0,0,,谢婷婷将头挨在父亲的头
242,谢婷婷将头挨着父亲的头,8,False,False,1.0,0.09090909090909091,0.0,0.030104110047246727,-0.37109375,0.0,0.0,0.0,0.0,0,,谢婷婷将头挨著父亲的头
242,谢婷婷将头挨着父亲的头,9,False,False,0.0,0.2727272727272727,1.0,0.006689802232721495,-0.379638671875,0.0,0.0,0.0,0.0,0,,解亭亭将头挨着父亲的头
242,谢婷婷将头挨着父亲的头,10,False,False,0.0,0.18181818181818182,0.6666666666666666,0.0,-0.382080078125,0.0,0.0,0.0,0.0,0,,谢田田将头挨着父亲的头
243,艺人谢婷婷从小就成为媒体焦点,1,True,True,1.0,0.0,0.0,1.0,-0.0054168701171875,0.0,0.0,0.0,0.0,0,,艺人谢婷婷从小就成为媒体焦点
243,艺人谢婷婷从小就成为媒体焦点,2,False,False,0.0,0.14285714285714285,0.6666666666666666,0.4889448764171843,-0.1849365234375,0.0,0.0,0.0,0.0,0,,艺人谢霆霆从小就成为媒体焦点
243,艺人谢婷婷从小就成为媒体焦点,3,False,False,1.0,0.07142857142857142,0.0,0.3099778463142348,-0.247802734375,0.0,0.0,0.0,0.0,0,,1人谢婷婷从小就成为媒体焦点
243,艺人谢婷婷从小就成为媒体焦点,4,False,False,0.0,0.14285714285714285,0.6666666666666666,0.2724468963120629,-0.260986328125,0.0,0.0,0.0,0.0,0,,艺人谢庭庭从小就成为媒体焦点
243,艺人谢婷婷从小就成为媒体焦点,5,False,False,0.0,0.07142857142857142,0.3333333333333333,0.25646149168150817,-0.2666015625,0.0,0.0,0.0,0.0,0,,艺人解婷婷从小就成为媒体焦点
243,艺人谢婷婷从小就成为媒体焦点,6,False,False,0.0,0.14285714285714285,0.6666666666666666,0.19808001390035185,-0.287109375,0.0,0.0,0.0,0.0,0,,艺人谢挺挺从小就成为媒体焦点
243,艺人谢婷婷从小就成为媒体焦点,7,False,False,0.0,0.14285714285714285,0.6666666666666666,0.14595369445289083,-0.305419921875,0.0,0.0,0.0,0.0,0,,艺人谢亭亭从小就成为媒体焦点
243,艺人谢婷婷从小就成为媒体焦点,8,False,False,1.0,0.07142857142857142,0.0,0.027105686112679727,-0.34716796875,0.0,0.0,0.0,0.0,0,,艺人谢婷婷从小就成为了媒体焦点
243,艺人谢婷婷从小就成为媒体焦点,9,False,False,1.0,0.07142857142857142,0.0,0.02363059814951566,-0.348388671875,0.0,0.0,0.0,0.0,0,,译人谢婷婷从小就成为媒体焦点
243,艺人谢婷婷从小就成为媒体焦点,10,False,False,0.0,0.14285714285714285,0.6666666666666666,0.0,-0.356689453125,0.0,0.0,0.0,0.0,0,,艺人谢廷廷从小就成为媒体焦点
244,谢婷婷为服装拍摄时装宣传照,1,True,True,1.0,0.0,0.0,1.0,-0.0372314453125,0.0,0.0,0.0,0.0,0,,谢婷婷为服装拍摄时装宣传照
244,谢婷婷为服装拍摄时装宣传照,2,False,False,1.0,0.07692307692307693,0.0,0.6631205673758865,-0.11260986328125,0.0,0.0,0.0,0.0,0,,谢婷婷为服装拍摄时装宣传着
244,谢婷婷为服装拍摄时装宣传照,3,False,False,1.0,0.07692307692307693,0.0,0.4920894708128751,-0.15087890625,0.0,0.0,0.0,0.0,0,,谢婷婷为服装拍摄时装宣传找
244,谢婷婷为服装拍摄时装宣传照,4,False,False,1.0,0.07692307692307693,0.0,0.44462629569012546,-0.1614990234375,0.0,0.0,0.0,0.0,0,,谢婷婷为服装拍摄时装宣传招
244,谢婷婷为服装拍摄时装宣传照,5,False,False,0.0,0.15384615384615385,0.6666666666666666,0.33169667212220405,-0.186767578125,0.0,0.0,0.0,0.0,0,,谢甜甜为服装拍摄时装宣传照
244,谢婷婷为服装拍摄时装宣传照,6,False,False,0.0,0.15384615384615385,0.6666666666666666,0.29623567921440264,-0.1947021484375,0.0,0.0,0.0,0.0,0,,谢田田为服装拍摄时装宣传照
244,谢婷婷为服装拍摄时装宣传照,7,False,False,1.0,0.07692307692307693,0.0,0.2575013638843426,-0.203369140625,0.0,0.0,0.0,0.0,0,,谢婷婷为服装拍摄时装宣传罩
244,谢婷婷为服装拍摄时装宣传照,8,False,False,0.0,0.15384615384615385,0.6666666666666666,0.20403709765411893,-0.21533203125,0.0,0.0,0.0,0.0,0,,谢天天为服装拍摄时装宣传照
244,谢婷婷为服装拍摄时装宣传照,9,False,False,0.0,0.15384615384615385,0.6666666666666666,0.18712493180578288,-0.2191162109375,0.0,0.0,0.0,0.0,0,,谢亭亭为服装拍摄时装宣传照
244,谢婷婷为服装拍摄时装宣传照,10,False,False,1.0,0.07692307692307693,0.0,0.18439716312056736,-0.2197265625,0.0,0.0,0.0,0.0,0,,谢婷婷为服装拍摄时装宣传者
244,谢婷婷为服装拍摄时装宣传照,11,False,False,1.0,0.07692307692307693,0.0,0.0,-0.260986328125,0.0,0.0,0.0,0.0,0,,谢婷婷为服装拍摄时装宣传召
245,施王祥被陆丰市纪委立案调查,1,True,False,0.0,0.23076923076923078,0.3333333333333333,1.0,-0.113525390625,0.0,0.0,0.0,0.0,0,,施王翔被路峰市纪委立案调查
245,施王祥被陆丰市纪委立案调查,2,False,False,0.0,0.07692307692307693,0.3333333333333333,0.8815359477124183,-0.1312255859375,0.0,0.0,0.0,0.0,0,,施王翔被陆丰市纪委立案调查
245,施王祥被陆丰市纪委立案调查,3,False,False,0.0,0.15384615384615385,0.3333333333333333,0.8684640522875817,-0.1331787109375,0.0,0.0,0.0,0.0,0,,施王翔被陆峰市纪委立案调查
245,施王祥被陆丰市纪委立案调查,4,False,False,0.0,0.15384615384615385,0.3333333333333333,0.863562091503268,-0.1339111328125,0.0,0.0,0.0,0.0,0,,施王翔被陆锋市纪委立案调查
245,施王祥被陆丰市纪委立案调查,5,False,False,0.0,0.15384615384615385,0.3333333333333333,0.7066993464052288,-0.1573486328125,0.0,0.0,0.0,0.0,0,,施王翔被路丰市纪委立案调查
245,施王祥被陆丰市纪委立案调查,6,False,False,1.0,0.15384615384615385,0.0,0.678921568627451,-0.1614990234375,0.0,0.0,0.0,0.0,0,,施王祥被路峰市纪委立案调查
245,施王祥被陆丰市纪委立案调查,7,False,True,1.0,0.0,0.0,0.6527777777777778,-0.1654052734375,0.0,0.0,0.0,0.0,0,,施王祥被陆丰市纪委立案调查
245,施王祥被陆丰市纪委立案调查,8,False,False,0.0,0.23076923076923078,0.3333333333333333,0.6495098039215687,-0.1658935546875,0.0,0.0,0.0,0.0,0,,施王翔被路锋市纪委立案调查
245,施王祥被陆丰市纪委立案调查,9,False,False,1.0,0.07692307692307693,0.0,0.5947712418300654,-0.174072265625,0.0,0.0,0.0,0.0,0,,施王祥被陆峰市纪委立案调查
245,施王祥被陆丰市纪委立案调查,10,False,False,1.0,0.07692307692307693,0.0,0.548202614379085,-0.1810302734375,0.0,0.0,0.0,0.0,0,,施王祥被陆锋市纪委立案调查
245,施王祥被陆丰市纪委立案调查,11,False,False,1.0,0.07692307692307693,0.0,0.4305555555555556,-0.1986083984375,0.0,0.0,0.0,0.0,0,,施王祥被路丰市纪委立案调查
245,施王祥被陆丰市纪委立案调查,12,False,False,0.0,0.15384615384615385,0.3333333333333333,0.38643790849673204,-0.2052001953125,0.0,0.0,0.0,0.0,0,,施王翔被陆风市纪委立案调查
245,施王祥被陆丰市纪委立案调查,13,False,False,1.0,0.15384615384615385,0.0,0.3831699346405229,-0.2056884765625,0.0,0.0,0.0,0.0,0,,施王祥被路锋市纪委立案调查
245,施王祥被陆丰市纪委立案调查,14,False,False,1.0,0.07692307692307693,0.0,0.08006535947712418,-0.2509765625,0.0,0.0,0.0,0.0,0,,施王祥被陆风市纪委立案调查
245,施王祥被陆丰市纪委立案调查,15,False,False,0.0,0.23076923076923078,0.3333333333333333,0.0196078431372549,-0.260009765625,0.0,0.0,0.0,0.0,0,,施王翔被路风市纪委立案调查
245,施王祥被陆丰市纪委立案调查,16,False,False,0.0,0.15384615384615385,0.3333333333333333,0.0,-0.262939453125,0.0,0.0,0.0,0.0,0,,施王翔被鹿丰市纪委立案调查
246,陆丰市纪委决定给予施王祥开除党籍处分,1,True,False,1.0,0.05555555555555555,0.0,1.0,-0.1046142578125,0.0,0.0,0.0,0.0,0,,陆锋市纪委决定给予施王祥开除党籍处分
246,陆丰市纪委决定给予施王祥开除党籍处分,2,False,False,1.0,0.1111111111111111,0.0,0.994263862332696,-0.10498046875,0.0,0.0,0.0,0.0,0,,路峰市纪委决定给予施王祥开除党籍处分
246,陆丰市纪委决定给予施王祥开除党籍处分,3,False,False,1.0,0.05555555555555555,0.0,0.8202676864244742,-0.1160888671875,0.0,0.0,0.0,0.0,0,,陆峰市纪委决定给予施王祥开除党籍处分
246,陆丰市纪委决定给予施王祥开除党籍处分,4,False,False,1.0,0.1111111111111111,0.0,0.5124282982791587,-0.1357421875,0.0,0.0,0.0,0.0,0,,路锋市纪委决定给予施王祥开除党籍处分
246,陆丰市纪委决定给予施王祥开除党籍处分,5,False,False,0.0,0.1111111111111111,0.3333333333333333,0.2829827915869981,-0.150390625,0.0,0.0,0.0,0.0,0,,陆锋市纪委决定给予施王响开除党籍处分
246,陆丰市纪委决定给予施王祥开除党籍处分,6,False,False,0.0,0.16666666666666666,0.3333333333333333,0.25621414913957935,-0.152099609375,0.0,0.0,0.0,0.0,0,,路峰市纪委决定给予施王响开除党籍处分
246,陆丰市纪委决定给予施王祥开除党籍处分,7,False,False,1.0,0.1111111111111111,0.0,0.25047801147227533,-0.1524658203125,0.0,0.0,0.0,0.0,0,,路芳市纪委决定给予施王祥开除党籍处分
246,陆丰市纪委决定给予施王祥开除党籍处分,8,False,False,1.0,0.1111111111111111,0.0,0.2332695984703633,-0.153564453125,0.0,0.0,0.0,0.0,0,,陆锋士纪委决定给予施王祥开除党籍处分
246,陆丰市纪委决定给予施王祥开除党籍处分,9,False,False,0.0,0.16666666666666666,0.3333333333333333,0.2179732313575526,-0.154541015625,0.0,0.0,0.0,0.0,0,,路峰市纪委决定给予施王翔开除党籍处分
246,陆丰市纪委决定给予施王祥开除党籍处分,10,False,False,0.0,0.1111111111111111,0.3333333333333333,0.1931166347992352,-0.1561279296875,0.0,0.0,0.0,0.0,0,,陆锋市纪委决定给予施王翔开除党籍处分
246,陆丰市纪委决定给予施王祥开除党籍处分,11,False,False,1.0,0.1111111111111111,0.0,0.1701720841300191,-0.1575927734375,0.0,0.0,0.0,0.0,0,,陆锋是纪委决定给予施王祥开除党籍处分
246,陆丰市纪委决定给予施王祥开除党籍处分,12,False,True,1.0,0.0,0.0,0.14340344168260039,-0.1593017578125,0.0,0.0,0.0,0.0,0,,陆丰市纪委决定给予施王祥开除党籍处分
246,陆丰市纪委决定给予施王祥开除党籍处分,13,False,False,0.0,0.1111111111111111,0.3333333333333333,0.09751434034416825,-0.1622314453125,0.0,0.0,0.0,0.0,0,,陆峰市纪委决定给予施王响开除党籍处分
246,陆丰市纪委决定给予施王祥开除党籍处分,14,False,False,0.0,0.1111111111111111,0.3333333333333333,0.05162523900573614,-0.1651611328125,0.0,0.0,0.0,0.0,0,,陆峰市纪委决定给予施王翔开除党籍处分
246,陆丰市纪委决定给予施王祥开除党籍处分,15,False,False,1.0,0.05555555555555555,0.0,0.0,-0.16845703125,0.0,0.0,0.0,0.0,0,,路丰市纪委决定给予施王祥开除党籍处分
247,南粤清风网通报该案详情,1,True,True,1.0,0.0,0.0,1.0,-0.1168212890625,0.0,0.0,0.0,0.0,0,,南粤清风网通报该案详情
247,南粤清风网通报该案详情,2,False,False,0.0,0.09090909090909091,0.5,0.976763258611263,-0.12200927734375,0.0,0.0,0.0,0.0,0,,南越清风网通报该案详情
247,南粤清风网通报该案详情,3,False,False,0.0,0.2727272727272727,0.5,0.6779661016949152,-0.188720703125,0.0,0.0,0.0,0.0,0,,南越青峰网通报该案详情
247,南粤清风网通报该案详情,4,False,False,1.0,0.18181818181818182,0.0,0.4756697648988518,-0.23388671875,0.0,0.0,0.0,0.0,0,,南粤青峰网通报该案详情
247,南粤清风网通报该案详情,5,False,False,0.0,0.09090909090909091,0.5,0.3827227993439038,-0.254638671875,0.0,0.0,0.0,0.0,0,,南岳清风网通报该案详情
247,南粤清风网通报该案详情,6,False,False,1.0,0.18181818181818182,0.0,0.28212137780207763,-0.277099609375,0.0,0.0,0.0,0.0,0,,南粤青蜂网通报该案详情
247,南粤清风网通报该案详情,7,False,False,1.0,0.18181818181818182,0.0,0.17823947512301805,-0.30029296875,0.0,0.0,0.0,0.0,0,,南粤青锋网通报该案详情
247,南粤清风网通报该案详情,8,False,False,0.0,0.2727272727272727,0.5,0.06670311645708037,-0.3251953125,0.0,0.0,0.0,0.0,0,,南越青蜂网通报该案详情
247,南粤清风网通报该案详情,9,False,False,0.0,0.2727272727272727,0.5,0.0,-0.340087890625,0.0,0.0,0.0,0.0,0,,南越青锋网通报该案详情
248,从金堂县城驱车1个半小时至土桥镇的大禹村,1,True,True,0.5,0.1,0.16666666666666666,1.0,-0.08392333984375,0.0,0.0,0.0,0.0,0,,从金塘县城驱车1个半小时至土桥镇的大渔村
248,从金堂县城驱车1个半小时至土桥镇的大禹村,2,False,False,0.0,0.15,0.3333333333333333,0.6181211784324625,-0.1258544921875,0.0,0.0,0.0,0.0,0,,从金塘县城驱车1个半小时至吐桥镇的大渔村
248,从金堂县城驱车1个半小时至土桥镇的大禹村,3,False,False,0.5,0.1,0.16666666666666666,0.6025569760978321,-0.1275634765625,0.0,0.0,0.0,0.0,0,,从金塘县城驱车1个半小时至土桥镇的大渝村
248,从金堂县城驱车1个半小时至土桥镇的大禹村,4,False,False,0.0,0.15,0.3333333333333333,0.3057254030016676,-0.16015625,0.0,0.0,0.0,0.0,0,,从金塘县城驱车1个半小时至吐桥镇的大渝村
248,从金堂县城驱车1个半小时至土桥镇的大禹村,5,False,False,0.5,0.15,0.16666666666666666,0.0,-0.1937255859375,0.0,0.0,0.0,0.0,0,,从津塘县城驱车1个半小时至土桥镇的大渔村
249,村干部大闹天宫孙大圣口碑爆棚,1,True,True,1.0,0.0,0.0,1.0,-0.0771484375,0.0,0.0,0.0,0.0,0,,村干部大闹天宫孙大圣口碑爆棚
249,村干部大闹天宫孙大圣口碑爆棚,2,False,False,0.0,0.07142857142857142,0.3333333333333333,0.4485207100591716,-0.134033203125,0.0,0.0,0.0,0.0,0,,村干部大闹天宫孙大胜口碑爆棚
249,村干部大闹天宫孙大圣口碑爆棚,3,False,False,0.0,0.14285714285714285,0.3333333333333333,0.28994082840236685,-0.150390625,0.0,0.0,0.0,0.0,0,,村干部大闹天公孙大胜口碑爆棚
249,村干部大闹天宫孙大圣口碑爆棚,4,False,False,1.0,0.07142857142857142,0.0,0.23668639053254437,-0.1558837890625,0.0,0.0,0.0,0.0,0,,村干部大闹天公孙大圣口碑爆棚
249,村干部大闹天宫孙大圣口碑爆棚,5,False,False,0.0,0.07142857142857142,0.3333333333333333,0.03905325443786982,-0.17626953125,0.0,0.0,0.0,0.0,0,,村干部大闹天宫孙大盛口碑爆棚
249,村干部大闹天宫孙大圣口碑爆棚,6,False,False,0.0,0.14285714285714285,0.3333333333333333,0.0,-0.1802978515625,0.0,0.0,0.0,0.0,0,,村干部大闹天公孙大盛口碑爆棚
250,村庄晴天降奇冰十几斤重来历不明,1,True,False,0.0,0.2,1.0,1.0,-0.072509765625,0.0,0.0,0.0,0.0,0,,村庄晴天将骑兵十几斤重来历不明
250,村庄晴天降奇冰十几斤重来历不明,2,False,False,0.0,0.26666666666666666,1.0,0.4371405094494659,-0.1561279296875,0.0,0.0,0.0,0.0,0,,村庄擎天将骑兵十几斤重来历不明
250,村庄晴天降奇冰十几斤重来历不明,3,False,True,0.0,0.13333333333333333,1.0,0.05751848808545604,-0.2125244140625,0.0,0.0,0.0,0.0,0,,村庄晴天降齐兵十几斤重来历不明
250,村庄晴天降奇冰十几斤重来历不明,4,False,False,0.0,0.2,1.0,0.009038619556285949,-0.2197265625,0.0,0.0,0.0,0.0,0,,村庄晴天将其兵十几斤重来历不明
250,村庄晴天降奇冰十几斤重来历不明,5,False,False,0.0,0.26666666666666666,1.0,0.007395234182415777,-0.219970703125,0.0,0.0,0.0,0.0,0,,村庄秦天将骑兵十几斤重来历不明
250,村庄晴天降奇冰十几斤重来历不明,6,False,False,0.0,0.2,1.0,0.0,-0.2210693359375,0.0,0.0,0.0,0.0,0,,村庄晴天将齐兵十几斤重来历不明
251,这块天降奇冰究竟是何物,1,True,False,0.0,0.09090909090909091,0.5,1.0,-0.1474609375,0.0,0.0,0.0,0.0,0,,这块天降奇兵究竟是何物
251,这块天降奇冰究竟是何物,2,False,False,0.0,0.18181818181818182,1.0,0.8936022253129347,-0.1661376953125,0.0,0.0,0.0,0.0,0,,这块天降骑兵究竟是何物
251,这块天降奇冰究竟是何物,3,False,True,1.0,0.0,0.0,0.5097357440890126,-0.2335205078125,0.0,0.0,0.0,0.0,0,,这块天降奇冰究竟是何物
251,这块天降奇冰究竟是何物,4,False,False,0.0,0.18181818181818182,1.0,0.36022253129346316,-0.259765625,0.0,0.0,0.0,0.0,0,,这1块天降奇兵究竟是何物
251,这块天降奇冰究竟是何物,5,False,False,0.0,0.2727272727272727,1.0,0.325452016689847,-0.265869140625,0.0,0.0,0.0,0.0,0,,这1块天降骑兵究竟是何物
251,这块天降奇冰究竟是何物,6,False,False,0.0,0.09090909090909091,0.5,0.21557719054242003,-0.28515625,0.0,0.0,0.0,0.0,0,,这块天降旗冰究竟是何物
251,这块天降奇冰究竟是何物,7,False,False,0.0,0.18181818181818182,1.0,0.1043115438108484,-0.3046875,0.0,0.0,0.0,0.0,0,,这块天降旗兵究竟是何物
251,这块天降奇冰究竟是何物,8,False,False,0.0,0.18181818181818182,1.0,0.0,-0.322998046875,0.0,0.0,0.0,0.0,0,,这块天降棋兵究竟是何物
252,该村村民黎胜明向楚天快报求助,1,True,False,0.0,0.07142857142857142,0.3333333333333333,1.0,-0.1019287109375,0.0,0.0,0.0,0.0,0,,该村村民黎盛明向楚天快报求助
252,该村村民黎胜明向楚天快报求助,2,False,True,1.0,0.0,0.0,0.6883876357560568,-0.1474609375,0.0,0.0,0.0,0.0,0,,该村村民黎胜明向楚天快报求助
252,该村村民黎胜明向楚天快报求助,3,False,False,0.0,0.07142857142857142,0.3333333333333333,0.6449456975772765,-0.15380859375,0.0,0.0,0.0,0.0,0,,该村村民黎圣明向楚天快报求助
252,该村村民黎胜明向楚天快报求助,4,False,False,0.0,0.07142857142857142,0.3333333333333333,0.33500417710944025,-0.1990966796875,0.0,0.0,0.0,0.0,0,,该村村民李胜明向楚天快报求助
252,该村村民黎胜明向楚天快报求助,5,False,False,0.0,0.14285714285714285,0.6666666666666666,0.23558897243107768,-0.213623046875,0.0,0.0,0.0,0.0,0,,该村村民黎盛名向楚天快报求助
252,该村村民黎胜明向楚天快报求助,6,False,False,0.0,0.07142857142857142,0.3333333333333333,0.17293233082706766,-0.2227783203125,0.0,0.0,0.0,0.0,0,,该村村民黎晟明向楚天快报求助
252,该村村民黎胜明向楚天快报求助,7,False,False,0.0,0.07142857142857142,0.3333333333333333,0.0985797827903091,-0.233642578125,0.0,0.0,0.0,0.0,0,,该村村民黎胜民向楚天快报求助
252,该村村民黎胜明向楚天快报求助,8,False,False,0.0,0.14285714285714285,0.6666666666666666,0.001670843776106934,-0.247802734375,0.0,0.0,0.0,0.0,0,,该村村民黎盛铭向楚天快报求助
252,该村村民黎胜明向楚天快报求助,9,False,False,0.0,0.07142857142857142,0.3333333333333333,0.0,-0.248046875,0.0,0.0,0.0,0.0,0,,该村村民黎胜铭向楚天快报求助
253,淅川县上集镇1名村支书被指将年龄改小10岁,1,True,False,0.0,0.14285714285714285,0.5,1.0,-0.134765625,0.0,0.0,0.0,0.0,0,,折川县尚吉镇1名村支书被指将年龄改小10岁
253,淅川县上集镇1名村支书被指将年龄改小10岁,2,False,False,0.0,0.09523809523809523,0.3333333333333333,0.9749582637729549,-0.1365966796875,0.0,0.0,0.0,0.0,0,,折川县上级镇1名村支书被指将年龄改小10岁
253,淅川县上集镇1名村支书被指将年龄改小10岁,3,False,False,0.0,0.09523809523809523,0.3333333333333333,0.9382303839732888,-0.1392822265625,0.0,0.0,0.0,0.0,0,,折川县上吉镇1名村支书被指将年龄改小10岁
253,淅川县上集镇1名村支书被指将年龄改小10岁,4,False,True,0.5,0.047619047619047616,0.16666666666666666,0.6994991652754591,-0.15673828125,0.0,0.0,0.0,0.0,0,,折川县上集镇1名村支书被指将年龄改小10岁
253,淅川县上集镇1名村支书被指将年龄改小10岁,5,False,False,0.0,0.09523809523809523,0.3333333333333333,0.31886477462437396,-0.1845703125,0.0,0.0,0.0,0.0,0,,折川县上极镇1名村支书被指将年龄改小10岁
253,淅川县上集镇1名村支书被指将年龄改小10岁,6,False,False,0.0,0.14285714285714285,0.5,0.3038397328881469,-0.1856689453125,0.0,0.0,0.0,0.0,0,,浙川县尚吉镇1名村支书被指将年龄改小10岁
253,淅川县上集镇1名村支书被指将年龄改小10岁,7,False,False,0.0,0.09523809523809523,0.3333333333333333,0.2587646076794658,-0.18896484375,0.0,0.0,0.0,0.0,0,,浙川县上吉镇1名村支书被指将年龄改小10岁
253,淅川县上集镇1名村支书被指将年龄改小10岁,8,False,False,0.0,0.09523809523809523,0.3333333333333333,0.25041736227045075,-0.1895751953125,0.0,0.0,0.0,0.0,0,,浙川县上级镇1名村支书被指将年龄改小10岁
253,淅川县上集镇1名村支书被指将年龄改小10岁,9,False,False,0.0,0.14285714285714285,0.5,0.035058430717863104,-0.205322265625,0.0,0.0,0.0,0.0,0,,哲川县尚吉镇1名村支书被指将年龄改小10岁
253,淅川县上集镇1名村支书被指将年龄改小10岁,10,False,False,0.5,0.047619047619047616,0.16666666666666666,0.0,-0.2078857421875,0.0,0.0,0.0,0.0,0,,浙川县上集镇1名村支书被指将年龄改小10岁
254,图为时上集镇派出所,1,True,False,0.0,0.3333333333333333,1.0,1.0,-0.046173095703125,0.0,0.0,0.0,0.0,0,,图为时尚急诊派出所
254,图为时上集镇派出所,2,False,False,0.0,0.3333333333333333,1.0,0.5365651199468747,-0.216552734375,0.0,0.0,0.0,0.0,0,,图为时尚急症派出所
254,图为时上集镇派出所,3,False,False,0.0,0.4444444444444444,1.0,0.45090063916327716,-0.248046875,0.0,0.0,0.0,0.0,0,,图为食尚急诊派出所
254,图为时上集镇派出所,4,False,False,0.0,0.4444444444444444,1.0,0.35461110649954347,-0.283447265625,0.0,0.0,0.0,0.0,0,,涂为时尚急诊派出所
254,图为时上集镇派出所,5,False,False,0.0,0.3333333333333333,0.6666666666666666,0.25765750809330124,-0.319091796875,0.0,0.0,0.0,0.0,0,,图为石上急诊派出所
254,图为时上集镇派出所,6,False,False,0.0,0.2222222222222222,0.6666666666666666,0.24238399601560554,-0.32470703125,0.0,0.0,0.0,0.0,0,,图为时尚集阵派出所
254,图为时上集镇派出所,7,False,False,0.0,0.3333333333333333,1.0,0.2224620237403503,-0.33203125,0.0,0.0,0.0,0.0,0,,图为时尚急震派出所
254,图为时上集镇派出所,8,False,False,0.0,0.2222222222222222,0.6666666666666666,0.14410226612434632,-0.36083984375,0.0,0.0,0.0,0.0,0,,图为时尚极镇派出所
254,图为时上集镇派出所,9,False,False,0.0,0.2222222222222222,0.6666666666666666,0.09363326969369967,-0.37939453125,0.0,0.0,0.0,0.0,0,,图为时尚集震派出所
254,图为时上集镇派出所,10,False,False,0.0,0.4444444444444444,1.0,0.08433634929858055,-0.3828125,0.0,0.0,0.0,0.0,0,,途为时尚急诊派出所
254,图为时上集镇派出所,11,False,True,0.0,0.1111111111111111,0.3333333333333333,0.03121108989789989,-0.40234375,0.0,0.0,0.0,0.0,0,,图为时尚集镇派出所
254,图为时上集镇派出所,12,False,False,0.0,0.4444444444444444,1.0,0.01992197227525525,-0.406494140625,0.0,0.0,0.0,0.0,0,,图为食尚急症派出所
254,图为时上集镇派出所,13,False,False,0.0,0.2222222222222222,0.6666666666666666,0.0,-0.413818359375,0.0,0.0,0.0,0.0,0,,图为时尚急镇派出所
255,村民多次向温岭市有关部门投诉反映,1,True,True,1.0,0.0,0.0,1.0,-0.07025146484375,0.0,0.0,0.0,0.0,0,,村民多次向温岭市有关部门投诉反映
255,村民多次向温岭市有关部门投诉反映,2,False,False,0.0,0.125,0.5,0.9776536312849162,-0.07342529296875,0.0,0.0,0.0,0.0,0,,村民多次向温领事有关部门投诉反映
255,村民多次向温岭市有关部门投诉反映,3,False,False,0.0,0.1875,0.5,0.6085088096261281,-0.1258544921875,0.0,0.0,0.0,0.0,0,,村民多次向温领事有关部门投诉反应
255,村民多次向温岭市有关部门投诉反映,4,False,False,1.0,0.0625,0.0,0.5913192952299098,-0.1282958984375,0.0,0.0,0.0,0.0,0,,村民多次向温岭市有关部门投诉反应
255,村民多次向温岭市有关部门投诉反映,5,False,False,0.0,0.0625,0.5,0.46669531585732704,-0.14599609375,0.0,0.0,0.0,0.0,0,,村民多次向温领市有关部门投诉反映
255,村民多次向温岭市有关部门投诉反映,6,False,False,0.0,0.0625,0.5,0.1177481736140954,-0.195556640625,0.0,0.0,0.0,0.0,0,,村民多次向温顶市有关部门投诉反映
255,村民多次向温岭市有关部门投诉反映,7,False,False,0.0,0.125,0.5,0.07133648474430597,-0.2021484375,0.0,0.0,0.0,0.0,0,,村民多次向温领市有关部门投诉反应
255,村民多次向温岭市有关部门投诉反映,8,False,False,0.0,0.0625,0.5,0.0,-0.2122802734375,0.0,0.0,0.0,0.0,0,,村民多次向温陵市有关部门投诉反映
256,灵璧县韦集镇韦集村原村支书石某,1,True,False,0.0,0.4,0.3333333333333333,1.0,-0.62451171875,0.0,0.0,0.0,0.0,0,,灵碧县伟吉镇伟集村园村之书石某
256,灵璧县韦集镇韦集村原村支书石某,2,False,False,0.0,0.6,0.6666666666666666,0.8823529411764706,-0.63134765625,0.0,0.0,0.0,0.0,0,,岭壁县玮吉镇魏吉村园村之书史某
256,灵璧县韦集镇韦集村原村支书石某,3,False,False,0.0,0.6,0.6666666666666666,0.773109243697479,-0.6376953125,0.0,0.0,0.0,0.0,0,,岭壁县玮吉镇魏吉村园村之书十某
256,灵璧县韦集镇韦集村原村支书石某,4,False,False,0.0,0.5333333333333333,0.6666666666666666,0.7226890756302521,-0.640625,0.0,0.0,0.0,0.0,0,,岭壁县纬集镇纬级村圆村之书史某
256,灵璧县韦集镇韦集村原村支书石某,5,False,False,0.0,0.3333333333333333,0.3333333333333333,0.7142857142857143,-0.64111328125,0.0,0.0,0.0,0.0,0,,灵碧县伟吉镇伟集村原村之书石某
256,灵璧县韦集镇韦集村原村支书石某,6,False,False,0.0,0.5333333333333333,0.6666666666666666,0.6974789915966386,-0.64208984375,0.0,0.0,0.0,0.0,0,,岭壁县玮吉镇魏吉村园村之书石某
256,灵璧县韦集镇韦集村原村支书石某,7,False,True,0.0,0.26666666666666666,0.3333333333333333,0.680672268907563,-0.64306640625,0.0,0.0,0.0,0.0,0,,灵碧县伟吉镇伟集村原村支书石某
256,灵璧县韦集镇韦集村原村支书石某,8,False,False,0.0,0.5333333333333333,0.3333333333333333,0.5798319327731093,-0.64892578125,0.0,0.0,0.0,0.0,0,,宁碧县纬吉镇纬集村园村之书史某
256,灵璧县韦集镇韦集村原村支书石某,9,False,False,0.0,0.4666666666666667,0.6666666666666666,0.5210084033613446,-0.65234375,0.0,0.0,0.0,0.0,0,,岭壁县纬集镇纬级村圆村之书石某
256,灵璧县韦集镇韦集村原村支书石某,10,False,False,0.0,0.4666666666666667,0.3333333333333333,0.453781512605042,-0.65625,0.0,0.0,0.0,0.0,0,,宁碧县纬吉镇纬集村园村之书石某
256,灵璧县韦集镇韦集村原村支书石某,11,False,False,0.0,0.5333333333333333,0.6666666666666666,0.453781512605042,-0.65625,0.0,0.0,0.0,0.0,0,,岭壁县纬集镇纬级村圆村之书十某
256,灵璧县韦集镇韦集村原村支书石某,12,False,False,0.0,0.4666666666666667,0.3333333333333333,0.3949579831932773,-0.65966796875,0.0,0.0,0.0,0.0,0,,灵碧县伟吉镇伟集村园村之书史某
256,灵璧县韦集镇韦集村原村支书石某,13,False,False,0.0,0.4666666666666667,0.6666666666666666,0.35294117647058826,-0.662109375,0.0,0.0,0.0,0.0,0,,岭壁县纬集镇纬级村原村之书史某
256,灵璧县韦集镇韦集村原村支书石某,14,False,False,0.0,0.5333333333333333,0.3333333333333333,0.33613445378151263,-0.6630859375,0.0,0.0,0.0,0.0,0,,宁碧县纬吉镇纬集村园村之书十某
256,灵璧县韦集镇韦集村原村支书石某,15,False,False,0.0,0.4666666666666667,0.3333333333333333,0.2689075630252101,-0.6669921875,0.0,0.0,0.0,0.0,0,,宁碧县纬吉镇纬集村原村之书史某
256,灵璧县韦集镇韦集村原村支书石某,16,False,False,0.0,0.4666666666666667,0.3333333333333333,0.0,-0.6826171875,0.0,0.0,0.0,0.0,0,,宁碧县纬吉镇纬集村原村之书十某
257,华江瑶族乡14届人大代表会第5次会议会务材料上,1,True,False,1.0,0.043478260869565216,0.0,1.0,-0.02874755859375,0.0,0.0,0.0,0.0,0,,华江瑶族乡14届人大代表会第5次会议会晤材料上
257,华江瑶族乡14届人大代表会第5次会议会务材料上,2,False,False,1.0,0.08695652173913043,0.0,0.5148514851485149,-0.0975341796875,0.0,0.0,0.0,0.0,0,,华江姚族乡14届人大代表会第5次会议会晤材料上
257,华江瑶族乡14届人大代表会第5次会议会务材料上,3,False,True,1.0,0.0,0.0,0.48170469220835127,-0.10223388671875,0.0,0.0,0.0,0.0,0,,华江瑶族乡14届人大代表会第5次会议会务材料上
257,华江瑶族乡14届人大代表会第5次会议会务材料上,4,False,False,1.0,0.08695652173913043,0.0,0.2186827378390013,-0.1395263671875,0.0,0.0,0.0,0.0,0,,滑江瑶族乡14届人大代表会第5次会议会晤材料上
257,华江瑶族乡14届人大代表会第5次会议会务材料上,5,False,False,1.0,0.08695652173913043,0.0,0.2049074472664658,-0.1414794921875,0.0,0.0,0.0,0.0,0,,华疆瑶族乡14届人大代表会第5次会议会晤材料上
257,华江瑶族乡14届人大代表会第5次会议会务材料上,6,False,False,1.0,0.13043478260869565,0.0,0.09126130004304778,-0.1575927734375,0.0,0.0,0.0,0.0,0,,华江姚足乡14届人大代表会第5次会议会晤材料上
257,华江瑶族乡14届人大代表会第5次会议会务材料上,7,False,False,1.0,0.08695652173913043,0.0,0.057684029272492464,-0.162353515625,0.0,0.0,0.0,0.0,0,,华江窑族乡14届人大代表会第5次会议会晤材料上
257,华江瑶族乡14届人大代表会第5次会议会务材料上,8,False,False,1.0,0.08695652173913043,0.0,0.014636246233318984,-0.16845703125,0.0,0.0,0.0,0.0,0,,华江瑶竹乡14届人大代表会第5次会议会晤材料上
257,华江瑶族乡14届人大代表会第5次会议会务材料上,9,False,False,1.0,0.043478260869565216,0.0,0.0,-0.1705322265625,0.0,0.0,0.0,0.0,0,,华江姚族乡14届人大代表会第5次会议会务材料上
258,也在厦门拿下几宗商住用地和济南几宗居住用地,1,True,True,0.0,0.19047619047619047,1.0,1.0,-0.2467041015625,0.0,0.0,0.0,0.0,0,,也在厦门拿下几宗商住地和几南居住用地
258,也在厦门拿下几宗商住用地和济南几宗居住用地,2,False,False,0.0,0.19047619047619047,1.0,0.9665271966527197,-0.2496337890625,0.0,0.0,0.0,0.0,0,,也在厦门拿下几宗商住地和几难居住用地
258,也在厦门拿下几宗商住用地和济南几宗居住用地,3,False,False,0.0,0.19047619047619047,1.0,0.9595536959553695,-0.250244140625,0.0,0.0,0.0,0.0,0,,也在厦门拿下几宗商住地和几男几踪居住用地
258,也在厦门拿下几宗商住用地和济南几宗居住用地,4,False,False,0.0,0.19047619047619047,1.0,0.5662482566248257,-0.28466796875,0.0,0.0,0.0,0.0,0,,也在厦门拿下几宗商住地和几男几女居住用地
258,也在厦门拿下几宗商住用地和济南几宗居住用地,5,False,False,0.0,0.19047619047619047,1.0,0.37099023709902373,-0.3017578125,0.0,0.0,0.0,0.0,0,,也在厦门拿下几宗商住地和几男几尊居住用地
258,也在厦门拿下几宗商住用地和济南几宗居住用地,6,False,False,0.0,0.19047619047619047,1.0,0.08926080892608089,-0.326416015625,0.0,0.0,0.0,0.0,0,,也在厦门拿下几宗商住地和几男几租居住用地
258,也在厦门拿下几宗商住用地和济南几宗居住用地,7,False,False,0.0,0.19047619047619047,1.0,0.019525801952580194,-0.33251953125,0.0,0.0,0.0,0.0,0,,也在厦门拿下几宗商住地和几男几中居住用地
258,也在厦门拿下几宗商住用地和济南几宗居住用地,8,False,False,0.0,0.23809523809523808,1.0,0.0,-0.334228515625,0.0,0.0,0.0,0.0,0,,也在厦门拿下几宗商铸地和几南居住用地
259,标普信用分析师孔磊说道,1,True,True,1.0,0.0,0.0,1.0,-0.01708984375,0.0,0.0,0.0,0.0,0,,标普信用分析师孔磊说道
259,标普信用分析师孔磊说道,2,False,False,1.0,0.09090909090909091,0.0,0.5450762829403606,-0.17724609375,0.0,0.0,0.0,0.0,0,,标普信用分析师孔磊说到
259,标普信用分析师孔磊说道,3,False,False,1.0,0.09090909090909091,0.0,0.1276005547850208,-0.32421875,0.0,0.0,0.0,0.0,0,,标普信用分析诗孔磊说道
259,标普信用分析师孔磊说道,4,False,False,1.0,0.09090909090909091,0.0,0.07281553398058252,-0.343505859375,0.0,0.0,0.0,0.0,0,,彪普信用分析师孔磊说道
259,标普信用分析师孔磊说道,5,False,False,1.0,0.09090909090909091,0.0,0.018030513176144243,-0.36279296875,0.0,0.0,0.0,0.0,0,,飙普信用分析师孔磊说道
259,标普信用分析师孔磊说道,6,False,False,1.0,0.09090909090909091,0.0,0.0,-0.369140625,0.0,0.0,0.0,0.0,0,,标谱信用分析师孔磊说道
260,对于苹果公司来说这是很关键的一年,1,True,True,1.0,0.0,0.0,1.0,-0.02166748046875,0.0,0.0,0.0,0.0,0,,对于苹果公司来说这是很关键的一年
260,对于苹果公司来说这是很关键的一年,2,False,False,1.0,0.125,0.0,0.0,-0.362060546875,0.0,0.0,0.0,0.0,0,,对于苹果公司来说这是很关键的意念
261,有着较为丰富志愿服务经历的九零后吴雯的话,1,True,False,0.0,0.25,0.5,1.0,-0.08294677734375,0.0,0.0,0.0,0.0,0,,有着较为丰富志愿服务经历的90后吴文德画
261,有着较为丰富志愿服务经历的九零后吴雯的话,2,False,False,0.0,0.25,0.5,0.8956007879185818,-0.0926513671875,0.0,0.0,0.0,0.0,0,,有着较为丰富志愿服务经历的90后吴文德化
261,有着较为丰富志愿服务经历的九零后吴雯的话,3,False,False,0.0,0.25,0.5,0.8338804990151018,-0.098388671875,0.0,0.0,0.0,0.0,0,,有着较为丰富志愿服务经历的90后吴文德华
261,有着较为丰富志愿服务经历的九零后吴雯的话,4,False,False,0.0,0.35,0.5,0.5187130663164806,-0.127685546875,0.0,0.0,0.0,0.0,0,,有着较为丰富志愿服务精力的90后吴文德华
261,有着较为丰富志愿服务经历的九零后吴雯的话,5,False,False,0.0,0.2,1.0,0.44517399868680235,-0.134521484375,0.0,0.0,0.0,0.0,0,,有着较为丰富志愿服务经历的90后无闻的话
261,有着较为丰富志愿服务经历的九零后吴雯的话,6,False,False,0.0,0.35,0.5,0.40183847669074196,-0.1385498046875,0.0,0.0,0.0,0.0,0,,有着较为丰富志愿服务精力的90后吴文德画
261,有着较为丰富志愿服务经历的九零后吴雯的话,7,False,False,0.0,0.35,0.5,0.3887065003282994,-0.1397705078125,0.0,0.0,0.0,0.0,0,,有着较为丰富志愿服务精力的90后吴文德化
261,有着较为丰富志愿服务经历的九零后吴雯的话,8,False,False,0.0,0.3,1.0,0.37820091923834537,-0.1407470703125,0.0,0.0,0.0,0.0,0,,有着较为丰富志愿服务经历的90后无文德化
261,有着较为丰富志愿服务经历的九零后吴雯的话,9,False,False,0.0,0.2,1.0,0.3755745239658569,-0.1409912109375,0.0,0.0,0.0,0.0,0,,有着较为丰富志愿服务经历的90后无文的话
261,有着较为丰富志愿服务经历的九零后吴雯的话,10,False,False,0.0,0.2,0.5,0.15627051871306633,-0.161376953125,0.0,0.0,0.0,0.0,0,,有着较为丰富志愿服务经历的90后吴文德话
261,有着较为丰富志愿服务经历的九零后吴雯的话,11,False,False,0.0,0.25,1.0,0.08667104399212082,-0.1678466796875,0.0,0.0,0.0,0.0,0,,有着较为丰富志愿服务经历的90后无文的画
261,有着较为丰富志愿服务经历的九零后吴雯的话,12,False,True,0.0,0.15,0.5,0.0840446487196323,-0.1680908203125,0.0,0.0,0.0,0.0,0,,有着较为丰富志愿服务经历的九零后吴文德画
261,有着较为丰富志愿服务经历的九零后吴雯的话,13,False,False,0.0,0.2,0.5,0.05384110308601445,-0.1708984375,0.0,0.0,0.0,0.0,0,,有着较为丰富志愿服务经历的90后吴文的画
261,有着较为丰富志愿服务经历的九零后吴雯的话,14,False,False,0.0,0.15,0.5,0.0,-0.1759033203125,0.0,0.0,0.0,0.0,0,,有着较为丰富志愿服务经历的九零后吴文德化
262,张锦麟将为自己称为鸟巢新一代志愿者,1,True,True,1.0,0.0,0.0,1.0,-0.0625,0.0,0.0,0.0,0.0,0,,张锦麟将为自己称为鸟巢新一代志愿者
262,张锦麟将为自己称为鸟巢新一代志愿者,2,False,False,0.0,0.058823529411764705,0.3333333333333333,0.7156862745098039,-0.09967041015625,0.0,0.0,0.0,0.0,0,,张锦铃将为自己称为鸟巢新一代志愿者
262,张锦麟将为自己称为鸟巢新一代志愿者,3,False,False,0.0,0.058823529411764705,0.3333333333333333,0.5985060690943044,-0.114990234375,0.0,0.0,0.0,0.0,0,,张锦龄将为自己称为鸟巢新一代志愿者
262,张锦麟将为自己称为鸟巢新一代志愿者,4,False,False,0.0,0.058823529411764705,0.3333333333333333,0.3183940242763772,-0.151611328125,0.0,0.0,0.0,0.0,0,,张锦林将为自己称为鸟巢新一代志愿者
262,张锦麟将为自己称为鸟巢新一代志愿者,5,False,False,0.0,0.058823529411764705,0.3333333333333333,0.2735760971055089,-0.157470703125,0.0,0.0,0.0,0.0,0,,张锦玲将为自己称为鸟巢新一代志愿者
262,张锦麟将为自己称为鸟巢新一代志愿者,6,False,False,0.0,0.058823529411764705,0.3333333333333333,0.15873015873015872,-0.1724853515625,0.0,0.0,0.0,0.0,0,,张锦霖将为自己称为鸟巢新一代志愿者
262,张锦麟将为自己称为鸟巢新一代志愿者,7,False,False,0.0,0.058823529411764705,0.3333333333333333,0.1157796451914099,-0.1781005859375,0.0,0.0,0.0,0.0,0,,张锦临将为自己称为鸟巢新一代志愿者
262,张锦麟将为自己称为鸟巢新一代志愿者,8,False,False,0.0,0.11764705882352941,0.6666666666666666,0.021475256769374416,-0.1904296875,0.0,0.0,0.0,0.0,0,,张瑾琳将为自己称为鸟巢新一代志愿者
262,张锦麟将为自己称为鸟巢新一代志愿者,9,False,False,1.0,0.058823529411764705,0.0,0.0,-0.1932373046875,0.0,0.0,0.0,0.0,0,,张锦麟将为自己成为鸟巢新一代志愿者
263,著名双人滑运动员庞清和董健虽未正式宣布退役,1,True,False,0.0,0.14285714285714285,0.5,1.0,-0.05615234375,0.0,0.0,0.0,0.0,0,,著名双人华运动员庞青和董建虽未正式宣布退役
263,著名双人滑运动员庞清和董健虽未正式宣布退役,2,False,False,0.0,0.09523809523809523,0.5,0.9514925373134329,-0.06011962890625,0.0,0.0,0.0,0.0,0,,著名双人华运动员庞青和董健虽未正式宣布退役
263,著名双人滑运动员庞清和董健虽未正式宣布退役,3,False,False,0.0,0.09523809523809523,0.5,0.9287313432835821,-0.061981201171875,0.0,0.0,0.0,0.0,0,,著名双人滑运动员庞青和董建虽未正式宣布退役
263,著名双人滑运动员庞清和董健虽未正式宣布退役,4,False,False,0.0,0.047619047619047616,0.5,0.9126865671641791,-0.06329345703125,0.0,0.0,0.0,0.0,0,,著名双人滑运动员庞青和董健虽未正式宣布退役
263,著名双人滑运动员庞清和董健虽未正式宣布退役,5,False,False,1.0,0.09523809523809523,0.0,0.21343283582089553,-0.1204833984375,0.0,0.0,0.0,0.0,0,,著名双人华运动员庞清和董建虽未正式宣布退役
263,著名双人滑运动员庞清和董健虽未正式宣布退役,6,False,False,1.0,0.047619047619047616,0.0,0.09253731343283582,-0.13037109375,0.0,0.0,0.0,0.0,0,,著名双人滑运动员庞清和董建虽未正式宣布退役
263,著名双人滑运动员庞清和董健虽未正式宣布退役,7,False,False,1.0,0.047619047619047616,0.0,0.0880597014925373,-0.1307373046875,0.0,0.0,0.0,0.0,0,,著名双人华运动员庞清和董健虽未正式宣布退役
263,著名双人滑运动员庞清和董健虽未正式宣布退役,8,False,True,1.0,0.0,0.0,0.0,-0.137939453125,0.0,0.0,0.0,0.0,0,,著名双人滑运动员庞清和董健虽未正式宣布退役
264,佟健已经完成了第1个学模块的学习,1,True,False,0.0,0.25,1.0,1.0,-0.08392333984375,0.0,0.0,0.0,0.0,0,,东建已经完成了第1个磨块的学习
264,佟健已经完成了第1个学模块的学习,2,False,True,0.0,0.125,1.0,0.7318308432514561,-0.1485595703125,0.0,0.0,0.0,0.0,0,,东建已经完成了第1个学模块的学习
264,佟健已经完成了第1个学模块的学习,3,False,False,0.0,0.1875,1.0,0.7292985565966067,-0.149169921875,0.0,0.0,0.0,0.0,0,,东建已经完成了第1个模块的学习
264,佟健已经完成了第1个学模块的学习,4,False,False,0.0,0.3125,1.0,0.38541402886806786,-0.2320556640625,0.0,0.0,0.0,0.0,0,,东建已经完成了第1个磨坏的学习
264,佟健已经完成了第1个学模块的学习,5,False,False,0.0,0.25,1.0,0.358571790326665,-0.238525390625,0.0,0.0,0.0,0.0,0,,冬剑已经完成了第1个磨块的学习
264,佟健已经完成了第1个学模块的学习,6,False,False,0.0,0.25,1.0,0.30387439858191945,-0.251708984375,0.0,0.0,0.0,0.0,0,,东建已经完成了第1个魔块的学习
264,佟健已经完成了第1个学模块的学习,7,False,False,0.0,0.25,1.0,0.22587996961256016,-0.2705078125,0.0,0.0,0.0,0.0,0,,洞见已经完成了第1个磨块的学习
264,佟健已经完成了第1个学模块的学习,8,False,False,0.0,0.125,1.0,0.09420106356039504,-0.30224609375,0.0,0.0,0.0,0.0,0,,冬剑已经完成了第1个学模块的学习
264,佟健已经完成了第1个学模块的学习,9,False,False,0.0,0.125,1.0,0.0,-0.324951171875,0.0,0.0,0.0,0.0,0,,洞见已经完成了第1个学模块的学习
265,早到了退役年龄的庞清和佟健克服了伤病困难,1,True,False,0.0,0.1,0.5,1.0,-0.040557861328125,0.0,0.0,0.0,0.0,0,,早到了退役年龄的庞青和董健克服了伤病困难
265,早到了退役年龄的庞清和佟健克服了伤病困难,2,False,False,0.0,0.15,0.75,0.9667946690761238,-0.0450439453125,0.0,0.0,0.0,0.0,0,,早到了退役年龄的庞青和董建克服了伤病困难
265,早到了退役年龄的庞清和佟健克服了伤病困难,3,False,False,0.0,0.15,0.75,0.2791958436864694,-0.137939453125,0.0,0.0,0.0,0.0,0,,早到了退役年龄的庞青和董剑克服了伤病困难
265,早到了退役年龄的庞清和佟健克服了伤病困难,4,False,False,0.5,0.1,0.5,0.09396882764852044,-0.1629638671875,0.0,0.0,0.0,0.0,0,,早到了退役年龄的庞清和董建克服了伤病困难
265,早到了退役年龄的庞清和佟健克服了伤病困难,5,False,False,0.0,0.15,0.75,0.07499435283487689,-0.16552734375,0.0,0.0,0.0,0.0,0,,早到了退役年龄的旁青和董健克服了伤病困难
265,早到了退役年龄的庞清和佟健克服了伤病困难,6,False,True,0.5,0.05,0.25,0.039756042466681726,-0.1702880859375,0.0,0.0,0.0,0.0,0,,早到了退役年龄的庞清和董健克服了伤病困难
265,早到了退役年龄的庞清和佟健克服了伤病困难,7,False,False,0.0,0.15,0.75,0.01355319629545968,-0.173828125,0.0,0.0,0.0,0.0,0,,早到了退役年龄的庞卿和董建克服了伤病困难
265,早到了退役年龄的庞清和佟健克服了伤病困难,8,False,False,0.0,0.1,0.5,0.0,-0.1756591796875,0.0,0.0,0.0,0.0,0,,早到了退役年龄的庞卿和董健克服了伤病困难
266,庞清和佟健没有马上退役,1,True,False,0.0,0.2727272727272727,0.75,1.0,-0.08843994140625,0.0,0.0,0.0,0.0,0,,庞青和董建没有马上退役
266,庞清和佟健没有马上退役,2,False,False,0.0,0.18181818181818182,0.5,0.8493735003998933,-0.1229248046875,0.0,0.0,0.0,0.0,0,,庞青和董健没有马上退役
266,庞清和佟健没有马上退役,3,False,False,0.5,0.18181818181818182,0.5,0.5678485737136764,-0.1873779296875,0.0,0.0,0.0,0.0,0,,庞清和董建没有马上退役
266,庞清和佟健没有马上退役,4,False,True,0.5,0.09090909090909091,0.25,0.29645427885897097,-0.24951171875,0.0,0.0,0.0,0.0,0,,庞清和董健没有马上退役
266,庞清和佟健没有马上退役,5,False,False,0.0,0.36363636363636365,1.0,0.19941348973607037,-0.271728515625,0.0,0.0,0.0,0.0,0,,唐青和董建没有马上退役
266,庞清和佟健没有马上退役,6,False,False,0.0,0.2727272727272727,0.75,0.07464676086376966,-0.30029296875,0.0,0.0,0.0,0.0,0,,唐青和董健没有马上退役
266,庞清和佟健没有马上退役,7,False,False,0.0,0.2727272727272727,0.75,0.03838976272993868,-0.30859375,0.0,0.0,0.0,0.0,0,,庞青和董剑没有马上退役
266,庞清和佟健没有马上退役,8,False,False,0.0,0.2727272727272727,0.75,0.029858704345507865,-0.310546875,0.0,0.0,0.0,0.0,0,,庞卿和董建没有马上退役
266,庞清和佟健没有马上退役,9,False,False,0.0,0.2727272727272727,0.75,0.0,-0.3173828125,0.0,0.0,0.0,0.0,0,,唐清和董建没有马上退役
267,也是中国双人滑在申雪赵宏退役后,1,True,True,0.0,0.2,0.5,1.0,-0.1510009765625,0.0,0.0,0.0,0.0,0,,也是中国双人华在申雪赵红退役之后
267,也是中国双人滑在申雪赵宏退役后,2,False,False,0.0,0.2,0.5,0.81789802289282,-0.17236328125,0.0,0.0,0.0,0.0,0,,也是中国双人华在申雪赵洪退役之后
267,也是中国双人滑在申雪赵宏退役后,3,False,False,0.0,0.26666666666666666,0.5,0.46409989594172735,-0.2138671875,0.0,0.0,0.0,0.0,0,,也是中国双人华在升雪赵红退役之后
267,也是中国双人滑在申雪赵宏退役后,4,False,False,0.0,0.26666666666666666,0.5,0.29864724245577523,-0.2332763671875,0.0,0.0,0.0,0.0,0,,也是中国双仁华在申雪赵洪退役之后
267,也是中国双人滑在申雪赵宏退役后,5,False,False,0.0,0.2,0.5,0.24661810613943808,-0.2393798828125,0.0,0.0,0.0,0.0,0,,也是中国双人华在申雪赵鸿退役之后
267,也是中国双人滑在申雪赵宏退役后,6,False,False,0.0,0.26666666666666666,0.5,0.21436004162330904,-0.2431640625,0.0,0.0,0.0,0.0,0,,也是中国双人华在申选赵红退役之后
267,也是中国双人滑在申雪赵宏退役后,7,False,False,0.0,0.26666666666666666,0.5,0.18730489073881373,-0.246337890625,0.0,0.0,0.0,0.0,0,,也是中国双仁华在申雪赵红退役之后
267,也是中国双人滑在申雪赵宏退役后,8,False,False,0.0,0.26666666666666666,0.5,0.031217481789802288,-0.2646484375,0.0,0.0,0.0,0.0,0,,也是中国双人华在升雪赵洪退役之后
267,也是中国双人滑在申雪赵宏退役后,9,False,False,0.0,0.26666666666666666,1.0,0.031217481789802288,-0.2646484375,0.0,0.0,0.0,0.0,0,,也是中国双人华在申雪兆红退役之后
267,也是中国双人滑在申雪赵宏退役后,10,False,False,0.0,0.26666666666666666,1.0,0.0,-0.268310546875,0.0,0.0,0.0,0.0,0,,也是中国双人华在申雪兆鸿退役之后
268,庞清和佟健仍肩负着扛起中国双人滑大旗的重任,1,True,False,0.0,0.23809523809523808,0.75,1.0,-0.08148193359375,0.0,0.0,0.0,0.0,0,,庞青董建仍肩负着扛起中国双人华大旗的重任
268,庞清和佟健仍肩负着扛起中国双人滑大旗的重任,2,False,False,0.0,0.23809523809523808,0.75,0.5963422599608099,-0.11920166015625,0.0,0.0,0.0,0.0,0,,庞青董建仍肩负着扛起中国双人划大旗的重任
268,庞清和佟健仍肩负着扛起中国双人滑大旗的重任,3,False,False,0.0,0.19047619047619047,0.75,0.527759634225996,-0.1256103515625,0.0,0.0,0.0,0.0,0,,庞青董健仍肩负着扛起中国双人华大旗的重任
268,庞清和佟健仍肩负着扛起中国双人滑大旗的重任,4,False,True,0.5,0.19047619047619047,0.5,0.0,-0.1749267578125,0.0,0.0,0.0,0.0,0,,庞清董建仍肩负着扛起中国双人华大旗的重任
269,庞清和佟健终于可以放心地考虑退役的事情了,1,True,False,0.0,0.15,0.75,1.0,-0.038909912109375,0.0,0.0,0.0,0.0,0,,庞青和董建终于可以放心地考虑退役的事情了
269,庞清和佟健终于可以放心地考虑退役的事情了,2,False,False,0.0,0.1,0.5,0.8350668647845468,-0.06939697265625,0.0,0.0,0.0,0.0,0,,庞青和董健终于可以放心地考虑退役的事情了
269,庞清和佟健终于可以放心地考虑退役的事情了,3,False,False,0.0,0.2,0.75,0.7125639755654615,-0.092041015625,0.0,0.0,0.0,0.0,0,,庞青和董建终于可以放心的考虑退役的事情了
269,庞清和佟健终于可以放心地考虑退役的事情了,4,False,False,0.0,0.15,0.5,0.5435033845137857,-0.123291015625,0.0,0.0,0.0,0.0,0,,庞青和董健终于可以放心的考虑退役的事情了
269,庞清和佟健终于可以放心地考虑退役的事情了,5,False,False,0.5,0.1,0.5,0.3024599636783886,-0.1678466796875,0.0,0.0,0.0,0.0,0,,庞清和董建终于可以放心地考虑退役的事情了
269,庞清和佟健终于可以放心地考虑退役的事情了,6,False,True,0.5,0.05,0.25,0.048208684167079414,-0.21484375,0.0,0.0,0.0,0.0,0,,庞清和董健终于可以放心地考虑退役的事情了
269,庞清和佟健终于可以放心地考虑退役的事情了,7,False,False,0.0,0.15,0.75,0.038963183093940895,-0.216552734375,0.0,0.0,0.0,0.0,0,,庞卿和董建终于可以放心地考虑退役的事情了
269,庞清和佟健终于可以放心地考虑退役的事情了,8,False,False,0.5,0.15,0.5,0.006603929337956084,-0.2225341796875,0.0,0.0,0.0,0.0,0,,庞清和董建终于可以放心的考虑退役的事情了
269,庞清和佟健终于可以放心地考虑退役的事情了,9,False,False,0.0,0.2,1.0,0.0,-0.2237548828125,0.0,0.0,0.0,0.0,0,,旁青和董建终于可以放心地考虑退役的事情了
270,佟健又将国内部分优秀的单人滑和冰舞运动员集合起来,1,True,False,0.0,0.16666666666666666,0.5,1.0,-0.08349609375,0.0,0.0,0.0,0.0,0,,董健又将国内部分优秀的单人化和兵武运动员集合起来
270,佟健又将国内部分优秀的单人滑和冰舞运动员集合起来,2,False,False,0.0,0.16666666666666666,0.5,0.8959484346224678,-0.09039306640625,0.0,0.0,0.0,0.0,0,,董健又将国内部分优秀的单人化和兵务运动员集合起来
270,佟健又将国内部分优秀的单人滑和冰舞运动员集合起来,3,False,False,0.0,0.08333333333333333,0.5,0.8535911602209945,-0.09320068359375,0.0,0.0,0.0,0.0,0,,董健又将国内部分优秀的单人化和冰舞运动员集合起来
270,佟健又将国内部分优秀的单人滑和冰舞运动员集合起来,4,False,False,0.0,0.20833333333333334,1.0,0.8342541436464088,-0.094482421875,0.0,0.0,0.0,0.0,0,,董建又将国内部分优秀的单人化和兵武运动员集合起来
270,佟健又将国内部分优秀的单人滑和冰舞运动员集合起来,5,False,True,0.0,0.041666666666666664,0.5,0.7965009208103131,-0.09698486328125,0.0,0.0,0.0,0.0,0,,董健又将国内部分优秀的单人滑和冰舞运动员集合起来
270,佟健又将国内部分优秀的单人滑和冰舞运动员集合起来,6,False,False,0.0,0.20833333333333334,1.0,0.7753222836095764,-0.098388671875,0.0,0.0,0.0,0.0,0,,董建又将国内部分优秀的单人化和兵务运动员集合起来
270,佟健又将国内部分优秀的单人滑和冰舞运动员集合起来,7,False,False,0.0,0.125,0.5,0.7108655616942909,-0.1026611328125,0.0,0.0,0.0,0.0,0,,董健又将国内部分优秀的单人化和兵舞运动员集合起来
270,佟健又将国内部分优秀的单人滑和冰舞运动员集合起来,8,False,False,0.0,0.125,1.0,0.6022099447513812,-0.10986328125,0.0,0.0,0.0,0.0,0,,董建又将国内部分优秀的单人化和冰舞运动员集合起来
270,佟健又将国内部分优秀的单人滑和冰舞运动员集合起来,9,False,False,0.0,0.08333333333333333,1.0,0.5791896869244936,-0.11138916015625,0.0,0.0,0.0,0.0,0,,董建又将国内部分优秀的单人滑和冰舞运动员集合起来
270,佟健又将国内部分优秀的单人滑和冰舞运动员集合起来,10,False,False,0.0,0.16666666666666666,1.0,0.44014732965009207,-0.12060546875,0.0,0.0,0.0,0.0,0,,董建又将国内部分优秀的单人化和兵舞运动员集合起来
270,佟健又将国内部分优秀的单人滑和冰舞运动员集合起来,11,False,False,0.0,0.08333333333333333,0.5,0.283609576427256,-0.1309814453125,0.0,0.0,0.0,0.0,0,,董健又将国内部分优秀的单人滑和兵舞运动员集合起来
270,佟健又将国内部分优秀的单人滑和冰舞运动员集合起来,12,False,False,0.0,0.16666666666666666,0.5,0.19705340699815838,-0.13671875,0.0,0.0,0.0,0.0,0,,董健又将国内部分优秀的单人华和兵武运动员集合起来
270,佟健又将国内部分优秀的单人滑和冰舞运动员集合起来,13,False,False,0.0,0.20833333333333334,1.0,0.11602209944751381,-0.14208984375,0.0,0.0,0.0,0.0,0,,董建又将国内部分优秀的单人华和兵武运动员集合起来
270,佟健又将国内部分优秀的单人滑和冰舞运动员集合起来,14,False,False,0.0,0.125,1.0,0.058931860036832415,-0.1458740234375,0.0,0.0,0.0,0.0,0,,董建又将国内部分优秀的单人滑和兵舞运动员集合起来
270,佟健又将国内部分优秀的单人滑和冰舞运动员集合起来,15,False,False,0.0,0.08333333333333333,0.5,0.0,-0.1497802734375,0.0,0.0,0.0,0.0,0,,董健又将国内部分优秀的单人华和冰舞运动员集合起来
271,但庞清和佟健并不愿意随遇而安地安排自己的后半生,1,True,False,0.0,0.13043478260869565,0.75,1.0,-0.09716796875,0.0,0.0,0.0,0.0,0,,但庞青和董建并不愿意随遇而安地安排自己的后半生
271,但庞清和佟健并不愿意随遇而安地安排自己的后半生,2,False,False,0.0,0.08695652173913043,0.5,0.7925531914893617,-0.11383056640625,0.0,0.0,0.0,0.0,0,,但庞青和董健并不愿意随遇而安地安排自己的后半生
271,但庞清和佟健并不愿意随遇而安地安排自己的后半生,3,False,False,0.0,0.17391304347826086,0.75,0.6398176291793313,-0.1260986328125,0.0,0.0,0.0,0.0,0,,但庞青和董建并不愿意随遇而安的安排自己的后半生
271,但庞清和佟健并不愿意随遇而安地安排自己的后半生,4,False,False,0.0,0.13043478260869565,0.5,0.42857142857142855,-0.14306640625,0.0,0.0,0.0,0.0,0,,但庞青和董健并不愿意随遇而安的安排自己的后半生
271,但庞清和佟健并不愿意随遇而安地安排自己的后半生,5,False,False,0.0,0.17391304347826086,1.0,0.364741641337386,-0.148193359375,0.0,0.0,0.0,0.0,0,,但唐青和董建并不愿意随遇而安地安排自己的后半生
271,但庞清和佟健并不愿意随遇而安地安排自己的后半生,6,False,False,0.0,0.17391304347826086,1.0,0.2993920972644377,-0.1534423828125,0.0,0.0,0.0,0.0,0,,但唐卿和董建并不愿意随遇而安地安排自己的后半生
271,但庞清和佟健并不愿意随遇而安地安排自己的后半生,7,False,True,0.5,0.08695652173913043,0.5,0.2750759878419453,-0.1553955078125,0.0,0.0,0.0,0.0,0,,但庞清和董建并不愿意随遇而安地安排自己的后半生
271,但庞清和佟健并不愿意随遇而安地安排自己的后半生,8,False,False,0.0,0.13043478260869565,0.75,0.196048632218845,-0.1617431640625,0.0,0.0,0.0,0.0,0,,但唐青和董健并不愿意随遇而安地安排自己的后半生
271,但庞清和佟健并不愿意随遇而安地安排自己的后半生,9,False,False,0.0,0.13043478260869565,0.75,0.060790273556231005,-0.172607421875,0.0,0.0,0.0,0.0,0,,但庞卿和董建并不愿意随遇而安地安排自己的后半生
271,但庞清和佟健并不愿意随遇而安地安排自己的后半生,10,False,False,0.0,0.13043478260869565,0.75,0.019756838905775075,-0.1759033203125,0.0,0.0,0.0,0.0,0,,但庞青和董剑并不愿意随遇而安地安排自己的后半生
271,但庞清和佟健并不愿意随遇而安地安排自己的后半生,11,False,False,0.0,0.21739130434782608,1.0,0.0,-0.177490234375,0.0,0.0,0.0,0.0,0,,但唐青和董建并不愿意随遇而安的安排自己的后半生
272,自己和庞清曾在赛场上努力地追求优秀更优秀,1,True,False,0.0,0.55,0.5,1.0,-0.024993896484375,0.0,0.0,0.0,0.0,0,,自己和庞青曾在赛场上
272,自己和庞清曾在赛场上努力地追求优秀更优秀,2,False,False,0.0,0.1,0.5,0.9314095591528568,-0.057708740234375,0.0,0.0,0.0,0.0,0,,自己和庞青曾在赛场上努力地追求优秀更优
272,自己和庞清曾在赛场上努力地追求优秀更优秀,3,False,False,0.0,0.15,0.5,0.9168852773689935,-0.06463623046875,0.0,0.0,0.0,0.0,0,,自己和庞青曾在赛场上努力的追求优秀更优
272,自己和庞清曾在赛场上努力地追求优秀更优秀,4,False,False,0.0,0.15,0.5,0.4903704651609188,-0.26806640625,0.0,0.0,0.0,0.0,0,,自己和庞青曾在赛场上努力地追求更优秀
272,自己和庞清曾在赛场上努力地追求优秀更优秀,5,False,True,0.0,0.05,0.5,0.3890204107748416,-0.31640625,0.0,0.0,0.0,0.0,0,,自己和庞青曾在赛场上努力地追求优秀更优秀
272,自己和庞清曾在赛场上努力地追求优秀更优秀,6,False,False,0.0,0.1,0.5,0.015867937807921173,-0.494384765625,0.0,0.0,0.0,0.0,0,,自己和庞青曾在赛场上努力地追求优秀更优胜
272,自己和庞清曾在赛场上努力地追求优秀更优秀,7,False,False,0.0,0.1,0.5,0.0066542965000959756,-0.498779296875,0.0,0.0,0.0,0.0,0,,自己和庞青曾在赛场上努力的追求优秀更优秀
272,自己和庞清曾在赛场上努力地追求优秀更优秀,8,False,False,0.0,0.15,0.5,0.0,-0.501953125,0.0,0.0,0.0,0.0,0,,自己和庞青曾在赛场上努力的追求优秀更优胜
273,佟健给自己定下了要做就做到最好,1,True,True,0.0,0.06666666666666667,0.5,1.0,-0.049835205078125,0.0,0.0,0.0,0.0,0,,董健给自己定下了要做就做到最好
273,佟健给自己定下了要做就做到最好,2,False,False,0.0,0.13333333333333333,1.0,0.8821899589936828,-0.082275390625,0.0,0.0,0.0,0.0,0,,董建给自己定下了要做就做到最好
273,佟健给自己定下了要做就做到最好,3,False,False,0.0,0.13333333333333333,1.0,0.1551590380139643,-0.282470703125,0.0,0.0,0.0,0.0,0,,董剑给自己定下了要做就做到最好
273,佟健给自己定下了要做就做到最好,4,False,False,0.0,0.13333333333333333,1.0,0.14983929956777126,-0.283935546875,0.0,0.0,0.0,0.0,0,,懂见给自己定下了要做就做到最好
273,佟健给自己定下了要做就做到最好,5,False,False,0.0,0.13333333333333333,0.5,0.0,-0.3251953125,0.0,0.0,0.0,0.0,0,,董健给自己订下了要做就做到最好
274,佟健的解决办法就只能努力提高自己,1,True,False,0.0,0.125,1.0,1.0,-0.105712890625,0.0,0.0,0.0,0.0,0,,懂见的解决办法就只能努力提高自己
274,佟健的解决办法就只能努力提高自己,2,False,False,0.0,0.125,1.0,0.6555183946488294,-0.156005859375,0.0,0.0,0.0,0.0,0,,懂剑的解决办法就只能努力提高自己
274,佟健的解决办法就只能努力提高自己,3,False,True,0.0,0.0625,0.5,0.5192307692307693,-0.1759033203125,0.0,0.0,0.0,0.0,0,,懂健的解决办法就只能努力提高自己
274,佟健的解决办法就只能努力提高自己,4,False,False,0.0,0.0625,0.5,0.40468227424749165,-0.192626953125,0.0,0.0,0.0,0.0,0,,董健的解决办法就只能努力提高自己
274,佟健的解决办法就只能努力提高自己,5,False,False,0.0,0.125,1.0,0.3168896321070234,-0.2054443359375,0.0,0.0,0.0,0.0,0,,懂贱的解决办法就只能努力提高自己
274,佟健的解决办法就只能努力提高自己,6,False,False,0.0,0.125,1.0,0.2382943143812709,-0.2169189453125,0.0,0.0,0.0,0.0,0,,懂渐的解决办法就只能努力提高自己
274,佟健的解决办法就只能努力提高自己,7,False,False,0.0,0.125,1.0,0.1956521739130435,-0.22314453125,0.0,0.0,0.0,0.0,0,,懂建的解决办法就只能努力提高自己
274,佟健的解决办法就只能努力提高自己,8,False,False,0.0,0.125,1.0,0.0,-0.251708984375,0.0,0.0,0.0,0.0,0,,懂件的解决办法就只能努力提高自己
275,佟健报考了北大光华管理学院,1,True,False,0.5,0.15384615384615385,0.2,1.0,-0.0543212890625,0.0,0.0,0.0,0.0,0,,董建报考了北大光华管理学院
275,佟健报考了北大光华管理学院,2,False,True,0.5,0.07692307692307693,0.1,0.9730223123732251,-0.06243896484375,0.0,0.0,0.0,0.0,0,,董健报考了北大光华管理学院
275,佟健报考了北大光华管理学院,3,False,False,0.0,0.23076923076923078,0.3,0.15740365111561866,-0.307861328125,0.0,0.0,0.0,0.0,0,,董建报考了北大关华管理学院
275,佟健报考了北大光华管理学院,4,False,False,0.0,0.15384615384615385,0.2,0.14766734279918864,-0.310791015625,0.0,0.0,0.0,0.0,0,,董健报考了北大关华管理学院
275,佟健报考了北大光华管理学院,5,False,False,0.5,0.15384615384615385,0.2,0.06815415821501014,-0.334716796875,0.0,0.0,0.0,0.0,0,,董剑报考了北大光华管理学院
275,佟健报考了北大光华管理学院,6,False,False,0.5,0.15384615384615385,0.2,0.021095334685598377,-0.348876953125,0.0,0.0,0.0,0.0,0,,董健报考北大光华管理学院
275,佟健报考了北大光华管理学院,7,False,False,0.5,0.23076923076923078,0.2,0.0,-0.355224609375,0.0,0.0,0.0,0.0,0,,董建抱考了北大光华管理学院
275,佟健报考了北大光华管理学院,8,False,False,0.5,0.15384615384615385,0.1,0.0,-0.355224609375,0.0,0.0,0.0,0.0,0,,董健抱考了北大光华管理学院
276,佟健做好了考不上的思想准备,1,True,True,0.0,0.07692307692307693,0.5,1.0,-0.03521728515625,0.0,0.0,0.0,0.0,0,,董健做好了考不上的思想准备
276,佟健做好了考不上的思想准备,2,False,False,0.0,0.15384615384615385,1.0,0.8573239181604201,-0.08331298828125,0.0,0.0,0.0,0.0,0,,董建做好了考不上的思想准备
276,佟健做好了考不上的思想准备,3,False,False,0.0,0.15384615384615385,1.0,0.3121491942784718,-0.26708984375,0.0,0.0,0.0,0.0,0,,董剑做好了考不上的思想准备
276,佟健做好了考不上的思想准备,4,False,False,0.0,0.15384615384615385,1.0,0.19409741082744886,-0.306884765625,0.0,0.0,0.0,0.0,0,,懂见做好了考不上的思想准备
276,佟健做好了考不上的思想准备,5,False,False,0.0,0.15384615384615385,1.0,0.06156074597139236,-0.3515625,0.0,0.0,0.0,0.0,0,,懂剑做好了考不上的思想准备
276,佟健做好了考不上的思想准备,6,False,False,0.0,0.15384615384615385,1.0,0.0,-0.372314453125,0.0,0.0,0.0,0.0,0,,冬剑做好了考不上的思想准备
277,佟健因此顺利通过了入学考试,1,True,True,0.0,0.07692307692307693,0.5,1.0,-0.0284881591796875,0.0,0.0,0.0,0.0,0,,董健因此顺利通过了入学考试
277,佟健因此顺利通过了入学考试,2,False,False,0.0,0.15384615384615385,1.0,0.8961053050301956,-0.07232666015625,0.0,0.0,0.0,0.0,0,,董建因此顺利通过了入学考试
277,佟健因此顺利通过了入学考试,3,False,False,0.0,0.15384615384615385,1.0,0.23954001374172784,-0.349365234375,0.0,0.0,0.0,0.0,0,,董剑因此顺利通过了入学考试
277,佟健因此顺利通过了入学考试,4,False,False,0.0,0.15384615384615385,1.0,0.13307778541207102,-0.394287109375,0.0,0.0,0.0,0.0,0,,懂见因此顺利通过了入学考试
277,佟健因此顺利通过了入学考试,5,False,False,0.0,0.07692307692307693,0.5,0.0005785990670090044,-0.4501953125,0.0,0.0,0.0,0.0,0,,懂健因此顺利通过了入学考试
277,佟健因此顺利通过了入学考试,6,False,False,0.0,0.15384615384615385,1.0,0.0,-0.450439453125,0.0,0.0,0.0,0.0,0,,懂剑因此顺利通过了入学考试
278,佟健是同班同学里唯一运动员出身的,1,True,True,0.0,0.0625,0.5,1.0,-0.06304931640625,0.0,0.0,0.0,0.0,0,,董健是同班同学里唯一运动员出身的
278,佟健是同班同学里唯一运动员出身的,2,False,False,0.0,0.125,1.0,0.8607494020728143,-0.09503173828125,0.0,0.0,0.0,0.0,0,,董建是同班同学里唯一运动员出身的
278,佟健是同班同学里唯一运动员出身的,3,False,False,0.0,0.125,0.5,0.6016476215785278,-0.154541015625,0.0,0.0,0.0,0.0,0,,董健是同班同学里唯一运动员出生的
278,佟健是同班同学里唯一运动员出身的,4,False,False,0.0,0.1875,1.0,0.48153069359553546,-0.18212890625,0.0,0.0,0.0,0.0,0,,董建是同班同学里唯一运动员出生的
278,佟健是同班同学里唯一运动员出身的,5,False,False,0.0,0.125,1.0,0.1796439011427053,-0.25146484375,0.0,0.0,0.0,0.0,0,,董剑是同班同学里唯一运动员出身的
278,佟健是同班同学里唯一运动员出身的,6,False,False,0.0,0.125,0.5,0.0,-0.292724609375,0.0,0.0,0.0,0.0,0,,董健是同班同学里唯一的运动员出身的
279,只有姚明和刘国梁等少数几个人,1,True,False,0.0,0.07142857142857142,0.3333333333333333,1.0,-0.033172607421875,0.0,0.0,0.0,0.0,0,,只有姚明和刘国良等少数几个人
279,只有姚明和刘国梁等少数几个人,2,False,True,1.0,0.0,0.0,0.8280936454849498,-0.08807373046875,0.0,0.0,0.0,0.0,0,,只有姚明和刘国梁等少数几个人
279,只有姚明和刘国梁等少数几个人,3,False,False,0.0,0.14285714285714285,0.3333333333333333,0.12689918776875297,-0.31201171875,0.0,0.0,0.0,0.0,0,,只有姚明和刘国良等少数级个人
279,只有姚明和刘国梁等少数几个人,4,False,False,0.0,0.07142857142857142,0.3333333333333333,0.06421404682274247,-0.33203125,0.0,0.0,0.0,0.0,0,,只有姚明和刘国凉等少数几个人
279,只有姚明和刘国梁等少数几个人,5,False,False,1.0,0.07142857142857142,0.0,0.0,-0.3525390625,0.0,0.0,0.0,0.0,0,,只有姚明和刘国梁等少数级个人
280,佟健希望自己能真的学到管理知识,1,True,True,0.0,0.06666666666666667,0.5,1.0,-0.03448486328125,0.0,0.0,0.0,0.0,0,,董健希望自己能真的学到管理知识
280,佟健希望自己能真的学到管理知识,2,False,False,0.0,0.13333333333333333,1.0,0.8717686578063385,-0.08807373046875,0.0,0.0,0.0,0.0,0,,董建希望自己能真的学到管理知识
280,佟健希望自己能真的学到管理知识,3,False,False,0.0,0.13333333333333333,1.0,0.43172192200963927,-0.27197265625,0.0,0.0,0.0,0.0,0,,懂见希望自己能真的学到管理知识
280,佟健希望自己能真的学到管理知识,4,False,False,0.0,0.13333333333333333,1.0,0.11917628158317511,-0.402587890625,0.0,0.0,0.0,0.0,0,,董剑希望自己能真的学到管理知识
280,佟健希望自己能真的学到管理知识,5,False,False,0.0,0.13333333333333333,0.5,0.0385570322769096,-0.436279296875,0.0,0.0,0.0,0.0,0,,董健希望自己能真得学到管理知识
280,佟健希望自己能真的学到管理知识,6,False,False,0.0,0.13333333333333333,0.5,0.008762961881115817,-0.44873046875,0.0,0.0,0.0,0.0,0,,董健希望自己能真地学到管理知识
280,佟健希望自己能真的学到管理知识,7,False,False,0.0,0.13333333333333333,1.0,0.0,-0.452392578125,0.0,0.0,0.0,0.0,0,,懂渐希望自己能真的学到管理知识
281,佟健更希望能有实实在在的发展,1,True,False,0.0,0.14285714285714285,1.0,1.0,-0.051483154296875,0.0,0.0,0.0,0.0,0,,董建更希望能有实实在在的发展
281,佟健更希望能有实实在在的发展,2,False,True,0.0,0.07142857142857142,0.5,0.9889239345705274,-0.05609130859375,0.0,0.0,0.0,0.0,0,,董健更希望能有实实在在的发展
281,佟健更希望能有实实在在的发展,3,False,False,0.0,0.14285714285714285,1.0,0.26875962737475245,-0.355712890625,0.0,0.0,0.0,0.0,0,,董剑更希望能有实实在在的发展
281,佟健更希望能有实实在在的发展,4,False,False,0.0,0.14285714285714285,1.0,0.08684808919533485,-0.431396484375,0.0,0.0,0.0,0.0,0,,冬剑更希望能有实实在在的发展
281,佟健更希望能有实实在在的发展,5,False,False,0.0,0.21428571428571427,1.0,0.08450084354140688,-0.432373046875,0.0,0.0,0.0,0.0,0,,董建更希望能有实实在在地发展
281,佟健更希望能有实实在在的发展,6,False,False,0.0,0.14285714285714285,1.0,0.07217780385828504,-0.4375,0.0,0.0,0.0,0.0,0,,懂见更希望能有实实在在的发展
281,佟健更希望能有实实在在的发展,7,False,False,0.0,0.14285714285714285,0.5,0.0,-0.467529296875,0.0,0.0,0.0,0.0,0,,董健更希望能有实实在在地发展
282,搜狐娱乐赛文耷子备受关注重拍版乌鸦,1,True,True,0.0,0.058823529411764705,0.25,1.0,-0.031890869140625,0.0,0.0,0.0,0.0,0,,搜狐娱乐赛文搭子备受关注重拍版乌鸦
282,搜狐娱乐赛文耷子备受关注重拍版乌鸦,2,False,False,0.0,0.058823529411764705,0.25,0.618285533196007,-0.10540771484375,0.0,0.0,0.0,0.0,0,,搜狐娱乐赛文达子备受关注重拍版乌鸦
282,搜狐娱乐赛文耷子备受关注重拍版乌鸦,3,False,False,0.0,0.058823529411764705,0.25,0.5729678339407384,-0.1141357421875,0.0,0.0,0.0,0.0,0,,搜狐娱乐赛文答子备受关注重拍版乌鸦
282,搜狐娱乐赛文耷子备受关注重拍版乌鸦,4,False,False,0.0,0.11764705882352941,0.25,0.5507843447948028,-0.118408203125,0.0,0.0,0.0,0.0,0,,搜狐娱乐赛文搭子备受关注重拍板乌鸦
282,搜狐娱乐赛文耷子备受关注重拍版乌鸦,5,False,False,0.0,0.058823529411764705,0.25,0.38028838535889714,-0.1512451171875,0.0,0.0,0.0,0.0,0,,搜狐娱乐赛文打子备受关注重拍版乌鸦
282,搜狐娱乐赛文耷子备受关注重拍版乌鸦,6,False,False,0.0,0.11764705882352941,0.5,0.3682459198225321,-0.153564453125,0.0,0.0,0.0,0.0,0,,搜狐娱乐在文搭子备受关注重拍版乌鸦
282,搜狐娱乐赛文耷子备受关注重拍版乌鸦,7,False,False,0.0,0.058823529411764705,0.25,0.3080335921407067,-0.1651611328125,0.0,0.0,0.0,0.0,0,,搜狐娱乐赛文大子备受关注重拍版乌鸦
282,搜狐娱乐赛文耷子备受关注重拍版乌鸦,8,False,False,0.0,0.11764705882352941,0.5,0.17683409919188717,-0.1904296875,0.0,0.0,0.0,0.0,0,,搜狐娱乐在文达子备受关注重拍版乌鸦
282,搜狐娱乐赛文耷子备受关注重拍版乌鸦,9,False,False,0.0,0.11764705882352941,0.25,0.13753763270480113,-0.197998046875,0.0,0.0,0.0,0.0,0,,搜狐娱乐赛文达子备受关注重拍板乌鸦
282,搜狐娱乐赛文耷子备受关注重拍版乌鸦,10,False,False,0.0,0.11764705882352941,0.25,0.09633972429092061,-0.2059326171875,0.0,0.0,0.0,0.0,0,,搜湖娱乐赛文搭子备受关注重拍版乌鸦
282,搜狐娱乐赛文耷子备受关注重拍版乌鸦,11,False,False,0.0,0.11764705882352941,0.25,0.09000158453493899,-0.2071533203125,0.0,0.0,0.0,0.0,0,,搜狐娱乐赛文答子备受关注重拍板乌鸦
282,搜狐娱乐赛文耷子备受关注重拍版乌鸦,12,False,False,0.0,0.11764705882352941,0.25,0.017112977341150373,-0.22119140625,0.0,0.0,0.0,0.0,0,,搜狐娱乐赛文打子备受关注重拍板乌鸦
282,搜狐娱乐赛文耷子备受关注重拍版乌鸦,13,False,False,0.0,0.11764705882352941,0.5,0.0,-0.2244873046875,0.0,0.0,0.0,0.0,0,,搜狐娱乐赛文打字备受关注重拍版乌鸦
284,网友纷纷留言祝谢婷婷生日快乐,1,True,True,1.0,0.0,0.0,1.0,-0.045806884765625,0.0,0.0,0.0,0.0,0,,网友纷纷留言祝谢婷婷生日快乐
284,网友纷纷留言祝谢婷婷生日快乐,2,False,False,0.0,1.4285714285714286,1.0,0.42808637783512155,-0.17431640625,0.0,0.0,0.0,0.0,0,,请不吝点赞订阅转发打赏支持明镜与点点栏目
284,网友纷纷留言祝谢婷婷生日快乐,3,False,False,1.0,1.4285714285714286,0.0,0.28575308977319025,-0.206298828125,0.0,0.0,0.0,0.0,0,,网友纷纷留言祝谢婷婷生日快乐请不吝点赞订阅转发打赏支持明镜与点点栏目
284,网友纷纷留言祝谢婷婷生日快乐,4,False,False,1.0,2.5,0.0,0.1580877359771832,-0.2349853515625,0.0,0.0,0.0,0.0,0,,网友纷纷留言祝谢婷婷生日快乐优优独播剧场YoYoTelevisionSeriesExclusive
284,网友纷纷留言祝谢婷婷生日快乐,5,False,False,1.0,1.4285714285714286,1.0,0.0,-0.2705078125,0.0,0.0,0.0,0.0,0,,请不吝点赞订阅转发打赏支持明镜与点点栏目网友纷纷留言祝谢婷婷生日快乐
285,曾江谢贤四哥及胡枫修哥大谈往日情时,1,True,False,0.0,0.17647058823529413,0.5,1.0,-0.24267578125,0.0,0.0,0.0,0.0,0,,曾江谢贤四哥及胡峰修歌大谈往日情识
285,曾江谢贤四哥及胡枫修哥大谈往日情时,2,False,True,0.0,0.11764705882352941,0.5,0.7815126050420168,-0.25537109375,0.0,0.0,0.0,0.0,0,,曾江谢贤四哥及胡峰修歌大谈往日情时
285,曾江谢贤四哥及胡枫修哥大谈往日情时,3,False,False,0.0,0.17647058823529413,0.5,0.6680672268907563,-0.261962890625,0.0,0.0,0.0,0.0,0,,曾江谢贤四哥及胡峰修歌大谈往日情诗
285,曾江谢贤四哥及胡枫修哥大谈往日情时,4,False,False,0.0,0.17647058823529413,0.5,0.5630252100840336,-0.26806640625,0.0,0.0,0.0,0.0,0,,曾江谢贤四哥及胡峰修歌大谈往日情实
285,曾江谢贤四哥及胡枫修哥大谈往日情时,5,False,False,0.0,0.17647058823529413,0.5,0.5168067226890757,-0.270751953125,0.0,0.0,0.0,0.0,0,,曾江谢贤四哥及胡风修歌大谈往日情识
285,曾江谢贤四哥及胡枫修哥大谈往日情时,6,False,False,0.0,0.17647058823529413,0.5,0.4579831932773109,-0.274169921875,0.0,0.0,0.0,0.0,0,,曾江谢贤四哥及胡丰修歌大谈往日情识
285,曾江谢贤四哥及胡枫修哥大谈往日情时,7,False,False,0.0,0.17647058823529413,0.5,0.4495798319327731,-0.274658203125,0.0,0.0,0.0,0.0,0,,曾江谢贤四哥及胡峰修歌大谈往日情史
285,曾江谢贤四哥及胡枫修哥大谈往日情时,8,False,False,0.0,0.11764705882352941,0.5,0.28991596638655465,-0.283935546875,0.0,0.0,0.0,0.0,0,,曾江谢贤四哥及胡风修歌大谈往日情时
285,曾江谢贤四哥及胡枫修哥大谈往日情时,9,False,False,0.0,0.17647058823529413,0.5,0.23529411764705882,-0.287109375,0.0,0.0,0.0,0.0,0,,曾江谢贤四哥及胡风修歌大谈往日情诗
285,曾江谢贤四哥及胡枫修哥大谈往日情时,10,False,False,0.0,0.11764705882352941,0.5,0.18067226890756302,-0.290283203125,0.0,0.0,0.0,0.0,0,,曾江谢贤四哥及胡丰修歌大谈往日情时
285,曾江谢贤四哥及胡枫修哥大谈往日情时,11,False,False,0.0,0.17647058823529413,0.5,0.06722689075630252,-0.296875,0.0,0.0,0.0,0.0,0,,曾江谢贤四哥及胡风修歌大谈往日情实
285,曾江谢贤四哥及胡枫修哥大谈往日情时,12,False,False,0.0,0.17647058823529413,0.5,0.0546218487394958,-0.297607421875,0.0,0.0,0.0,0.0,0,,曾江谢贤四哥及胡丰修歌大谈往日情诗
285,曾江谢贤四哥及胡枫修哥大谈往日情时,13,False,False,0.0,0.29411764705882354,0.5,0.0546218487394958,-0.297607421875,0.0,0.0,0.0,0.0,0,,曾江谢贤四歌集胡风修歌大谈往日情识
285,曾江谢贤四哥及胡枫修哥大谈往日情时,14,False,False,0.0,0.29411764705882354,0.5,0.04201680672268908,-0.29833984375,0.0,0.0,0.0,0.0,0,,曾江谢贤四歌集胡风修歌大谈往日情诗
285,曾江谢贤四哥及胡枫修哥大谈往日情时,15,False,False,0.0,0.23529411764705882,0.5,0.0,-0.30078125,0.0,0.0,0.0,0.0,0,,曾江谢贤四歌及胡风修歌大谈往日情识
286,杨爱明被兴安警方刑事拘留,1,True,True,1.0,0.0,0.0,1.0,-0.04833984375,0.0,0.0,0.0,0.0,0,,杨爱明被兴安警方刑事拘留
286,杨爱明被兴安警方刑事拘留,2,False,False,1.0,0.08333333333333333,0.0,0.32629107981220656,-0.2235107421875,0.0,0.0,0.0,0.0,0,,杨爱明被新安警方刑事拘留
286,杨爱明被兴安警方刑事拘留,3,False,False,0.0,0.08333333333333333,0.3333333333333333,0.29295774647887324,-0.232177734375,0.0,0.0,0.0,0.0,0,,杨爱铭被兴安警方刑事拘留
286,杨爱明被兴安警方刑事拘留,4,False,False,0.0,0.08333333333333333,0.3333333333333333,0.2784037558685446,-0.2359619140625,0.0,0.0,0.0,0.0,0,,杨艾明被兴安警方刑事拘留
286,杨爱明被兴安警方刑事拘留,5,False,False,0.0,0.08333333333333333,0.3333333333333333,0.13427230046948357,-0.2734375,0.0,0.0,0.0,0.0,0,,阳爱明被兴安警方刑事拘留
286,杨爱明被兴安警方刑事拘留,6,False,False,0.0,0.08333333333333333,0.3333333333333333,0.003755868544600939,-0.307373046875,0.0,0.0,0.0,0.0,0,,杨爱鸣被兴安警方刑事拘留
286,杨爱明被兴安警方刑事拘留,7,False,False,1.0,0.08333333333333333,0.0,0.0,-0.308349609375,0.0,0.0,0.0,0.0,0,,杨爱明被星安警方刑事拘留
287,兴安县法院判杨爱明拘役4个月,1,True,False,1.0,0.07142857142857142,0.0,1.0,-0.052520751953125,0.0,0.0,0.0,0.0,0,,新安县法院判杨爱明拘役4个月
287,兴安县法院判杨爱明拘役4个月,2,False,True,1.0,0.0,0.0,0.6680037438160182,-0.1282958984375,0.0,0.0,0.0,0.0,0,,兴安县法院判杨爱明拘役4个月
287,兴安县法院判杨爱明拘役4个月,3,False,False,1.0,0.14285714285714285,0.0,0.27704238534563447,-0.217529296875,0.0,0.0,0.0,0.0,0,,新安宪法院判杨爱明拘役4个月
287,兴安县法院判杨爱明拘役4个月,4,False,False,1.0,0.07142857142857142,0.0,0.21767615991442707,-0.2310791015625,0.0,0.0,0.0,0.0,0,,星安县法院判杨爱明拘役4个月
287,兴安县法院判杨爱明拘役4个月,5,False,False,1.0,0.14285714285714285,0.0,0.16740205909881,-0.2425537109375,0.0,0.0,0.0,0.0,0,,新安线法院判杨爱明拘役4个月
287,兴安县法院判杨爱明拘役4个月,6,False,False,0.0,0.14285714285714285,0.3333333333333333,0.10054820163123412,-0.2578125,0.0,0.0,0.0,0.0,0,,新安县法院判杨爱铭拘役4个月
287,兴安县法院判杨爱明拘役4个月,7,False,False,1.0,0.07142857142857142,0.0,0.0,-0.28076171875,0.0,0.0,0.0,0.0,0,,心安县法院判杨爱明拘役4个月
288,杨爱明却参加了兴安县第15届人大5次会议,1,True,False,1.0,0.05,0.0,1.0,-0.05194091796875,0.0,0.0,0.0,0.0,0,,杨爱明却参加了新安县第15届人大5次会议
288,杨爱明却参加了兴安县第15届人大5次会议,2,False,True,1.0,0.0,0.0,0.8822800495662949,-0.0693359375,0.0,0.0,0.0,0.0,0,,杨爱明却参加了兴安县第15届人大5次会议
288,杨爱明却参加了兴安县第15届人大5次会议,3,False,False,1.0,0.1,0.0,0.3205287071458075,-0.15234375,0.0,0.0,0.0,0.0,0,,杨爱明却参加了新安线第15届人大5次会议
288,杨爱明却参加了兴安县第15届人大5次会议,4,False,False,0.0,0.1,0.3333333333333333,0.0,-0.19970703125,0.0,0.0,0.0,0.0,0,,杨爱铭却参加了新安县第15届人大5次会议
289,这事发生在福建省漳州市诏安县林头村,1,True,False,0.0,0.17647058823529413,0.3333333333333333,1.0,-0.09356689453125,0.0,0.0,0.0,0.0,0,,这事发生在福建省张州市昭安县临头村
289,这事发生在福建省漳州市诏安县林头村,2,False,False,0.0,0.11764705882352941,0.3333333333333333,0.907704985578904,-0.10723876953125,0.0,0.0,0.0,0.0,0,,这事发生在福建省漳州市昭安县临头村
289,这事发生在福建省漳州市诏安县林头村,3,False,False,0.0,0.11764705882352941,0.3333333333333333,0.4639472599917594,-0.1729736328125,0.0,0.0,0.0,0.0,0,,这事发生在福建省张州市昭安县林头村
289,这事发生在福建省漳州市诏安县林头村,4,False,False,0.0,0.23529411764705882,0.3333333333333333,0.36753193242686444,-0.187255859375,0.0,0.0,0.0,0.0,0,,这是发生在福建省张州市昭安县临头村
289,这事发生在福建省漳州市诏安县林头村,5,False,True,0.0,0.058823529411764705,0.3333333333333333,0.36670786979810466,-0.1873779296875,0.0,0.0,0.0,0.0,0,,这事发生在福建省漳州市昭安县林头村
289,这事发生在福建省漳州市诏安县林头村,6,False,False,0.0,0.17647058823529413,0.3333333333333333,0.3288009888751545,-0.1929931640625,0.0,0.0,0.0,0.0,0,,这是发生在福建省漳州市昭安县临头村
289,这事发生在福建省漳州市诏安县林头村,7,False,False,0.0,0.17647058823529413,0.3333333333333333,0.1969509682735888,-0.2125244140625,0.0,0.0,0.0,0.0,0,,这事发生在福建省章州市昭安县临头村
289,这事发生在福建省漳州市诏安县林头村,8,False,False,0.0,0.23529411764705882,0.3333333333333333,0.0,-0.24169921875,0.0,0.0,0.0,0.0,0,,这事发生在福建省张洲市昭安县临头村
290,华商报讯记者张林实习生邓泽惠一夜之间,1,True,True,0.3333333333333333,0.1111111111111111,0.2222222222222222,1.0,-0.08465576171875,0.0,0.0,0.0,0.0,0,,华商报讯记者张玲实习生邓泽会一夜之间
290,华商报讯记者张林实习生邓泽惠一夜之间,2,False,False,0.3333333333333333,0.1111111111111111,0.2222222222222222,0.5485284909204758,-0.128662109375,0.0,0.0,0.0,0.0,0,,华商报讯记者张灵实习生邓泽会一夜之间
290,华商报讯记者张林实习生邓泽惠一夜之间,3,False,False,0.3333333333333333,0.1111111111111111,0.2222222222222222,0.5397620538509705,-0.1295166015625,0.0,0.0,0.0,0.0,0,,华商报讯记者张宁实习生邓泽会一夜之间
290,华商报讯记者张林实习生邓泽惠一夜之间,4,False,False,0.3333333333333333,0.1111111111111111,0.2222222222222222,0.42204132748904194,-0.1409912109375,0.0,0.0,0.0,0.0,0,,华商报讯记者张琳实习生邓泽会一夜之间
290,华商报讯记者张林实习生邓泽惠一夜之间,5,False,False,0.3333333333333333,0.16666666666666666,0.3333333333333333,0.371947401377583,-0.1458740234375,0.0,0.0,0.0,0.0,0,,华商报讯记者张玲实习生邓则会一夜之间
290,华商报讯记者张林实习生邓泽惠一夜之间,6,False,False,0.3333333333333333,0.16666666666666666,0.3333333333333333,0.005009392611145898,-0.181640625,0.0,0.0,0.0,0.0,0,,华商报讯记者张宁实习生邓则会一夜之间
290,华商报讯记者张林实习生邓泽惠一夜之间,7,False,False,0.3333333333333333,0.16666666666666666,0.3333333333333333,0.0,-0.18212890625,0.0,0.0,0.0,0.0,0,,华商报讯记者张灵实习生邓则会一夜之间
291,门头沟雁翅镇村民李冬梅因不服行政批复,1,True,False,1.0,0.16666666666666666,0.0,1.0,-0.1072998046875,0.0,0.0,0.0,0.0,0,,门头沟厌斥镇村民李东梅因不服行政批复
291,门头沟雁翅镇村民李冬梅因不服行政批复,2,False,False,1.0,0.16666666666666666,0.0,0.8586118251928021,-0.12744140625,0.0,0.0,0.0,0.0,0,,门头沟厌赤镇村民李东梅因不服行政批复
291,门头沟雁翅镇村民李冬梅因不服行政批复,3,False,False,1.0,0.1111111111111111,0.0,0.726649528706084,-0.146240234375,0.0,0.0,0.0,0.0,0,,门头沟雁赤镇村民李东梅因不服行政批复
291,门头沟雁翅镇村民李冬梅因不服行政批复,4,False,False,1.0,0.16666666666666666,0.0,0.6161096829477292,-0.1619873046875,0.0,0.0,0.0,0.0,0,,门头沟燕赤镇村民李东梅因不服行政批复
291,门头沟雁翅镇村民李冬梅因不服行政批复,5,False,False,1.0,0.1111111111111111,0.0,0.43359040274207367,-0.18798828125,0.0,0.0,0.0,0.0,0,,门头沟雁斥镇村民李东梅因不服行政批复
291,门头沟雁翅镇村民李冬梅因不服行政批复,6,False,False,1.0,0.2777777777777778,0.0,0.35989717223650386,-0.198486328125,0.0,0.0,0.0,0.0,0,,门头沟厌斥镇村民李东梅因不服行政匹夫
291,门头沟雁翅镇村民李冬梅因不服行政批复,7,False,False,1.0,0.1111111111111111,0.0,0.3196229648671808,-0.2042236328125,0.0,0.0,0.0,0.0,0,,门头沟厌斥镇村民李冬梅因不服行政批复
291,门头沟雁翅镇村民李冬梅因不服行政批复,8,False,False,1.0,0.16666666666666666,0.0,0.31362467866323906,-0.205078125,0.0,0.0,0.0,0.0,0,,门头沟验赤镇村民李东梅因不服行政批复
291,门头沟雁翅镇村民李冬梅因不服行政批复,9,False,False,1.0,0.2222222222222222,0.0,0.31276778063410454,-0.2052001953125,0.0,0.0,0.0,0.0,0,,门头沟厌斥镇村民李东梅因不符行政批复
291,门头沟雁翅镇村民李冬梅因不服行政批复,10,False,True,1.0,0.05555555555555555,0.0,0.2579263067694944,-0.2130126953125,0.0,0.0,0.0,0.0,0,,门头沟雁翅镇村民李东梅因不服行政批复
291,门头沟雁翅镇村民李冬梅因不服行政批复,11,False,False,1.0,0.2777777777777778,0.0,0.19108826049700087,-0.2225341796875,0.0,0.0,0.0,0.0,0,,门头沟厌赤镇村民李东梅因不服行政匹夫
291,门头沟雁翅镇村民李冬梅因不服行政批复,12,False,False,1.0,0.2777777777777778,0.0,0.18851756640959727,-0.222900390625,0.0,0.0,0.0,0.0,0,,门头沟厌斥镇村民李东梅因不服行政匹负
291,门头沟雁翅镇村民李冬梅因不服行政批复,13,False,False,1.0,0.2222222222222222,0.0,0.060839760068551844,-0.2410888671875,0.0,0.0,0.0,0.0,0,,门头沟雁赤镇村民李东梅因不服行政匹夫
291,门头沟雁翅镇村民李冬梅因不服行政批复,14,False,False,1.0,0.2777777777777778,0.0,0.0,-0.249755859375,0.0,0.0,0.0,0.0,0,,门头沟厌赤镇村民李东梅因不服行政匹负
292,门头沟区长张贵林出庭应诉,1,True,False,0.5,0.08333333333333333,0.16666666666666666,1.0,-0.024566650390625,0.0,0.0,0.0,0.0,0,,门头沟区长张桂林出庭应诉
292,门头沟区长张贵林出庭应诉,2,False,True,1.0,0.0,0.0,0.654756337105977,-0.13720703125,0.0,0.0,0.0,0.0,0,,门头沟区长张贵林出庭应诉
292,门头沟区长张贵林出庭应诉,3,False,False,0.5,0.16666666666666666,0.3333333333333333,0.11224394350388177,-0.314208984375,0.0,0.0,0.0,0.0,0,,门头沟区长章桂林出庭应诉
292,门头沟区长张贵林出庭应诉,4,False,False,0.5,0.08333333333333333,0.16666666666666666,0.0845571041062576,-0.3232421875,0.0,0.0,0.0,0.0,0,,门头沟区长张柜林出庭应诉
292,门头沟区长张贵林出庭应诉,5,False,False,0.5,0.08333333333333333,0.16666666666666666,0.07857076045271724,-0.3251953125,0.0,0.0,0.0,0.0,0,,门头沟区长张贵琳出庭应诉
292,门头沟区长张贵林出庭应诉,6,False,False,0.5,0.08333333333333333,0.16666666666666666,0.06809465905902161,-0.32861328125,0.0,0.0,0.0,0.0,0,,门头沟区长张贵霖出庭应诉
292,门头沟区长张贵林出庭应诉,7,False,False,0.5,0.16666666666666666,0.16666666666666666,0.011224394350388177,-0.34716796875,0.0,0.0,0.0,0.0,0,,门头沟区长张桂林出庭应速
292,门头沟区长张贵林出庭应诉,8,False,False,0.5,0.08333333333333333,0.16666666666666666,0.0,-0.350830078125,0.0,0.0,0.0,0.0,0,,门头沟区长张跪林出庭应诉
293,门头沟雁翅镇村民李冬梅向市政府提起了行政复议,1,True,False,1.0,0.09090909090909091,0.0,1.0,-0.1351318359375,0.0,0.0,0.0,0.0,0,,门头沟雁赤镇村民李东梅向市政府提起了行政复议
293,门头沟雁翅镇村民李冬梅向市政府提起了行政复议,2,False,False,1.0,0.13636363636363635,0.0,0.8082191780821918,-0.1453857421875,0.0,0.0,0.0,0.0,0,,门头沟燕赤镇村民李东梅向市政府提起了行政复议
293,门头沟雁翅镇村民李冬梅向市政府提起了行政复议,3,False,False,1.0,0.13636363636363635,0.0,0.6232876712328768,-0.1552734375,0.0,0.0,0.0,0.0,0,,门头沟雁赤镇村民李东梅向市政府提起了行政复义
293,门头沟雁翅镇村民李冬梅向市政府提起了行政复议,4,False,False,1.0,0.13636363636363635,0.0,0.19863013698630136,-0.177978515625,0.0,0.0,0.0,0.0,0,,门头沟厌斥镇村民李东梅向市政府提起了行政复议
293,门头沟雁翅镇村民李冬梅向市政府提起了行政复议,5,False,False,1.0,0.13636363636363635,0.0,0.1141552511415525,-0.1824951171875,0.0,0.0,0.0,0.0,0,,门头沟燕斥镇村民李东梅向市政府提起了行政复议
293,门头沟雁翅镇村民李冬梅向市政府提起了行政复议,6,False,False,1.0,0.18181818181818182,0.0,0.0273972602739726,-0.1871337890625,0.0,0.0,0.0,0.0,0,,门头沟燕赤镇村民李东梅向市政府提起了行政复义
293,门头沟雁翅镇村民李冬梅向市政府提起了行政复议,7,False,True,1.0,0.045454545454545456,0.0,0.02511415525114155,-0.187255859375,0.0,0.0,0.0,0.0,0,,门头沟雁翅镇村民李东梅向市政府提起了行政复议
293,门头沟雁翅镇村民李冬梅向市政府提起了行政复议,8,False,False,1.0,0.09090909090909091,0.0,0.0,-0.1885986328125,0.0,0.0,0.0,0.0,0,,门头沟雁斥镇村民李东梅向市政府提起了行政复议
294,实习生郭杨雪通讯员耿万志现代快报记者李伟豪,1,True,True,1.0,0.047619047619047616,0.0,1.0,-0.0660400390625,0.0,0.0,0.0,0.0,0,,实习生郭阳雪通讯员耿万志现代快报记者李伟豪
294,实习生郭杨雪通讯员耿万志现代快报记者李伟豪,2,False,False,1.0,0.09523809523809523,0.0,0.0,-0.0811767578125,0.0,0.0,0.0,0.0,0,,实习生郭阳雪通讯员耿万智现代快报记者李伟豪
295,据伟嘉安捷数据统计显示,1,True,False,0.0,0.09090909090909091,0.25,1.0,-0.1533203125,0.0,0.0,0.0,0.0,0,,据伟佳安捷数据统计显示
295,据伟嘉安捷数据统计显示,2,False,False,0.0,0.09090909090909091,0.25,0.972877358490566,-0.1561279296875,0.0,0.0,0.0,0.0,0,,据伟家安捷数据统计显示
295,据伟嘉安捷数据统计显示,3,False,False,0.0,0.18181818181818182,0.5,0.7877358490566038,-0.17529296875,0.0,0.0,0.0,0.0,0,,据韦家安捷数据统计显示
295,据伟嘉安捷数据统计显示,4,False,False,0.0,0.18181818181818182,0.5,0.7641509433962265,-0.177734375,0.0,0.0,0.0,0.0,0,,据伟家安洁数据统计显示
295,据伟嘉安捷数据统计显示,5,False,False,0.0,0.18181818181818182,0.5,0.7629716981132075,-0.1778564453125,0.0,0.0,0.0,0.0,0,,据伟佳安洁数据统计显示
295,据伟嘉安捷数据统计显示,6,False,False,0.0,0.18181818181818182,0.5,0.7252358490566038,-0.1817626953125,0.0,0.0,0.0,0.0,0,,据韦加安捷数据统计显示
295,据伟嘉安捷数据统计显示,7,False,False,0.0,0.18181818181818182,0.5,0.6568396226415094,-0.1888427734375,0.0,0.0,0.0,0.0,0,,据委家安捷数据统计显示
295,据伟嘉安捷数据统计显示,8,False,False,0.0,0.18181818181818182,0.5,0.5790094339622641,-0.1968994140625,0.0,0.0,0.0,0.0,0,,据韦迦安捷数据统计显示
295,据伟嘉安捷数据统计显示,9,False,False,0.0,0.2727272727272727,0.75,0.5683962264150944,-0.197998046875,0.0,0.0,0.0,0.0,0,,据委家安洁数据统计显示
295,据伟嘉安捷数据统计显示,10,False,False,0.0,0.2727272727272727,0.75,0.44457547169811323,-0.2108154296875,0.0,0.0,0.0,0.0,0,,据韦家安洁数据统计显示
295,据伟嘉安捷数据统计显示,11,False,False,0.0,0.2727272727272727,0.75,0.09787735849056604,-0.2467041015625,0.0,0.0,0.0,0.0,0,,据韦加安洁数据统计显示
295,据伟嘉安捷数据统计显示,12,False,True,1.0,0.0,0.0,0.0589622641509434,-0.250732421875,0.0,0.0,0.0,0.0,0,,据伟嘉安捷数据统计显示
295,据伟嘉安捷数据统计显示,13,False,False,0.0,0.09090909090909091,0.25,0.0,-0.2568359375,0.0,0.0,0.0,0.0,0,,据伟嘉安洁数据统计显示
296,据伟嘉安捷提供的数据显示,1,True,False,0.0,0.25,0.75,1.0,-0.1478271484375,0.0,0.0,0.0,0.0,0,,据韦家安洁提供的数据显示
296,据伟嘉安捷提供的数据显示,2,False,False,0.0,0.25,0.75,0.9470404984423676,-0.154052734375,0.0,0.0,0.0,0.0,0,,据韦家安杰提供的数据显示
296,据伟嘉安捷提供的数据显示,3,False,True,0.0,0.16666666666666666,0.5,0.4434060228452752,-0.2132568359375,0.0,0.0,0.0,0.0,0,,据伟家安洁提供的数据显示
296,据伟嘉安捷提供的数据显示,4,False,False,0.0,0.16666666666666666,0.5,0.4423676012461059,-0.21337890625,0.0,0.0,0.0,0.0,0,,据韦家安捷提供的数据显示
296,据伟嘉安捷提供的数据显示,5,False,False,0.0,0.25,0.75,0.4164070612668744,-0.2164306640625,0.0,0.0,0.0,0.0,0,,据韦迦安杰提供的数据显示
296,据伟嘉安捷提供的数据显示,6,False,False,0.0,0.25,0.75,0.26895119418483904,-0.2337646484375,0.0,0.0,0.0,0.0,0,,据委家安洁提供的数据显示
296,据伟嘉安捷提供的数据显示,7,False,False,0.0,0.25,0.75,0.2564901349948079,-0.2352294921875,0.0,0.0,0.0,0.0,0,,据韦加安杰提供的数据显示
296,据伟嘉安捷提供的数据显示,8,False,False,0.0,0.25,0.75,0.16926272066458983,-0.2454833984375,0.0,0.0,0.0,0.0,0,,据韦伽安杰提供的数据显示
296,据伟嘉安捷提供的数据显示,9,False,False,0.0,0.25,0.75,0.05399792315680166,-0.259033203125,0.0,0.0,0.0,0.0,0,,据韦佳安杰提供的数据显示
296,据伟嘉安捷提供的数据显示,10,False,False,0.0,0.16666666666666666,0.5,0.0,-0.265380859375,0.0,0.0,0.0,0.0,0,,据韦迦安捷提供的数据显示
297,伟嘉安捷对中新网房产频道表示,1,True,False,0.0,0.2857142857142857,0.75,1.0,-0.1767578125,0.0,0.0,0.0,0.0,0,,韦家安杰对中心网房产频道表示
297,伟嘉安捷对中新网房产频道表示,2,False,True,0.0,0.21428571428571427,0.75,0.9984375,-0.1768798828125,0.0,0.0,0.0,0.0,0,,韦家安杰对中新网房产频道表示
297,伟嘉安捷对中新网房产频道表示,3,False,False,0.0,0.2857142857142857,0.75,0.6875,-0.201171875,0.0,0.0,0.0,0.0,0,,韦家安杰对中信网房产频道表示
297,伟嘉安捷对中新网房产频道表示,4,False,False,0.0,0.2857142857142857,0.75,0.528125,-0.213623046875,0.0,0.0,0.0,0.0,0,,韦加安杰对中心网房产频道表示
297,伟嘉安捷对中新网房产频道表示,5,False,False,0.0,0.2857142857142857,0.75,0.5046875,-0.2154541015625,0.0,0.0,0.0,0.0,0,,韦家安杰对中芯网房产频道表示
297,伟嘉安捷对中新网房产频道表示,6,False,False,0.0,0.21428571428571427,0.75,0.5015625,-0.2156982421875,0.0,0.0,0.0,0.0,0,,韦加安杰对中新网房产频道表示
297,伟嘉安捷对中新网房产频道表示,7,False,False,0.0,0.2857142857142857,0.75,0.3953125,-0.2239990234375,0.0,0.0,0.0,0.0,0,,韦家安杰对中兴网房产频道表示
297,伟嘉安捷对中新网房产频道表示,8,False,False,0.0,0.2857142857142857,0.75,0.2328125,-0.2366943359375,0.0,0.0,0.0,0.0,0,,韦加安杰对中信网房产频道表示
297,伟嘉安捷对中新网房产频道表示,9,False,False,0.0,0.2857142857142857,0.75,0.1234375,-0.2452392578125,0.0,0.0,0.0,0.0,0,,韦加安杰对中芯网房产频道表示
297,伟嘉安捷对中新网房产频道表示,10,False,False,0.0,0.2857142857142857,0.75,0.0,-0.2548828125,0.0,0.0,0.0,0.0,0,,韦加安杰对中兴网房产频道表示
298,想了解苹果最初的事,1,True,True,1.0,0.0,0.0,1.0,-0.0135650634765625,0.0,0.0,0.0,0.0,0,,想了解苹果最初的事
298,想了解苹果最初的事,2,False,False,1.0,0.1111111111111111,0.0,0.8746243182071166,-0.06512451171875,0.0,0.0,0.0,0.0,0,,想了解苹果最初的事儿
298,想了解苹果最初的事,3,False,False,1.0,0.1111111111111111,1.0,0.037401209602612145,-0.409423828125,0.0,0.0,0.0,0.0,0,,想要了解苹果最初的事
298,想了解苹果最初的事,4,False,False,1.0,0.2222222222222222,1.0,0.0,-0.4248046875,0.0,0.0,0.0,0.0,0,,想要了解苹果最初的事儿
299,原创张驰乔布斯逝世已久,1,True,True,1.0,0.0,0.0,1.0,-0.1351318359375,0.0,0.0,0.0,0.0,0,,原创张驰乔布斯逝世已久
299,原创张驰乔布斯逝世已久,2,False,False,1.0,0.18181818181818182,0.0,0.5927130774235524,-0.2115478515625,0.0,0.0,0.0,0.0,0,,原创张驰乔布斯世事已久
299,原创张驰乔布斯逝世已久,3,False,False,1.0,0.09090909090909091,0.0,0.5862068965517241,-0.2127685546875,0.0,0.0,0.0,0.0,0,,原创张驰乔普斯逝世已久
299,原创张驰乔布斯逝世已久,4,False,False,0.0,0.09090909090909091,0.5,0.46258945998698764,-0.2359619140625,0.0,0.0,0.0,0.0,0,,原创张弛乔布斯逝世已久
299,原创张驰乔布斯逝世已久,5,False,False,0.0,0.18181818181818182,1.0,0.4398178269355888,-0.240234375,0.0,0.0,0.0,0.0,0,,原创章池乔布斯逝世已久
299,原创张驰乔布斯逝世已久,6,False,False,1.0,0.18181818181818182,0.0,0.4053350683148991,-0.2467041015625,0.0,0.0,0.0,0.0,0,,原创张驰乔布斯事事已久
299,原创张驰乔布斯逝世已久,7,False,False,1.0,0.2727272727272727,0.0,0.2173064411190631,-0.281982421875,0.0,0.0,0.0,0.0,0,,原创张驰乔普斯世事已久
299,原创张驰乔布斯逝世已久,8,False,False,0.0,0.18181818181818182,1.0,0.20819778789850357,-0.28369140625,0.0,0.0,0.0,0.0,0,,原创章迟乔布斯逝世已久
299,原创张驰乔布斯逝世已久,9,False,False,0.0,0.36363636363636365,1.0,0.1951854261548471,-0.2861328125,0.0,0.0,0.0,0.0,0,,原创章池乔布斯世事已久
299,原创张驰乔布斯逝世已久,10,False,False,0.0,0.18181818181818182,1.0,0.16265452179570591,-0.292236328125,0.0,0.0,0.0,0.0,0,,原创章词乔布斯逝世已久
299,原创张驰乔布斯逝世已久,11,False,False,0.0,0.09090909090909091,0.5,0.11971372804163956,-0.30029296875,0.0,0.0,0.0,0.0,0,,原创张池乔布斯逝世已久
299,原创张驰乔布斯逝世已久,12,False,False,0.0,0.36363636363636365,1.0,0.05855562784645413,-0.311767578125,0.0,0.0,0.0,0.0,0,,原创章池乔布斯事事已久
299,原创张驰乔布斯逝世已久,13,False,False,0.0,0.2727272727272727,0.5,0.04163955757970072,-0.31494140625,0.0,0.0,0.0,0.0,0,,原创张弛乔布斯世事已久
299,原创张驰乔布斯逝世已久,14,False,False,0.0,0.18181818181818182,0.5,0.04163955757970072,-0.31494140625,0.0,0.0,0.0,0.0,0,,原创张弛乔普斯逝世已久
299,原创张驰乔布斯逝世已久,15,False,False,1.0,0.2727272727272727,0.0,0.0,-0.32275390625,0.0,0.0,0.0,0.0,0,,原创张驰乔普斯事事已久
300,而苹果的另1位联合创始人沃兹尼亚克还活跃在科技圈,1,True,True,1.0,0.041666666666666664,0.0,1.0,-0.0144500732421875,0.0,0.0,0.0,0.0,0,,而苹果的另1位联合创始人沃尔兹尼亚克还活跃在科技圈
300,而苹果的另1位联合创始人沃兹尼亚克还活跃在科技圈,2,False,False,1.0,0.08333333333333333,0.0,0.5888,-0.0654296875,0.0,0.0,0.0,0.0,0,,而苹果的另1位联合创始人沃尔兹尼亚克还活跃在科技圈儿
300,而苹果的另1位联合创始人沃兹尼亚克还活跃在科技圈,3,False,False,1.0,0.08333333333333333,0.0,0.42535384615384614,-0.085693359375,0.0,0.0,0.0,0.0,0,,而苹果的另1位联合创始人沃尔茨尼亚克还活跃在科技圈
300,而苹果的另1位联合创始人沃兹尼亚克还活跃在科技圈,4,False,False,1.0,0.08333333333333333,0.0,0.28307692307692306,-0.10333251953125,0.0,0.0,0.0,0.0,0,,而苹果的另1位联合创始人沃尔滋尼亚克还活跃在科技圈
300,而苹果的另1位联合创始人沃兹尼亚克还活跃在科技圈,5,False,False,1.0,0.08333333333333333,0.0,0.03446153846153846,-0.1341552734375,0.0,0.0,0.0,0.0,0,,而苹果的另1位联合创始人沃尔斯尼亚克还活跃在科技圈
300,而苹果的另1位联合创始人沃兹尼亚克还活跃在科技圈,6,False,False,1.0,0.125,0.0,0.017723076923076925,-0.13623046875,0.0,0.0,0.0,0.0,0,,而苹果的另1位联合创始人沃尔茨尼亚克还活跃在科技圈儿
300,而苹果的另1位联合创始人沃兹尼亚克还活跃在科技圈,7,False,False,1.0,0.08333333333333333,1.0,0.0,-0.138427734375,0.0,0.0,0.0,0.0,0,,苹果的另1位联合创始人沃尔兹尼亚克还活跃在科技圈
301,乔帮主在首批苹果产品的开发中,1,True,True,1.0,0.0,0.0,1.0,-0.056549072265625,0.0,0.0,0.0,0.0,0,,乔帮主在首批苹果产品的开发中
301,乔帮主在首批苹果产品的开发中,2,False,False,1.0,0.07142857142857142,0.0,0.7022149302707137,-0.1119384765625,0.0,0.0,0.0,0.0,0,,乔帮主在手批苹果产品的开发中
301,乔帮主在首批苹果产品的开发中,3,False,False,1.0,0.07142857142857142,0.0,0.0,-0.2425537109375,0.0,0.0,0.0,0.0,0,,乔帮主在索批苹果产品的开发中
302,苹果股价下跌5分析师出现重大分歧搜狐科技,1,True,True,1.0,0.0,0.0,1.0,-0.0264129638671875,0.0,0.0,0.0,0.0,0,,苹果股价下跌5分析师出现重大分歧搜狐科技
302,苹果股价下跌5分析师出现重大分歧搜狐科技,2,False,False,1.0,0.05,0.0,0.0,-0.1641845703125,0.0,0.0,0.0,0.0,0,,苹果股价下跌5分分析师出现重大分歧搜狐科技
303,本报记者纪佳鹏北京报道北京时间8月12日,1,True,False,0.0,0.05,0.3333333333333333,1.0,-0.10369873046875,0.0,0.0,0.0,0.0,0,,本报记者纪家鹏北京报道北京时间8月12日
303,本报记者纪佳鹏北京报道北京时间8月12日,2,False,False,0.0,0.1,0.6666666666666666,0.7725040916530278,-0.129150390625,0.0,0.0,0.0,0.0,0,,本报记者季家鹏北京报道北京时间8月12日
303,本报记者纪佳鹏北京报道北京时间8月12日,3,False,False,0.0,0.05,0.3333333333333333,0.4833606110201855,-0.1614990234375,0.0,0.0,0.0,0.0,0,,本报记者纪嘉鹏北京报道北京时间8月12日
303,本报记者纪佳鹏北京报道北京时间8月12日,4,False,False,0.0,0.1,0.3333333333333333,0.3098745226404801,-0.180908203125,0.0,0.0,0.0,0.0,0,,本报记者纪家鹏北京报导北京时间8月12日
303,本报记者纪佳鹏北京报道北京时间8月12日,5,False,True,1.0,0.0,0.0,0.24440807419530824,-0.188232421875,0.0,0.0,0.0,0.0,0,,本报记者纪佳鹏北京报道北京时间8月12日
303,本报记者纪佳鹏北京报道北京时间8月12日,6,False,False,0.0,0.15,0.6666666666666666,0.23895253682487724,-0.1888427734375,0.0,0.0,0.0,0.0,0,,本报记者季家鹏北京报导北京时间8月12日
303,本报记者纪佳鹏北京报道北京时间8月12日,7,False,False,0.0,0.05,0.3333333333333333,0.0,-0.215576171875,0.0,0.0,0.0,0.0,0,,本报记者纪加鹏北京报道北京时间8月12日
304,作为科技股领头羊的苹果股份当天下挫2,1,True,True,1.0,0.0,0.0,1.0,-0.0203704833984375,0.0,0.0,0.0,0.0,0,,作为科技股领头羊的苹果股份当天下挫2
304,作为科技股领头羊的苹果股份当天下挫2,2,False,False,1.0,0.05555555555555555,0.0,0.0,-0.2161865234375,0.0,0.0,0.0,0.0,0,,作为科技股领头羊的苹果股份当天下错2
305,人民币的贬值很可能会增加苹果设备进口的费用,1,True,True,1.0,0.0,0.0,1.0,-0.0190277099609375,0.0,0.0,0.0,0.0,0,,人民币的贬值很可能会增加苹果设备进口的费用
305,人民币的贬值很可能会增加苹果设备进口的费用,2,False,False,1.0,0.047619047619047616,1.0,0.2882062950322336,-0.1622314453125,0.0,0.0,0.0,0.0,0,,人民币的贬值可能会增加苹果设备进口的费用
305,人民币的贬值很可能会增加苹果设备进口的费用,3,False,False,1.0,0.047619047619047616,1.0,0.08676526355707243,-0.2027587890625,0.0,0.0,0.0,0.0,0,,人民币的贬值很可能增加苹果设备进口的费用
305,人民币的贬值很可能会增加苹果设备进口的费用,4,False,False,1.0,0.047619047619047616,0.0,0.03458475540386803,-0.2132568359375,0.0,0.0,0.0,0.0,0,,人民币的贬值很可能会增加苹果设备进口费用
305,人民币的贬值很可能会增加苹果设备进口的费用,5,False,False,1.0,0.09523809523809523,1.0,0.0,-0.22021484375,0.0,0.0,0.0,0.0,0,,人民币的贬值可能会增加苹果设备进口费用
306,苹果股价的这轮连续下跌,1,True,True,1.0,0.0,0.0,1.0,-0.004360198974609375,0.0,0.0,0.0,0.0,0,,苹果股价的这轮连续下跌
306,苹果股价的这轮连续下跌,2,False,False,1.0,0.09090909090909091,0.0,0.5238536221060492,-0.186767578125,0.0,0.0,0.0,0.0,0,,苹果股价这轮连续下跌
306,苹果股价的这轮连续下跌,3,False,False,1.0,0.18181818181818182,0.0,0.27084889220811553,-0.28369140625,0.0,0.0,0.0,0.0,0,,苹果骨架的这轮连续下跌
306,苹果股价的这轮连续下跌,4,False,False,1.0,0.09090909090909091,0.0,0.21540453074433658,-0.304931640625,0.0,0.0,0.0,0.0,0,,苹果股价在这轮连续下跌
306,苹果股价的这轮连续下跌,5,False,False,1.0,0.09090909090909091,0.0,0.0,-0.387451171875,0.0,0.0,0.0,0.0,0,,苹果股价的这一轮连续下跌
307,苹果股价已下挫了79,1,True,True,1.0,0.0,0.0,1.0,-0.1116943359375,0.0,0.0,0.0,0.0,0,,苹果股价已下挫了79
307,苹果股价已下挫了79,2,False,False,1.0,0.1,0.0,0.7410665200659703,-0.169189453125,0.0,0.0,0.0,0.0,0,,苹果股价已下缩了79
307,苹果股价已下挫了79,3,False,False,1.0,0.1,0.0,0.6410115448048378,-0.19140625,0.0,0.0,0.0,0.0,0,,苹果股价已下挫79
307,苹果股价已下挫了79,4,False,False,1.0,0.2,0.0,0.3914238592633315,-0.246826171875,0.0,0.0,0.0,0.0,0,,苹果股价已下缩79
307,苹果股价已下挫了79,5,False,False,1.0,0.2,0.0,0.07366684991753711,-0.3173828125,0.0,0.0,0.0,0.0,0,,苹果股价下挫79
307,苹果股价已下挫了79,6,False,False,1.0,0.1,0.0,0.010995052226498075,-0.331298828125,0.0,0.0,0.0,0.0,0,,苹果股价已经下挫了79
307,苹果股价已下挫了79,7,False,False,1.0,0.1,0.0,0.0,-0.333740234375,0.0,0.0,0.0,0.0,0,,苹果股价下挫了79
308,根据近期公布的苹果第三财季业业绩,1,True,True,1.0,0.0625,0.0,1.0,-0.1407470703125,0.0,0.0,0.0,0.0,0,,根据近期公布的苹果第三财企业业绩
308,根据近期公布的苹果第三财季业业绩,2,False,False,1.0,0.125,0.0,0.9940209267563528,-0.1412353515625,0.0,0.0,0.0,0.0,0,,根据近期公布的苹果第三材技业业绩
308,根据近期公布的苹果第三财季业业绩,3,False,False,1.0,0.1875,0.0,0.8849028400597907,-0.150146484375,0.0,0.0,0.0,0.0,0,,根据近期公布的苹果第三材剂业绩
308,根据近期公布的苹果第三财季业业绩,4,False,False,1.0,0.125,0.0,0.7548579970104634,-0.1607666015625,0.0,0.0,0.0,0.0,0,,根据近期公布的苹果第三财绩业绩
308,根据近期公布的苹果第三财季业业绩,5,False,False,1.0,0.125,0.0,0.7115097159940209,-0.164306640625,0.0,0.0,0.0,0.0,0,,根据近期公布的苹果第三财技业绩
308,根据近期公布的苹果第三财季业业绩,6,False,False,1.0,0.1875,0.0,0.5979073243647235,-0.173583984375,0.0,0.0,0.0,0.0,0,,根据近期公布的苹果第三裁计业绩
308,根据近期公布的苹果第三财季业业绩,7,False,False,1.0,0.125,0.0,0.5964125560538116,-0.1737060546875,0.0,0.0,0.0,0.0,0,,根据近期公布的苹果第三材企业业绩
308,根据近期公布的苹果第三财季业业绩,8,False,False,1.0,0.125,0.0,0.5455904334828101,-0.1778564453125,0.0,0.0,0.0,0.0,0,,根据近期公布的苹果第三才技业业绩
308,根据近期公布的苹果第三财季业业绩,9,False,False,1.0,0.125,0.0,0.5351270553064275,-0.1787109375,0.0,0.0,0.0,0.0,0,,根据近期公布的苹果第三财企业绩
308,根据近期公布的苹果第三财季业业绩,10,False,False,1.0,0.125,0.0,0.4469357249626308,-0.1859130859375,0.0,0.0,0.0,0.0,0,,根据近期公布的苹果第三财迹业绩
308,根据近期公布的苹果第三财季业业绩,11,False,False,1.0,0.1875,0.0,0.42750373692077726,-0.1875,0.0,0.0,0.0,0.0,0,,根据近期公布的苹果第三材迹业绩
308,根据近期公布的苹果第三财季业业绩,12,False,False,1.0,0.1875,0.0,0.3662182361733931,-0.1925048828125,0.0,0.0,0.0,0.0,0,,根据近期公布的苹果第三材技业绩
308,根据近期公布的苹果第三财季业业绩,13,False,False,1.0,0.1875,0.0,0.34379671150971597,-0.1943359375,0.0,0.0,0.0,0.0,0,,根据近期公布的苹果第三采集业绩
308,根据近期公布的苹果第三财季业业绩,14,False,False,1.0,0.1875,0.0,0.23916292974588937,-0.202880859375,0.0,0.0,0.0,0.0,0,,根据近期公布的苹果第三材质业绩
308,根据近期公布的苹果第三财季业业绩,15,False,False,1.0,0.0625,0.0,0.14499252615844543,-0.2105712890625,0.0,0.0,0.0,0.0,0,,根据近期公布的苹果第三财季业绩
308,根据近期公布的苹果第三财季业业绩,16,False,False,1.0,0.1875,0.0,0.0,-0.222412109375,0.0,0.0,0.0,0.0,0,,根据近期公布的苹果第三材料业绩
309,该季度苹果大中华区营收为一百三十二点300000000美元,1,True,False,1.0,0.20689655172413793,0.0,1.0,-0.004833221435546875,0.0,0.0,0.0,0.0,0,,该季度苹果大中华区营收为132300000000美元
309,该季度苹果大中华区营收为一百三十二点300000000美元,2,False,False,1.0,0.2413793103448276,0.0,0.40479449214051677,-0.1690673828125,0.0,0.0,0.0,0.0,0,,该季度苹果大中华区营收132300000000美元
309,该季度苹果大中华区营收为一百三十二点300000000美元,3,False,True,1.0,0.0,0.0,0.1367010907884368,-0.2430419921875,0.0,0.0,0.0,0.0,0,,该季度苹果大中华区营收为一百三十二点300000000美元
309,该季度苹果大中华区营收为一百三十二点300000000美元,4,False,False,1.0,0.1724137931034483,0.0,0.0,-0.28076171875,0.0,0.0,0.0,0.0,0,,该季度苹果大中华区营收为132点300000000美元
310,赵伟国并未透露更多内容,1,True,True,1.0,0.0,0.0,1.0,-0.08367919921875,0.0,0.0,0.0,0.0,0,,赵伟国并未透露更多内容
310,赵伟国并未透露更多内容,2,False,False,0.0,0.09090909090909091,0.3333333333333333,0.7939643347050754,-0.1295166015625,0.0,0.0,0.0,0.0,0,,赵伟果并未透露更多内容
310,赵伟国并未透露更多内容,3,False,False,0.0,0.09090909090909091,0.3333333333333333,0.6573388203017833,-0.159912109375,0.0,0.0,0.0,0.0,0,,赵伯国并未透露更多内容
310,赵伟国并未透露更多内容,4,False,False,0.0,0.18181818181818182,0.6666666666666666,0.37037037037037035,-0.2237548828125,0.0,0.0,0.0,0.0,0,,赵维果并未透露更多内容
310,赵伟国并未透露更多内容,5,False,False,0.0,0.09090909090909091,0.3333333333333333,0.3352537722908093,-0.2315673828125,0.0,0.0,0.0,0.0,0,,赵北国并未透露更多内容
310,赵伟国并未透露更多内容,6,False,False,0.0,0.09090909090909091,0.3333333333333333,0.28641975308641976,-0.242431640625,0.0,0.0,0.0,0.0,0,,赵维国并未透露更多内容
310,赵伟国并未透露更多内容,7,False,False,0.0,0.09090909090909091,0.3333333333333333,0.2540466392318244,-0.2496337890625,0.0,0.0,0.0,0.0,0,,赵为国并未透露更多内容
310,赵伟国并未透露更多内容,8,False,False,0.0,0.2727272727272727,1.0,0.0823045267489712,-0.287841796875,0.0,0.0,0.0,0.0,0,,照微博并未透露更多内容
310,赵伟国并未透露更多内容,9,False,False,0.0,0.18181818181818182,0.6666666666666666,0.06255144032921811,-0.292236328125,0.0,0.0,0.0,0.0,0,,赵北果并未透露更多内容
310,赵伟国并未透露更多内容,10,False,False,0.0,0.18181818181818182,0.6666666666666666,0.0,-0.30615234375,0.0,0.0,0.0,0.0,0,,赵伯伯并未透露更多内容
311,沈阳机床董事长关锡友认为,1,True,False,0.0,0.08333333333333333,0.3333333333333333,1.0,-0.164794921875,0.0,0.0,0.0,0.0,0,,沈阳机床董事长关希友认为
311,沈阳机床董事长关锡友认为,2,False,False,0.0,0.08333333333333333,0.3333333333333333,0.9728155339805825,-0.168212890625,0.0,0.0,0.0,0.0,0,,沈阳机床董事长关西友认为
311,沈阳机床董事长关锡友认为,3,False,False,0.0,0.08333333333333333,0.3333333333333333,0.8718446601941747,-0.180908203125,0.0,0.0,0.0,0.0,0,,沈阳机床董事长关系友认为
311,沈阳机床董事长关锡友认为,4,False,False,0.0,0.08333333333333333,0.3333333333333333,0.4640776699029126,-0.232177734375,0.0,0.0,0.0,0.0,0,,沈阳机床董事长关熙友认为
311,沈阳机床董事长关锡友认为,5,False,False,0.0,0.16666666666666666,0.6666666666666666,0.42718446601941745,-0.23681640625,0.0,0.0,0.0,0.0,0,,沈阳机床董事长关稀有认为
311,沈阳机床董事长关锡友认为,6,False,True,1.0,0.0,0.0,0.3737864077669903,-0.2435302734375,0.0,0.0,0.0,0.0,0,,沈阳机床董事长关锡友认为
311,沈阳机床董事长关锡友认为,7,False,False,0.0,0.16666666666666666,0.3333333333333333,0.34563106796116505,-0.2470703125,0.0,0.0,0.0,0.0,0,,沈阳鸡床董事长关希友认为
311,沈阳机床董事长关锡友认为,8,False,False,0.0,0.16666666666666666,0.6666666666666666,0.2757281553398058,-0.255859375,0.0,0.0,0.0,0.0,0,,沈阳机床董事长关西有认为
311,沈阳机床董事长关锡友认为,9,False,False,0.0,0.16666666666666666,0.3333333333333333,0.26407766990291265,-0.25732421875,0.0,0.0,0.0,0.0,0,,沈阳鸡床董事长关西友认为
311,沈阳机床董事长关锡友认为,10,False,False,0.0,0.08333333333333333,0.3333333333333333,0.11262135922330097,-0.2763671875,0.0,0.0,0.0,0.0,0,,沈阳机床董事长关曦友认为
311,沈阳机床董事长关锡友认为,11,False,False,0.0,0.08333333333333333,0.3333333333333333,0.06019417475728155,-0.282958984375,0.0,0.0,0.0,0.0,0,,沈阳机床董事长关稀友认为
311,沈阳机床董事长关锡友认为,12,False,False,0.0,0.08333333333333333,0.3333333333333333,0.019417475728155338,-0.2880859375,0.0,0.0,0.0,0.0,0,,沈阳机床董事长关汐友认为
311,沈阳机床董事长关锡友认为,13,False,False,0.0,0.16666666666666666,0.3333333333333333,0.0,-0.29052734375,0.0,0.0,0.0,0.0,0,,沈阳基床董事长关希友认为
312,中国的中高端嵌入式芯片全部从德国日本进口,1,True,True,1.0,0.0,0.0,1.0,-0.0787353515625,0.0,0.0,0.0,0.0,0,,中国的中高端嵌入式芯片全部从德国日本进口
312,中国的中高端嵌入式芯片全部从德国日本进口,2,False,False,1.0,0.05,0.0,0.0,-0.157958984375,0.0,0.0,0.0,0.0,0,,中国的中高端嵌入式芯片全部从德国和日本进口
313,德国制造业最核心的技术就是嵌入式系统,1,True,True,1.0,0.0,0.0,1.0,-0.01549530029296875,0.0,0.0,0.0,0.0,0,,德国制造业最核心的技术就是嵌入式系统
313,德国制造业最核心的技术就是嵌入式系统,2,False,False,1.0,0.1111111111111111,0.0,0.0,-0.158203125,0.0,0.0,0.0,0.0,0,,德国制造业最核心的基础就是嵌入式系统
314,医生此次将对惠若琪的心脏进行微创手术,1,True,False,0.0,0.05555555555555555,0.3333333333333333,1.0,-0.09173583984375,0.0,0.0,0.0,0.0,0,,医生此次将对贿若琪的心脏进行微创手术
314,医生此次将对惠若琪的心脏进行微创手术,2,False,True,1.0,0.0,0.0,0.6962348436502872,-0.12078857421875,0.0,0.0,0.0,0.0,0,,医生此次将对惠若琪的心脏进行微创手术
314,医生此次将对惠若琪的心脏进行微创手术,3,False,False,0.0,0.05555555555555555,0.3333333333333333,0.5756222080408424,-0.13232421875,0.0,0.0,0.0,0.0,0,,医生此次将对慧若琪的心脏进行微创手术
314,医生此次将对惠若琪的心脏进行微创手术,4,False,False,0.0,0.05555555555555555,0.3333333333333333,0.5539246968730057,-0.1343994140625,0.0,0.0,0.0,0.0,0,,医生此次将对会若琪的心脏进行微创手术
314,医生此次将对惠若琪的心脏进行微创手术,5,False,False,0.0,0.1111111111111111,0.6666666666666666,0.44926611359285257,-0.1444091796875,0.0,0.0,0.0,0.0,0,,医生此次将对贿若琦的心脏进行微创手术
314,医生此次将对惠若琪的心脏进行微创手术,6,False,False,0.0,0.05555555555555555,0.3333333333333333,0.16592214422463306,-0.1715087890625,0.0,0.0,0.0,0.0,0,,医生此次将对惠若琦的心脏进行微创手术
314,医生此次将对惠若琪的心脏进行微创手术,7,False,False,0.0,0.16666666666666666,1.0,0.07147415443522655,-0.1805419921875,0.0,0.0,0.0,0.0,0,,医生此次将对会弱期的心脏进行微创手术
314,医生此次将对惠若琪的心脏进行微创手术,8,False,False,0.0,0.05555555555555555,0.3333333333333333,0.0,-0.1873779296875,0.0,0.0,0.0,0.0,0,,医生此次将对桧若琪的心脏进行微创手术
315,惠若琪将在微创手术后回到南京调养,1,True,False,0.0,0.125,0.3333333333333333,1.0,-0.07525634765625,0.0,0.0,0.0,0.0,0,,辉若琪将在微串手术后回到南京调养
315,惠若琪将在微创手术后回到南京调养,2,False,False,0.0,0.0625,0.3333333333333333,0.5895865237366003,-0.12432861328125,0.0,0.0,0.0,0.0,0,,辉若琪将在微创手术后回到南京调养
315,惠若琪将在微创手术后回到南京调养,3,False,False,0.0,0.125,0.3333333333333333,0.5012761613067892,-0.1348876953125,0.0,0.0,0.0,0.0,0,,灰若琪将在微串手术后回到南京调养
315,惠若琪将在微创手术后回到南京调养,4,False,False,0.0,0.1875,0.6666666666666666,0.3072996426748341,-0.1580810546875,0.0,0.0,0.0,0.0,0,,辉若琦将在微串手术后回到南京调养
315,惠若琪将在微创手术后回到南京调养,5,False,True,1.0,0.0625,0.0,0.18376722817764166,-0.1728515625,0.0,0.0,0.0,0.0,0,,惠若琪将在微串手术后回到南京调养
315,惠若琪将在微创手术后回到南京调养,6,False,False,0.0,0.1875,0.6666666666666666,0.10617662072485962,-0.18212890625,0.0,0.0,0.0,0.0,0,,辉若奇将在微串手术后回到南京调养
315,惠若琪将在微创手术后回到南京调养,7,False,False,0.0,0.125,0.3333333333333333,0.08984175599795814,-0.18408203125,0.0,0.0,0.0,0.0,0,,慧若琪将在微串手术后回到南京调养
315,惠若琪将在微创手术后回到南京调养,8,False,False,0.0,0.125,0.3333333333333333,0.08065339458907606,-0.1851806640625,0.0,0.0,0.0,0.0,0,,霍若琪将在微串手术后回到南京调养
315,惠若琪将在微创手术后回到南京调养,9,False,False,0.0,0.125,0.3333333333333333,0.002041858090862685,-0.194580078125,0.0,0.0,0.0,0.0,0,,辉若琪将在微转手术后回到南京调养
315,惠若琪将在微创手术后回到南京调养,10,False,False,0.0,0.0625,0.3333333333333333,0.0,-0.19482421875,0.0,0.0,0.0,0.0,0,,灰若琪将在微创手术后回到南京调养
316,张蓉芳主持排管中心,1,True,True,0.0,0.1111111111111111,0.3333333333333333,1.0,-0.1693115234375,0.0,0.0,0.0,0.0,0,,张荣芳主持排管中心
316,张蓉芳主持排管中心,2,False,False,0.0,0.2222222222222222,0.3333333333333333,0.9288702928870293,-0.18798828125,0.0,0.0,0.0,0.0,0,,张荣芳主持排馆中心
316,张蓉芳主持排管中心,3,False,False,0.0,0.2222222222222222,0.3333333333333333,0.6806136680613668,-0.253173828125,0.0,0.0,0.0,0.0,0,,张荣芳主持排管的中心
316,张蓉芳主持排管中心,4,False,False,0.0,0.3333333333333333,0.3333333333333333,0.5439330543933054,-0.2890625,0.0,0.0,0.0,0.0,0,,张荣芳主持排馆的中心
316,张蓉芳主持排管中心,5,False,False,0.0,0.3333333333333333,0.3333333333333333,0.4407252440725244,-0.316162109375,0.0,0.0,0.0,0.0,0,,张荣芳主持牌馆中心
316,张蓉芳主持排管中心,6,False,False,0.0,0.4444444444444444,0.3333333333333333,0.29660622966062294,-0.35400390625,0.0,0.0,0.0,0.0,0,,张荣芳主持牌馆的中心
316,张蓉芳主持排管中心,7,False,False,0.0,0.2222222222222222,0.6666666666666666,0.0697350069735007,-0.41357421875,0.0,0.0,0.0,0.0,0,,张荣方主持排管中心
316,张蓉芳主持排管中心,8,False,False,0.0,0.2222222222222222,0.3333333333333333,0.0,-0.431884765625,0.0,0.0,0.0,0.0,0,,张荣芳主持牌管中心
317,明年春天普鲁申科将再次进行手术,1,True,True,1.0,0.0,0.0,1.0,-0.08221435546875,0.0,0.0,0.0,0.0,0,,明年春天普鲁申科将再次进行手术
317,明年春天普鲁申科将再次进行手术,2,False,False,0.0,0.06666666666666667,0.25,0.9508721965112139,-0.09063720703125,0.0,0.0,0.0,0.0,0,,明年春天普鲁生科将再次进行手术
317,明年春天普鲁申科将再次进行手术,3,False,False,0.0,0.2,0.75,0.15521537913848343,-0.22705078125,0.0,0.0,0.0,0.0,0,,明年春天葡萄生科将再次进行手术
317,明年春天普鲁申科将再次进行手术,4,False,False,1.0,0.06666666666666667,0.0,0.04770380918476326,-0.2454833984375,0.0,0.0,0.0,0.0,0,,明天春天普鲁申科将再次进行手术
317,明年春天普鲁申科将再次进行手术,5,False,False,0.0,0.06666666666666667,0.25,0.0,-0.253662109375,0.0,0.0,0.0,0.0,0,,明年春天普鲁深科将再次进行手术
318,普鲁申科的职业生涯却堪称多灾多难,1,True,False,0.0,0.0625,0.25,1.0,-0.048675537109375,0.0,0.0,0.0,0.0,0,,普鲁生科的职业生涯却堪称多灾多难
318,普鲁申科的职业生涯却堪称多灾多难,2,False,True,1.0,0.0,0.0,0.5949962843695814,-0.09857177734375,0.0,0.0,0.0,0.0,0,,普鲁申科的职业生涯却堪称多灾多难
318,普鲁申科的职业生涯却堪称多灾多难,3,False,False,0.0,0.125,0.5,0.4389398067872182,-0.1177978515625,0.0,0.0,0.0,0.0,0,,普鲁生克的职业生涯却堪称多灾多难
318,普鲁申科的职业生涯却堪称多灾多难,4,False,False,0.0,0.0625,0.25,0.2566262075798861,-0.1402587890625,0.0,0.0,0.0,0.0,0,,普罗申科的职业生涯却堪称多灾多难
318,普鲁申科的职业生涯却堪称多灾多难,5,False,False,0.0,0.125,0.25,0.0,-0.171875,0.0,0.0,0.0,0.0,0,,普鲁生科的职业生涯且堪称多灾多难
319,照片中看到普鲁申科的背部肌肉伤痕累累,1,True,True,1.0,0.0,0.0,1.0,-0.062469482421875,0.0,0.0,0.0,0.0,0,,照片中看到普鲁申科的背部肌肉伤痕累累
319,照片中看到普鲁申科的背部肌肉伤痕累累,2,False,False,0.0,0.05555555555555555,0.25,0.844650802863223,-0.08697509765625,0.0,0.0,0.0,0.0,0,,照片中看到普罗申科的背部肌肉伤痕累累
319,照片中看到普鲁申科的背部肌肉伤痕累累,3,False,False,0.0,0.05555555555555555,0.25,0.8051847552718128,-0.09320068359375,0.0,0.0,0.0,0.0,0,,照片中看到普洛申科的背部肌肉伤痕累累
319,照片中看到普鲁申科的背部肌肉伤痕累累,4,False,False,0.0,0.05555555555555555,0.25,0.4619849100406268,-0.1473388671875,0.0,0.0,0.0,0.0,0,,照片中看到普鲁生科的背部肌肉伤痕累累
319,照片中看到普鲁申科的背部肌肉伤痕累累,5,False,False,0.0,0.1111111111111111,0.5,0.4217450183787967,-0.1536865234375,0.0,0.0,0.0,0.0,0,,照片中看到普洛森科的背部肌肉伤痕累累
319,照片中看到普鲁申科的背部肌肉伤痕累累,6,False,False,0.0,0.05555555555555555,0.25,0.028632230605532986,-0.2156982421875,0.0,0.0,0.0,0.0,0,,照片中看到普勒申科的背部肌肉伤痕累累
319,照片中看到普鲁申科的背部肌肉伤痕累累,7,False,False,0.0,0.1111111111111111,0.5,0.0,-0.22021484375,0.0,0.0,0.0,0.0,0,,照片中看到普洛生科的背部肌肉伤痕累累
320,普鲁申科出人意料地宣布复出,1,True,False,0.0,0.07692307692307693,0.25,1.0,-0.08056640625,0.0,0.0,0.0,0.0,0,,普鲁生科出人意料地宣布复出
320,普鲁申科出人意料地宣布复出,2,False,False,0.0,0.15384615384615385,0.25,0.8681061394380853,-0.11151123046875,0.0,0.0,0.0,0.0,0,,普鲁生科出人意料的宣布复出
320,普鲁申科出人意料地宣布复出,3,False,True,1.0,0.0,0.0,0.47346514047866806,-0.2041015625,0.0,0.0,0.0,0.0,0,,普鲁申科出人意料地宣布复出
320,普鲁申科出人意料地宣布复出,4,False,False,0.0,0.15384615384615385,0.25,0.42403746097814776,-0.2156982421875,0.0,0.0,0.0,0.0,0,,普鲁生科出人意料地宣布付出
320,普鲁申科出人意料地宣布复出,5,False,False,1.0,0.07692307692307693,0.0,0.3636836628511967,-0.2298583984375,0.0,0.0,0.0,0.0,0,,普鲁申科出人意料的宣布复出
320,普鲁申科出人意料地宣布复出,6,False,False,0.0,0.23076923076923078,0.25,0.3392299687825182,-0.235595703125,0.0,0.0,0.0,0.0,0,,普鲁生科出人意料的宣布付出
320,普鲁申科出人意料地宣布复出,7,False,False,0.0,0.07692307692307693,0.25,0.20291363163371487,-0.267578125,0.0,0.0,0.0,0.0,0,,普鲁圣科出人意料地宣布复出
320,普鲁申科出人意料地宣布复出,8,False,False,0.0,0.15384615384615385,0.25,0.08220603537981269,-0.2958984375,0.0,0.0,0.0,0.0,0,,普鲁圣科出人意料的宣布复出
320,普鲁申科出人意料地宣布复出,9,False,False,0.0,0.07692307692307693,0.25,0.0,-0.315185546875,0.0,0.0,0.0,0.0,0,,普鲁森科出人意料地宣布复出
321,普鲁申科被诊断患上了一种新的脊椎疾病,1,True,False,0.0,0.16666666666666666,0.75,1.0,-0.066650390625,0.0,0.0,0.0,0.0,0,,博士生科被诊断患上了一种新的脊椎疾病
321,普鲁申科被诊断患上了一种新的脊椎疾病,2,False,False,0.0,0.16666666666666666,0.75,0.42133333333333334,-0.1461181640625,0.0,0.0,0.0,0.0,0,,补助生科被诊断患上了一种新的脊椎疾病
321,普鲁申科被诊断患上了一种新的脊椎疾病,3,False,False,0.0,0.16666666666666666,0.75,0.4106666666666667,-0.1475830078125,0.0,0.0,0.0,0.0,0,,不如生科被诊断患上了一种新的脊椎疾病
321,普鲁申科被诊断患上了一种新的脊椎疾病,4,False,False,0.0,0.16666666666666666,0.75,0.3671111111111111,-0.153564453125,0.0,0.0,0.0,0.0,0,,博尔生科被诊断患上了一种新的脊椎疾病
321,普鲁申科被诊断患上了一种新的脊椎疾病,5,False,False,0.0,0.16666666666666666,0.75,0.28444444444444444,-0.1649169921875,0.0,0.0,0.0,0.0,0,,捕捉生科被诊断患上了一种新的脊椎疾病
321,普鲁申科被诊断患上了一种新的脊椎疾病,6,False,False,0.0,0.16666666666666666,0.75,0.2657777777777778,-0.16748046875,0.0,0.0,0.0,0.0,0,,哺乳生科被诊断患上了一种新的脊椎疾病
321,普鲁申科被诊断患上了一种新的脊椎疾病,7,False,False,0.0,0.16666666666666666,0.75,0.21066666666666667,-0.175048828125,0.0,0.0,0.0,0.0,0,,博主生科被诊断患上了一种新的脊椎疾病
321,普鲁申科被诊断患上了一种新的脊椎疾病,8,False,False,0.0,0.16666666666666666,0.75,0.2071111111111111,-0.175537109375,0.0,0.0,0.0,0.0,0,,补书生科被诊断患上了一种新的脊椎疾病
321,普鲁申科被诊断患上了一种新的脊椎疾病,9,False,False,0.0,0.16666666666666666,0.75,0.19733333333333333,-0.1768798828125,0.0,0.0,0.0,0.0,0,,不如深科被诊断患上了一种新的脊椎疾病
321,普鲁申科被诊断患上了一种新的脊椎疾病,10,False,False,0.0,0.2222222222222222,0.75,0.192,-0.1776123046875,0.0,0.0,0.0,0.0,0,,博士生科被诊断患上一种新的脊椎疾病
321,普鲁申科被诊断患上了一种新的脊椎疾病,11,False,False,0.0,0.1111111111111111,0.5,0.16444444444444445,-0.181396484375,0.0,0.0,0.0,0.0,0,,布鲁生科被诊断患上了一种新的脊椎疾病
321,普鲁申科被诊断患上了一种新的脊椎疾病,12,False,False,0.0,0.16666666666666666,0.75,0.1431111111111111,-0.184326171875,0.0,0.0,0.0,0.0,0,,博尔森科被诊断患上了一种新的脊椎疾病
321,普鲁申科被诊断患上了一种新的脊椎疾病,13,False,False,0.0,0.16666666666666666,0.75,0.05511111111111111,-0.1964111328125,0.0,0.0,0.0,0.0,0,,博多生科被诊断患上了一种新的脊椎疾病
321,普鲁申科被诊断患上了一种新的脊椎疾病,14,False,True,0.0,0.05555555555555555,0.25,0.04711111111111111,-0.197509765625,0.0,0.0,0.0,0.0,0,,普罗申科被诊断患上了一种新的脊椎疾病
321,普鲁申科被诊断患上了一种新的脊椎疾病,15,False,False,0.0,0.16666666666666666,1.0,0.0,-0.2039794921875,0.0,0.0,0.0,0.0,0,,卜生科被诊断患上了一种新的脊椎疾病
322,普鲁申科将错过整个二零一五二零一六季一六赛季的比赛,1,True,False,0.0,0.44,0.25,1.0,-0.10888671875,0.0,0.0,0.0,0.0,0,,普罗申科将错过整个20152016季16赛季的比赛
322,普鲁申科将错过整个二零一五二零一六季一六赛季的比赛,2,False,False,0.0,0.44,0.25,0.8417721518987342,-0.1180419921875,0.0,0.0,0.0,0.0,0,,普洛申科将错过整个20152016季16赛季的比赛
322,普鲁申科将错过整个二零一五二零一六季一六赛季的比赛,3,False,False,0.0,0.44,0.25,0.3691983122362869,-0.1453857421875,0.0,0.0,0.0,0.0,0,,普鲁生科将错过整个20152016季16赛季的比赛
322,普鲁申科将错过整个二零一五二零一六季一六赛季的比赛,4,False,True,1.0,0.4,0.0,0.10126582278481013,-0.160888671875,0.0,0.0,0.0,0.0,0,,普鲁申科将错过整个20152016季16赛季的比赛
322,普鲁申科将错过整个二零一五二零一六季一六赛季的比赛,5,False,False,0.0,0.44,0.25,0.0,-0.166748046875,0.0,0.0,0.0,0.0,0,,普洱申科将错过整个20152016季16赛季的比赛
323,普鲁申科丝毫没有隐退的打算,1,True,False,0.0,0.15384615384615385,0.5,1.0,-0.1845703125,0.0,0.0,0.0,0.0,0,,布鲁生科丝毫没有隐退的打算
323,普鲁申科丝毫没有隐退的打算,2,False,True,0.0,0.07692307692307693,0.25,0.8406326034063261,-0.2005615234375,0.0,0.0,0.0,0.0,0,,普罗申科丝毫没有隐退的打算
323,普鲁申科丝毫没有隐退的打算,3,False,False,0.0,0.07692307692307693,0.25,0.7518248175182481,-0.20947265625,0.0,0.0,0.0,0.0,0,,布鲁申科丝毫没有隐退的打算
323,普鲁申科丝毫没有隐退的打算,4,False,False,0.0,0.07692307692307693,0.25,0.7201946472019465,-0.212646484375,0.0,0.0,0.0,0.0,0,,普鲁生科丝毫没有隐退的打算
323,普鲁申科丝毫没有隐退的打算,5,False,False,0.0,0.15384615384615385,0.5,0.6180048661800487,-0.222900390625,0.0,0.0,0.0,0.0,0,,布洛申科丝毫没有隐退的打算
323,普鲁申科丝毫没有隐退的打算,6,False,False,0.0,0.23076923076923078,0.75,0.5851581508515815,-0.2261962890625,0.0,0.0,0.0,0.0,0,,博士生科丝毫没有隐退的打算
323,普鲁申科丝毫没有隐退的打算,7,False,False,0.0,0.07692307692307693,0.25,0.4902676399026764,-0.2357177734375,0.0,0.0,0.0,0.0,0,,普勒申科丝毫没有隐退的打算
323,普鲁申科丝毫没有隐退的打算,8,False,False,0.0,0.23076923076923078,1.0,0.3710462287104623,-0.2476806640625,0.0,0.0,0.0,0.0,0,,博盛科丝毫没有隐退的打算
323,普鲁申科丝毫没有隐退的打算,9,False,False,0.0,0.15384615384615385,0.5,0.15571776155717762,-0.269287109375,0.0,0.0,0.0,0.0,0,,普洛森科丝毫没有隐退的打算
323,普鲁申科丝毫没有隐退的打算,10,False,False,0.0,0.15384615384615385,0.5,0.0705596107055961,-0.27783203125,0.0,0.0,0.0,0.0,0,,普罗生科丝毫没有隐退的打算
323,普鲁申科丝毫没有隐退的打算,11,False,False,0.0,0.15384615384615385,0.5,0.058394160583941604,-0.279052734375,0.0,0.0,0.0,0.0,0,,普洱生科丝毫没有隐退的打算
323,普鲁申科丝毫没有隐退的打算,12,False,False,0.0,0.15384615384615385,0.5,0.019464720194647202,-0.282958984375,0.0,0.0,0.0,0.0,0,,普勒生科丝毫没有隐退的打算
323,普鲁申科丝毫没有隐退的打算,13,False,False,0.0,0.23076923076923078,0.75,0.0024330900243309003,-0.28466796875,0.0,0.0,0.0,0.0,0,,布洛森科丝毫没有隐退的打算
323,普鲁申科丝毫没有隐退的打算,14,False,False,0.0,0.23076923076923078,0.75,0.0,-0.284912109375,0.0,0.0,0.0,0.0,0,,博洛森科丝毫没有隐退的打算
324,他还在积极地为2018年韩国平昌冬奥会进行着准备,1,True,False,1.0,0.041666666666666664,0.0,1.0,-0.06927490234375,0.0,0.0,0.0,0.0,0,,他还在积极地为2018年韩国平昌冬奥会进行准备
324,他还在积极地为2018年韩国平昌冬奥会进行着准备,2,False,False,1.0,0.08333333333333333,0.0,0.7781087118391661,-0.08746337890625,0.0,0.0,0.0,0.0,0,,他还在积极的为2018年韩国平昌冬奥会进行准备
324,他还在积极地为2018年韩国平昌冬奥会进行着准备,3,False,True,1.0,0.0,0.0,0.5919583023082651,-0.10272216796875,0.0,0.0,0.0,0.0,0,,他还在积极地为2018年韩国平昌冬奥会进行着准备
324,他还在积极地为2018年韩国平昌冬奥会进行着准备,4,False,False,1.0,0.041666666666666664,0.0,0.5830230826507818,-0.10345458984375,0.0,0.0,0.0,0.0,0,,他还在积极的为2018年韩国平昌冬奥会进行着准备
324,他还在积极地为2018年韩国平昌冬奥会进行着准备,5,False,False,1.0,0.08333333333333333,0.6666666666666666,0.48175725986597173,-0.11175537109375,0.0,0.0,0.0,0.0,0,,他还在积极为2018年韩国平昌冬奥会进行准备
324,他还在积极地为2018年韩国平昌冬奥会进行着准备,6,False,False,1.0,0.08333333333333333,0.0,0.27699180938198065,-0.1285400390625,0.0,0.0,0.0,0.0,0,,她还在积极地为2018年韩国平昌冬奥会进行准备
324,他还在积极地为2018年韩国平昌冬奥会进行着准备,7,False,False,1.0,0.08333333333333333,0.0,0.05658972449739389,-0.1466064453125,0.0,0.0,0.0,0.0,0,,他还在积极的为2018年韩国平昌冬奥会进行的准备
324,他还在积极地为2018年韩国平昌冬奥会进行着准备,8,False,False,1.0,0.125,0.0,0.0,-0.1512451171875,0.0,0.0,0.0,0.0,0,,她还在积极的为2018年韩国平昌冬奥会进行准备
325,朴泰桓无法加入海外先进的训练团队进行训练,1,True,False,0.0,0.15,1.0,1.0,-0.357666015625,0.0,0.0,0.0,0.0,0,,调戴环无法加入海外先进的训练团队进行训练
325,朴泰桓无法加入海外先进的训练团队进行训练,2,False,False,0.0,0.2,1.0,0.7639484978540773,-0.384521484375,0.0,0.0,0.0,0.0,0,,调戴环无法加入海外先进的训练团队进行训炼
325,朴泰桓无法加入海外先进的训练团队进行训练,3,False,False,0.0,0.2,1.0,0.6909871244635193,-0.392822265625,0.0,0.0,0.0,0.0,0,,调代环无法加入海外先进的训练团队进行训炼
325,朴泰桓无法加入海外先进的训练团队进行训练,4,False,False,0.0,0.2,1.0,0.37124463519313305,-0.42919921875,0.0,0.0,0.0,0.0,0,,调带环无法加入海外先进的训练团队进行训炼
325,朴泰桓无法加入海外先进的训练团队进行训练,5,False,False,0.0,0.2,1.0,0.23819742489270387,-0.4443359375,0.0,0.0,0.0,0.0,0,,乔太环无法加入海外先进的训练团队进行训炼
325,朴泰桓无法加入海外先进的训练团队进行训练,6,False,False,0.0,0.15,0.6666666666666666,0.13090128755364808,-0.45654296875,0.0,0.0,0.0,0.0,0,,肖泰环无法加入海外先进的训练团队进行训炼
325,朴泰桓无法加入海外先进的训练团队进行训练,7,False,False,0.0,0.15,0.6666666666666666,0.07081545064377683,-0.46337890625,0.0,0.0,0.0,0.0,0,,陶泰环无法加入海外先进的训练团队进行训炼
325,朴泰桓无法加入海外先进的训练团队进行训练,8,False,True,0.0,0.1,0.3333333333333333,0.0407725321888412,-0.466796875,0.0,0.0,0.0,0.0,0,,曹泰桓无法加入海外先进的训练团队进行训炼
325,朴泰桓无法加入海外先进的训练团队进行训练,9,False,False,0.0,0.15,0.6666666666666666,0.004291845493562232,-0.470947265625,0.0,0.0,0.0,0.0,0,,条泰环无法加入海外先进的训练团队进行训炼
325,朴泰桓无法加入海外先进的训练团队进行训练,10,False,False,0.0,0.15,0.6666666666666666,0.0,-0.471435546875,0.0,0.0,0.0,0.0,0,,乔泰环无法加入海外先进的训练团队进行训炼
326,韩国媒体报道称朴泰桓确实人在日本,1,True,True,0.0,0.0625,0.3333333333333333,1.0,-0.2044677734375,0.0,0.0,0.0,0.0,0,,韩国媒体报道称朴岱桓确实人在日本
326,韩国媒体报道称朴泰桓确实人在日本,2,False,False,0.0,0.125,0.3333333333333333,0.3681592039800995,-0.281982421875,0.0,0.0,0.0,0.0,0,,韩国媒体报导称朴岱桓确实人在日本
326,韩国媒体报道称朴泰桓确实人在日本,3,False,False,0.0,0.1875,0.6666666666666666,0.3144278606965174,-0.28857421875,0.0,0.0,0.0,0.0,0,,韩国媒体报导称朴岱环确实人在日本
326,韩国媒体报道称朴泰桓确实人在日本,4,False,False,0.0,0.0625,0.3333333333333333,0.3024875621890547,-0.2900390625,0.0,0.0,0.0,0.0,0,,韩国媒体报道称朴大桓确实人在日本
326,韩国媒体报道称朴泰桓确实人在日本,5,False,False,0.0,0.125,0.3333333333333333,0.2885572139303483,-0.291748046875,0.0,0.0,0.0,0.0,0,,韩国媒体报道称朴岱桓确实仍在日本
326,韩国媒体报道称朴泰桓确实人在日本,6,False,False,0.0,0.125,0.6666666666666666,0.27064676616915423,-0.2939453125,0.0,0.0,0.0,0.0,0,,韩国媒体报道称朴岱环确实人在日本
326,韩国媒体报道称朴泰桓确实人在日本,7,False,False,0.0,0.125,0.3333333333333333,0.21293532338308457,-0.301025390625,0.0,0.0,0.0,0.0,0,,韩国媒体报道称朴岱桓确实是人在日本
326,韩国媒体报道称朴泰桓确实人在日本,8,False,False,0.0,0.125,0.6666666666666666,0.17114427860696518,-0.30615234375,0.0,0.0,0.0,0.0,0,,韩国媒体报道称朴再华确实人在日本
326,韩国媒体报道称朴泰桓确实人在日本,9,False,False,0.0,0.0625,0.3333333333333333,0.16119402985074627,-0.307373046875,0.0,0.0,0.0,0.0,0,,韩国媒体报道称朴再桓确实人在日本
326,韩国媒体报道称朴泰桓确实人在日本,10,False,False,0.0,0.25,0.6666666666666666,0.08159203980099503,-0.317138671875,0.0,0.0,0.0,0.0,0,,韩国媒体报导称朴岱环确实仍在日本
326,韩国媒体报道称朴泰桓确实人在日本,11,False,False,0.0,0.25,1.0,0.0,-0.3271484375,0.0,0.0,0.0,0.0,0,,韩国媒体报导称白在环确实人在日本
327,21日抵达日本的朴泰桓目前确实在东京,1,True,False,0.0,0.1111111111111111,0.6666666666666666,1.0,-0.09259033203125,0.0,0.0,0.0,0.0,0,,21日抵达日本的朴太环目前确实在东京
327,21日抵达日本的朴泰桓目前确实在东京,2,False,True,0.0,0.05555555555555555,0.3333333333333333,0.8302608695652174,-0.12237548828125,0.0,0.0,0.0,0.0,0,,21日抵达日本的朴太桓目前确实在东京
327,21日抵达日本的朴泰桓目前确实在东京,3,False,False,0.0,0.16666666666666666,1.0,0.705391304347826,-0.144287109375,0.0,0.0,0.0,0.0,0,,21日抵达日本的瓢太环目前确实在东京
327,21日抵达日本的朴泰桓目前确实在东京,4,False,False,0.0,0.16666666666666666,1.0,0.591304347826087,-0.164306640625,0.0,0.0,0.0,0.0,0,,21日抵达日本的嫖太环目前确实在东京
327,21日抵达日本的朴泰桓目前确实在东京,5,False,False,0.0,0.1111111111111111,0.6666666666666666,0.3457391304347826,-0.2073974609375,0.0,0.0,0.0,0.0,0,,21日抵达日本的朴太宛目前确实在东京
327,21日抵达日本的朴泰桓目前确实在东京,6,False,False,0.0,0.05555555555555555,0.3333333333333333,0.3443478260869565,-0.2076416015625,0.0,0.0,0.0,0.0,0,,21日抵达日本的朴泰环目前确实在东京
327,21日抵达日本的朴泰桓目前确实在东京,7,False,False,0.0,0.1111111111111111,0.6666666666666666,0.29495652173913045,-0.21630859375,0.0,0.0,0.0,0.0,0,,21日抵达日本的朴太皇目前确实在东京
327,21日抵达日本的朴泰桓目前确实在东京,8,False,False,0.0,0.1111111111111111,0.6666666666666666,0.271304347826087,-0.220458984375,0.0,0.0,0.0,0.0,0,,21日抵达日本的朴太宏目前确实在东京
327,21日抵达日本的朴泰桓目前确实在东京,9,False,False,0.0,0.16666666666666666,0.6666666666666666,0.11130434782608696,-0.24853515625,0.0,0.0,0.0,0.0,0,,21日抵达日本的朴太华安目前确实在东京
327,21日抵达日本的朴泰桓目前确实在东京,10,False,False,0.0,0.1111111111111111,0.6666666666666666,0.10434782608695652,-0.249755859375,0.0,0.0,0.0,0.0,0,,21日抵达日本的朴太怀目前确实在东京
327,21日抵达日本的朴泰桓目前确实在东京,11,False,False,0.0,0.1111111111111111,0.6666666666666666,0.10017391304347827,-0.25048828125,0.0,0.0,0.0,0.0,0,,21日抵达日本的朴太嬛目前确实在东京
327,21日抵达日本的朴泰桓目前确实在东京,12,False,False,0.0,0.16666666666666666,1.0,0.07930434782608696,-0.254150390625,0.0,0.0,0.0,0.0,0,,21日抵达日本的瓢台环目前确实在东京
327,21日抵达日本的朴泰桓目前确实在东京,13,False,False,0.0,0.16666666666666666,0.6666666666666666,0.009739130434782608,-0.266357421875,0.0,0.0,0.0,0.0,0,,21日抵达日本的朴太和安目前确实在东京
327,21日抵达日本的朴泰桓目前确实在东京,14,False,False,0.0,0.1111111111111111,0.6666666666666666,0.0041739130434782605,-0.267333984375,0.0,0.0,0.0,0.0,0,,21日抵达日本的朴太还目前确实在东京
327,21日抵达日本的朴泰桓目前确实在东京,15,False,False,0.0,0.1111111111111111,0.6666666666666666,0.0,-0.26806640625,0.0,0.0,0.0,0.0,0,,21日抵达日本的朴太寰目前确实在东京
328,首先要跨过大韩体育会这一关,1,True,True,1.0,0.0,0.0,1.0,-0.050872802734375,0.0,0.0,0.0,0.0,0,,首先要跨过大韩体育会这一关
328,首先要跨过大韩体育会这一关,2,False,False,1.0,0.23076923076923078,0.0,0.9778051787916153,-0.059112548828125,0.0,0.0,0.0,0.0,0,,首先要跨过大韩体育会
328,首先要跨过大韩体育会这一关,3,False,False,1.0,0.07692307692307693,1.0,0.43008631319358814,-0.262451171875,0.0,0.0,0.0,0.0,0,,首先跨过大韩体育会这一关
328,首先要跨过大韩体育会这一关,4,False,False,1.0,0.07692307692307693,0.0,0.18413481298808057,-0.353759765625,0.0,0.0,0.0,0.0,0,,首先要跨过大韩体育会这关
328,首先要跨过大韩体育会这一关,5,False,False,1.0,0.07692307692307693,0.0,0.07957254418413481,-0.392578125,0.0,0.0,0.0,0.0,0,,首先要跨过大韩体育会的这一关
328,首先要跨过大韩体育会这一关,6,False,False,0.0,0.07692307692307693,0.5,0.06247431154952733,-0.39892578125,0.0,0.0,0.0,0.0,0,,首先要跨过大寒体育会这一关
328,首先要跨过大韩体育会这一关,7,False,False,1.0,0.07692307692307693,0.0,0.0006576243321002877,-0.421875,0.0,0.0,0.0,0.0,0,,首先要跨过大韩体育会的一关
328,首先要跨过大韩体育会这一关,8,False,False,0.0,0.07692307692307693,0.5,0.0,-0.422119140625,0.0,0.0,0.0,0.0,0,,首先要跨过大函体育会这一关
329,朴泰桓的禁期禁赛期将在明年3月期满,1,True,False,0.0,0.29411764705882354,1.0,1.0,-0.201904296875,0.0,0.0,0.0,0.0,0,,裴道环的禁赛期将在明年3月期满
329,朴泰桓的禁期禁赛期将在明年3月期满,2,False,False,0.0,0.29411764705882354,1.0,0.7019867549668874,-0.223876953125,0.0,0.0,0.0,0.0,0,,赛道环的禁赛期将在明年3月期满
329,朴泰桓的禁期禁赛期将在明年3月期满,3,False,False,0.0,0.29411764705882354,1.0,0.5877483443708609,-0.2322998046875,0.0,0.0,0.0,0.0,0,,陪赛环的禁赛期将在明年3月期满
329,朴泰桓的禁期禁赛期将在明年3月期满,4,False,False,0.0,0.29411764705882354,1.0,0.40894039735099336,-0.2454833984375,0.0,0.0,0.0,0.0,0,,配套环的禁赛期将在明年3月期满
329,朴泰桓的禁期禁赛期将在明年3月期满,5,False,False,0.0,0.29411764705882354,1.0,0.30132450331125826,-0.25341796875,0.0,0.0,0.0,0.0,0,,佩特环的禁赛期将在明年3月期满
329,朴泰桓的禁期禁赛期将在明年3月期满,6,False,False,0.0,0.29411764705882354,1.0,0.10264900662251655,-0.26806640625,0.0,0.0,0.0,0.0,0,,培德环的禁赛期将在明年3月期满
329,朴泰桓的禁期禁赛期将在明年3月期满,7,False,False,0.0,0.29411764705882354,1.0,0.0728476821192053,-0.270263671875,0.0,0.0,0.0,0.0,0,,陪他环的禁赛期将在明年3月期满
329,朴泰桓的禁期禁赛期将在明年3月期满,8,False,False,0.0,0.29411764705882354,1.0,0.04966887417218543,-0.27197265625,0.0,0.0,0.0,0.0,0,,陪大环的禁赛期将在明年3月期满
329,朴泰桓的禁期禁赛期将在明年3月期满,9,False,True,0.0,0.23529411764705882,0.6666666666666666,0.0033112582781456954,-0.275390625,0.0,0.0,0.0,0.0,0,,佩泰环的禁赛期将在明年3月期满
329,朴泰桓的禁期禁赛期将在明年3月期满,10,False,False,0.0,0.29411764705882354,1.0,0.0033112582781456954,-0.275390625,0.0,0.0,0.0,0.0,0,,培特环的禁赛期将在明年3月期满
329,朴泰桓的禁期禁赛期将在明年3月期满,11,False,False,0.0,0.29411764705882354,1.0,0.0,-0.275634765625,0.0,0.0,0.0,0.0,0,,培道环的禁赛期将在明年3月期满
330,义不容辞地想拯救运动生涯在绝境中的朴泰桓,1,True,True,0.0,0.15,1.0,1.0,-0.10235595703125,0.0,0.0,0.0,0.0,0,,义不容辞地想拯救运动生涯在绝境中的调点环
330,义不容辞地想拯救运动生涯在绝境中的朴泰桓,2,False,False,0.0,0.15,1.0,0.9827973074046372,-0.103759765625,0.0,0.0,0.0,0.0,0,,义不容辞地想拯救运动生涯在绝境中的条件环
330,义不容辞地想拯救运动生涯在绝境中的朴泰桓,3,False,False,0.0,0.2,1.0,0.7980553477935677,-0.11883544921875,0.0,0.0,0.0,0.0,0,,义不容辞的想拯救运动生涯在绝境中的调点环
330,义不容辞地想拯救运动生涯在绝境中的朴泰桓,4,False,False,0.0,0.15,1.0,0.7292445774121167,-0.12445068359375,0.0,0.0,0.0,0.0,0,,义不容辞地想拯救运动生涯在绝境中的调链环
330,义不容辞地想拯救运动生涯在绝境中的朴泰桓,5,False,False,0.0,0.15,1.0,0.7105459985041137,-0.1259765625,0.0,0.0,0.0,0.0,0,,义不容辞地想拯救运动生涯在绝境中的条点环
330,义不容辞地想拯救运动生涯在绝境中的朴泰桓,6,False,False,0.0,0.2,1.0,0.6492146596858639,-0.1309814453125,0.0,0.0,0.0,0.0,0,,义不容辞的想拯救运动生涯在绝境中的条件环
330,义不容辞地想拯救运动生涯在绝境中的朴泰桓,7,False,False,0.0,0.15,1.0,0.5445026178010471,-0.1395263671875,0.0,0.0,0.0,0.0,0,,义不容辞地想拯救运动生涯在绝境中的调电环
330,义不容辞地想拯救运动生涯在绝境中的朴泰桓,8,False,False,0.0,0.2,1.0,0.5115931189229619,-0.1422119140625,0.0,0.0,0.0,0.0,0,,义不容辞的想拯救运动生涯在绝境中的调链环
330,义不容辞地想拯救运动生涯在绝境中的朴泰桓,9,False,False,0.0,0.2,1.0,0.46222887060583395,-0.146240234375,0.0,0.0,0.0,0.0,0,,义不容辞的想拯救运动生涯在绝境中的条点环
330,义不容辞地想拯救运动生涯在绝境中的朴泰桓,10,False,False,0.0,0.15,1.0,0.3365744203440538,-0.156494140625,0.0,0.0,0.0,0.0,0,,义不容辞地想拯救运动生涯在绝境中的调料环
330,义不容辞地想拯救运动生涯在绝境中的朴泰桓,11,False,False,0.0,0.15,1.0,0.30964846671652957,-0.15869140625,0.0,0.0,0.0,0.0,0,,义不容辞地想拯救运动生涯在绝境中的调炼环
330,义不容辞地想拯救运动生涯在绝境中的朴泰桓,12,False,False,0.0,0.2,1.0,0.3036649214659686,-0.1591796875,0.0,0.0,0.0,0.0,0,,义不容辞的想拯救运动生涯在绝境中的调电环
330,义不容辞地想拯救运动生涯在绝境中的朴泰桓,13,False,False,0.0,0.15,1.0,0.1406133133881825,-0.1724853515625,0.0,0.0,0.0,0.0,0,,义不容辞地想拯救运动生涯在绝境中的调料团
330,义不容辞地想拯救运动生涯在绝境中的朴泰桓,14,False,False,0.0,0.2,1.0,0.10770381451009724,-0.1751708984375,0.0,0.0,0.0,0.0,0,,义不容辞的想拯救运动生涯在绝境中的调料环
330,义不容辞地想拯救运动生涯在绝境中的朴泰桓,15,False,False,0.0,0.15,1.0,0.0,-0.1839599609375,0.0,0.0,0.0,0.0,0,,义不容辞地想拯救运动生涯在绝境中的瓢电环
331,大韩体育会这一计划的顺利实施,1,True,True,1.0,0.0,0.0,1.0,-0.0186309814453125,0.0,0.0,0.0,0.0,0,,大韩体育会这一计划的顺利实施
331,大韩体育会这一计划的顺利实施,2,False,False,1.0,0.07142857142857142,0.0,0.3134011643723815,-0.211181640625,0.0,0.0,0.0,0.0,0,,大韩体育会这一计画的顺利实施
331,大韩体育会这一计划的顺利实施,3,False,False,1.0,0.07142857142857142,0.0,0.129713259698569,-0.2626953125,0.0,0.0,0.0,0.0,0,,大韩体育会的这一计划的顺利实施
331,大韩体育会这一计划的顺利实施,4,False,False,0.0,0.07142857142857142,0.5,0.11926655421948963,-0.265625,0.0,0.0,0.0,0.0,0,,大函体育会这一计划的顺利实施
331,大韩体育会这一计划的顺利实施,5,False,False,1.0,0.07142857142857142,0.0,0.10620817237064041,-0.269287109375,0.0,0.0,0.0,0.0,0,,大韩体育会这一计划顺利实施
331,大韩体育会这一计划的顺利实施,6,False,False,0.0,0.07142857142857142,0.5,0.03917514554654769,-0.2880859375,0.0,0.0,0.0,0.0,0,,大寒体育会这一计划的顺利实施
331,大韩体育会这一计划的顺利实施,7,False,False,0.0,0.07142857142857142,0.5,0.0,-0.299072265625,0.0,0.0,0.0,0.0,0,,大喊体育会这一计划的顺利实施
332,民众自然会支持大韩体育会给他1个人修改规则,1,True,True,1.0,0.047619047619047616,0.0,1.0,-0.058013916015625,0.0,0.0,0.0,0.0,0,,民众自然会支持大韩体育会为他1个人修改规则
332,民众自然会支持大韩体育会给他1个人修改规则,2,False,False,1.0,0.09523809523809523,0.0,0.5623418865196964,-0.094970703125,0.0,0.0,0.0,0.0,0,,民众自然会支持大韩体育会为它1个人修改规则
332,民众自然会支持大韩体育会给他1个人修改规则,3,False,False,1.0,0.047619047619047616,0.0,0.4221178171304662,-0.1068115234375,0.0,0.0,0.0,0.0,0,,民众自然会支持大韩体育会被他1个人修改规则
332,民众自然会支持大韩体育会给他1个人修改规则,4,False,False,1.0,0.09523809523809523,0.0,0.0,-0.1424560546875,0.0,0.0,0.0,0.0,0,,民众自然会支持大韩体育会被它1个人修改规则
333,朴泰桓会面临更加严峻的舆论环境,1,True,False,0.0,0.13333333333333333,0.6666666666666666,1.0,-0.11322021484375,0.0,0.0,0.0,0.0,0,,朴天环会面临更加严峻的舆论环境
333,朴泰桓会面临更加严峻的舆论环境,2,False,True,0.0,0.06666666666666667,0.3333333333333333,0.7071072883657764,-0.1527099609375,0.0,0.0,0.0,0.0,0,,朴廷桓会面临更加严峻的舆论环境
333,朴泰桓会面临更加严峻的舆论环境,3,False,False,0.0,0.2,1.0,0.6817564508827524,-0.1561279296875,0.0,0.0,0.0,0.0,0,,瓢电环会面临更加严峻的舆论环境
333,朴泰桓会面临更加严峻的舆论环境,4,False,False,0.0,0.06666666666666667,0.3333333333333333,0.5106382978723404,-0.17919921875,0.0,0.0,0.0,0.0,0,,朴天桓会面临更加严峻的舆论环境
333,朴泰桓会面临更加严峻的舆论环境,5,False,False,0.0,0.13333333333333333,0.6666666666666666,0.5024898143956541,-0.1802978515625,0.0,0.0,0.0,0.0,0,,朴铁环会面临更加严峻的舆论环境
333,朴泰桓会面临更加严峻的舆论环境,6,False,False,0.0,0.13333333333333333,0.6666666666666666,0.38750565866908104,-0.19580078125,0.0,0.0,0.0,0.0,0,,朴天还会面临更加严峻的舆论环境
333,朴泰桓会面临更加严峻的舆论环境,7,False,False,0.0,0.13333333333333333,0.6666666666666666,0.24173834314169307,-0.2154541015625,0.0,0.0,0.0,0.0,0,,朴廷环会面临更加严峻的舆论环境
333,朴泰桓会面临更加严峻的舆论环境,8,False,False,0.0,0.13333333333333333,0.6666666666666666,0.23087369850611136,-0.2169189453125,0.0,0.0,0.0,0.0,0,,朴电环会面临更加严峻的舆论环境
333,朴泰桓会面临更加严峻的舆论环境,9,False,False,0.0,0.06666666666666667,0.3333333333333333,0.19194205522861024,-0.22216796875,0.0,0.0,0.0,0.0,0,,朴槐桓会面临更加严峻的舆论环境
333,朴泰桓会面临更加严峻的舆论环境,10,False,False,0.0,0.13333333333333333,0.6666666666666666,0.05432322317790855,-0.24072265625,0.0,0.0,0.0,0.0,0,,朴廷宏会面临更加严峻的舆论环境
333,朴泰桓会面临更加严峻的舆论环境,11,False,False,0.0,0.13333333333333333,0.6666666666666666,0.04345857854232685,-0.2421875,0.0,0.0,0.0,0.0,0,,朴天凰会面临更加严峻的舆论环境
333,朴泰桓会面临更加严峻的舆论环境,12,False,False,0.0,0.13333333333333333,0.6666666666666666,0.0,-0.248046875,0.0,0.0,0.0,0.0,0,,朴帖环会面临更加严峻的舆论环境
334,朴泰桓和美容院都互不相让,1,True,False,0.0,0.08333333333333333,0.3333333333333333,1.0,-0.1614990234375,0.0,0.0,0.0,0.0,0,,朴太桓和美容院都互不相让
334,朴泰桓和美容院都互不相让,2,False,False,0.0,0.16666666666666666,0.6666666666666666,0.8443208895949166,-0.1854248046875,0.0,0.0,0.0,0.0,0,,朴太环和美容院都互不相让
334,朴泰桓和美容院都互不相让,3,False,False,0.0,0.16666666666666666,0.6666666666666666,0.42414614773629866,-0.25,0.0,0.0,0.0,0.0,0,,朴太嬛和美容院都互不相让
334,朴泰桓和美容院都互不相让,4,False,False,0.0,0.16666666666666666,0.6666666666666666,0.3145353455123114,-0.266845703125,0.0,0.0,0.0,0.0,0,,朴太还和美容院都互不相让
334,朴泰桓和美容院都互不相让,5,False,False,0.0,0.16666666666666666,0.6666666666666666,0.20333598093725178,-0.283935546875,0.0,0.0,0.0,0.0,0,,朴太焕和美容院都互不相让
334,朴泰桓和美容院都互不相让,6,False,True,1.0,0.0,0.0,0.19221604447974583,-0.28564453125,0.0,0.0,0.0,0.0,0,,朴泰桓和美容院都互不相让
334,朴泰桓和美容院都互不相让,7,False,False,0.0,0.16666666666666666,0.6666666666666666,0.17474185861795075,-0.288330078125,0.0,0.0,0.0,0.0,0,,朴太华和美容院都互不相让
334,朴泰桓和美容院都互不相让,8,False,False,0.0,0.16666666666666666,0.6666666666666666,0.14773629864972201,-0.29248046875,0.0,0.0,0.0,0.0,0,,朴太宛和美容院都互不相让
334,朴泰桓和美容院都互不相让,9,False,False,0.0,0.16666666666666666,0.6666666666666666,0.14297061159650518,-0.293212890625,0.0,0.0,0.0,0.0,0,,朴太怀和美容院都互不相让
334,朴泰桓和美容院都互不相让,10,False,False,0.0,0.08333333333333333,0.3333333333333333,0.11119936457505956,-0.298095703125,0.0,0.0,0.0,0.0,0,,朴泰环和美容院都互不相让
334,朴泰桓和美容院都互不相让,11,False,False,0.0,0.16666666666666666,0.3333333333333333,0.10166799046862589,-0.299560546875,0.0,0.0,0.0,0.0,0,,朴太桓和美容院互不相让
334,朴泰桓和美容院都互不相让,12,False,False,0.0,0.16666666666666666,0.6666666666666666,0.061953931691818905,-0.3056640625,0.0,0.0,0.0,0.0,0,,朴太槐和美容院都互不相让
334,朴泰桓和美容院都互不相让,13,False,False,0.0,0.16666666666666666,0.6666666666666666,0.0,-0.315185546875,0.0,0.0,0.0,0.0,0,,朴太皇和美容院都互不相让
335,退役之后的高桥大辅并未远离公众视线,1,True,False,0.0,0.11764705882352941,0.75,1.0,-0.06640625,0.0,0.0,0.0,0.0,0,,退役后的高桥大谱并未远离公众视线
335,退役之后的高桥大辅并未远离公众视线,2,False,True,0.0,0.058823529411764705,0.25,0.990152193375112,-0.0677490234375,0.0,0.0,0.0,0.0,0,,退役之后的高桥大谱并未远离公众视线
335,退役之后的高桥大辅并未远离公众视线,3,False,False,0.0,0.058823529411764705,0.25,0.3437779767233662,-0.1558837890625,0.0,0.0,0.0,0.0,0,,退役之后的高桥大普并未远离公众视线
335,退役之后的高桥大辅并未远离公众视线,4,False,False,0.0,0.11764705882352941,0.75,0.3187108325872874,-0.1593017578125,0.0,0.0,0.0,0.0,0,,退役后的高桥大普并未远离公众视线
335,退役之后的高桥大辅并未远离公众视线,5,False,False,0.0,0.058823529411764705,0.25,0.19427036705461057,-0.17626953125,0.0,0.0,0.0,0.0,0,,退役之后的高桥大埔并未远离公众视线
335,退役之后的高桥大辅并未远离公众视线,6,False,False,0.0,0.11764705882352941,0.75,0.17547000895255147,-0.1788330078125,0.0,0.0,0.0,0.0,0,,退役后的高桥大埔并未远离公众视线
335,退役之后的高桥大辅并未远离公众视线,7,False,False,0.0,0.11764705882352941,0.75,0.01432408236347359,-0.2008056640625,0.0,0.0,0.0,0.0,0,,退役后的高桥大朴并未远离公众视线
335,退役之后的高桥大辅并未远离公众视线,8,False,False,0.0,0.058823529411764705,0.25,0.0,-0.2027587890625,0.0,0.0,0.0,0.0,0,,退役之后的高桥大朴并未远离公众视线
336,其首脑恩斯特布鲁菲尔是邦德的最终敌人,1,True,True,1.0,0.0,0.0,1.0,-0.025177001953125,0.0,0.0,0.0,0.0,0,,其首脑恩斯特布鲁菲尔是邦德的最终敌人
336,其首脑恩斯特布鲁菲尔是邦德的最终敌人,2,False,False,1.0,0.05555555555555555,0.0,0.1660377358490566,-0.1802978515625,0.0,0.0,0.0,0.0,0,,其首脑恩斯特布鲁非尔是邦德的最终敌人
336,其首脑恩斯特布鲁菲尔是邦德的最终敌人,3,False,False,1.0,0.05555555555555555,0.0,0.10303527481542248,-0.1920166015625,0.0,0.0,0.0,0.0,0,,其首脑恩斯特布鲁菲尔是邦德尔的最终敌人
336,其首脑恩斯特布鲁菲尔是邦德的最终敌人,4,False,False,1.0,0.05555555555555555,1.0,0.04003281378178835,-0.2037353515625,0.0,0.0,0.0,0.0,0,,其实首脑恩斯特布鲁菲尔是邦德的最终敌人
336,其首脑恩斯特布鲁菲尔是邦德的最终敌人,5,False,False,1.0,0.05555555555555555,0.0,0.0,-0.211181640625,0.0,0.0,0.0,0.0,0,,起首脑恩斯特布鲁菲尔是邦德的最终敌人
337,这个角色拥有一只白色的波斯猫作为自己的宠物,1,True,True,1.0,0.0,0.0,1.0,-0.06982421875,0.0,0.0,0.0,0.0,0,,这个角色拥有一只白色的波斯猫作为自己的宠物
337,这个角色拥有一只白色的波斯猫作为自己的宠物,2,False,False,0.0,0.19047619047619047,1.0,0.918778801843318,-0.0870361328125,0.0,0.0,0.0,0.0,0,,这个角色拥有一只白色的Puss猫作为自己的宠物
337,这个角色拥有一只白色的波斯猫作为自己的宠物,3,False,False,0.0,0.19047619047619047,1.0,0.7730414746543779,-0.117919921875,0.0,0.0,0.0,0.0,0,,这个角色拥有一只白色的puss猫作为自己的宠物
337,这个角色拥有一只白色的波斯猫作为自己的宠物,4,False,False,0.0,0.047619047619047616,0.5,0.4717741935483871,-0.1817626953125,0.0,0.0,0.0,0.0,0,,这个角色拥有一只白色的扑斯猫作为自己的宠物
337,这个角色拥有一只白色的波斯猫作为自己的宠物,5,False,False,0.0,0.09523809523809523,1.0,0.4326036866359447,-0.1900634765625,0.0,0.0,0.0,0.0,0,,这个角色拥有一只白色的泼丝猫作为自己的宠物
337,这个角色拥有一只白色的波斯猫作为自己的宠物,6,False,False,0.0,0.19047619047619047,1.0,0.3490783410138249,-0.207763671875,0.0,0.0,0.0,0.0,0,,这个角色拥有一只白色的Poos猫作为自己的宠物
337,这个角色拥有一只白色的波斯猫作为自己的宠物,7,False,False,0.0,0.047619047619047616,0.5,0.28513824884792627,-0.2213134765625,0.0,0.0,0.0,0.0,0,,这个角色拥有一只白色的普斯猫作为自己的宠物
337,这个角色拥有一只白色的波斯猫作为自己的宠物,8,False,False,0.0,0.3333333333333333,1.0,0.22926267281105991,-0.233154296875,0.0,0.0,0.0,0.0,0,,这个角色拥有一只白色的Porsche猫作为自己的宠物
337,这个角色拥有一只白色的波斯猫作为自己的宠物,9,False,False,0.0,0.23809523809523808,1.0,0.17511520737327188,-0.24462890625,0.0,0.0,0.0,0.0,0,,这个角色拥有一只白色的Puss帽作为自己的宠物
337,这个角色拥有一只白色的波斯猫作为自己的宠物,10,False,False,0.0,0.14285714285714285,1.0,0.15668202764976957,-0.24853515625,0.0,0.0,0.0,0.0,0,,这个角色拥有一只白色的PoS猫作为自己的宠物
337,这个角色拥有一只白色的波斯猫作为自己的宠物,11,False,False,0.0,0.047619047619047616,0.5,0.14400921658986174,-0.251220703125,0.0,0.0,0.0,0.0,0,,这个角色拥有一只白色的婆斯猫作为自己的宠物
337,这个角色拥有一只白色的波斯猫作为自己的宠物,12,False,False,0.0,0.38095238095238093,1.0,0.0,-0.28173828125,0.0,0.0,0.0,0.0,0,,这个角色拥有一只白色的Pussmall作为自己的宠物
338,清华附小昨迎百年校庆校长诠释成志教育理念,1,True,False,0.0,0.35,0.5,1.0,-0.2098388671875,0.0,0.0,0.0,0.0,0,,清华富小左营百年校庆校长权势城治教育理念
338,清华附小昨迎百年校庆校长诠释成志教育理念,2,False,False,0.0,0.35,0.5,0.7077534791252486,-0.227783203125,0.0,0.0,0.0,0.0,0,,清华副校则迎百年校庆校长权是诚挚教育理念
338,清华附小昨迎百年校庆校长诠释成志教育理念,3,False,False,0.0,0.25,0.25,0.6660039761431411,-0.2303466796875,0.0,0.0,0.0,0.0,0,,清华富小则迎百年校庆校长权势成治教育理念
338,清华附小昨迎百年校庆校长诠释成志教育理念,4,False,False,0.0,0.3,0.25,0.6003976143141153,-0.234375,0.0,0.0,0.0,0.0,0,,清华富小则迎百年孝庆校长权势成治教育理念
338,清华附小昨迎百年校庆校长诠释成志教育理念,5,False,False,0.0,0.25,0.5,0.5149105367793241,-0.2396240234375,0.0,0.0,0.0,0.0,0,,清华富小昨迎百年校庆校长权势城治教育理念
338,清华附小昨迎百年校庆校长诠释成志教育理念,6,False,False,0.0,0.3,0.25,0.40755467196819084,-0.2462158203125,0.0,0.0,0.0,0.0,0,,清华副校则迎百年校庆校长权势成治教育理念
338,清华附小昨迎百年校庆校长诠释成志教育理念,7,False,False,0.0,0.3,0.5,0.3379721669980119,-0.25048828125,0.0,0.0,0.0,0.0,0,,清华富小则迎百年校庆校长权势城治教育理念
338,清华附小昨迎百年校庆校长诠释成志教育理念,8,False,False,0.0,0.35,0.5,0.2147117296222664,-0.258056640625,0.0,0.0,0.0,0.0,0,,清华副校则迎百年校庆校长权势城治教育理念
338,清华附小昨迎百年校庆校长诠释成志教育理念,9,False,False,0.0,0.25,0.25,0.1709741550695825,-0.2607421875,0.0,0.0,0.0,0.0,0,,清华富小则迎百年校庆校长权势成智教育理念
338,清华附小昨迎百年校庆校长诠释成志教育理念,10,False,True,0.0,0.2,0.25,0.12326043737574553,-0.263671875,0.0,0.0,0.0,0.0,0,,清华富小昨迎百年校庆校长权势成治教育理念
338,清华附小昨迎百年校庆校长诠释成志教育理念,11,False,False,0.0,0.35,0.5,0.0,-0.271240234375,0.0,0.0,0.0,0.0,0,,清华富小则迎百年孝庆校长权势城治教育理念
339,清华附小校长窦桂海诠释成志教育理念,1,True,False,0.0,0.23529411764705882,0.75,1.0,-0.162841796875,0.0,0.0,0.0,0.0,0,,清华副校长窦桂海诠释城市教育理念
339,清华附小校长窦桂海诠释成志教育理念,2,False,False,0.0,0.23529411764705882,0.75,0.748496993987976,-0.1934814453125,0.0,0.0,0.0,0.0,0,,清华副校长窦桂海诠释诚挚教育理念
339,清华附小校长窦桂海诠释成志教育理念,3,False,False,0.0,0.17647058823529413,0.75,0.49599198396793587,-0.2242431640625,0.0,0.0,0.0,0.0,0,,清华副校长窦桂海诠释成智教育理念
339,清华附小校长窦桂海诠释成志教育理念,4,False,False,0.0,0.29411764705882354,0.75,0.4278557114228457,-0.2325439453125,0.0,0.0,0.0,0.0,0,,清华副校长窦贵海诠释城市教育理念
339,清华附小校长窦桂海诠释成志教育理念,5,False,False,0.0,0.23529411764705882,0.75,0.3897795591182365,-0.2371826171875,0.0,0.0,0.0,0.0,0,,清华副校长窦桂海诠释诚治教育理念
339,清华附小校长窦桂海诠释成志教育理念,6,False,False,0.0,0.17647058823529413,0.75,0.37074148296593185,-0.239501953125,0.0,0.0,0.0,0.0,0,,清华副校长窦桂海诠释成治教育理念
339,清华附小校长窦桂海诠释成志教育理念,7,False,False,0.0,0.17647058823529413,0.5,0.2895791583166333,-0.2493896484375,0.0,0.0,0.0,0.0,0,,清华副小校长窦桂海诠释城市教育理念
339,清华附小校长窦桂海诠释成志教育理念,8,False,False,0.0,0.29411764705882354,0.75,0.20841683366733466,-0.25927734375,0.0,0.0,0.0,0.0,0,,清华副校长窦贵海诠释诚挚教育理念
339,清华附小校长窦桂海诠释成志教育理念,9,False,False,0.0,0.23529411764705882,0.5,0.1623246492985972,-0.264892578125,0.0,0.0,0.0,0.0,0,,清华副校校长窦桂海诠释城市教育理念
339,清华附小校长窦桂海诠释成志教育理念,10,False,False,0.0,0.17647058823529413,0.5,0.11623246492985972,-0.2705078125,0.0,0.0,0.0,0.0,0,,清华副小校长窦桂海诠释诚挚教育理念
339,清华附小校长窦桂海诠释成志教育理念,11,False,False,0.0,0.29411764705882354,0.75,0.10220440881763528,-0.272216796875,0.0,0.0,0.0,0.0,0,,清华副校长豆桂海诠释城市教育理念
339,清华附小校长窦桂海诠释成志教育理念,12,False,True,1.0,0.11764705882352941,0.5,0.0,-0.28466796875,0.0,0.0,0.0,0.0,0,,清华副校长窦桂海诠释成志教育理念
340,清晨飘来辣眼白雾济南8名村民中毒入院,1,True,False,1.0,0.1111111111111111,0.0,1.0,-0.1041259765625,0.0,0.0,0.0,0.0,0,,清晨飘来蜡烟白雾济南8名村民中毒入院
340,清晨飘来辣眼白雾济南8名村民中毒入院,2,False,True,1.0,0.0,0.0,0.8095890410958904,-0.12109375,0.0,0.0,0.0,0.0,0,,清晨飘来辣眼白雾济南8名村民中毒入院
340,清晨飘来辣眼白雾济南8名村民中毒入院,3,False,False,1.0,0.05555555555555555,0.0,0.7664383561643836,-0.12493896484375,0.0,0.0,0.0,0.0,0,,清晨飘来蜡眼白雾济南8名村民中毒入院
340,清晨飘来辣眼白雾济南8名村民中毒入院,4,False,False,1.0,0.1111111111111111,0.0,0.0,-0.1932373046875,0.0,0.0,0.0,0.0,0,,清晨飘来蜡燕白雾济南8名村民中毒入院
341,记者李焜染摄13日早晨,1,True,False,0.0,0.2727272727272727,0.6666666666666666,1.0,-0.2381591796875,0.0,0.0,0.0,0.0,0,,记者李坤冉社13日早晨
341,记者李焜染摄13日早晨,2,False,False,0.0,0.2727272727272727,0.6666666666666666,0.8649544324772163,-0.258056640625,0.0,0.0,0.0,0.0,0,,记者李坤冉涉13日早晨
341,记者李焜染摄13日早晨,3,False,False,0.0,0.2727272727272727,0.6666666666666666,0.4871582435791218,-0.313720703125,0.0,0.0,0.0,0.0,0,,记者李昆然社13日早晨
341,记者李焜染摄13日早晨,4,False,False,0.0,0.2727272727272727,0.6666666666666666,0.47058823529411764,-0.316162109375,0.0,0.0,0.0,0.0,0,,记者李坤冉设13日早晨
341,记者李焜染摄13日早晨,5,False,False,0.0,0.2727272727272727,0.6666666666666666,0.424192212096106,-0.322998046875,0.0,0.0,0.0,0.0,0,,记者李昆然涉13日早晨
341,记者李焜染摄13日早晨,6,False,False,0.0,0.2727272727272727,0.6666666666666666,0.415907207953604,-0.32421875,0.0,0.0,0.0,0.0,0,,记者李坤冉说13日早晨
341,记者李焜染摄13日早晨,7,False,True,0.0,0.18181818181818182,0.3333333333333333,0.30654515327257664,-0.34033203125,0.0,0.0,0.0,0.0,0,,记者李坤染涉13日早晨
341,记者李焜染摄13日早晨,8,False,False,0.0,0.18181818181818182,0.3333333333333333,0.3015741507870754,-0.341064453125,0.0,0.0,0.0,0.0,0,,记者李昆染涉13日早晨
341,记者李焜染摄13日早晨,9,False,False,0.0,0.2727272727272727,0.6666666666666666,0.11764705882352941,-0.3681640625,0.0,0.0,0.0,0.0,0,,记者李坤然涉13日早晨
341,记者李焜染摄13日早晨,10,False,False,0.0,0.2727272727272727,0.6666666666666666,0.0,-0.385498046875,0.0,0.0,0.0,0.0,0,,记者李坤然社13日早晨
342,14日开宝马来上班重庆晨报记者罗伟雷罗伟雷键摄,1,True,False,0.3333333333333333,0.30434782608695654,0.5,1.0,-0.13916015625,0.0,0.0,0.0,0.0,0,,14日开宝宝来上班重庆晨报记者罗伟磊
342,14日开宝马来上班重庆晨报记者罗伟雷罗伟雷键摄,2,False,False,0.3333333333333333,0.2608695652173913,0.4,0.14551724137931035,-0.441650390625,0.0,0.0,0.0,0.0,0,,14日开宝宝来上班重庆晨报记者罗伟磊锣尾雷剑社
342,14日开宝马来上班重庆晨报记者罗伟雷罗伟雷键摄,3,False,True,0.3333333333333333,0.21739130434782608,0.3,0.14206896551724138,-0.44287109375,0.0,0.0,0.0,0.0,0,,14日开宝宝来上班重庆晨报记者罗伟磊楼伟雷建设
342,14日开宝马来上班重庆晨报记者罗伟雷罗伟雷键摄,4,False,False,0.3333333333333333,0.2608695652173913,0.4,0.10482758620689656,-0.4560546875,0.0,0.0,0.0,0.0,0,,14日开宝宝来上班重庆晨报记者罗伟磊锣尾雷建设
342,14日开宝马来上班重庆晨报记者罗伟雷罗伟雷键摄,5,False,False,0.3333333333333333,0.21739130434782608,0.3,0.09517241379310344,-0.45947265625,0.0,0.0,0.0,0.0,0,,14日开宝宝来上班重庆晨报记者罗伟磊楼伟雷剑社
342,14日开宝马来上班重庆晨报记者罗伟雷罗伟雷键摄,6,False,False,0.3333333333333333,0.21739130434782608,0.3,0.06689655172413793,-0.469482421875,0.0,0.0,0.0,0.0,0,,14日开宝宝来上班重庆晨报记者罗伟磊锣伟雷剑社
342,14日开宝马来上班重庆晨报记者罗伟雷罗伟雷键摄,7,False,False,0.3333333333333333,0.21739130434782608,0.3,0.0496551724137931,-0.4755859375,0.0,0.0,0.0,0.0,0,,14日开宝宝来上班重庆晨报记者罗伟磊楼伟雷建社
342,14日开宝马来上班重庆晨报记者罗伟雷罗伟雷键摄,8,False,False,0.3333333333333333,0.21739130434782608,0.3,0.01310344827586207,-0.488525390625,0.0,0.0,0.0,0.0,0,,14日开宝宝来上班重庆晨报记者罗伟磊锣伟雷建设
342,14日开宝马来上班重庆晨报记者罗伟雷罗伟雷键摄,9,False,False,0.3333333333333333,0.2608695652173913,0.4,0.0,-0.4931640625,0.0,0.0,0.0,0.0,0,,14日开宝宝来上班重庆晨报记者罗伟磊锣尾雷建社
343,制图黄欣晨报记者佟继萍王亦菲实习生张诗欢,1,True,False,0.5,0.4,0.38461538461538464,1.0,-0.2095947265625,0.0,0.0,0.0,0.0,0,,智图黄欣晨报记者童济平王也飞世袭生张诗欢
343,制图黄欣晨报记者佟继萍王亦菲实习生张诗欢,2,False,False,0.5,0.35,0.38461538461538464,0.8972162740899358,-0.2154541015625,0.0,0.0,0.0,0.0,0,,制图黄欣晨报记者童济平王也飞世袭生张诗欢
343,制图黄欣晨报记者佟继萍王亦菲实习生张诗欢,3,False,False,0.25,0.4,0.46153846153846156,0.6167023554603854,-0.2314453125,0.0,0.0,0.0,0.0,0,,制图黄欣陈报记者童济平王也飞世袭生张诗欢
343,制图黄欣晨报记者佟继萍王亦菲实习生张诗欢,4,False,False,0.25,0.45,0.46153846153846156,0.5182012847965739,-0.237060546875,0.0,0.0,0.0,0.0,0,,智图黄鑫晨报记者童济平王也飞世袭生张诗欢
343,制图黄欣晨报记者佟继萍王亦菲实习生张诗欢,5,False,False,0.5,0.4,0.38461538461538464,0.49036402569593146,-0.2386474609375,0.0,0.0,0.0,0.0,0,,志图黄欣晨报记者童济平王也飞世袭生张诗欢
343,制图黄欣晨报记者佟继萍王亦菲实习生张诗欢,6,False,False,0.5,0.4,0.38461538461538464,0.4796573875802998,-0.2392578125,0.0,0.0,0.0,0.0,0,,智图黄欣晨报记者童济平王也飞士气生张诗欢
343,制图黄欣晨报记者佟继萍王亦菲实习生张诗欢,7,False,False,0.5,0.35,0.38461538461538464,0.3511777301927195,-0.24658203125,0.0,0.0,0.0,0.0,0,,制图黄欣晨报记者童济平王也飞士气生张诗欢
343,制图黄欣晨报记者佟继萍王亦菲实习生张诗欢,8,False,False,0.25,0.4,0.46153846153846156,0.3490364025695932,-0.2467041015625,0.0,0.0,0.0,0.0,0,,制图黄鑫晨报记者童济平王也飞世袭生张诗欢
343,制图黄欣晨报记者佟继萍王亦菲实习生张诗欢,9,False,True,0.5,0.35,0.3076923076923077,0.28693790149892934,-0.250244140625,0.0,0.0,0.0,0.0,0,,智图黄欣晨报记者童季萍王也飞世袭生张诗欢
343,制图黄欣晨报记者佟继萍王亦菲实习生张诗欢,10,False,False,0.5,0.4,0.38461538461538464,0.15417558886509636,-0.2578125,0.0,0.0,0.0,0.0,0,,智图黄欣晨报记者童济平王冶飞世袭生张诗欢
343,制图黄欣晨报记者佟继萍王亦菲实习生张诗欢,11,False,False,0.5,0.3,0.38461538461538464,0.11563169164882227,-0.260009765625,0.0,0.0,0.0,0.0,0,,制图黄欣晨报记者童济平王也飞施习生张诗欢
343,制图黄欣晨报记者佟继萍王亦菲实习生张诗欢,12,False,False,0.5,0.35,0.38461538461538464,0.10706638115631692,-0.260498046875,0.0,0.0,0.0,0.0,0,,智图黄欣晨报记者童济平王也飞施习生张诗欢
343,制图黄欣晨报记者佟继萍王亦菲实习生张诗欢,13,False,False,0.25,0.45,0.46153846153846156,0.0728051391862955,-0.262451171875,0.0,0.0,0.0,0.0,0,,智图黄欣晨报记者童济平王也飞世袭生张诗辉
343,制图黄欣晨报记者佟继萍王亦菲实习生张诗欢,14,False,False,0.25,0.4,0.46153846153846156,0.0,-0.2666015625,0.0,0.0,0.0,0.0,0,,制图黄欣晨报记者童济平王也飞世袭生张诗辉
344,据伟嘉安捷提供的数据显示,1,True,False,0.0,0.25,0.75,1.0,-0.15673828125,0.0,0.0,0.0,0.0,0,,据韦迦安杰提供的数据显示
344,据伟嘉安捷提供的数据显示,2,False,False,0.0,0.25,0.75,0.6616161616161617,-0.1812744140625,0.0,0.0,0.0,0.0,0,,据韦家安杰提供的数据显示
344,据伟嘉安捷提供的数据显示,3,False,True,0.0,0.08333333333333333,0.25,0.6346801346801347,-0.1832275390625,0.0,0.0,0.0,0.0,0,,据伟嘉安杰提供的数据显示
344,据伟嘉安捷提供的数据显示,4,False,False,0.0,0.25,0.75,0.6094276094276094,-0.18505859375,0.0,0.0,0.0,0.0,0,,据韦加安杰提供的数据显示
344,据伟嘉安捷提供的数据显示,5,False,False,0.0,0.16666666666666666,0.5,0.5723905723905723,-0.187744140625,0.0,0.0,0.0,0.0,0,,据韦加安捷提供的数据显示
344,据伟嘉安捷提供的数据显示,6,False,False,0.0,0.16666666666666666,0.5,0.49326599326599324,-0.1934814453125,0.0,0.0,0.0,0.0,0,,据韦迦安捷提供的数据显示
344,据伟嘉安捷提供的数据显示,7,False,False,0.0,0.16666666666666666,0.5,0.48653198653198654,-0.1939697265625,0.0,0.0,0.0,0.0,0,,据维加安捷提供的数据显示
344,据伟嘉安捷提供的数据显示,8,False,False,0.0,0.25,0.75,0.35353535353535354,-0.20361328125,0.0,0.0,0.0,0.0,0,,据韦家安洁提供的数据显示
344,据伟嘉安捷提供的数据显示,9,False,False,0.0,0.25,0.75,0.31986531986531985,-0.2060546875,0.0,0.0,0.0,0.0,0,,据维加安洁提供的数据显示
344,据伟嘉安捷提供的数据显示,10,False,False,0.0,0.16666666666666666,0.5,0.2777777777777778,-0.2091064453125,0.0,0.0,0.0,0.0,0,,据韦家安捷提供的数据显示
344,据伟嘉安捷提供的数据显示,11,False,False,0.0,0.16666666666666666,0.5,0.12121212121212122,-0.220458984375,0.0,0.0,0.0,0.0,0,,据伟家安洁提供的数据显示
344,据伟嘉安捷提供的数据显示,12,False,False,0.0,0.25,0.75,0.11952861952861953,-0.2205810546875,0.0,0.0,0.0,0.0,0,,据委家安洁提供的数据显示
344,据伟嘉安捷提供的数据显示,13,False,False,0.0,0.25,0.75,0.0,-0.229248046875,0.0,0.0,0.0,0.0,0,,据韦伽安杰提供的数据显示
345,伟嘉安捷对中新网房产频道表示,1,True,False,0.0,0.35714285714285715,0.75,1.0,-0.2156982421875,0.0,0.0,0.0,0.0,0,,伟佳按揭队中心网房产频道表示
345,伟嘉安捷对中新网房产频道表示,2,False,False,0.0,0.2857142857142857,0.5,0.9680284191829485,-0.2178955078125,0.0,0.0,0.0,0.0,0,,伟佳按捷队中心网房产频道表示
345,伟嘉安捷对中新网房产频道表示,3,False,False,0.0,0.2857142857142857,0.75,0.5861456483126111,-0.244140625,0.0,0.0,0.0,0.0,0,,伟佳按揭对中心网房产频道表示
345,伟嘉安捷对中新网房产频道表示,4,False,False,0.0,0.2857142857142857,0.75,0.3765541740674956,-0.258544921875,0.0,0.0,0.0,0.0,0,,伟佳按揭对中兴网房产频道表示
345,伟嘉安捷对中新网房产频道表示,5,False,False,0.0,0.21428571428571427,0.5,0.31261101243339257,-0.262939453125,0.0,0.0,0.0,0.0,0,,伟佳按捷对中心网房产频道表示
345,伟嘉安捷对中新网房产频道表示,6,False,False,0.0,0.2857142857142857,0.5,0.1705150976909414,-0.272705078125,0.0,0.0,0.0,0.0,0,,伟家按捷队中心网房产频道表示
345,伟嘉安捷对中新网房产频道表示,7,False,False,0.0,0.21428571428571427,0.5,0.056838365896980464,-0.280517578125,0.0,0.0,0.0,0.0,0,,伟家按捷对中心网房产频道表示
345,伟嘉安捷对中新网房产频道表示,8,False,True,0.0,0.21428571428571427,0.25,0.0,-0.284423828125,0.0,0.0,0.0,0.0,0,,伟嘉按捷队中心网房产频道表示
346,推动苹果柑橘等优势园艺产品生产,1,True,False,1.0,0.13333333333333333,0.0,1.0,-0.048583984375,0.0,0.0,0.0,0.0,0,,推动苹果柑橘等优势原液产品生产
346,推动苹果柑橘等优势园艺产品生产,2,False,False,1.0,0.26666666666666666,0.0,0.4945054945054945,-0.12158203125,0.0,0.0,0.0,0.0,0,,推动苹果干局等优势原液产品生产
346,推动苹果柑橘等优势园艺产品生产,3,False,False,1.0,0.26666666666666666,0.0,0.43871513102282333,-0.129638671875,0.0,0.0,0.0,0.0,0,,推动苹果杆菊等优势原液产品生产
346,推动苹果柑橘等优势园艺产品生产,4,False,False,1.0,0.13333333333333333,0.0,0.21048182586644126,-0.16259765625,0.0,0.0,0.0,0.0,0,,推动苹果柑橘等优势原意产品生产
346,推动苹果柑橘等优势园艺产品生产,5,False,True,1.0,0.0,0.0,0.11918850380388842,-0.17578125,0.0,0.0,0.0,0.0,0,,推动苹果柑橘等优势园艺产品生产
346,推动苹果柑橘等优势园艺产品生产,6,False,False,1.0,0.26666666666666666,0.0,0.01944209636517329,-0.190185546875,0.0,0.0,0.0,0.0,0,,推动苹果甘菊等优势原液产品生产
346,推动苹果柑橘等优势园艺产品生产,7,False,False,1.0,0.13333333333333333,0.0,0.0,-0.1929931640625,0.0,0.0,0.0,0.0,0,,推动苹果柑橘等优势原益产品生产
347,苹果的股价有一定的波动规律,1,True,True,1.0,0.0,0.0,1.0,-0.00853729248046875,0.0,0.0,0.0,0.0,0,,苹果的股价有一定的波动规律
347,苹果的股价有一定的波动规律,2,False,False,1.0,0.15384615384615385,0.0,0.3765909408779396,-0.24658203125,0.0,0.0,0.0,0.0,0,,苹果的骨架有一定的波动规律
347,苹果的股价有一定的波动规律,3,False,False,1.0,0.07692307692307693,0.0,0.31840796019900497,-0.268798828125,0.0,0.0,0.0,0.0,0,,苹果的股价有一定的波动规例
347,苹果的股价有一定的波动规律,4,False,False,1.0,0.07692307692307693,0.0,0.18030330276329198,-0.321533203125,0.0,0.0,0.0,0.0,0,,苹果的股价有一定的拨动规律
347,苹果的股价有一定的波动规律,5,False,False,1.0,0.15384615384615385,0.5,0.1189234550140862,-0.344970703125,0.0,0.0,0.0,0.0,0,,如果苹果的股价有一定的波动规律
347,苹果的股价有一定的波动规律,6,False,False,1.0,0.07692307692307693,0.0,0.1163659613578693,-0.345947265625,0.0,0.0,0.0,0.0,0,,苹果的股价有一定波动规律
347,苹果的股价有一定的波动规律,7,False,False,1.0,0.15384615384615385,1.0,0.0927091450378629,-0.35498046875,0.0,0.0,0.0,0.0,0,,因为苹果的股价有一定的波动规律
347,苹果的股价有一定的波动规律,8,False,False,1.0,0.15384615384615385,0.0,0.07160982237407341,-0.363037109375,0.0,0.0,0.0,0.0,0,,苹果的股价有一定波动的规律
347,苹果的股价有一定的波动规律,9,False,False,1.0,0.07692307692307693,0.0,0.013426841695138764,-0.38525390625,0.0,0.0,0.0,0.0,0,,苹果股价有一定的波动规律
347,苹果的股价有一定的波动规律,10,False,False,1.0,0.15384615384615385,0.0,0.004475613898379588,-0.388671875,0.0,0.0,0.0,0.0,0,,苹果的股价有一定的波动瑰丽
347,苹果的股价有一定的波动规律,11,False,False,1.0,0.15384615384615385,1.0,0.0,-0.390380859375,0.0,0.0,0.0,0.0,0,,就是苹果的股价有一定的波动规律
348,孙永杰对二十一世纪报道记者表示,1,True,False,1.0,0.2,0.0,1.0,-0.0782470703125,0.0,0.0,0.0,0.0,0,,孙永杰对21世纪报道记者表示
348,孙永杰对二十一世纪报道记者表示,2,False,False,0.0,0.26666666666666666,0.3333333333333333,0.6322701688555347,-0.1500244140625,0.0,0.0,0.0,0.0,0,,孙永洁对21世纪报道记者表示
348,孙永杰对二十一世纪报道记者表示,3,False,False,1.0,0.26666666666666666,0.0,0.5272045028142589,-0.1705322265625,0.0,0.0,0.0,0.0,0,,孙永杰对21世纪报导记者表示
348,孙永杰对二十一世纪报道记者表示,4,False,False,0.0,0.26666666666666666,0.3333333333333333,0.5078173858661663,-0.17431640625,0.0,0.0,0.0,0.0,0,,孙颖杰对21世纪报道记者表示
348,孙永杰对二十一世纪报道记者表示,5,False,True,1.0,0.0,0.0,0.4146341463414634,-0.1925048828125,0.0,0.0,0.0,0.0,0,,孙永杰对二十一世纪报道记者表示
348,孙永杰对二十一世纪报道记者表示,6,False,False,0.0,0.3333333333333333,0.3333333333333333,0.257661038148843,-0.22314453125,0.0,0.0,0.0,0.0,0,,孙永洁对21世纪报导记者表示
348,孙永杰对二十一世纪报道记者表示,7,False,False,0.0,0.3333333333333333,0.3333333333333333,0.1344590368980613,-0.2471923828125,0.0,0.0,0.0,0.0,0,,孙颖杰对21世纪报导记者表示
348,孙永杰对二十一世纪报道记者表示,8,False,False,0.0,0.06666666666666667,0.3333333333333333,0.058786741713570984,-0.261962890625,0.0,0.0,0.0,0.0,0,,孙永洁对二十一世纪报道记者表示
348,孙永杰对二十一世纪报道记者表示,9,False,False,0.0,0.06666666666666667,0.3333333333333333,0.013758599124452783,-0.270751953125,0.0,0.0,0.0,0.0,0,,孙颖杰对二十一世纪报道记者表示
348,孙永杰对二十一世纪报道记者表示,10,False,False,1.0,0.06666666666666667,0.0,0.0,-0.2734375,0.0,0.0,0.0,0.0,0,,孙永杰对二十一世纪报导记者表示
349,苹果的股价会随着销量相反,1,True,True,1.0,0.0,0.0,1.0,-0.00801849365234375,0.0,0.0,0.0,0.0,0,,苹果的股价会随着销量相反
349,苹果的股价会随着销量相反,2,False,False,1.0,0.08333333333333333,0.0,0.4993454628241856,-0.2093505859375,0.0,0.0,0.0,0.0,0,,苹果的股价会随着销量向反
349,苹果的股价会随着销量相反,3,False,False,1.0,0.08333333333333333,0.0,0.2950539756018896,-0.29150390625,0.0,0.0,0.0,0.0,0,,苹果股价会随着销量相反
349,苹果的股价会随着销量相反,4,False,False,1.0,0.16666666666666666,0.0,0.23616460187064828,-0.315185546875,0.0,0.0,0.0,0.0,0,,苹果的骨架会随着销量相反
349,苹果的股价会随着销量相反,5,False,False,1.0,0.08333333333333333,0.0,0.21188032404333226,-0.324951171875,0.0,0.0,0.0,0.0,0,,苹果的股价会随著销量相反
349,苹果的股价会随着销量相反,6,False,False,1.0,0.08333333333333333,0.0,0.09349446963516667,-0.37255859375,0.0,0.0,0.0,0.0,0,,苹果的股价会随着销量相返
349,苹果的股价会随着销量相反,7,False,False,1.0,0.16666666666666666,0.0,0.03399798895824242,-0.396484375,0.0,0.0,0.0,0.0,0,,苹果的股价会随着销量向返
349,苹果的股价会随着销量相反,8,False,False,1.0,0.08333333333333333,0.0,0.03339088201255953,-0.396728515625,0.0,0.0,0.0,0.0,0,,苹果的股价随着销量相反
349,苹果的股价会随着销量相反,9,False,False,1.0,0.16666666666666666,0.0,0.0,-0.41015625,0.0,0.0,0.0,0.0,0,,苹果股价会随着销量向反
350,苹果在2014年营收为22200000000美元,1,True,True,1.0,0.0,0.0,1.0,-0.0181732177734375,0.0,0.0,0.0,0.0,0,,苹果在2014年营收为22200000000美元
350,苹果在2014年营收为22200000000美元,2,False,False,1.0,0.041666666666666664,0.0,0.32350123531487923,-0.222900390625,0.0,0.0,0.0,0.0,0,,苹果在2014年营收22200000000美元
350,苹果在2014年营收为22200000000美元,3,False,False,1.0,0.08333333333333333,0.0,0.0,-0.32080078125,0.0,0.0,0.0,0.0,0,,苹果2014年营收22200000000美元
351,苹果高端市场已经确立了1个独一无二的地位,1,True,True,1.0,0.0,0.0,1.0,-0.005527496337890625,0.0,0.0,0.0,0.0,0,,苹果高端市场已经确立了1个独一无二的地位
351,苹果高端市场已经确立了1个独一无二的地位,2,False,False,1.0,0.05,0.0,0.2543335803437804,-0.2012939453125,0.0,0.0,0.0,0.0,0,,苹果高端市场已经确立1个独一无二的地位
351,苹果高端市场已经确立了1个独一无二的地位,3,False,False,1.0,0.1,0.0,0.19621347514639,-0.216552734375,0.0,0.0,0.0,0.0,0,,苹果高端市场已经确立了独一无二的地位
351,苹果高端市场已经确立了1个独一无二的地位,4,False,False,1.0,0.05,0.0,0.1260043880679424,-0.2349853515625,0.0,0.0,0.0,0.0,0,,苹果高端市场已经确立了1个独一无二地位
351,苹果高端市场已经确立了1个独一无二的地位,5,False,False,1.0,0.05,0.0,0.0,-0.26806640625,0.0,0.0,0.0,0.0,0,,苹果高端市场已确立了1个独一无二的地位
353,苹果在高端市场击溃了对手,1,True,True,1.0,0.0,0.0,1.0,-0.004062652587890625,0.0,0.0,0.0,0.0,0,,苹果在高端市场击溃了对手
353,苹果在高端市场击溃了对手,2,False,False,1.0,0.08333333333333333,0.0,0.0,-0.32177734375,0.0,0.0,0.0,0.0,0,,苹果在高端市场击溃对手
354,而这对于未来苹果保持高利润和利润率至关重要,1,True,False,1.0,0.14285714285714285,1.0,1.0,-0.349853515625,0.0,0.0,0.0,0.0,0,,而这对未来苹果保持高利润和利益润利至关重要
354,而这对于未来苹果保持高利润和利润率至关重要,2,False,True,1.0,0.047619047619047616,1.0,0.9301587301587302,-0.355224609375,0.0,0.0,0.0,0.0,0,,而这对未来苹果保持高利润和利润率至关重要
354,而这对于未来苹果保持高利润和利润率至关重要,3,False,False,1.0,0.09523809523809523,1.0,0.9174603174603174,-0.356201171875,0.0,0.0,0.0,0.0,0,,而这对未来苹果保持高利率和利润率至关重要
354,而这对于未来苹果保持高利润和利润率至关重要,4,False,False,1.0,0.19047619047619047,1.0,0.47619047619047616,-0.39013671875,0.0,0.0,0.0,0.0,0,,而这对未来苹果保持高利润利益至关重要
354,而这对于未来苹果保持高利润和利润率至关重要,5,False,False,1.0,0.14285714285714285,1.0,0.4444444444444444,-0.392578125,0.0,0.0,0.0,0.0,0,,而这对未来苹果保持高利润和利益润滤至关重要
354,而这对于未来苹果保持高利润和利润率至关重要,6,False,False,1.0,0.19047619047619047,1.0,0.32063492063492066,-0.402099609375,0.0,0.0,0.0,0.0,0,,而这对未来苹果保持高利润和利益韧励至关重要
354,而这对于未来苹果保持高利润和利润率至关重要,7,False,False,1.0,0.19047619047619047,1.0,0.1111111111111111,-0.418212890625,0.0,0.0,0.0,0.0,0,,而这对未来苹果保持高利润和利益运利至关重要
354,而这对于未来苹果保持高利润和利润率至关重要,8,False,False,1.0,0.19047619047619047,1.0,0.0,-0.4267578125,0.0,0.0,0.0,0.0,0,,而这对未来苹果保持高利润和利益韧势至关重要
355,这对苹果是1个利好,1,True,True,1.0,0.0,0.0,1.0,-0.023223876953125,0.0,0.0,0.0,0.0,0,,这对苹果是1个利好
355,这对苹果是1个利好,2,False,False,1.0,0.1111111111111111,0.0,0.32156749747874946,-0.454345703125,0.0,0.0,0.0,0.0,0,,这对苹果是1个例好
355,这对苹果是1个利好,3,False,False,1.0,0.1111111111111111,0.0,0.21207318830139749,-0.52392578125,0.0,0.0,0.0,0.0,0,,这对苹果是个利好
355,这对苹果是1个利好,4,False,False,1.0,0.1111111111111111,0.0,0.059933727128655814,-0.62060546875,0.0,0.0,0.0,0.0,0,,这对苹果是1个力好
355,这对苹果是1个利好,5,False,False,1.0,0.2222222222222222,0.0,0.02766172021322576,-0.64111328125,0.0,0.0,0.0,0.0,0,,这对苹果是1个例号
355,这对苹果是1个利好,6,False,False,1.0,0.1111111111111111,0.0,0.0,-0.65869140625,0.0,0.0,0.0,0.0,0,,这对苹果市1个利好
356,苹果已然可以单点突破,1,True,True,1.0,0.1,0.0,1.0,-0.0421142578125,0.0,0.0,0.0,0.0,0,,苹果依然可以单点突破
356,苹果已然可以单点突破,2,False,False,1.0,0.2,0.0,0.31843393148450244,-0.297119140625,0.0,0.0,0.0,0.0,0,,苹果依然可以淡点突破
356,苹果已然可以单点突破,3,False,False,1.0,0.2,0.0,0.03262642740619902,-0.404052734375,0.0,0.0,0.0,0.0,0,,苹果依然可以但点突破
356,苹果已然可以单点突破,4,False,False,1.0,0.1,0.0,0.0,-0.416259765625,0.0,0.0,0.0,0.0,0,,苹果仍然可以单点突破
358,称高桥大辅可能在一段时间里出柜,1,True,False,0.0,0.13333333333333333,0.75,1.0,-0.10784912109375,0.0,0.0,0.0,0.0,0,,高桥大府可能在一段时间里出柜
358,称高桥大辅可能在一段时间里出柜,2,False,False,0.0,0.2,0.75,0.7374209513335166,-0.1661376953125,0.0,0.0,0.0,0.0,0,,高桥大府可能在一段时间里出轨
358,称高桥大辅可能在一段时间里出柜,3,False,True,1.0,0.06666666666666667,0.5,0.5960956832554303,-0.197509765625,0.0,0.0,0.0,0.0,0,,高桥大辅可能在一段时间里出柜
358,称高桥大辅可能在一段时间里出柜,4,False,False,1.0,0.13333333333333333,0.5,0.4844652185867473,-0.2222900390625,0.0,0.0,0.0,0.0,0,,高桥大辅可能在一段时间里出轨
358,称高桥大辅可能在一段时间里出柜,5,False,False,0.0,0.13333333333333333,0.75,0.2826505361561727,-0.26708984375,0.0,0.0,0.0,0.0,0,,高桥大斧可能在一段时间里出柜
358,称高桥大辅可能在一段时间里出柜,6,False,False,0.0,0.13333333333333333,0.75,0.13637613417651911,-0.299560546875,0.0,0.0,0.0,0.0,0,,高桥大幅可能在一段时间里出柜
358,称高桥大辅可能在一段时间里出柜,7,False,False,0.0,0.2,0.75,0.12537805883970304,-0.302001953125,0.0,0.0,0.0,0.0,0,,高桥大幅可能在一段时间里出轨
358,称高桥大辅可能在一段时间里出柜,8,False,False,0.0,0.2,0.75,0.029694803409403354,-0.3232421875,0.0,0.0,0.0,0.0,0,,高桥大甫可能在一段时间里出轨
358,称高桥大辅可能在一段时间里出柜,9,False,False,0.0,0.2,0.75,0.0,-0.329833984375,0.0,0.0,0.0,0.0,0,,高桥大斧可能在一段时间里出轨
359,高桥大辅堪称日本花样滑冰男单领域的领军人物,1,True,False,0.0,0.23809523809523808,0.25,1.0,-0.069091796875,0.0,0.0,0.0,0.0,0,,高桥大府堪称日本花样华兵南丹领域的领军人物
359,高桥大辅堪称日本花样滑冰男单领域的领军人物,2,False,False,0.0,0.19047619047619047,0.25,0.6958083832335329,-0.10009765625,0.0,0.0,0.0,0.0,0,,高桥大府堪称日本花样华兵南单领域的领军人物
359,高桥大辅堪称日本花样滑冰男单领域的领军人物,3,False,False,1.0,0.19047619047619047,0.0,0.6215568862275449,-0.107666015625,0.0,0.0,0.0,0.0,0,,高桥大辅堪称日本花样华兵南丹领域的领军人物
359,高桥大辅堪称日本花样滑冰男单领域的领军人物,4,False,False,0.0,0.047619047619047616,0.25,0.4359281437125748,-0.1265869140625,0.0,0.0,0.0,0.0,0,,高桥大府堪称日本花样滑冰男单领域的领军人物
359,高桥大辅堪称日本花样滑冰男单领域的领军人物,5,False,False,1.0,0.14285714285714285,0.0,0.3532934131736527,-0.135009765625,0.0,0.0,0.0,0.0,0,,高桥大辅堪称日本花样华兵南单领域的领军人物
359,高桥大辅堪称日本花样滑冰男单领域的领军人物,6,False,False,0.0,0.23809523809523808,0.25,0.318562874251497,-0.1385498046875,0.0,0.0,0.0,0.0,0,,高桥大夫堪称日本花样华兵南丹领域的领军人物
359,高桥大辅堪称日本花样滑冰男单领域的领军人物,7,False,False,0.0,0.2857142857142857,0.25,0.31017964071856285,-0.139404296875,0.0,0.0,0.0,0.0,0,,高桥大府堪称日本花样华兵南丹岭域的领军人物
359,高桥大辅堪称日本花样滑冰男单领域的领军人物,8,False,True,1.0,0.0,0.0,0.25868263473053893,-0.1446533203125,0.0,0.0,0.0,0.0,0,,高桥大辅堪称日本花样滑冰男单领域的领军人物
359,高桥大辅堪称日本花样滑冰男单领域的领军人物,9,False,False,0.0,0.14285714285714285,0.25,0.12455089820359282,-0.1583251953125,0.0,0.0,0.0,0.0,0,,高桥大府堪称日本花样华兵男单领域的领军人物
359,高桥大辅堪称日本花样滑冰男单领域的领军人物,10,False,False,0.0,0.19047619047619047,0.25,0.037125748502994015,-0.167236328125,0.0,0.0,0.0,0.0,0,,高桥大府堪称日本花样华兵团单领域的领军人物
359,高桥大辅堪称日本花样滑冰男单领域的领军人物,11,False,False,0.0,0.09523809523809523,0.25,0.031137724550898204,-0.1678466796875,0.0,0.0,0.0,0.0,0,,高桥大府堪称日本花样滑冰男丹领域的领军人物
359,高桥大辅堪称日本花样滑冰男单领域的领军人物,12,False,False,0.0,0.23809523809523808,0.25,0.0,-0.1710205078125,0.0,0.0,0.0,0.0,0,,高桥大甫堪称日本花样华兵南丹领域的领军人物
360,高桥大辅丝毫不加掩饰,1,True,True,0.0,0.1,0.2222222222222222,1.0,-0.09423828125,0.0,0.0,0.0,0.0,0,,高桥大副丝毫不加掩饰
360,高桥大辅丝毫不加掩饰,2,False,False,0.0,0.1,0.2222222222222222,0.8234916559691913,-0.1278076171875,0.0,0.0,0.0,0.0,0,,高桥大夫丝毫不加掩饰
360,高桥大辅丝毫不加掩饰,3,False,False,0.0,0.1,0.2222222222222222,0.8177150192554558,-0.12890625,0.0,0.0,0.0,0.0,0,,高桥大富丝毫不加掩饰
360,高桥大辅丝毫不加掩饰,4,False,False,0.0,0.1,0.2222222222222222,0.4088575096277279,-0.2066650390625,0.0,0.0,0.0,0.0,0,,高桥大傅丝毫不加掩饰
360,高桥大辅丝毫不加掩饰,5,False,False,0.0,0.1,0.2222222222222222,0.28369704749679076,-0.23046875,0.0,0.0,0.0,0.0,0,,高桥大父丝毫不加掩饰
360,高桥大辅丝毫不加掩饰,6,False,False,0.0,0.1,0.2222222222222222,0.22015404364569963,-0.2425537109375,0.0,0.0,0.0,0.0,0,,高桥大赋丝毫不加掩饰
360,高桥大辅丝毫不加掩饰,7,False,False,0.0,0.2,0.4444444444444444,0.14249037227214378,-0.25732421875,0.0,0.0,0.0,0.0,0,,高潮大副丝毫不加掩饰
360,高桥大辅丝毫不加掩饰,8,False,False,0.0,0.1,0.2222222222222222,0.11296534017971759,-0.262939453125,0.0,0.0,0.0,0.0,0,,高桥大妇丝毫不加掩饰
360,高桥大辅丝毫不加掩饰,9,False,False,0.0,0.2,0.4444444444444444,0.008985879332477536,-0.28271484375,0.0,0.0,0.0,0.0,0,,高潮大富丝毫不加掩饰
360,高桥大辅丝毫不加掩饰,10,False,False,0.0,0.1,0.2222222222222222,0.0,-0.284423828125,0.0,0.0,0.0,0.0,0,,高桥大户丝毫不加掩饰
361,高桥大辅则是噘着嘴做出索吻的动作,1,True,False,0.0,0.25,0.25,1.0,-0.109375,0.0,0.0,0.0,0.0,0,,高桥大副则是撅着嘴做出锁稳的动作
361,高桥大辅则是噘着嘴做出索吻的动作,2,False,False,0.0,0.25,0.25,0.8910579345088161,-0.11993408203125,0.0,0.0,0.0,0.0,0,,高桥大富则是撅着嘴做出锁稳的动作
361,高桥大辅则是噘着嘴做出索吻的动作,3,False,False,0.0,0.25,0.25,0.44836272040302266,-0.162841796875,0.0,0.0,0.0,0.0,0,,高桥大赋则是撅着嘴做出锁稳的动作
361,高桥大辅则是噘着嘴做出索吻的动作,4,False,False,0.0,0.25,0.25,0.3790931989924433,-0.1695556640625,0.0,0.0,0.0,0.0,0,,高桥大妇则是撅着嘴做出锁稳的动作
361,高桥大辅则是噘着嘴做出索吻的动作,5,False,False,0.0,0.1875,0.25,0.34760705289672544,-0.172607421875,0.0,0.0,0.0,0.0,0,,高桥大副则是撅着嘴做出锁吻的动作
361,高桥大辅则是噘着嘴做出索吻的动作,6,False,False,0.0,0.25,0.25,0.3060453400503778,-0.1766357421875,0.0,0.0,0.0,0.0,0,,高桥大夫则是撅着嘴做出锁稳的动作
361,高桥大辅则是噘着嘴做出索吻的动作,7,False,True,0.0,0.125,0.25,0.3022670025188917,-0.177001953125,0.0,0.0,0.0,0.0,0,,高桥大副则是撅着嘴做出索吻的动作
361,高桥大辅则是噘着嘴做出索吻的动作,8,False,False,0.0,0.1875,0.25,0.2682619647355164,-0.1802978515625,0.0,0.0,0.0,0.0,0,,高桥大富则是撅着嘴做出锁吻的动作
361,高桥大辅则是噘着嘴做出索吻的动作,9,False,False,0.0,0.1875,0.25,0.17506297229219145,-0.1893310546875,0.0,0.0,0.0,0.0,0,,高桥大妇则是撅着嘴做出锁吻的动作
361,高桥大辅则是噘着嘴做出索吻的动作,10,False,False,0.0,0.125,0.25,0.10075566750629723,-0.196533203125,0.0,0.0,0.0,0.0,0,,高桥大富则是撅着嘴做出索吻的动作
361,高桥大辅则是噘着嘴做出索吻的动作,11,False,False,0.0,0.1875,0.25,0.05667506297229219,-0.2008056640625,0.0,0.0,0.0,0.0,0,,高桥大夫则是撅着嘴做出锁吻的动作
361,高桥大辅则是噘着嘴做出索吻的动作,12,False,False,0.0,0.25,0.25,0.02392947103274559,-0.2039794921875,0.0,0.0,0.0,0.0,0,,高桥大傅则是撅着嘴做出锁稳的动作
361,高桥大辅则是噘着嘴做出索吻的动作,13,False,False,0.0,0.25,0.25,0.0,-0.206298828125,0.0,0.0,0.0,0.0,0,,高桥大父则是撅着嘴做出锁稳的动作
362,而对于他的好友小林尊,1,True,True,1.0,0.0,0.0,1.0,-0.042510986328125,0.0,0.0,0.0,0.0,0,,而对于他的好友小林尊
362,而对于他的好友小林尊,2,False,False,1.0,0.1,0.0,0.667596241285238,-0.2098388671875,0.0,0.0,0.0,0.0,0,,而对于她的好友小林尊
362,而对于他的好友小林尊,3,False,False,0.0,0.1,0.3333333333333333,0.2080630494089118,-0.441162109375,0.0,0.0,0.0,0.0,0,,而对于他的好友小灵尊
362,而对于他的好友小林尊,4,False,False,1.0,0.1,0.3333333333333333,0.11785389511973325,-0.486572265625,0.0,0.0,0.0,0.0,0,,而对他的好友小林尊
362,而对于他的好友小林尊,5,False,False,1.0,0.1,0.0,0.05916944528645044,-0.51611328125,0.0,0.0,0.0,0.0,0,,而对于它的好友小林尊
362,而对于他的好友小林尊,6,False,False,0.0,0.2,0.6666666666666666,0.05916944528645044,-0.51611328125,0.0,0.0,0.0,0.0,0,,而对于他的好友晓琳尊
362,而对于他的好友小林尊,7,False,False,1.0,0.1,0.0,0.05140951803576842,-0.52001953125,0.0,0.0,0.0,0.0,0,,而对于他的好友小林尊呢
362,而对于他的好友小林尊,8,False,False,0.0,0.1,0.3333333333333333,0.0,-0.5458984375,0.0,0.0,0.0,0.0,0,,而对于他的好友晓林尊
363,高桥大辅因为其比赛风格的妖娆多变,1,True,True,1.0,0.0,0.0,1.0,-0.1434326171875,0.0,0.0,0.0,0.0,0,,高桥大辅因为其比赛风格的妖娆多变
363,高桥大辅因为其比赛风格的妖娆多变,2,False,False,0.0,0.0625,0.25,0.8280123583934088,-0.163818359375,0.0,0.0,0.0,0.0,0,,高桥大府因为其比赛风格的妖娆多变
363,高桥大辅因为其比赛风格的妖娆多变,3,False,False,1.0,0.125,0.0,0.4881565396498455,-0.2041015625,0.0,0.0,0.0,0.0,0,,高桥大辅因为其比赛风格的要饶多变
363,高桥大辅因为其比赛风格的妖娆多变,4,False,False,1.0,0.1875,0.0,0.4160659114315139,-0.212646484375,0.0,0.0,0.0,0.0,0,,高桥大辅因为其比赛风格的要饶多遍
363,高桥大辅因为其比赛风格的妖娆多变,5,False,False,0.0,0.1875,0.25,0.41091658084449023,-0.2132568359375,0.0,0.0,0.0,0.0,0,,高桥大府因为其比赛风格的要饶多变
363,高桥大辅因为其比赛风格的妖娆多变,6,False,False,1.0,0.1875,0.0,0.36251287332646753,-0.218994140625,0.0,0.0,0.0,0.0,0,,高桥大辅因为其比赛风格的要饶多便
363,高桥大辅因为其比赛风格的妖娆多变,7,False,False,1.0,0.125,0.0,0.3408856848609681,-0.2215576171875,0.0,0.0,0.0,0.0,0,,高桥大辅因为其比赛风格的摇摇多变
363,高桥大辅因为其比赛风格的妖娆多变,8,False,False,0.0,0.25,0.25,0.3192584963954686,-0.22412109375,0.0,0.0,0.0,0.0,0,,高桥大府因为其比赛风格的要饶多便
363,高桥大辅因为其比赛风格的妖娆多变,9,False,False,0.0,0.1875,0.25,0.24098867147270855,-0.2333984375,0.0,0.0,0.0,0.0,0,,高桥大府因为其比赛风格的摇摇多变
363,高桥大辅因为其比赛风格的妖娆多变,10,False,False,0.0,0.25,0.25,0.22451081359423275,-0.2353515625,0.0,0.0,0.0,0.0,0,,高桥大府因为其比赛风格的要饶多遍
363,高桥大辅因为其比赛风格的妖娆多变,11,False,False,1.0,0.125,0.0,0.14212152420185376,-0.2451171875,0.0,0.0,0.0,0.0,0,,高桥大辅因为其比赛风格的夭壤多变
363,高桥大辅因为其比赛风格的妖娆多变,12,False,False,0.0,0.0625,0.25,0.13388259526261587,-0.24609375,0.0,0.0,0.0,0.0,0,,高桥大幅因为其比赛风格的妖娆多变
363,高桥大辅因为其比赛风格的妖娆多变,13,False,False,1.0,0.125,0.0,0.11946446961894953,-0.247802734375,0.0,0.0,0.0,0.0,0,,高桥大辅因为其比赛风格的邀饶多变
363,高桥大辅因为其比赛风格的妖娆多变,14,False,False,0.0,0.1875,0.25,0.03913491246138002,-0.25732421875,0.0,0.0,0.0,0.0,0,,高桥大府因为其比赛风格的夭壤多变
363,高桥大辅因为其比赛风格的妖娆多变,15,False,False,0.0,0.1875,0.25,0.03913491246138002,-0.25732421875,0.0,0.0,0.0,0.0,0,,高桥大府因为其比赛风格的邀饶多变
363,高桥大辅因为其比赛风格的妖娆多变,16,False,False,0.0,0.0625,0.25,0.0,-0.261962890625,0.0,0.0,0.0,0.0,0,,高桥大斧因为其比赛风格的妖娆多变
364,退役前高桥大辅曾与花滑女神浅田真央传出恋情,1,True,False,0.0,0.19047619047619047,0.25,1.0,-0.1884765625,0.0,0.0,0.0,0.0,0,,推移前高桥大府曾与花华女神浅田真央传出恋情
364,退役前高桥大辅曾与花滑女神浅田真央传出恋情,2,False,False,0.0,0.19047619047619047,0.25,0.7238605898123325,-0.2010498046875,0.0,0.0,0.0,0.0,0,,推移前高桥大甫曾与花华女神浅田真央传出恋情
364,退役前高桥大辅曾与花滑女神浅田真央传出恋情,3,False,False,0.0,0.19047619047619047,0.25,0.6434316353887399,-0.2047119140625,0.0,0.0,0.0,0.0,0,,推议前高桥大府曾与花华女神浅田真央传出恋情
364,退役前高桥大辅曾与花滑女神浅田真央传出恋情,4,False,False,0.0,0.23809523809523808,0.25,0.4289544235924933,-0.2144775390625,0.0,0.0,0.0,0.0,0,,推移前高桥大府曾与华女神浅田真央传出恋情
364,退役前高桥大辅曾与花滑女神浅田真央传出恋情,5,False,True,1.0,0.14285714285714285,0.0,0.34048257372654156,-0.218505859375,0.0,0.0,0.0,0.0,0,,推议前高桥大辅曾与花华女神浅田真央传出恋情
364,退役前高桥大辅曾与花滑女神浅田真央传出恋情,6,False,False,0.0,0.19047619047619047,0.25,0.32707774798927614,-0.2191162109375,0.0,0.0,0.0,0.0,0,,推移前高桥大夫曾与花华女神浅田真央传出恋情
364,退役前高桥大辅曾与花滑女神浅田真央传出恋情,7,False,False,1.0,0.14285714285714285,0.0,0.28418230563002683,-0.2210693359375,0.0,0.0,0.0,0.0,0,,推移前高桥大辅曾与花华女神浅田真央传出恋情
364,退役前高桥大辅曾与花滑女神浅田真央传出恋情,8,False,False,0.0,0.23809523809523808,0.25,0.19839142091152814,-0.2249755859375,0.0,0.0,0.0,0.0,0,,推移前高桥大甫曾与华女神浅田真央传出恋情
364,退役前高桥大辅曾与花滑女神浅田真央传出恋情,9,False,False,0.0,0.19047619047619047,0.25,0.12332439678284182,-0.2283935546875,0.0,0.0,0.0,0.0,0,,推议前高桥大夫曾与花华女神浅田真央传出恋情
364,退役前高桥大辅曾与花滑女神浅田真央传出恋情,10,False,False,0.0,0.23809523809523808,0.25,0.0938337801608579,-0.229736328125,0.0,0.0,0.0,0.0,0,,推议前高桥大府曾与华女神浅田真央传出恋情
364,退役前高桥大辅曾与花滑女神浅田真央传出恋情,11,False,False,0.0,0.19047619047619047,0.25,0.0,-0.2340087890625,0.0,0.0,0.0,0.0,0,,推移前高桥大府曾与花花女神浅田真央传出恋情
365,如今和小林尊出双入对,1,True,False,0.0,0.1,0.3333333333333333,1.0,-0.145751953125,0.0,0.0,0.0,0.0,0,,如今和小灵尊出双入对
365,如今和小林尊出双入对,2,False,False,0.0,0.2,0.3333333333333333,0.7699468085106383,-0.18798828125,0.0,0.0,0.0,0.0,0,,如今和小灵尊初双入对
365,如今和小林尊出双入对,3,False,False,0.0,0.3,0.3333333333333333,0.6303191489361702,-0.213623046875,0.0,0.0,0.0,0.0,0,,如今和小灵尊初双入队
365,如今和小林尊出双入对,4,False,False,0.0,0.2,0.3333333333333333,0.5272606382978723,-0.2325439453125,0.0,0.0,0.0,0.0,0,,如今和小灵尊出双入队
365,如今和小林尊出双入对,5,False,False,0.0,0.1,0.3333333333333333,0.2872340425531915,-0.276611328125,0.0,0.0,0.0,0.0,0,,如今和小零尊出双入对
365,如今和小林尊出双入对,6,False,False,0.0,0.1,0.3333333333333333,0.26861702127659576,-0.280029296875,0.0,0.0,0.0,0.0,0,,如今和小陵尊出双入对
365,如今和小林尊出双入对,7,False,True,1.0,0.0,0.0,0.19281914893617022,-0.2939453125,0.0,0.0,0.0,0.0,0,,如今和小林尊出双入对
365,如今和小林尊出双入对,8,False,False,0.0,0.2,0.3333333333333333,0.08377659574468085,-0.31396484375,0.0,0.0,0.0,0.0,0,,如今和小陵尊初双入对
365,如今和小林尊出双入对,9,False,False,0.0,0.2,0.3333333333333333,0.07845744680851063,-0.31494140625,0.0,0.0,0.0,0.0,0,,如今和小零尊初双入对
365,如今和小林尊出双入对,10,False,False,0.0,0.3,0.3333333333333333,0.0598404255319149,-0.318359375,0.0,0.0,0.0,0.0,0,,如今和小陵尊初双入队
365,如今和小林尊出双入对,11,False,False,0.0,0.2,0.3333333333333333,0.0,-0.329345703125,0.0,0.0,0.0,0.0,0,,如今和小陵尊出双入队
366,高桥大辅应该是他的新欢,1,True,False,0.0,0.09090909090909091,0.25,1.0,-0.09857177734375,0.0,0.0,0.0,0.0,0,,高桥大府应该是他的新欢
366,高桥大辅应该是他的新欢,2,False,False,0.0,0.18181818181818182,0.25,0.4587657018022938,-0.280029296875,0.0,0.0,0.0,0.0,0,,高桥大府应该是她的新欢
366,高桥大辅应该是他的新欢,3,False,True,1.0,0.0,0.0,0.3655561623884944,-0.311279296875,0.0,0.0,0.0,0.0,0,,高桥大辅应该是他的新欢
366,高桥大辅应该是他的新欢,4,False,False,0.0,0.18181818181818182,0.25,0.23156744948115784,-0.356201171875,0.0,0.0,0.0,0.0,0,,高桥大府应该是它的新欢
366,高桥大辅应该是他的新欢,5,False,False,0.0,0.09090909090909091,0.25,0.17549608592754415,-0.375,0.0,0.0,0.0,0.0,0,,高桥大夫应该是他的新欢
366,高桥大辅应该是他的新欢,6,False,False,0.0,0.09090909090909091,0.25,0.0,-0.433837890625,0.0,0.0,0.0,0.0,0,,高桥大福应该是他的新欢
367,来自中国的赛艇选手崔帅豪说,1,True,False,0.0,0.07692307692307693,0.3333333333333333,1.0,-0.035400390625,0.0,0.0,0.0,0.0,0,,来自中国的赛艇选手村帅豪说
367,来自中国的赛艇选手崔帅豪说,2,False,False,0.0,0.07692307692307693,0.3333333333333333,0.6029676258992805,-0.1431884765625,0.0,0.0,0.0,0.0,0,,来自中国的赛艇选手春帅豪说
367,来自中国的赛艇选手崔帅豪说,3,False,False,0.0,0.07692307692307693,0.3333333333333333,0.3745503597122302,-0.2052001953125,0.0,0.0,0.0,0.0,0,,来自中国的赛艇选手孙帅豪说
367,来自中国的赛艇选手崔帅豪说,4,False,False,0.0,0.15384615384615385,0.6666666666666666,0.19874100719424462,-0.2529296875,0.0,0.0,0.0,0.0,0,,来自中国赛艇选手村帅豪说
367,来自中国的赛艇选手崔帅豪说,5,False,False,0.0,0.15384615384615385,0.3333333333333333,0.05575539568345324,-0.291748046875,0.0,0.0,0.0,0.0,0,,来自中国的赛挺选手村帅豪说
367,来自中国的赛艇选手崔帅豪说,6,False,False,0.0,0.15384615384615385,0.6666666666666666,0.048561151079136694,-0.293701171875,0.0,0.0,0.0,0.0,0,,来自中国的赛艇选手村帅浩说
367,来自中国的赛艇选手崔帅豪说,7,False,True,1.0,0.0,0.0,0.03237410071942446,-0.298095703125,0.0,0.0,0.0,0.0,0,,来自中国的赛艇选手崔帅豪说
367,来自中国的赛艇选手崔帅豪说,8,False,False,0.0,0.15384615384615385,0.6666666666666666,0.0,-0.306884765625,0.0,0.0,0.0,0.0,0,,来自中国的赛艇选手村帅好说
368,将在本届美国电影学会影展中进行秘密放映,1,True,False,1.0,0.10526315789473684,0.0,1.0,-0.060699462890625,0.0,0.0,0.0,0.0,0,,将在北界美国电影学会影展中进行秘密放映
368,将在本届美国电影学会影展中进行秘密放映,2,False,False,0.0,0.15789473684210525,0.16666666666666666,0.7572221159364837,-0.09942626953125,0.0,0.0,0.0,0.0,0,,将在北界美国电影协会影展中进行秘密放映
368,将在本届美国电影学会影展中进行秘密放映,3,False,False,1.0,0.10526315789473684,0.0,0.5915439066386072,-0.1258544921875,0.0,0.0,0.0,0.0,0,,将在北极美国电影学会影展中进行秘密放映
368,将在本届美国电影学会影展中进行秘密放映,4,False,False,1.0,0.10526315789473684,0.0,0.5104266309546585,-0.1387939453125,0.0,0.0,0.0,0.0,0,,将在北京美国电影学会影展中进行秘密放映
368,将在本届美国电影学会影展中进行秘密放映,5,False,False,0.0,0.15789473684210525,0.16666666666666666,0.2510044002295772,-0.18017578125,0.0,0.0,0.0,0.0,0,,将在北京美国电影协会影展中进行秘密放映
368,将在本届美国电影学会影展中进行秘密放映,6,False,False,0.0,0.15789473684210525,0.16666666666666666,0.24105605509852687,-0.1817626953125,0.0,0.0,0.0,0.0,0,,将在北极美国电影协会影展中进行秘密放映
368,将在本届美国电影学会影展中进行秘密放映,7,False,True,1.0,0.05263157894736842,0.0,0.13238951597474652,-0.1990966796875,0.0,0.0,0.0,0.0,0,,将在北届美国电影学会影展中进行秘密放映
368,将在本届美国电影学会影展中进行秘密放映,8,False,False,1.0,0.10526315789473684,0.0,0.10943179644155347,-0.2027587890625,0.0,0.0,0.0,0.0,0,,将在北借美国电影学会影展中进行秘密放映
368,将在本届美国电影学会影展中进行秘密放映,9,False,False,1.0,0.10526315789473684,0.0,0.10790128180600728,-0.2030029296875,0.0,0.0,0.0,0.0,0,,将在北架美国电影学会影展中进行秘密放映
368,将在本届美国电影学会影展中进行秘密放映,10,False,False,1.0,0.10526315789473684,0.0,0.0,-0.22021484375,0.0,0.0,0.0,0.0,0,,将在北戒美国电影学会影展中进行秘密放映
369,陈冠希前女友嫩模黄榕在香港书展出席写真宣传活动,1,True,True,0.0,0.043478260869565216,0.5,1.0,-0.035064697265625,0.0,0.0,0.0,0.0,0,,陈冠希前女友嫩模黄蓉在香港书展出席写真宣传活动
369,陈冠希前女友嫩模黄榕在香港书展出席写真宣传活动,2,False,False,0.0,0.043478260869565216,0.5,0.8014149792632349,-0.059906005859375,0.0,0.0,0.0,0.0,0,,陈冠希前女友嫩模黄荣在香港书展出席写真宣传活动
369,陈冠希前女友嫩模黄榕在香港书展出席写真宣传活动,3,False,False,0.0,0.08695652173913043,0.5,0.4235179312027324,-0.107177734375,0.0,0.0,0.0,0.0,0,,陈冠希前女友嫩魔黄蓉在香港书展出席写真宣传活动
369,陈冠希前女友嫩模黄榕在香港书展出席写真宣传活动,4,False,False,0.0,0.08695652173913043,0.5,0.2088314222981215,-0.134033203125,0.0,0.0,0.0,0.0,0,,陈冠希前女友嫩魔黄荣在香港书展出席写真宣传活动
369,陈冠希前女友嫩模黄榕在香港书展出席写真宣传活动,5,False,False,0.0,0.043478260869565216,0.5,0.1746767504269334,-0.1383056640625,0.0,0.0,0.0,0.0,0,,陈冠希前女友嫩模黄融在香港书展出席写真宣传活动
369,陈冠希前女友嫩模黄榕在香港书展出席写真宣传活动,6,False,False,0.0,0.08695652173913043,0.5,0.15808733837521347,-0.140380859375,0.0,0.0,0.0,0.0,0,,陈冠希前女友嫩摸黄蓉在香港书展出席写真宣传活动
369,陈冠希前女友嫩模黄榕在香港书展出席写真宣传活动,7,False,False,0.0,0.08695652173913043,0.5,0.043913149548670406,-0.1546630859375,0.0,0.0,0.0,0.0,0,,陈冠希前女友嫩摸黄荣在香港书展出席写真宣传活动
369,陈冠希前女友嫩模黄榕在香港书展出席写真宣传活动,8,False,False,0.0,0.08695652173913043,0.5,0.0,-0.16015625,0.0,0.0,0.0,0.0,0,,陈冠希前女友嫩磨黄蓉在香港书展出席写真宣传活动
370,黄榕坦言可能他做了太多运动,1,True,True,0.0,0.07692307692307693,0.5,1.0,-0.174072265625,0.0,0.0,0.0,0.0,0,,黄荣坦言可能他做了太多运动
370,黄榕坦言可能他做了太多运动,2,False,False,0.0,0.15384615384615385,1.0,0.7027687296416938,-0.2186279296875,0.0,0.0,0.0,0.0,0,,花荣坦言可能他做了太多运动
370,黄榕坦言可能他做了太多运动,3,False,False,0.0,0.23076923076923078,1.0,0.6962540716612378,-0.2196044921875,0.0,0.0,0.0,0.0,0,,花蓉坦言可能她做了太多运动
370,黄榕坦言可能他做了太多运动,4,False,False,0.0,0.15384615384615385,1.0,0.6099348534201955,-0.2325439453125,0.0,0.0,0.0,0.0,0,,华荣坦言可能他做了太多运动
370,黄榕坦言可能他做了太多运动,5,False,False,0.0,0.15384615384615385,1.0,0.5333876221498371,-0.2440185546875,0.0,0.0,0.0,0.0,0,,花容坦言可能他做了太多运动
370,黄榕坦言可能他做了太多运动,6,False,False,0.0,0.15384615384615385,1.0,0.39087947882736157,-0.265380859375,0.0,0.0,0.0,0.0,0,,花蓉坦言可能他做了太多运动
370,黄榕坦言可能他做了太多运动,7,False,False,0.0,0.15384615384615385,1.0,0.2671009771986971,-0.283935546875,0.0,0.0,0.0,0.0,0,,华融坦言可能他做了太多运动
370,黄榕坦言可能他做了太多运动,8,False,False,0.0,0.23076923076923078,1.0,0.23452768729641693,-0.288818359375,0.0,0.0,0.0,0.0,0,,花容坦言可能她做了太多运动
370,黄榕坦言可能他做了太多运动,9,False,False,0.0,0.15384615384615385,1.0,0.18403908794788273,-0.29638671875,0.0,0.0,0.0,0.0,0,,豪荣坦言可能他做了太多运动
370,黄榕坦言可能他做了太多运动,10,False,False,0.0,0.15384615384615385,1.0,0.0781758957654723,-0.312255859375,0.0,0.0,0.0,0.0,0,,花戎坦言可能他做了太多运动
370,黄榕坦言可能他做了太多运动,11,False,False,0.0,0.15384615384615385,1.0,0.05537459283387622,-0.315673828125,0.0,0.0,0.0,0.0,0,,慌容坦言可能他做了太多运动
370,黄榕坦言可能他做了太多运动,12,False,False,0.0,0.23076923076923078,1.0,0.0,-0.323974609375,0.0,0.0,0.0,0.0,0,,花荣坦言可能她做了太多运动
371,黄宗泽绯闻女友等女星,1,True,False,1.0,0.1,0.0,1.0,-0.033599853515625,0.0,0.0,0.0,0.0,0,,黄宗泽绯闻女友当女星
371,黄宗泽绯闻女友等女星,2,False,False,0.0,0.2,0.3333333333333333,0.5130810261620523,-0.2091064453125,0.0,0.0,0.0,0.0,0,,黄忠泽绯闻女友当女星
371,黄宗泽绯闻女友等女星,3,False,False,0.0,0.2,0.3333333333333333,0.47548895097790195,-0.22265625,0.0,0.0,0.0,0.0,0,,黄中泽绯闻女友当女星
371,黄宗泽绯闻女友等女星,4,False,False,1.0,0.2,0.0,0.47244094488188976,-0.2237548828125,0.0,0.0,0.0,0.0,0,,黄宗泽绯闻女友当女性
371,黄宗泽绯闻女友等女星,5,False,False,1.0,0.1,0.0,0.291253915841165,-0.2890625,0.0,0.0,0.0,0.0,0,,黄宗泽绯闻女友荡女星
371,黄宗泽绯闻女友等女星,6,False,False,1.0,0.1,0.0,0.2682245364490729,-0.29736328125,0.0,0.0,0.0,0.0,0,,黄宗泽绯闻女友盗女星
371,黄宗泽绯闻女友等女星,7,False,True,1.0,0.0,0.0,0.26009652019304036,-0.30029296875,0.0,0.0,0.0,0.0,0,,黄宗泽绯闻女友等女星
371,黄宗泽绯闻女友等女星,8,False,False,1.0,0.1,0.0,0.14901363136059606,-0.34033203125,0.0,0.0,0.0,0.0,0,,黄宗泽绯闻女友档女星
371,黄宗泽绯闻女友等女星,9,False,False,1.0,0.1,0.0,0.08128016256032512,-0.36474609375,0.0,0.0,0.0,0.0,0,,黄宗泽绯闻女友邓女星
371,黄宗泽绯闻女友等女星,10,False,False,1.0,0.2,0.0,0.004741342816018965,-0.392333984375,0.0,0.0,0.0,0.0,0,,黄宗泽绯闻女友当女兴
371,黄宗泽绯闻女友等女星,11,False,False,1.0,0.1,0.0,0.0006773346880027093,-0.393798828125,0.0,0.0,0.0,0.0,0,,黄宗泽绯闻女友到女星
371,黄宗泽绯闻女友等女星,12,False,False,0.0,0.2,0.3333333333333333,0.0,-0.39404296875,0.0,0.0,0.0,0.0,0,,黄仲泽绯闻女友当女星
372,目前正在根据海事部门的要求开往盐城大分港,1,True,False,1.0,0.15,0.0,1.0,-0.1270751953125,0.0,0.0,0.0,0.0,0,,目前正在根据海事部门的要求开网严惩大分港
372,目前正在根据海事部门的要求开往盐城大分港,2,False,False,1.0,0.15,0.0,0.9980769230769231,-0.127197265625,0.0,0.0,0.0,0.0,0,,目前正在根据海事部门的要求开网延程大分港
372,目前正在根据海事部门的要求开往盐城大分港,3,False,False,0.0,0.2,0.3333333333333333,0.45384615384615384,-0.1617431640625,0.0,0.0,0.0,0.0,0,,目前正在根据海事部门的要求开网延程大飞港
372,目前正在根据海事部门的要求开往盐城大分港,4,False,False,0.0,0.2,0.3333333333333333,0.37115384615384617,-0.1669921875,0.0,0.0,0.0,0.0,0,,目前正在根据海事部门的要求开网严惩大分岗
372,目前正在根据海事部门的要求开往盐城大分港,5,False,False,0.0,0.2,0.3333333333333333,0.36730769230769234,-0.167236328125,0.0,0.0,0.0,0.0,0,,目前正在根据海事部门的要求开网严惩大飞港
372,目前正在根据海事部门的要求开往盐城大分港,6,False,False,1.0,0.1,0.0,0.24615384615384617,-0.1749267578125,0.0,0.0,0.0,0.0,0,,目前正在根据海事部门的要求开往延程大分港
372,目前正在根据海事部门的要求开往盐城大分港,7,False,True,1.0,0.0,0.0,0.17692307692307693,-0.1793212890625,0.0,0.0,0.0,0.0,0,,目前正在根据海事部门的要求开往盐城大分港
372,目前正在根据海事部门的要求开往盐城大分港,8,False,False,0.0,0.2,0.3333333333333333,0.1423076923076923,-0.1815185546875,0.0,0.0,0.0,0.0,0,,目前正在根据海事部门的要求开网延程大分岗
372,目前正在根据海事部门的要求开往盐城大分港,9,False,False,0.0,0.05,0.3333333333333333,0.023076923076923078,-0.1890869140625,0.0,0.0,0.0,0.0,0,,目前正在根据海事部门的要求开往盐城大飞港
372,目前正在根据海事部门的要求开往盐城大分港,10,False,False,0.0,0.15,0.3333333333333333,0.0,-0.1905517578125,0.0,0.0,0.0,0.0,0,,目前正在根据海事部门的要求开往延程大飞港
373,快报讯通讯员李欢乐记者王晓宇8月26日,1,True,False,0.0,0.10526315789473684,0.6666666666666666,1.0,-0.07916259765625,0.0,0.0,0.0,0.0,0,,快报讯通讯员李欢乐记者王小瑜8月26日
373,快报讯通讯员李欢乐记者王晓宇8月26日,2,False,True,0.0,0.05263157894736842,0.3333333333333333,0.6198830409356725,-0.0989990234375,0.0,0.0,0.0,0.0,0,,快报讯通讯员李欢乐记者王晓瑜8月26日
373,快报讯通讯员李欢乐记者王晓宇8月26日,3,False,False,0.0,0.10526315789473684,0.6666666666666666,0.0,-0.13134765625,0.0,0.0,0.0,0.0,0,,快报讯通讯员李欢乐记者王小渝8月26日
374,渝武高速武胜段发生追尾事故已造成六死九伤,1,True,True,0.0,0.15,1.0,1.0,-0.1807861328125,0.0,0.0,0.0,0.0,0,,逾五高速五胜段发生追尾事故已造成六死九伤
374,渝武高速武胜段发生追尾事故已造成六死九伤,2,False,False,0.0,0.15,1.0,0.9304174950298211,-0.18505859375,0.0,0.0,0.0,0.0,0,,遇五高速五胜段发生追尾事故已造成六死九伤
374,渝武高速武胜段发生追尾事故已造成六死九伤,3,False,False,0.0,0.15,1.0,0.9204771371769384,-0.1856689453125,0.0,0.0,0.0,0.0,0,,于五高速五胜段发生追尾事故已造成六死九伤
374,渝武高速武胜段发生追尾事故已造成六死九伤,4,False,False,0.0,0.25,1.0,0.7634194831013916,-0.1953125,0.0,0.0,0.0,0.0,0,,于五高速五胜段发生追尾事故已造成6死9伤
374,渝武高速武胜段发生追尾事故已造成六死九伤,5,False,False,0.0,0.25,1.0,0.6600397614314115,-0.20166015625,0.0,0.0,0.0,0.0,0,,逾五高速五胜段发生追尾事故已造成6死9伤
374,渝武高速武胜段发生追尾事故已造成六死九伤,6,False,False,0.0,0.25,1.0,0.5666003976143141,-0.2073974609375,0.0,0.0,0.0,0.0,0,,遇五高速五胜段发生追尾事故已造成6死9伤
374,渝武高速武胜段发生追尾事故已造成六死九伤,7,False,False,0.0,0.15,1.0,0.34592445328031807,-0.220947265625,0.0,0.0,0.0,0.0,0,,一五高速五胜段发生追尾事故已造成六死九伤
374,渝武高速武胜段发生追尾事故已造成六死九伤,8,False,False,0.0,0.2,1.0,0.3260437375745527,-0.22216796875,0.0,0.0,0.0,0.0,0,,逾五高速五圣段发生追尾事故已造成六死九伤
374,渝武高速武胜段发生追尾事故已造成六死九伤,9,False,False,0.0,0.2,1.0,0.21272365805168986,-0.2291259765625,0.0,0.0,0.0,0.0,0,,于五高速五圣段发生追尾事故已造成六死九伤
374,渝武高速武胜段发生追尾事故已造成六死九伤,10,False,False,0.0,0.2,1.0,0.17296222664015903,-0.2315673828125,0.0,0.0,0.0,0.0,0,,遇五高速五圣段发生追尾事故已造成六死九伤
374,渝武高速武胜段发生追尾事故已造成六死九伤,11,False,False,0.0,0.3,1.0,0.0,-0.2421875,0.0,0.0,0.0,0.0,0,,于五高速五圣段发生追尾事故已造成6死9伤
375,记者从广安消防部门获悉,1,True,True,1.0,0.0,0.0,1.0,-0.02001953125,0.0,0.0,0.0,0.0,0,,记者从广安消防部门获悉
375,记者从广安消防部门获悉,2,False,False,0.0,0.09090909090909091,0.5,0.1870026525198939,-0.3193359375,0.0,0.0,0.0,0.0,0,,记者从广岸消防部门获悉
375,记者从广安消防部门获悉,3,False,False,0.0,0.09090909090909091,0.5,0.14323607427055704,-0.33544921875,0.0,0.0,0.0,0.0,0,,记者从港安消防部门获悉
375,记者从广安消防部门获悉,4,False,False,1.0,0.09090909090909091,0.0,0.09615384615384616,-0.352783203125,0.0,0.0,0.0,0.0,0,,记者从广安消防部闻获悉
375,记者从广安消防部门获悉,5,False,False,0.0,0.09090909090909091,0.5,0.029840848806366047,-0.377197265625,0.0,0.0,0.0,0.0,0,,记者从广南消防部门获悉
375,记者从广安消防部门获悉,6,False,False,0.0,0.09090909090909091,0.5,0.0,-0.38818359375,0.0,0.0,0.0,0.0,0,,记者从广州消防部门获悉
376,渝蓉高速四川段计划明年通车被称最拖沓高速,1,True,True,0.0,0.1,0.6666666666666666,1.0,-0.11163330078125,0.0,0.0,0.0,0.0,0,,育荣高速四川段计划明年通车被称最拖沓高速
376,渝蓉高速四川段计划明年通车被称最拖沓高速,2,False,False,0.0,0.1,0.6666666666666666,0.9251637043966323,-0.11651611328125,0.0,0.0,0.0,0.0,0,,裕隆高速四川段计划明年通车被称最拖沓高速
376,渝蓉高速四川段计划明年通车被称最拖沓高速,3,False,False,0.0,0.1,0.6666666666666666,0.9055191768007483,-0.1177978515625,0.0,0.0,0.0,0.0,0,,育龙高速四川段计划明年通车被称最拖沓高速
376,渝蓉高速四川段计划明年通车被称最拖沓高速,4,False,False,0.0,0.1,0.6666666666666666,0.8157156220767072,-0.1236572265625,0.0,0.0,0.0,0.0,0,,玉龙高速四川段计划明年通车被称最拖沓高速
376,渝蓉高速四川段计划明年通车被称最拖沓高速,5,False,False,0.0,0.1,0.6666666666666666,0.5444340505144996,-0.141357421875,0.0,0.0,0.0,0.0,0,,玉荣高速四川段计划明年通车被称最拖沓高速
376,渝蓉高速四川段计划明年通车被称最拖沓高速,6,False,False,0.0,0.1,0.6666666666666666,0.5238540692235735,-0.1427001953125,0.0,0.0,0.0,0.0,0,,玉融高速四川段计划明年通车被称最拖沓高速
376,渝蓉高速四川段计划明年通车被称最拖沓高速,7,False,False,0.0,0.1,0.6666666666666666,0.39663236669784846,-0.1510009765625,0.0,0.0,0.0,0.0,0,,玉庸高速四川段计划明年通车被称最拖沓高速
376,渝蓉高速四川段计划明年通车被称最拖沓高速,8,False,False,0.0,0.1,0.6666666666666666,0.3292797006548176,-0.1553955078125,0.0,0.0,0.0,0.0,0,,御隆高速四川段计划明年通车被称最拖沓高速
376,渝蓉高速四川段计划明年通车被称最拖沓高速,9,False,False,0.0,0.1,0.6666666666666666,0.2993451824134705,-0.1573486328125,0.0,0.0,0.0,0.0,0,,育农高速四川段计划明年通车被称最拖沓高速
376,渝蓉高速四川段计划明年通车被称最拖沓高速,10,False,False,0.0,0.1,0.6666666666666666,0.2862488306828812,-0.158203125,0.0,0.0,0.0,0.0,0,,御龙高速四川段计划明年通车被称最拖沓高速
376,渝蓉高速四川段计划明年通车被称最拖沓高速,11,False,False,0.0,0.1,0.6666666666666666,0.25444340505144997,-0.1602783203125,0.0,0.0,0.0,0.0,0,,御庸高速四川段计划明年通车被称最拖沓高速
376,渝蓉高速四川段计划明年通车被称最拖沓高速,12,False,False,0.0,0.1,0.6666666666666666,0.1403180542563143,-0.167724609375,0.0,0.0,0.0,0.0,0,,预容高速四川段计划明年通车被称最拖沓高速
376,渝蓉高速四川段计划明年通车被称最拖沓高速,13,False,False,0.0,0.1,0.6666666666666666,0.11973807296538821,-0.1690673828125,0.0,0.0,0.0,0.0,0,,育融高速四川段计划明年通车被称最拖沓高速
376,渝蓉高速四川段计划明年通车被称最拖沓高速,14,False,False,0.0,0.1,0.6666666666666666,0.09167446211412535,-0.1708984375,0.0,0.0,0.0,0.0,0,,裕荣高速四川段计划明年通车被称最拖沓高速
376,渝蓉高速四川段计划明年通车被称最拖沓高速,15,False,False,0.0,0.1,0.6666666666666666,0.07857811038353602,-0.1717529296875,0.0,0.0,0.0,0.0,0,,御荣高速四川段计划明年通车被称最拖沓高速
376,渝蓉高速四川段计划明年通车被称最拖沓高速,16,False,False,0.0,0.1,0.6666666666666666,0.0,-0.1768798828125,0.0,0.0,0.0,0.0,0,,裕融高速四川段计划明年通车被称最拖沓高速
377,渝蓉高速四川段因烂尾被称为最拖沓高速,1,True,True,0.0,0.16666666666666666,0.6666666666666666,1.0,-0.1494140625,0.0,0.0,0.0,0.0,0,,玉龙高速四川点因烂尾被称为最拖沓高速
377,渝蓉高速四川段因烂尾被称为最拖沓高速,2,False,False,0.0,0.16666666666666666,0.6666666666666666,0.7854785478547854,-0.165283203125,0.0,0.0,0.0,0.0,0,,玉龙高速四川因烂尾被称为最拖沓高速
377,渝蓉高速四川段因烂尾被称为最拖沓高速,3,False,False,0.0,0.16666666666666666,0.6666666666666666,0.6567656765676567,-0.1748046875,0.0,0.0,0.0,0.0,0,,育龙高速四川点因烂尾被称为最拖沓高速
377,渝蓉高速四川段因烂尾被称为最拖沓高速,4,False,False,0.0,0.2222222222222222,0.6666666666666666,0.5957095709570958,-0.1793212890625,0.0,0.0,0.0,0.0,0,,玉龙高速四川1烂尾被称为最拖沓高速
377,渝蓉高速四川段因烂尾被称为最拖沓高速,5,False,False,0.0,0.16666666666666666,0.6666666666666666,0.4240924092409241,-0.1920166015625,0.0,0.0,0.0,0.0,0,,育龙高速四川因烂尾被称为最拖沓高速
377,渝蓉高速四川段因烂尾被称为最拖沓高速,6,False,False,0.0,0.16666666666666666,0.6666666666666666,0.3481848184818482,-0.1976318359375,0.0,0.0,0.0,0.0,0,,裕隆高速四川点因烂尾被称为最拖沓高速
377,渝蓉高速四川段因烂尾被称为最拖沓高速,7,False,False,0.0,0.2222222222222222,0.6666666666666666,0.2508250825082508,-0.204833984375,0.0,0.0,0.0,0.0,0,,育龙高速四川1烂尾被称为最拖沓高速
377,渝蓉高速四川段因烂尾被称为最拖沓高速,8,False,False,0.0,0.16666666666666666,0.6666666666666666,0.22607260726072606,-0.2066650390625,0.0,0.0,0.0,0.0,0,,裕隆高速四川因烂尾被称为最拖沓高速
377,渝蓉高速四川段因烂尾被称为最拖沓高速,9,False,False,0.0,0.16666666666666666,0.6666666666666666,0.09570957095709572,-0.21630859375,0.0,0.0,0.0,0.0,0,,玉融高速四川点因烂尾被称为最拖沓高速
377,渝蓉高速四川段因烂尾被称为最拖沓高速,10,False,False,0.0,0.16666666666666666,0.6666666666666666,0.041254125412541254,-0.2203369140625,0.0,0.0,0.0,0.0,0,,育荣高速四川点因烂尾被称为最拖沓高速
377,渝蓉高速四川段因烂尾被称为最拖沓高速,11,False,False,0.0,0.16666666666666666,0.6666666666666666,0.0,-0.223388671875,0.0,0.0,0.0,0.0,0,,御龙高速四川点因烂尾被称为最拖沓高速
378,渝蓉高速四川段资金断裂烂尾已修了六年,1,True,False,0.0,0.2222222222222222,0.6666666666666666,1.0,-0.2354736328125,0.0,0.0,0.0,0.0,0,,一轮高速四川段资金断裂烂尾已休了6年
378,渝蓉高速四川段资金断裂烂尾已修了六年,2,False,False,0.0,0.2777777777777778,0.8333333333333334,0.8492569002123143,-0.244140625,0.0,0.0,0.0,0.0,0,,一龙高市四川段资金断裂烂尾已休了6年
378,渝蓉高速四川段资金断裂烂尾已修了六年,3,False,False,0.0,0.2222222222222222,0.6666666666666666,0.7770700636942676,-0.248291015625,0.0,0.0,0.0,0.0,0,,鱼龙高速四川段资金断裂烂尾已休了6年
378,渝蓉高速四川段资金断裂烂尾已修了六年,4,False,False,0.0,0.16666666666666666,0.6666666666666666,0.7622080679405521,-0.2491455078125,0.0,0.0,0.0,0.0,0,,一轮高速四川段资金断裂烂尾已休了六年
378,渝蓉高速四川段资金断裂烂尾已修了六年,5,False,False,0.0,0.2222222222222222,0.8333333333333334,0.6369426751592356,-0.25634765625,0.0,0.0,0.0,0.0,0,,一龙高市四川段资金断裂烂尾已休了六年
378,渝蓉高速四川段资金断裂烂尾已修了六年,6,False,False,0.0,0.2222222222222222,0.8333333333333334,0.5477707006369427,-0.261474609375,0.0,0.0,0.0,0.0,0,,一龙高自四川段资金断裂烂尾已休了六年
378,渝蓉高速四川段资金断裂烂尾已修了六年,7,False,False,0.0,0.2777777777777778,0.8333333333333334,0.5392781316348195,-0.261962890625,0.0,0.0,0.0,0.0,0,,一龙高自四川段资金断裂烂尾已休了6年
378,渝蓉高速四川段资金断裂烂尾已修了六年,8,False,False,0.0,0.16666666666666666,0.6666666666666666,0.4543524416135881,-0.266845703125,0.0,0.0,0.0,0.0,0,,鱼龙高速四川段资金断裂烂尾已休了六年
378,渝蓉高速四川段资金断裂烂尾已修了六年,9,False,False,0.0,0.16666666666666666,0.6666666666666666,0.445859872611465,-0.267333984375,0.0,0.0,0.0,0.0,0,,一轮高速四川段资金断裂烂尾已修了6年
378,渝蓉高速四川段资金断裂烂尾已修了六年,10,False,False,0.0,0.2777777777777778,0.8333333333333334,0.33121019108280253,-0.27392578125,0.0,0.0,0.0,0.0,0,,鱼龙高市四川段资金断裂烂尾已休了6年
378,渝蓉高速四川段资金断裂烂尾已修了六年,11,False,False,0.0,0.2222222222222222,0.6666666666666666,0.28450106157112526,-0.276611328125,0.0,0.0,0.0,0.0,0,,一龙高速四川段资金断裂烂尾已休了6年
378,渝蓉高速四川段资金断裂烂尾已修了六年,12,False,True,0.0,0.1111111111111111,0.6666666666666666,0.25902335456475584,-0.278076171875,0.0,0.0,0.0,0.0,0,,一轮高速四川段资金断裂烂尾已修了六年
378,渝蓉高速四川段资金断裂烂尾已修了六年,13,False,False,0.0,0.16666666666666666,0.6666666666666666,0.09341825902335456,-0.28759765625,0.0,0.0,0.0,0.0,0,,一龙高速四川段资金断裂烂尾已休了六年
378,渝蓉高速四川段资金断裂烂尾已修了六年,14,False,False,0.0,0.16666666666666666,0.6666666666666666,0.08067940552016985,-0.288330078125,0.0,0.0,0.0,0.0,0,,一龙高速四川段资金断裂烂尾已修了6年
378,渝蓉高速四川段资金断裂烂尾已修了六年,15,False,False,0.0,0.2777777777777778,0.8333333333333334,0.06369426751592357,-0.289306640625,0.0,0.0,0.0,0.0,0,,一隆高市四川段资金断裂烂尾已休了6年
378,渝蓉高速四川段资金断裂烂尾已修了六年,16,False,False,0.0,0.2777777777777778,0.8333333333333334,0.0,-0.29296875,0.0,0.0,0.0,0.0,0,,一龙高室四川段资金断裂烂尾已休了6年
379,蚌飞市发生一起惨剧,1,True,False,0.0,0.2222222222222222,0.6666666666666666,1.0,-0.22509765625,0.0,0.0,0.0,0.0,0,,邦菲市发生一起惨剧
379,蚌飞市发生一起惨剧,2,False,False,0.0,0.3333333333333333,1.0,0.9675716440422323,-0.2303466796875,0.0,0.0,0.0,0.0,0,,邦妃室发生一起惨剧
379,蚌飞市发生一起惨剧,3,False,False,0.0,0.3333333333333333,1.0,0.6199095022624435,-0.28662109375,0.0,0.0,0.0,0.0,0,,邦妃氏发生一起惨剧
379,蚌飞市发生一起惨剧,4,False,True,0.0,0.1111111111111111,0.3333333333333333,0.5233785822021116,-0.30224609375,0.0,0.0,0.0,0.0,0,,蚌飞士发生一起惨剧
379,蚌飞市发生一起惨剧,5,False,False,0.0,0.3333333333333333,1.0,0.48717948717948717,-0.30810546875,0.0,0.0,0.0,0.0,0,,邦菲氏发生一起惨剧
379,蚌飞市发生一起惨剧,6,False,False,0.0,0.1111111111111111,0.3333333333333333,0.36048265460030166,-0.32861328125,0.0,0.0,0.0,0.0,0,,邦飞市发生一起惨剧
379,蚌飞市发生一起惨剧,7,False,False,0.0,0.2222222222222222,0.6666666666666666,0.3469079939668175,-0.330810546875,0.0,0.0,0.0,0.0,0,,邦飞士发生一起惨剧
379,蚌飞市发生一起惨剧,8,False,False,0.0,0.2222222222222222,0.6666666666666666,0.3393665158371041,-0.33203125,0.0,0.0,0.0,0.0,0,,邦飞氏发生一起惨剧
379,蚌飞市发生一起惨剧,9,False,False,0.0,0.2222222222222222,0.6666666666666666,0.33634992458521873,-0.33251953125,0.0,0.0,0.0,0.0,0,,邦非市发生一起惨剧
379,蚌飞市发生一起惨剧,10,False,False,0.0,0.2222222222222222,0.6666666666666666,0.13574660633484162,-0.364990234375,0.0,0.0,0.0,0.0,0,,棒飞士发生一起惨剧
379,蚌飞市发生一起惨剧,11,False,False,0.0,0.3333333333333333,1.0,0.06636500754147813,-0.376220703125,0.0,0.0,0.0,0.0,0,,邦非氏发生一起惨剧
379,蚌飞市发生一起惨剧,12,False,False,0.0,0.3333333333333333,1.0,0.0,-0.386962890625,0.0,0.0,0.0,0.0,0,,邦菲士发生一起惨剧
380,山水湾小区斜对面的一处工地旁,1,True,True,1.0,0.0,0.0,1.0,-0.058685302734375,0.0,0.0,0.0,0.0,0,,山水湾小区斜对面的一处工地旁
380,山水湾小区斜对面的一处工地旁,2,False,False,1.0,0.07142857142857142,0.0,0.9865278628291488,-0.062042236328125,0.0,0.0,0.0,0.0,0,,山水湾小区斜对面的一处工地
380,山水湾小区斜对面的一处工地旁,3,False,False,0.0,0.07142857142857142,0.3333333333333333,0.4369871402327006,-0.198974609375,0.0,0.0,0.0,0.0,0,,山水巴小区斜对面的一处工地旁
380,山水湾小区斜对面的一处工地旁,4,False,False,0.0,0.07142857142857142,0.3333333333333333,0.4159216166564605,-0.2042236328125,0.0,0.0,0.0,0.0,0,,山水边小区斜对面的一处工地旁
380,山水湾小区斜对面的一处工地旁,5,False,False,0.0,0.07142857142857142,0.3333333333333333,0.2870789957134109,-0.236328125,0.0,0.0,0.0,0.0,0,,山水班小区斜对面的一处工地旁
380,山水湾小区斜对面的一处工地旁,6,False,False,1.0,0.07142857142857142,0.0,0.24641763625229637,-0.2464599609375,0.0,0.0,0.0,0.0,0,,山水湾小区斜对面的一处公地旁
380,山水湾小区斜对面的一处工地旁,7,False,False,1.0,0.07142857142857142,0.0,0.04605021432945499,-0.29638671875,0.0,0.0,0.0,0.0,0,,山水湾小区斜对面一处工地旁
380,山水湾小区斜对面的一处工地旁,8,False,False,0.0,0.07142857142857142,0.3333333333333333,0.03331292100428659,-0.299560546875,0.0,0.0,0.0,0.0,0,,山水般小区斜对面的一处工地旁
380,山水湾小区斜对面的一处工地旁,9,False,False,0.0,0.07142857142857142,0.3333333333333333,0.0,-0.307861328125,0.0,0.0,0.0,0.0,0,,山水关小区斜对面的一处工地旁
381,长沙县湘龙西路一处十字路口,1,True,False,0.0,0.15384615384615385,0.5,1.0,-0.1375732421875,0.0,0.0,0.0,0.0,0,,长沙县香隆西路一处十字路口
381,长沙县湘龙西路一处十字路口,2,False,False,0.0,0.07692307692307693,0.25,0.8443002780352178,-0.1580810546875,0.0,0.0,0.0,0.0,0,,长沙县香龙西路一处十字路口
381,长沙县湘龙西路一处十字路口,3,False,False,0.0,0.07692307692307693,0.25,0.7089898053753475,-0.1759033203125,0.0,0.0,0.0,0.0,0,,长沙县湘隆西路一处十字路口
381,长沙县湘龙西路一处十字路口,4,False,False,0.0,0.15384615384615385,0.5,0.5375347544022243,-0.198486328125,0.0,0.0,0.0,0.0,0,,长沙县香龙溪路一处十字路口
381,长沙县湘龙西路一处十字路口,5,False,False,0.0,0.07692307692307693,0.25,0.44300278035217794,-0.2109375,0.0,0.0,0.0,0.0,0,,长沙县襄龙西路一处十字路口
381,长沙县湘龙西路一处十字路口,6,False,False,0.0,0.23076923076923078,0.75,0.37349397590361444,-0.2200927734375,0.0,0.0,0.0,0.0,0,,长沙县香隆溪路一处十字路口
381,长沙县湘龙西路一处十字路口,7,False,True,1.0,0.0,0.0,0.23354958294717332,-0.238525390625,0.0,0.0,0.0,0.0,0,,长沙县湘龙西路一处十字路口
381,长沙县湘龙西路一处十字路口,8,False,False,0.0,0.15384615384615385,0.5,0.1686746987951807,-0.2470703125,0.0,0.0,0.0,0.0,0,,长沙县湘隆溪路一处十字路口
381,长沙县湘龙西路一处十字路口,9,False,False,0.0,0.15384615384615385,0.5,0.0,-0.269287109375,0.0,0.0,0.0,0.0,0,,长沙县襄隆西路一处十字路口
382,省城政务区习友路与怀宁路交叉口,1,True,False,0.0,0.26666666666666666,0.6666666666666666,1.0,-0.11602783203125,0.0,0.0,0.0,0.0,0,,省城政务区西游路与淮宁路交叉
382,省城政务区习友路与怀宁路交叉口,2,False,False,0.0,0.2,0.6666666666666666,0.6432501057977148,-0.16748046875,0.0,0.0,0.0,0.0,0,,省城政务区西游路与怀宁路交叉
382,省城政务区习友路与怀宁路交叉口,3,False,False,0.0,0.26666666666666666,0.6666666666666666,0.34447735928903933,-0.2105712890625,0.0,0.0,0.0,0.0,0,,省城政务区西游路与淮宁路交叉路
382,省城政务区习友路与怀宁路交叉口,4,False,False,0.0,0.3333333333333333,0.6666666666666666,0.286923402454507,-0.2188720703125,0.0,0.0,0.0,0.0,0,,省城政务区西游路与淮宁路交绍
382,省城政务区习友路与怀宁路交叉口,5,False,True,0.0,0.2,0.3333333333333333,0.23360135421074904,-0.2265625,0.0,0.0,0.0,0.0,0,,省城政务区习游路与淮宁路交叉
382,省城政务区习友路与怀宁路交叉口,6,False,False,0.0,0.4,0.6666666666666666,0.20397799407532796,-0.2308349609375,0.0,0.0,0.0,0.0,0,,省城正雾区西游路与淮宁路交叉
382,省城政务区习友路与怀宁路交叉口,7,False,False,0.0,0.4,0.6666666666666666,0.20313161235717309,-0.23095703125,0.0,0.0,0.0,0.0,0,,省城郑物区西游路与淮宁路交叉
382,省城政务区习友路与怀宁路交叉口,8,False,False,0.0,0.4,0.6666666666666666,0.17858654253068135,-0.2344970703125,0.0,0.0,0.0,0.0,0,,省城郑雾区西游路与淮宁路交叉
382,省城政务区习友路与怀宁路交叉口,9,False,False,0.0,0.4,0.6666666666666666,0.1752010156580618,-0.2349853515625,0.0,0.0,0.0,0.0,0,,省城正物区西游路与淮宁路交叉
382,省城政务区习友路与怀宁路交叉口,10,False,False,0.0,0.26666666666666666,0.6666666666666666,0.0490901396529835,-0.253173828125,0.0,0.0,0.0,0.0,0,,省城政务区西游路与淮宁路交叉偶
382,省城政务区习友路与怀宁路交叉口,11,False,False,0.0,0.26666666666666666,0.6666666666666666,0.0,-0.26025390625,0.0,0.0,0.0,0.0,0,,省城政务区西游路与淮宁路交叉坡
383,唐山乐亭一船队在渤海与一山东渔船发生纠纷,1,True,True,1.0,0.0,0.0,1.0,-0.10260009765625,0.0,0.0,0.0,0.0,0,,唐山乐亭一船队在渤海与一山东渔船发生纠纷
383,唐山乐亭一船队在渤海与一山东渔船发生纠纷,2,False,False,0.0,0.05,0.14285714285714285,0.7026675341574495,-0.1304931640625,0.0,0.0,0.0,0.0,0,,唐山乐艇一船队在渤海与一山东渔船发生纠纷
383,唐山乐亭一船队在渤海与一山东渔船发生纠纷,3,False,False,0.0,0.05,0.14285714285714285,0.556929082628497,-0.1441650390625,0.0,0.0,0.0,0.0,0,,唐山乐庭一船队在渤海与一山东渔船发生纠纷
383,唐山乐亭一船队在渤海与一山东渔船发生纠纷,4,False,False,1.0,0.05,0.0,0.4671437865972674,-0.152587890625,0.0,0.0,0.0,0.0,0,,唐山乐亭一船队在渤海与山东渔船发生纠纷
383,唐山乐亭一船队在渤海与一山东渔船发生纠纷,5,False,False,0.0,0.05,0.14285714285714285,0.42940793754066364,-0.1561279296875,0.0,0.0,0.0,0.0,0,,唐山乐挺一船队在渤海与一山东渔船发生纠纷
383,唐山乐亭一船队在渤海与一山东渔船发生纠纷,6,False,False,0.0,0.05,0.14285714285714285,0.4255042290175667,-0.156494140625,0.0,0.0,0.0,0.0,0,,唐山乐廷一船队在渤海与一山东渔船发生纠纷
383,唐山乐亭一船队在渤海与一山东渔船发生纠纷,7,False,False,0.0,0.1,0.2857142857142857,0.2511385816525699,-0.1728515625,0.0,0.0,0.0,0.0,0,,唐山勒艇一船队在渤海与一山东渔船发生纠纷
383,唐山乐亭一船队在渤海与一山东渔船发生纠纷,8,False,False,0.0,0.05,0.14285714285714285,0.24072869225764476,-0.173828125,0.0,0.0,0.0,0.0,0,,唐山乐婷一船队在渤海与一山东渔船发生纠纷
383,唐山乐亭一船队在渤海与一山东渔船发生纠纷,9,False,False,0.0,0.05,0.14285714285714285,0.19388418998048146,-0.17822265625,0.0,0.0,0.0,0.0,0,,唐山乐鼎一船队在渤海与一山东渔船发生纠纷
383,唐山乐亭一船队在渤海与一山东渔船发生纠纷,10,False,False,0.0,0.15,0.2857142857142857,0.1210149642160052,-0.18505859375,0.0,0.0,0.0,0.0,0,,唐山乐艇E船队在渤海与E山东渔船发生纠纷
383,唐山乐亭一船队在渤海与一山东渔船发生纠纷,11,False,False,0.0,0.1,0.14285714285714285,0.1210149642160052,-0.18505859375,0.0,0.0,0.0,0.0,0,,唐山乐艇一船队在渤海与山东渔船发生纠纷
383,唐山乐亭一船队在渤海与一山东渔船发生纠纷,12,False,False,0.0,0.1,0.14285714285714285,0.04424202992843201,-0.1922607421875,0.0,0.0,0.0,0.0,0,,唐山乐庭一船队在渤海与山东渔船发生纠纷
383,唐山乐亭一船队在渤海与一山东渔船发生纠纷,13,False,False,1.0,0.05,0.0,0.04163955757970072,-0.1925048828125,0.0,0.0,0.0,0.0,0,,唐山乐亭一船队在渤海一山东渔船发生纠纷
383,唐山乐亭一船队在渤海与一山东渔船发生纠纷,14,False,False,0.0,0.1,0.14285714285714285,0.0,-0.1964111328125,0.0,0.0,0.0,0.0,0,,唐山乐亭1船队在渤海与1山东渔船发生纠纷
384,与韩国西海相连的中国渤海湾由于垃圾堆积,1,True,False,1.0,0.10526315789473684,0.0,1.0,-0.022430419921875,0.0,0.0,0.0,0.0,0,,与韩国西海相连的中国渤海湾由于垃圾追击
384,与韩国西海相连的中国渤海湾由于垃圾堆积,2,False,True,1.0,0.0,0.0,0.7236683330460265,-0.07135009765625,0.0,0.0,0.0,0.0,0,,与韩国西海相连的中国渤海湾由于垃圾堆积
384,与韩国西海相连的中国渤海湾由于垃圾堆积,3,False,False,1.0,0.10526315789473684,0.0,0.3295983451129116,-0.14111328125,0.0,0.0,0.0,0.0,0,,与韩国西海相连的中国渤海湾由于垃圾坠机
384,与韩国西海相连的中国渤海湾由于垃圾堆积,4,False,False,0.0,0.15789473684210525,0.3333333333333333,0.30615411136011034,-0.145263671875,0.0,0.0,0.0,0.0,0,,与韩国西海相连的中国博海湾由于垃圾追击
384,与韩国西海相连的中国渤海湾由于垃圾堆积,5,False,False,0.0,0.05263157894736842,0.3333333333333333,0.0,-0.199462890625,0.0,0.0,0.0,0.0,0,,与韩国西海相连的中国博海湾由于垃圾堆积
385,有人忧虑渤海湾的污染会直接影响到韩国西部海域,1,True,True,1.0,0.0,0.0,1.0,-0.03900146484375,0.0,0.0,0.0,0.0,0,,有人忧虑渤海湾的污染会直接影响到韩国西部海域
385,有人忧虑渤海湾的污染会直接影响到韩国西部海域,2,False,False,0.0,0.045454545454545456,0.3333333333333333,0.263234579893152,-0.131591796875,0.0,0.0,0.0,0.0,0,,有人忧虑博海湾的污染会直接影响到韩国西部海域
385,有人忧虑渤海湾的污染会直接影响到韩国西部海域,3,False,False,1.0,0.045454545454545456,0.0,0.0,-0.1646728515625,0.0,0.0,0.0,0.0,0,,有人忧虑渤海湾的污染会直接影响到韩国的西部海域
386,渤海湾溢油事故赔偿案宣判康菲公司被判赔一六八万,1,True,False,1.0,0.30434782608695654,0.0,1.0,-0.09564208984375,0.0,0.0,0.0,0.0,0,,渤海湾一游事故赔偿案宣布康飞公司被判赔168万
386,渤海湾溢油事故赔偿案宣判康菲公司被判赔一六八万,2,False,True,1.0,0.2608695652173913,0.0,0.6853637160385626,-0.1175537109375,0.0,0.0,0.0,0.0,0,,渤海湾一油事故赔偿案宣布康飞公司被判赔168万
386,渤海湾溢油事故赔偿案宣判康菲公司被判赔一六八万,3,False,False,1.0,0.5217391304347826,0.0,0.48378615249780893,-0.131591796875,0.0,0.0,0.0,0.0,0,,渤海湾一游事故赔偿案宣布康飞公司被判赔1680000元
386,渤海湾溢油事故赔偿案宣判康菲公司被判赔一六八万,4,False,False,1.0,0.4782608695652174,0.0,0.3102541630148992,-0.1436767578125,0.0,0.0,0.0,0.0,0,,渤海湾一油事故赔偿案宣布康飞公司被判赔1680000元
386,渤海湾溢油事故赔偿案宣判康菲公司被判赔一六八万,5,False,False,1.0,0.30434782608695654,0.0,0.24890446976336547,-0.14794921875,0.0,0.0,0.0,0.0,0,,渤海湾异游事故赔偿案宣布康飞公司被判赔168万
386,渤海湾溢油事故赔偿案宣判康菲公司被判赔一六八万,6,False,False,0.0,0.30434782608695654,0.3333333333333333,0.21560035056967572,-0.1502685546875,0.0,0.0,0.0,0.0,0,,渤海万一油事故赔偿案宣布康飞公司被判赔168万
386,渤海湾溢油事故赔偿案宣判康菲公司被判赔一六八万,7,False,False,1.0,0.2608695652173913,0.0,0.06485539000876424,-0.1607666015625,0.0,0.0,0.0,0.0,0,,渤海湾易油事故赔偿案宣布康飞公司被判赔168万
386,渤海湾溢油事故赔偿案宣判康菲公司被判赔一六八万,8,False,False,1.0,0.30434782608695654,0.0,0.019281332164767746,-0.1639404296875,0.0,0.0,0.0,0.0,0,,渤海湾义游事故赔偿案宣布康飞公司被判赔168万
386,渤海湾溢油事故赔偿案宣判康菲公司被判赔一六八万,9,False,False,0.0,0.34782608695652173,0.6666666666666666,0.0,-0.165283203125,0.0,0.0,0.0,0.0,0,,博海万一油事故赔偿案宣布康飞公司被判赔168万
387,温岭倒塌厂房系违章建筑涉事负责人已被控制,1,True,False,0.0,0.15,0.5,1.0,-0.057586669921875,0.0,0.0,0.0,0.0,0,,温灵倒塌厂房系违章建筑设施负责人已被控制
387,温岭倒塌厂房系违章建筑涉事负责人已被控制,2,False,False,0.0,0.15,0.5,0.8572975900352018,-0.07366943359375,0.0,0.0,0.0,0.0,0,,温陵倒塌厂房系违章建筑设施负责人已被控制
387,温岭倒塌厂房系违章建筑涉事负责人已被控制,3,False,True,1.0,0.1,0.0,0.8199295965339832,-0.077880859375,0.0,0.0,0.0,0.0,0,,温岭倒塌厂房系违章建筑设施负责人已被控制
387,温岭倒塌厂房系违章建筑涉事负责人已被控制,4,False,False,0.0,0.15,0.5,0.40888166802057946,-0.12420654296875,0.0,0.0,0.0,0.0,0,,温领倒塌厂房系违章建筑设施负责人已被控制
387,温岭倒塌厂房系违章建筑涉事负责人已被控制,5,False,False,0.0,0.15,0.5,0.40779853777416736,-0.12432861328125,0.0,0.0,0.0,0.0,0,,温宁倒塌厂房系违章建筑设施负责人已被控制
387,温岭倒塌厂房系违章建筑涉事负责人已被控制,6,False,False,0.0,0.15,0.5,0.4072569726509613,-0.1243896484375,0.0,0.0,0.0,0.0,0,,温林倒塌厂房系违章建筑设施负责人已被控制
387,温岭倒塌厂房系违章建筑涉事负责人已被控制,7,False,False,0.0,0.15,0.5,0.3466016788518819,-0.1312255859375,0.0,0.0,0.0,0.0,0,,温零倒塌厂房系违章建筑设施负责人已被控制
387,温岭倒塌厂房系违章建筑涉事负责人已被控制,8,False,False,0.0,0.15,0.5,0.1743839696723531,-0.150634765625,0.0,0.0,0.0,0.0,0,,温凌倒塌厂房系违章建筑设施负责人已被控制
387,温岭倒塌厂房系违章建筑涉事负责人已被控制,9,False,False,0.0,0.05,0.5,0.12455997833739507,-0.15625,0.0,0.0,0.0,0.0,0,,温灵倒塌厂房系违章建筑涉事负责人已被控制
387,温岭倒塌厂房系违章建筑涉事负责人已被控制,10,False,False,0.0,0.2,0.5,0.1115624153804495,-0.15771484375,0.0,0.0,0.0,0.0,0,,温灵倒塌厂房戏违章建筑设施负责人已被控制
387,温岭倒塌厂房系违章建筑涉事负责人已被控制,11,False,False,0.0,0.2,0.5,0.11047928513403736,-0.1578369140625,0.0,0.0,0.0,0.0,0,,温灵倒塌厂房细违章建筑设施负责人已被控制
387,温岭倒塌厂房系违章建筑涉事负责人已被控制,12,False,False,0.0,0.05,0.5,0.0,-0.1702880859375,0.0,0.0,0.0,0.0,0,,温陵倒塌厂房系违章建筑涉事负责人已被控制
388,浙江温岭市大溪镇发生鞋厂厂房倒塌事故,1,True,False,0.0,0.2222222222222222,0.5,1.0,-0.0787353515625,0.0,0.0,0.0,0.0,0,,浙江温陵市大西镇发生斜场厂房倒塌事故
388,浙江温岭市大溪镇发生鞋厂厂房倒塌事故,2,False,False,0.0,0.16666666666666666,0.5,0.84375,-0.0946044921875,0.0,0.0,0.0,0.0,0,,浙江温陵市大溪镇发生斜场厂房倒塌事故
388,浙江温岭市大溪镇发生鞋厂厂房倒塌事故,3,False,False,0.0,0.1111111111111111,0.5,0.7932692307692307,-0.0997314453125,0.0,0.0,0.0,0.0,0,,浙江温陵市大西镇发生鞋厂厂房倒塌事故
388,浙江温岭市大溪镇发生鞋厂厂房倒塌事故,4,False,False,0.0,0.16666666666666666,0.5,0.7518028846153846,-0.10394287109375,0.0,0.0,0.0,0.0,0,,浙江温陵市大西镇发生协厂厂房倒塌事故
388,浙江温岭市大溪镇发生鞋厂厂房倒塌事故,5,False,False,0.0,0.05555555555555555,0.5,0.5594951923076923,-0.12347412109375,0.0,0.0,0.0,0.0,0,,浙江温陵市大溪镇发生鞋厂厂房倒塌事故
388,浙江温岭市大溪镇发生鞋厂厂房倒塌事故,6,False,False,0.0,0.1111111111111111,0.5,0.42908653846153844,-0.13671875,0.0,0.0,0.0,0.0,0,,浙江温陵市大溪镇发生协厂厂房倒塌事故
388,浙江温岭市大溪镇发生鞋厂厂房倒塌事故,7,False,False,0.0,0.2777777777777778,0.5,0.1971153846153846,-0.1602783203125,0.0,0.0,0.0,0.0,0,,浙江温陵市大西镇发生斜场场房倒塌事故
388,浙江温岭市大溪镇发生鞋厂厂房倒塌事故,8,False,False,0.0,0.2222222222222222,0.5,0.15985576923076922,-0.1640625,0.0,0.0,0.0,0.0,0,,浙江温陵市大溪镇发生斜场场房倒塌事故
388,浙江温岭市大溪镇发生鞋厂厂房倒塌事故,9,False,False,1.0,0.16666666666666666,0.0,0.10576923076923077,-0.1695556640625,0.0,0.0,0.0,0.0,0,,浙江温岭市大西镇发生斜场厂房倒塌事故
388,浙江温岭市大溪镇发生鞋厂厂房倒塌事故,10,False,False,0.0,0.2222222222222222,0.5,0.040865384615384616,-0.1761474609375,0.0,0.0,0.0,0.0,0,,浙江温陵市大西镇发生歇场厂房倒塌事故
388,浙江温岭市大溪镇发生鞋厂厂房倒塌事故,11,False,True,1.0,0.1111111111111111,0.0,0.039663461538461536,-0.17626953125,0.0,0.0,0.0,0.0,0,,浙江温岭市大溪镇发生斜场厂房倒塌事故
388,浙江温岭市大溪镇发生鞋厂厂房倒塌事故,12,False,False,0.0,0.16666666666666666,0.5,0.026442307692307692,-0.1776123046875,0.0,0.0,0.0,0.0,0,,浙江温陵市大西镇发生斜厂厂房倒塌事故
388,浙江温岭市大溪镇发生鞋厂厂房倒塌事故,13,False,False,0.0,0.2222222222222222,0.5,0.0,-0.1802978515625,0.0,0.0,0.0,0.0,0,,浙江温陵市大西镇发生协场厂房倒塌事故
389,温岭医院助理殴打女病人五年后提拔为副院长,1,True,True,0.0,0.05,0.5,1.0,-0.0714111328125,0.0,0.0,0.0,0.0,0,,温灵医院助理殴打女病人五年后提拔为副院长
389,温岭医院助理殴打女病人五年后提拔为副院长,2,False,False,0.0,0.1,0.5,0.8759864712514093,-0.0848388671875,0.0,0.0,0.0,0.0,0,,温灵医院助理殴打女病人5年后提拔为副院长
389,温岭医院助理殴打女病人五年后提拔为副院长,3,False,False,0.0,0.05,0.5,0.5777903043968433,-0.11712646484375,0.0,0.0,0.0,0.0,0,,温陵医院助理殴打女病人五年后提拔为副院长
389,温岭医院助理殴打女病人五年后提拔为副院长,4,False,False,0.0,0.1,0.5,0.43968432919954903,-0.132080078125,0.0,0.0,0.0,0.0,0,,温陵医院助理殴打女病人5年后提拔为副院长
389,温岭医院助理殴打女病人五年后提拔为副院长,5,False,False,0.0,0.05,0.5,0.0,-0.1796875,0.0,0.0,0.0,0.0,0,,温宁医院助理殴打女病人五年后提拔为副院长
390,此关于滕灵方此后晋升为副院长一事,1,True,False,0.0,0.3125,0.6666666666666666,1.0,-0.142822265625,0.0,0.0,0.0,0.0,0,,此官于滕凌芳此后继承为副院长一事
390,此关于滕灵方此后晋升为副院长一事,2,False,False,0.0,0.25,0.6666666666666666,0.6903485254691689,-0.1710205078125,0.0,0.0,0.0,0.0,0,,此关于滕凌芳此后继承为副院长一事
390,此关于滕灵方此后晋升为副院长一事,3,False,False,0.0,0.375,1.0,0.596514745308311,-0.1795654296875,0.0,0.0,0.0,0.0,0,,此官于藤陵芳此后继承为副院长一事
390,此关于滕灵方此后晋升为副院长一事,4,False,False,0.0,0.3125,0.6666666666666666,0.5777479892761395,-0.1812744140625,0.0,0.0,0.0,0.0,0,,此官于滕陵芳此后继承为副院长一事
390,此关于滕灵方此后晋升为副院长一事,5,False,False,0.0,0.375,0.6666666666666666,0.5348525469168901,-0.1851806640625,0.0,0.0,0.0,0.0,0,,此官于滕凌芳此后继承为副院长一世
390,此关于滕灵方此后晋升为副院长一事,6,False,True,0.0,0.1875,0.3333333333333333,0.2131367292225201,-0.2144775390625,0.0,0.0,0.0,0.0,0,,此关于滕灵芳此后继承为副院长一事
390,此关于滕灵方此后晋升为副院长一事,7,False,False,0.0,0.4375,1.0,0.1675603217158177,-0.2186279296875,0.0,0.0,0.0,0.0,0,,此官于藤陵芳此后继承为副院长一世
390,此关于滕灵方此后晋升为副院长一事,8,False,False,0.0,0.375,0.6666666666666666,0.13672922252010725,-0.221435546875,0.0,0.0,0.0,0.0,0,,此官于滕陵芳此后继承为副院长一世
390,此关于滕灵方此后晋升为副院长一事,9,False,False,0.0,0.4375,1.0,0.1193029490616622,-0.2230224609375,0.0,0.0,0.0,0.0,0,,此官于藤陵芳子后继承为副院长一事
390,此关于滕灵方此后晋升为副院长一事,10,False,False,0.0,0.375,0.6666666666666666,0.0,-0.23388671875,0.0,0.0,0.0,0.0,0,,此官于滕凌芳子后继承为副院长一事
391,该医院党委书记杨幼萍向晚报记者表示,1,True,False,0.0,0.11764705882352941,0.6666666666666666,1.0,-0.04241943359375,0.0,0.0,0.0,0.0,0,,该医院党委书记杨又平向晚报记者表示
391,该医院党委书记杨幼萍向晚报记者表示,2,False,False,0.0,0.11764705882352941,0.6666666666666666,0.45122338735303463,-0.1478271484375,0.0,0.0,0.0,0.0,0,,该医院党委书记杨佑平向晚报记者表示
391,该医院党委书记杨幼萍向晚报记者表示,3,False,False,0.0,0.11764705882352941,0.6666666666666666,0.20591039084842708,-0.1949462890625,0.0,0.0,0.0,0.0,0,,该医院党委书记杨右平向晚报记者表示
391,该医院党委书记杨幼萍向晚报记者表示,4,False,True,0.0,0.058823529411764705,0.3333333333333333,0.0,-0.2344970703125,0.0,0.0,0.0,0.0,0,,该医院党委书记杨幼平向晚报记者表示
392,这个数据不及苹果的1个季度,1,True,False,1.0,0.15384615384615385,0.0,1.0,-0.12451171875,0.0,0.0,0.0,0.0,0,,这个数据不及苹果的1个记录
392,这个数据不及苹果的1个季度,2,False,True,1.0,0.0,0.0,0.9131455399061033,-0.1290283203125,0.0,0.0,0.0,0.0,0,,这个数据不及苹果的1个季度
392,这个数据不及苹果的1个季度,3,False,False,1.0,0.15384615384615385,0.0,0.0,-0.176513671875,0.0,0.0,0.0,0.0,0,,这个数据不及苹果的1个纪录
393,因此不能表示苹果没有新的业务增长点,1,True,True,1.0,0.0,0.0,1.0,-0.00984954833984375,0.0,0.0,0.0,0.0,0,,因此不能表示苹果没有新的业务增长点
393,因此不能表示苹果没有新的业务增长点,2,False,False,1.0,0.11764705882352941,0.0,0.2863320221938576,-0.2188720703125,0.0,0.0,0.0,0.0,0,,因此不能表示苹果没有新的业务登场点
393,因此不能表示苹果没有新的业务增长点,3,False,False,1.0,0.058823529411764705,0.0,0.0,-0.302734375,0.0,0.0,0.0,0.0,0,,因此不能表示苹果没有新业务增长点
394,本报记者纪佳鹏北京报道北京时间8月12日,1,True,True,0.0,0.05,0.3333333333333333,1.0,-0.1300048828125,0.0,0.0,0.0,0.0,0,,本报记者纪家鹏北京报道北京时间8月12日
394,本报记者纪佳鹏北京报道北京时间8月12日,2,False,False,0.0,0.1,0.6666666666666666,0.8604954367666232,-0.14306640625,0.0,0.0,0.0,0.0,0,,本报记者季家鹏北京报道北京时间8月12日
394,本报记者纪佳鹏北京报道北京时间8月12日,3,False,False,0.0,0.1,0.3333333333333333,0.38722294654498046,-0.1873779296875,0.0,0.0,0.0,0.0,0,,本报记者纪家鹏北京报导北京时间8月12日
394,本报记者纪佳鹏北京报道北京时间8月12日,4,False,False,0.0,0.15,0.6666666666666666,0.34028683181225555,-0.1917724609375,0.0,0.0,0.0,0.0,0,,本报记者季家鹏北京报导北京时间8月12日
394,本报记者纪佳鹏北京报道北京时间8月12日,5,False,False,0.0,0.05,0.3333333333333333,0.0,-0.2236328125,0.0,0.0,0.0,0.0,0,,本报记者纪嘉鹏北京报道北京时间8月12日
395,作为科技股领头羊的苹果股价当天下挫2,1,True,False,1.0,0.05555555555555555,0.0,1.0,-0.0499267578125,0.0,0.0,0.0,0.0,0,,作为科技股领头羊的苹果股价当天下脱2
395,作为科技股领头羊的苹果股价当天下挫2,2,False,False,1.0,0.05555555555555555,0.0,0.3570731707317073,-0.13037109375,0.0,0.0,0.0,0.0,0,,作为科技股领头羊的苹果股价当天下坡2
395,作为科技股领头羊的苹果股价当天下挫2,3,False,False,1.0,0.05555555555555555,0.0,0.08878048780487804,-0.1639404296875,0.0,0.0,0.0,0.0,0,,作为科技股领头羊的苹果股价当天下坠2
395,作为科技股领头羊的苹果股价当天下挫2,4,False,True,1.0,0.0,0.0,0.06829268292682927,-0.16650390625,0.0,0.0,0.0,0.0,0,,作为科技股领头羊的苹果股价当天下挫2
395,作为科技股领头羊的苹果股价当天下挫2,5,False,False,1.0,0.05555555555555555,0.0,0.00878048780487805,-0.1739501953125,0.0,0.0,0.0,0.0,0,,作为科技股领头羊的苹果股价当天下拖2
395,作为科技股领头羊的苹果股价当天下挫2,6,False,False,1.0,0.05555555555555555,0.0,0.0,-0.175048828125,0.0,0.0,0.0,0.0,0,,作为科技股领头羊的苹果股价当天下跌2
396,苹果股票每分钟交易量已超过六百七十万股,1,True,False,1.0,0.21052631578947367,0.0,1.0,-0.0213623046875,0.0,0.0,0.0,0.0,0,,苹果股票每分钟交易量已超过670万股
396,苹果股票每分钟交易量已超过六百七十万股,2,False,False,1.0,1.263157894736842,0.0,0.4634799235181644,-0.192626953125,0.0,0.0,0.0,0.0,0,,苹果股票每分钟交易量已超过670万股请不吝点赞订阅转发打赏支持明镜与点点栏目
396,苹果股票每分钟交易量已超过六百七十万股,3,False,False,1.0,0.2631578947368421,0.0,0.35946462715105165,-0.225830078125,0.0,0.0,0.0,0.0,0,,苹果股票每分中交易量已超过670万股
396,苹果股票每分钟交易量已超过六百七十万股,4,False,False,1.0,2.0526315789473686,0.0,0.2118546845124283,-0.27294921875,0.0,0.0,0.0,0.0,0,,苹果股票每分钟交易量已超过670万股优优独播剧场YoYoTelevisionSeriesExclusive
396,苹果股票每分钟交易量已超过六百七十万股,5,False,True,1.0,0.0,0.0,0.16290630975143403,-0.28857421875,0.0,0.0,0.0,0.0,0,,苹果股票每分钟交易量已超过六百七十万股
396,苹果股票每分钟交易量已超过六百七十万股,6,False,False,1.0,0.2631578947368421,0.0,0.08795411089866156,-0.3125,0.0,0.0,0.0,0.0,0,,苹果股票每分钟的交易量已超过670万股
396,苹果股票每分钟交易量已超过六百七十万股,7,False,False,1.0,0.3157894736842105,0.0,0.0,-0.340576171875,0.0,0.0,0.0,0.0,0,,苹果股票美分中交易量已超过670万股
397,瞬间将苹果估价拉低了至少6,1,True,True,1.0,0.0,0.0,1.0,-0.0247344970703125,0.0,0.0,0.0,0.0,0,,瞬间将苹果估价拉低了至少6
397,瞬间将苹果估价拉低了至少6,2,False,False,1.0,0.07692307692307693,0.0,0.013868998266375217,-0.224365234375,0.0,0.0,0.0,0.0,0,,瞬间将苹果股价拉低了至少6
397,瞬间将苹果估价拉低了至少6,3,False,False,1.0,0.07692307692307693,0.0,0.0,-0.2271728515625,0.0,0.0,0.0,0.0,0,,瞬间将苹果估价拉低至少6
399,苹果股价一度每分钟跌幅已破3,1,True,True,1.0,0.0,0.0,1.0,-0.0167083740234375,0.0,0.0,0.0,0.0,0,,苹果股价一度每分钟跌幅已破3
399,苹果股价一度每分钟跌幅已破3,2,False,False,1.0,0.07142857142857142,0.0,0.42144131946581326,-0.16015625,0.0,0.0,0.0,0.0,0,,苹果股价1度每分钟跌幅已破3
399,苹果股价一度每分钟跌幅已破3,3,False,False,1.0,0.2857142857142857,0.0,0.0,-0.2646484375,0.0,0.0,0.0,0.0,0,,苹果股价一度每分钟跌幅已破三分之三
400,此举或与摩根士丹利下调苹果股票持股比例有关,1,True,False,1.0,0.19047619047619047,0.0,1.0,-0.0718994140625,0.0,0.0,0.0,0.0,0,,此举或与摩根市单例下条苹果股票持股比例有关
400,此举或与摩根士丹利下调苹果股票持股比例有关,2,False,False,1.0,0.14285714285714285,0.0,0.8789954337899544,-0.078369140625,0.0,0.0,0.0,0.0,0,,此举或与摩根市单例下调苹果股票持股比例有关
400,此举或与摩根士丹利下调苹果股票持股比例有关,3,False,False,1.0,0.19047619047619047,0.0,0.3527397260273973,-0.10650634765625,0.0,0.0,0.0,0.0,0,,此举或与摩根式单例下条苹果股票持股比例有关
400,此举或与摩根士丹利下调苹果股票持股比例有关,4,False,False,1.0,0.14285714285714285,0.0,0.2465753424657534,-0.1121826171875,0.0,0.0,0.0,0.0,0,,此举或与摩根士单例下条苹果股票持股比例有关
400,此举或与摩根士丹利下调苹果股票持股比例有关,5,False,False,1.0,0.19047619047619047,0.0,0.2465753424657534,-0.1121826171875,0.0,0.0,0.0,0.0,0,,此举或与摩根氏单例下条苹果股票持股比例有关
400,此举或与摩根士丹利下调苹果股票持股比例有关,6,False,False,1.0,0.14285714285714285,0.0,0.2454337899543379,-0.11224365234375,0.0,0.0,0.0,0.0,0,,此举或与摩根式单例下调苹果股票持股比例有关
400,此举或与摩根士丹利下调苹果股票持股比例有关,7,False,True,1.0,0.09523809523809523,0.0,0.11187214611872145,-0.119384765625,0.0,0.0,0.0,0.0,0,,此举或与摩根士单例下调苹果股票持股比例有关
400,此举或与摩根士丹利下调苹果股票持股比例有关,8,False,False,1.0,0.14285714285714285,0.0,0.0,-0.1253662109375,0.0,0.0,0.0,0.0,0,,此举或与摩根氏单例下调苹果股票持股比例有关
401,同时将苹果持股比例由4下调至3,1,True,True,1.0,0.0,0.0,1.0,-0.04046630859375,0.0,0.0,0.0,0.0,0,,同时将苹果持股比例由4下调至3
401,同时将苹果持股比例由4下调至3,2,False,False,1.0,0.06666666666666667,0.0,0.2619712261112304,-0.250244140625,0.0,0.0,0.0,0.0,0,,同时将苹果持股比例有4下调至3
401,同时将苹果持股比例由4下调至3,3,False,False,1.0,0.06666666666666667,0.0,0.06098346575048314,-0.307373046875,0.0,0.0,0.0,0.0,0,,同时将苹果持股比率由4下调至3
401,同时将苹果持股比例由4下调至3,4,False,False,1.0,0.06666666666666667,0.0,0.0,-0.32470703125,0.0,0.0,0.0,0.0,0,,同时将苹果持股比例由4下调制3
402,苹果领头的股价闪崩原因可能比想象中的更为复杂,1,True,True,1.0,0.0,0.0,1.0,-0.0178985595703125,0.0,0.0,0.0,0.0,0,,苹果领头的股价闪崩原因可能比想象中的更为复杂
402,苹果领头的股价闪崩原因可能比想象中的更为复杂,2,False,False,1.0,0.045454545454545456,0.0,0.20264243036270302,-0.1624755859375,0.0,0.0,0.0,0.0,0,,苹果领头的股价闪崩的原因可能比想象中的更为复杂
402,苹果领头的股价闪崩原因可能比想象中的更为复杂,3,False,False,1.0,0.045454545454545456,0.0,0.12926028780610957,-0.17578125,0.0,0.0,0.0,0.0,0,,苹果顶头的股价闪崩原因可能比想象中的更为复杂
402,苹果领头的股价闪崩原因可能比想象中的更为复杂,4,False,False,1.0,0.045454545454545456,0.0,0.04914583859294791,-0.1903076171875,0.0,0.0,0.0,0.0,0,,苹果领头的股价散崩原因可能比想象中的更为复杂
402,苹果领头的股价闪崩原因可能比想象中的更为复杂,5,False,False,1.0,0.09090909090909091,0.0,0.03770091727678196,-0.1923828125,0.0,0.0,0.0,0.0,0,,苹果领头的骨架闪崩原因可能比想象中的更为复杂
402,苹果领头的股价闪崩原因可能比想象中的更为复杂,6,False,False,1.0,0.045454545454545456,0.0,0.0006732306656568207,-0.1990966796875,0.0,0.0,0.0,0.0,0,,苹果领头的股价闪崩原因可能比想象中更为复杂
402,苹果领头的股价闪崩原因可能比想象中的更为复杂,7,False,False,1.0,0.045454545454545456,0.0,0.0,-0.19921875,0.0,0.0,0.0,0.0,0,,苹果领头的股价闪崩原因可能比想像中的更为复杂
403,苹果股价闪崩只是正常股票套利的表现,1,True,True,1.0,0.0,0.0,1.0,-0.0249481201171875,0.0,0.0,0.0,0.0,0,,苹果股价闪崩只是正常股票套利的表现
403,苹果股价闪崩只是正常股票套利的表现,2,False,False,1.0,0.058823529411764705,0.0,0.2932403353862135,-0.1702880859375,0.0,0.0,0.0,0.0,0,,苹果股价闪崩只是正常股票透利的表现
403,苹果股价闪崩只是正常股票套利的表现,3,False,False,1.0,0.058823529411764705,0.0,0.24278400237441566,-0.1806640625,0.0,0.0,0.0,0.0,0,,苹果股价散崩只是正常股票套利的表现
403,苹果股价闪崩只是正常股票套利的表现,4,False,False,1.0,0.058823529411764705,0.0,0.23447354752541366,-0.182373046875,0.0,0.0,0.0,0.0,0,,苹果股价闪崩只是正常股票套利表现
403,苹果股价闪崩只是正常股票套利的表现,5,False,False,1.0,0.11764705882352941,0.0,0.021963344958076725,-0.22607421875,0.0,0.0,0.0,0.0,0,,苹果股价闪崩只是正常股票透力的表现
403,苹果股价闪崩只是正常股票套利的表现,6,False,False,1.0,0.11764705882352941,0.0,0.0,-0.2305908203125,0.0,0.0,0.0,0.0,0,,苹果股价闪崩只是正常股票透例的表现
404,苹果股价相较十月份低点已经上涨约25,1,True,False,1.0,0.1111111111111111,0.0,1.0,-0.0248565673828125,0.0,0.0,0.0,0.0,0,,苹果股价相较10月份低点已经上涨约25
404,苹果股价相较十月份低点已经上涨约25,2,False,False,1.0,0.1111111111111111,0.0,0.4752410524595522,-0.0738525390625,0.0,0.0,0.0,0.0,0,,苹果股价相较11月份低点已经上涨约25
404,苹果股价相较十月份低点已经上涨约25,3,False,True,1.0,0.0,0.0,0.0,-0.11822509765625,0.0,0.0,0.0,0.0,0,,苹果股价相较十月份低点已经上涨约25
405,纳斯达克在此期间只涨了十,1,True,False,0.0,0.25,0.25,1.0,-0.154541015625,0.0,0.0,0.0,0.0,0,,维斯达克在此期间只涨了10
405,纳斯达克在此期间只涨了十,2,False,False,0.0,0.3333333333333333,0.25,0.8147013782542113,-0.18408203125,0.0,0.0,0.0,0.0,0,,维斯达克在此期间只长了10
405,纳斯达克在此期间只涨了十,3,False,False,0.0,0.25,0.25,0.7373660030627871,-0.1964111328125,0.0,0.0,0.0,0.0,0,,威斯达克在此期间只涨了10
405,纳斯达克在此期间只涨了十,4,False,False,0.0,0.3333333333333333,0.25,0.6477794793261868,-0.210693359375,0.0,0.0,0.0,0.0,0,,威斯达克在此期间只长了10
405,纳斯达克在此期间只涨了十,5,False,True,0.0,0.08333333333333333,0.25,0.24042879019908117,-0.275634765625,0.0,0.0,0.0,0.0,0,,维斯达克在此期间只涨了十
405,纳斯达克在此期间只涨了十,6,False,False,0.0,0.16666666666666666,0.25,0.0,-0.31396484375,0.0,0.0,0.0,0.0,0,,维斯达克在此期间只长了十
406,苹果股票每分钟交易量已超过六十七万股,1,True,False,1.0,0.16666666666666666,0.0,1.0,-0.0157470703125,0.0,0.0,0.0,0.0,0,,苹果股票每分钟交易量已超过67万股
406,苹果股票每分钟交易量已超过六十七万股,2,False,True,1.0,0.0,0.0,0.543046357615894,-0.125244140625,0.0,0.0,0.0,0.0,0,,苹果股票每分钟交易量已超过六十七万股
406,苹果股票每分钟交易量已超过六十七万股,3,False,False,1.0,0.2222222222222222,0.0,0.0,-0.25537109375,0.0,0.0,0.0,0.0,0,,苹果股票每分钟的交易量已超过67万股
407,这不仅创下苹果公司自2014年,1,True,True,1.0,0.0,0.0,1.0,-0.0022525787353515625,0.0,0.0,0.0,0.0,0,,这不仅创下苹果公司自2014年
407,这不仅创下苹果公司自2014年,2,False,False,1.0,0.06666666666666667,0.0,0.16931284186107481,-0.401123046875,0.0,0.0,0.0,0.0,0,,这不仅创下苹果公司至2014年
407,这不仅创下苹果公司自2014年,3,False,False,1.0,0.06666666666666667,1.0,0.04423488661235288,-0.461181640625,0.0,0.0,0.0,0.0,0,,这不仅创下去苹果公司自2014年
407,这不仅创下苹果公司自2014年,4,False,False,1.0,0.06666666666666667,0.0,0.005084469725557802,-0.47998046875,0.0,0.0,0.0,0.0,0,,这不仅创夏苹果公司自2014年
407,这不仅创下苹果公司自2014年,5,False,False,1.0,0.06666666666666667,0.0,0.0,-0.482421875,0.0,0.0,0.0,0.0,0,,这不仅创建苹果公司自2014年
408,苹果背后那行字应该在每个中国人心里搜狐科技,1,True,True,1.0,0.0,0.0,1.0,-0.05126953125,0.0,0.0,0.0,0.0,0,,苹果背后那行字应该在每个中国人心里搜狐科技
408,苹果背后那行字应该在每个中国人心里搜狐科技,2,False,False,1.0,0.09523809523809523,0.0,0.39961636828644503,-0.1658935546875,0.0,0.0,0.0,0.0,0,,苹果背后那行字应该在每个中国人心里收获科技
408,苹果背后那行字应该在每个中国人心里搜狐科技,3,False,False,1.0,0.09523809523809523,0.0,0.1272378516624041,-0.2178955078125,0.0,0.0,0.0,0.0,0,,苹果背后那行字应该在每个中国人心里收回科技
408,苹果背后那行字应该在每个中国人心里搜狐科技,4,False,False,1.0,0.047619047619047616,0.0,0.09271099744245524,-0.2244873046875,0.0,0.0,0.0,0.0,0,,苹果背后那行字应该在每个中国人心里搜狐克技
408,苹果背后那行字应该在每个中国人心里搜狐科技,5,False,False,1.0,0.09523809523809523,0.0,0.0,-0.2421875,0.0,0.0,0.0,0.0,0,,苹果背后那行字应该在每个中国人心里收乎科技
409,翻译过来就是加利福尼亚苹果公司设计,1,True,True,1.0,0.0,0.0,1.0,-0.0185546875,0.0,0.0,0.0,0.0,0,,翻译过来就是加利福尼亚苹果公司设计
409,翻译过来就是加利福尼亚苹果公司设计,2,False,False,1.0,0.058823529411764705,0.0,0.41440080563947634,-0.1605224609375,0.0,0.0,0.0,0.0,0,,翻译过来就是伽利福尼亚苹果公司设计
409,翻译过来就是加利福尼亚苹果公司设计,3,False,False,1.0,0.11764705882352941,0.0,0.28348439073514603,-0.1922607421875,0.0,0.0,0.0,0.0,0,,翻译过来就是嘉丽福尼亚苹果公司设计
409,翻译过来就是加利福尼亚苹果公司设计,4,False,False,1.0,0.17647058823529413,0.0,0.2391742195367573,-0.2030029296875,0.0,0.0,0.0,0.0,0,,翻译过来就是嘉丽弗尼亚苹果公司设计
409,翻译过来就是加利福尼亚苹果公司设计,5,False,False,1.0,0.17647058823529413,0.0,0.22457200402819738,-0.20654296875,0.0,0.0,0.0,0.0,0,,翻译过来就是佳丽弗尼亚苹果公司设计
409,翻译过来就是加利福尼亚苹果公司设计,6,False,False,1.0,0.11764705882352941,0.0,0.20896273917421954,-0.2103271484375,0.0,0.0,0.0,0.0,0,,翻译过来就是佳丽福尼亚苹果公司设计
409,翻译过来就是加利福尼亚苹果公司设计,7,False,False,1.0,0.11764705882352941,0.0,0.17623363544813697,-0.21826171875,0.0,0.0,0.0,0.0,0,,翻译过来就是伽利弗尼亚苹果公司设计
409,翻译过来就是加利福尼亚苹果公司设计,8,False,False,1.0,0.058823529411764705,0.0,0.14501510574018128,-0.225830078125,0.0,0.0,0.0,0.0,0,,翻译过来就是佳利福尼亚苹果公司设计
409,翻译过来就是加利福尼亚苹果公司设计,9,False,False,1.0,0.058823529411764705,0.0,0.12437059415911379,-0.2308349609375,0.0,0.0,0.0,0.0,0,,翻译过来就是嘉利福尼亚苹果公司设计
409,翻译过来就是加利福尼亚苹果公司设计,10,False,False,1.0,0.11764705882352941,0.0,0.06092648539778449,-0.2462158203125,0.0,0.0,0.0,0.0,0,,翻译过来就是佳利弗尼亚苹果公司设计
409,翻译过来就是加利福尼亚苹果公司设计,11,False,False,1.0,0.058823529411764705,0.0,0.05488418932527694,-0.2476806640625,0.0,0.0,0.0,0.0,0,,翻译过来就是家利福尼亚苹果公司设计
409,翻译过来就是加利福尼亚苹果公司设计,12,False,False,1.0,0.058823529411764705,0.0,0.0,-0.260986328125,0.0,0.0,0.0,0.0,0,,翻译过来就是加力福尼亚苹果公司设计
410,像苹果这样在产品上强调在本国设计的很少,1,True,True,1.0,0.0,0.0,1.0,-0.051177978515625,0.0,0.0,0.0,0.0,0,,像苹果这样在产品上强调在本国设计的很少
410,像苹果这样在产品上强调在本国设计的很少,2,False,False,1.0,0.05263157894736842,0.0,0.4803364879074658,-0.1265869140625,0.0,0.0,0.0,0.0,0,,像苹果这样在产品上强调待本国设计的很少
410,像苹果这样在产品上强调在本国设计的很少,3,False,False,1.0,0.05263157894736842,0.0,0.476130389064143,-0.127197265625,0.0,0.0,0.0,0.0,0,,像苹果这样在产品上强调的本国设计的很少
410,像苹果这样在产品上强调在本国设计的很少,4,False,False,1.0,0.05263157894736842,0.0,0.19516298633017876,-0.16796875,0.0,0.0,0.0,0.0,0,,像苹果这样在产品上强调带本国设计的很少
410,像苹果这样在产品上强调在本国设计的很少,5,False,False,1.0,0.05263157894736842,0.0,0.10262881177707676,-0.181396484375,0.0,0.0,0.0,0.0,0,,像苹果这样在产品上强调戴本国设计的很少
410,像苹果这样在产品上强调在本国设计的很少,6,False,False,1.0,0.10526315789473684,0.0,0.09674027339642481,-0.1822509765625,0.0,0.0,0.0,0.0,0,,像苹果这样在产品上强调在本国涉及的很少
410,像苹果这样在产品上强调在本国设计的很少,7,False,False,1.0,0.05263157894736842,0.0,0.0,-0.1962890625,0.0,0.0,0.0,0.0,0,,像苹果这样的产品上强调在本国设计的很少
411,意大利选手弗菜戈也说我们在来里约之前,1,True,False,0.0,0.1111111111111111,0.6666666666666666,1.0,-0.216552734375,0.0,0.0,0.0,0.0,0,,意大利选手福泰戈也说我们在来里约之前
411,意大利选手弗菜戈也说我们在来里约之前,2,False,False,0.0,0.1111111111111111,0.6666666666666666,0.5392857142857143,-0.248046875,0.0,0.0,0.0,0.0,0,,意大利选手福塞戈也说我们在来里约之前
411,意大利选手弗菜戈也说我们在来里约之前,3,False,False,0.0,0.16666666666666666,1.0,0.37857142857142856,-0.259033203125,0.0,0.0,0.0,0.0,0,,意大利选手福塞哥也说我们在来里约之前
411,意大利选手弗菜戈也说我们在来里约之前,4,False,False,0.0,0.16666666666666666,1.0,0.3142857142857143,-0.263427734375,0.0,0.0,0.0,0.0,0,,意大利选手福泰哥也说我们在来里约之前
411,意大利选手弗菜戈也说我们在来里约之前,5,False,True,0.0,0.05555555555555555,0.3333333333333333,0.2785714285714286,-0.265869140625,0.0,0.0,0.0,0.0,0,,意大利选手弗塞戈也说我们在来里约之前
411,意大利选手弗菜戈也说我们在来里约之前,6,False,False,0.0,0.16666666666666666,0.6666666666666666,0.1392857142857143,-0.275390625,0.0,0.0,0.0,0.0,0,,意大利选手福泰戈也说我们在来礼约之前
411,意大利选手弗菜戈也说我们在来里约之前,7,False,False,0.0,0.16666666666666666,1.0,0.0,-0.284912109375,0.0,0.0,0.0,0.0,0,,意大利选手福蔡哥也说我们在来里约之前
412,北京市体育局副局长孙学才宣布比赛开幕,1,True,True,1.0,0.0,0.0,1.0,-0.03350830078125,0.0,0.0,0.0,0.0,0,,北京市体育局副局长孙学才宣布比赛开幕
412,北京市体育局副局长孙学才宣布比赛开幕,2,False,False,1.0,0.05555555555555555,0.0,0.5841990819038415,-0.1385498046875,0.0,0.0,0.0,0.0,0,,北京市体育局副局长孙学财宣布比赛开幕
412,北京市体育局副局长孙学才宣布比赛开幕,3,False,False,1.0,0.05555555555555555,0.0,0.4411693645808166,-0.1746826171875,0.0,0.0,0.0,0.0,0,,北京市体育局副局长孙学材宣布比赛开幕
412,北京市体育局副局长孙学才宣布比赛开幕,4,False,False,1.0,0.05555555555555555,0.0,0.43875332205846823,-0.17529296875,0.0,0.0,0.0,0.0,0,,北京市体育局副局长孙学台宣布比赛开幕
412,北京市体育局副局长孙学才宣布比赛开幕,5,False,False,1.0,0.05555555555555555,0.0,0.020294757187726505,-0.281005859375,0.0,0.0,0.0,0.0,0,,北京市体育局副局长孙雪才宣布比赛开幕
412,北京市体育局副局长孙学才宣布比赛开幕,6,False,False,1.0,0.05555555555555555,0.0,0.0,-0.2861328125,0.0,0.0,0.0,0.0,0,,北京市体育局副局长孙学杰宣布比赛开幕
413,并邀请京城排球界全部媒体参加报道,1,True,True,1.0,0.0,0.0,1.0,-0.01386260986328125,0.0,0.0,0.0,0.0,0,,并邀请京城排球界全部媒体参加报道
413,并邀请京城排球界全部媒体参加报道,2,False,False,1.0,0.0625,0.0,0.6256491989777693,-0.1177978515625,0.0,0.0,0.0,0.0,0,,并邀请京城排球界全部媒体参加报导
413,并邀请京城排球界全部媒体参加报道,3,False,False,0.0,1.25,1.0,0.4598939298178121,-0.163818359375,0.0,0.0,0.0,0.0,0,,请不吝点赞订阅转发打赏支持明镜与点点栏目
413,并邀请京城排球界全部媒体参加报道,4,False,False,1.0,0.0625,0.0,0.14421148086065236,-0.25146484375,0.0,0.0,0.0,0.0,0,,并邀请京城排球届全部媒体参加报道
413,并邀请京城排球界全部媒体参加报道,5,False,False,1.0,0.0625,0.0,0.07650243191998021,-0.270263671875,0.0,0.0,0.0,0.0,0,,并邀请京城排球界全部媒体参加报告
413,并邀请京城排球界全部媒体参加报道,6,False,False,0.0,0.0625,0.5,0.026380148937924213,-0.2841796875,0.0,0.0,0.0,0.0,0,,并邀请金城排球界全部媒体参加报道
413,并邀请京城排球界全部媒体参加报道,7,False,False,0.0,0.125,1.0,0.0,-0.29150390625,0.0,0.0,0.0,0.0,0,,并邀请今晨排球界全部媒体参加报道
414,因参演剧集僵而与陈嘉宝及赖慰玲成为好姐妹,1,True,False,0.0,0.3,0.5,1.0,-0.1448974609375,0.0,0.0,0.0,0.0,0,,因参演聚集江儿与陈家宝及赖卫龄成为好姐妹
414,因参演剧集僵而与陈嘉宝及赖慰玲成为好姐妹,2,False,False,0.0,0.3,0.5,0.8852459016393442,-0.15087890625,0.0,0.0,0.0,0.0,0,,因参演聚集江尔与陈家宝及赖卫龄成为好姐妹
414,因参演剧集僵而与陈嘉宝及赖慰玲成为好姐妹,3,False,False,0.0,0.3,0.5,0.8454332552693209,-0.1529541015625,0.0,0.0,0.0,0.0,0,,因参演聚集姜儿与陈家宝及赖卫龄成为好姐妹
414,因参演剧集僵而与陈嘉宝及赖慰玲成为好姐妹,4,False,False,0.0,0.3,0.5,0.6042154566744731,-0.16552734375,0.0,0.0,0.0,0.0,0,,因参演聚集姜儿与陈家宝及赖卫灵成为好姐妹
414,因参演剧集僵而与陈嘉宝及赖慰玲成为好姐妹,5,False,False,0.0,0.3,0.5,0.4847775175644028,-0.1717529296875,0.0,0.0,0.0,0.0,0,,因参演聚集江儿与陈家宝及赖卫灵成为好姐妹
414,因参演剧集僵而与陈嘉宝及赖慰玲成为好姐妹,6,False,True,0.0,0.25,0.5,0.4238875878220141,-0.1749267578125,0.0,0.0,0.0,0.0,0,,因参演聚集将而与陈家宝及赖卫龄成为好姐妹
414,因参演剧集僵而与陈嘉宝及赖慰玲成为好姐妹,7,False,False,0.0,0.3,0.5,0.4028103044496487,-0.176025390625,0.0,0.0,0.0,0.0,0,,因参演聚集江尔与陈家宝及赖卫灵成为好姐妹
414,因参演剧集僵而与陈嘉宝及赖慰玲成为好姐妹,8,False,False,0.0,0.35,0.5,0.00936768149882904,-0.196533203125,0.0,0.0,0.0,0.0,0,,应参演聚集姜儿与陈家宝及赖卫龄成为好姐妹
414,因参演剧集僵而与陈嘉宝及赖慰玲成为好姐妹,9,False,False,0.0,0.25,0.5,0.0,-0.197021484375,0.0,0.0,0.0,0.0,0,,因参演聚集将而与陈家宝及赖卫灵成为好姐妹
415,陈嘉宝昨天6月23日将大合照上传个人主页,1,True,True,0.0,0.05,0.3333333333333333,1.0,-0.08135986328125,0.0,0.0,0.0,0.0,0,,陈家宝昨天6月23日将大合照上传个人主页
415,陈嘉宝昨天6月23日将大合照上传个人主页,2,False,False,0.0,0.3,0.3333333333333333,0.0,-0.202392578125,0.0,0.0,0.0,0.0,0,,陈家宝昨天将大合照上传个人主页
416,除了看见陈嘉宝及赖慰玲外,1,True,False,0.0,0.25,0.5,1.0,-0.07391357421875,0.0,0.0,0.0,0.0,0,,除了看见陈家宝及赖卫林外
416,除了看见陈嘉宝及赖慰玲外,2,False,False,0.0,0.25,0.5,0.5085038916114154,-0.177978515625,0.0,0.0,0.0,0.0,0,,除了看见陈家宝及赖魏林外
416,除了看见陈嘉宝及赖慰玲外,3,False,False,0.0,0.25,0.5,0.4335543384260594,-0.19384765625,0.0,0.0,0.0,0.0,0,,除了看见陈家宝及赖卫领外
416,除了看见陈嘉宝及赖慰玲外,4,False,False,0.0,0.25,0.5,0.2905736523493802,-0.22412109375,0.0,0.0,0.0,0.0,0,,除了看见陈家宝及赖慧琳外
416,除了看见陈嘉宝及赖慰玲外,5,False,True,0.0,0.16666666666666666,0.3333333333333333,0.2825021620063419,-0.225830078125,0.0,0.0,0.0,0.0,0,,除了看见陈家宝及赖慧玲外
416,除了看见陈嘉宝及赖慰玲外,6,False,False,0.0,0.25,0.5,0.1856442778898818,-0.246337890625,0.0,0.0,0.0,0.0,0,,除了看见陈家宝及赖渭林外
416,除了看见陈嘉宝及赖慰玲外,7,False,False,0.0,0.25,0.5,0.04266359181320265,-0.276611328125,0.0,0.0,0.0,0.0,0,,除了看见陈家宝及赖卫年外
416,除了看见陈嘉宝及赖慰玲外,8,False,False,0.0,0.25,0.5,0.03689824156817527,-0.27783203125,0.0,0.0,0.0,0.0,0,,除了看见陈家宝及赖威林外
416,除了看见陈嘉宝及赖慰玲外,9,False,False,0.0,0.25,0.5,0.0,-0.28564453125,0.0,0.0,0.0,0.0,0,,除了看见陈家宝及赖卫宁外
417,亮点正是与陈凯琳互相了解中郑嘉颖也有出席,1,True,True,0.0,0.1,0.3333333333333333,1.0,-0.139892578125,0.0,0.0,0.0,0.0,0,,亮点正是与陈凯琳互相了解中郑嘉宜也有出息
417,亮点正是与陈凯琳互相了解中郑嘉颖也有出席,2,False,False,0.0,0.15,0.6666666666666666,0.6895368782161235,-0.1619873046875,0.0,0.0,0.0,0.0,0,,亮点正是与陈凯琳互相了解中郑佳怡也有出息
417,亮点正是与陈凯琳互相了解中郑嘉颖也有出席,3,False,False,0.0,0.15,0.3333333333333333,0.5385934819897084,-0.1727294921875,0.0,0.0,0.0,0.0,0,,亮点正是与陈凯林互相了解中郑嘉宜也有出息
417,亮点正是与陈凯琳互相了解中郑嘉颖也有出席,4,False,False,0.0,0.1,0.3333333333333333,0.5248713550600344,-0.1737060546875,0.0,0.0,0.0,0.0,0,,亮点正是与陈凯琳互相了解中郑嘉怡也有出息
417,亮点正是与陈凯琳互相了解中郑嘉颖也有出席,5,False,False,0.0,0.15,0.6666666666666666,0.3704974271012007,-0.1846923828125,0.0,0.0,0.0,0.0,0,,亮点正是与陈凯琳互相了解中郑佳仪也有出息
417,亮点正是与陈凯琳互相了解中郑嘉颖也有出席,6,False,False,0.0,0.2,0.3333333333333333,0.31217838765008576,-0.1888427734375,0.0,0.0,0.0,0.0,0,,亮点正是与陈恺林互相了解中郑嘉宜也有出息
417,亮点正是与陈凯琳互相了解中郑嘉颖也有出席,7,False,False,0.0,0.1,0.3333333333333333,0.2469982847341338,-0.1934814453125,0.0,0.0,0.0,0.0,0,,亮点正是与陈凯琳互相了解中郑嘉乙也有出息
417,亮点正是与陈凯琳互相了解中郑嘉颖也有出席,8,False,False,0.0,0.15,0.3333333333333333,0.10463121783876501,-0.20361328125,0.0,0.0,0.0,0.0,0,,亮点正是与陈凯玲互相了解中郑嘉宜也有出息
417,亮点正是与陈凯琳互相了解中郑嘉颖也有出席,9,False,False,0.0,0.2,0.6666666666666666,0.04288164665523156,-0.2080078125,0.0,0.0,0.0,0.0,0,,亮点正是与陈凯林互相了解中郑佳怡也有出息
417,亮点正是与陈凯琳互相了解中郑嘉颖也有出席,10,False,False,0.0,0.1,0.3333333333333333,0.0,-0.2110595703125,0.0,0.0,0.0,0.0,0,,亮点正是与陈凯琳互相了解中郑嘉仪也有出息
418,陈凯琳田心妮等出席新剧开机机仪式,1,True,False,1.0,0.125,0.0,1.0,-0.2197265625,0.0,0.0,0.0,0.0,0,,陈凯玲田心妮等出席新剧开机仪式
418,陈凯琳田心妮等出席新剧开机机仪式,2,False,True,1.0,0.0625,0.0,0.7668067226890757,-0.2332763671875,0.0,0.0,0.0,0.0,0,,陈凯琳田心妮等出席新剧开机仪式
418,陈凯琳田心妮等出席新剧开机机仪式,3,False,False,1.0,0.125,0.0,0.5294117647058824,-0.2470703125,0.0,0.0,0.0,0.0,0,,陈凯灵田心妮等出席新剧开机仪式
418,陈凯琳田心妮等出席新剧开机机仪式,4,False,False,1.0,0.1875,0.0,0.5105042016806722,-0.2481689453125,0.0,0.0,0.0,0.0,0,,陈恺霖田心妮等出席新剧开机仪式
418,陈凯琳田心妮等出席新剧开机机仪式,5,False,False,1.0,0.1875,0.0,0.18067226890756302,-0.267333984375,0.0,0.0,0.0,0.0,0,,陈恺龄田心妮等出席新剧开机仪式
418,陈凯琳田心妮等出席新剧开机机仪式,6,False,False,1.0,0.1875,0.0,0.10084033613445378,-0.27197265625,0.0,0.0,0.0,0.0,0,,陈恺灵田心妮等出席新剧开机仪式
418,陈凯琳田心妮等出席新剧开机机仪式,7,False,False,0.0,0.1875,0.3333333333333333,0.0546218487394958,-0.274658203125,0.0,0.0,0.0,0.0,0,,陈凯玲田馨妮等出席新剧开机仪式
418,陈凯琳田心妮等出席新剧开机机仪式,8,False,False,0.0,0.1875,0.3333333333333333,0.0,-0.27783203125,0.0,0.0,0.0,0.0,0,,陈凯玲田新妮等出席新剧开机仪式
419,谈及此前她曾到横店探班郑嘉颖,1,True,True,0.0,0.5714285714285714,1.0,1.0,-0.349609375,0.0,0.0,0.0,0.0,0,,谭吉此前他曾到恒电探班挣家瘾
419,谈及此前她曾到横店探班郑嘉颖,2,False,False,0.0,0.6428571428571429,1.0,0.8505747126436781,-0.3623046875,0.0,0.0,0.0,0.0,0,,谭吉此前他曾到恒电特班挣家瘾
419,谈及此前她曾到横店探班郑嘉颖,3,False,False,0.0,0.5714285714285714,1.0,0.5172413793103449,-0.390625,0.0,0.0,0.0,0.0,0,,谭吉此前他曾到恒电探班挣家银
419,谈及此前她曾到横店探班郑嘉颖,4,False,False,0.0,0.6428571428571429,1.0,0.39655172413793105,-0.40087890625,0.0,0.0,0.0,0.0,0,,谭吉此前他曾到恒电特班挣家银
419,谈及此前她曾到横店探班郑嘉颖,5,False,False,0.0,0.5714285714285714,1.0,0.3850574712643678,-0.40185546875,0.0,0.0,0.0,0.0,0,,谭吉此前他曾到恒殿探班挣家瘾
419,谈及此前她曾到横店探班郑嘉颖,6,False,False,0.0,0.5714285714285714,1.0,0.11206896551724138,-0.425048828125,0.0,0.0,0.0,0.0,0,,谭吉此前他曾到恒殿探班挣家银
419,谈及此前她曾到横店探班郑嘉颖,7,False,False,0.0,0.5714285714285714,1.0,0.0,-0.4345703125,0.0,0.0,0.0,0.0,0,,谭吉此前他曾到恒甸探班挣家银
420,昨晚张保仔播映大结局故演员齐集饭局以及庆祝,1,True,False,0.0,0.19047619047619047,0.6666666666666666,1.0,-0.14697265625,0.0,0.0,0.0,0.0,0,,昨晚张宝在播映大结局故演员棋局饭局以及庆祝
420,昨晚张保仔播映大结局故演员齐集饭局以及庆祝,2,False,False,0.0,0.19047619047619047,0.6666666666666666,0.8337349397590361,-0.163818359375,0.0,0.0,0.0,0.0,0,,昨晚张宝在播映大结局故演员提取饭局以及庆祝
420,昨晚张保仔播映大结局故演员齐集饭局以及庆祝,3,False,False,0.0,0.14285714285714285,0.6666666666666666,0.44216867469879517,-0.2034912109375,0.0,0.0,0.0,0.0,0,,昨晚张宝在播映大结局故演员齐举饭局以及庆祝
420,昨晚张保仔播映大结局故演员齐集饭局以及庆祝,4,False,False,0.0,0.19047619047619047,0.6666666666666666,0.40602409638554215,-0.2071533203125,0.0,0.0,0.0,0.0,0,,昨晚张宝在播映大结局故演员齐举饭举以及庆祝
420,昨晚张保仔播映大结局故演员齐集饭局以及庆祝,5,False,False,0.0,0.14285714285714285,0.6666666666666666,0.3132530120481928,-0.216552734375,0.0,0.0,0.0,0.0,0,,昨晚张宝在播映大结局故演员齐聚饭局以及庆祝
420,昨晚张保仔播映大结局故演员齐集饭局以及庆祝,6,False,False,0.0,0.19047619047619047,0.6666666666666666,0.3036144578313253,-0.217529296875,0.0,0.0,0.0,0.0,0,,昨晚张宝载播映大结局故演员棋局饭局以及庆祝
420,昨晚张保仔播映大结局故演员齐集饭局以及庆祝,7,False,False,0.0,0.23809523809523808,0.6666666666666666,0.29759036144578316,-0.2181396484375,0.0,0.0,0.0,0.0,0,,昨晚张宝在播映大结局顾演员棋局饭局以及庆祝
420,昨晚张保仔播映大结局故演员齐集饭局以及庆祝,8,False,True,0.0,0.14285714285714285,0.3333333333333333,0.25783132530120484,-0.22216796875,0.0,0.0,0.0,0.0,0,,昨晚张宝仔播映大结局故演员棋局饭局以及庆祝
420,昨晚张保仔播映大结局故演员齐集饭局以及庆祝,9,False,False,0.0,0.23809523809523808,0.6666666666666666,0.07349397590361446,-0.2408447265625,0.0,0.0,0.0,0.0,0,,昨晚张宝在播映大结局故演员棋局犯局以及庆祝
420,昨晚张保仔播映大结局故演员齐集饭局以及庆祝,10,False,False,0.0,0.2857142857142857,0.6666666666666666,0.0,-0.248291015625,0.0,0.0,0.0,0.0,0,,昨晚张宝在播映大结局故演员棋局饭局与其庆祝
421,一直传他跟洪永城不和,1,True,True,0.0,0.1,0.3333333333333333,1.0,-0.1871337890625,0.0,0.0,0.0,0.0,0,,一直传他跟洪永成不和
421,一直传他跟洪永城不和,2,False,False,0.0,0.1,0.3333333333333333,0.6658786446020488,-0.2388916015625,0.0,0.0,0.0,0.0,0,,一直传他跟洪永诚不和
421,一直传他跟洪永城不和,3,False,False,0.0,0.2,0.3333333333333333,0.45547675334909377,-0.271484375,0.0,0.0,0.0,0.0,0,,一直传他跟洪永诚不合
421,一直传他跟洪永城不和,4,False,False,0.0,0.2,0.3333333333333333,0.4318360914105595,-0.275146484375,0.0,0.0,0.0,0.0,0,,一直传他跟洪永成不合
421,一直传他跟洪永城不和,5,False,False,0.0,0.2,0.3333333333333333,0.25059101654846333,-0.30322265625,0.0,0.0,0.0,0.0,0,,一直传她跟洪永成不和
421,一直传他跟洪永城不和,6,False,False,0.0,0.2,0.3333333333333333,0.19227738376674547,-0.312255859375,0.0,0.0,0.0,0.0,0,,一直传她跟洪永诚不和
421,一直传他跟洪永城不和,7,False,False,0.0,0.3,0.3333333333333333,0.0,-0.342041015625,0.0,0.0,0.0,0.0,0,,一直传她跟洪永诚不合
422,温岭鞋厂倒塌事故已14人遇难鞋厂老板被控制,1,True,True,1.0,0.19047619047619047,0.0,1.0,-0.447998046875,0.0,0.0,0.0,0.0,0,,温岭鞋厂倒塌事故以疑似人遇难协厂老板被控制
422,温岭鞋厂倒塌事故已14人遇难鞋厂老板被控制,2,False,False,1.0,0.19047619047619047,0.0,0.7528089887640449,-0.464111328125,0.0,0.0,0.0,0.0,0,,温岭鞋厂倒塌事故疑似人遇难协厂老板被控制
422,温岭鞋厂倒塌事故已14人遇难鞋厂老板被控制,3,False,False,1.0,0.23809523809523808,0.0,0.6479400749063671,-0.470947265625,0.0,0.0,0.0,0.0,0,,温岭鞋厂倒塌事故以疑似人遇难秋千老板被控制
422,温岭鞋厂倒塌事故已14人遇难鞋厂老板被控制,4,False,False,1.0,0.19047619047619047,0.0,0.449438202247191,-0.48388671875,0.0,0.0,0.0,0.0,0,,温岭鞋厂倒塌事故以疑似人遇难血厂老板被控制
422,温岭鞋厂倒塌事故已14人遇难鞋厂老板被控制,5,False,False,1.0,0.23809523809523808,0.0,0.3333333333333333,-0.491455078125,0.0,0.0,0.0,0.0,0,,温岭鞋厂倒塌事故疑似人遇难秋千老板被控制
422,温岭鞋厂倒塌事故已14人遇难鞋厂老板被控制,6,False,False,1.0,0.19047619047619047,0.0,0.299625468164794,-0.49365234375,0.0,0.0,0.0,0.0,0,,温岭鞋厂倒塌事故以疑似人遇难鞮厂老板被控制
422,温岭鞋厂倒塌事故已14人遇难鞋厂老板被控制,7,False,False,1.0,0.19047619047619047,0.0,0.18726591760299627,-0.5009765625,0.0,0.0,0.0,0.0,0,,温岭鞋厂倒塌事故疑似人遇难鞮厂老板被控制
422,温岭鞋厂倒塌事故已14人遇难鞋厂老板被控制,8,False,False,1.0,0.19047619047619047,0.0,0.0898876404494382,-0.50732421875,0.0,0.0,0.0,0.0,0,,温岭鞋厂倒塌事故疑似人遇难鞬厂老板被控制
422,温岭鞋厂倒塌事故已14人遇难鞋厂老板被控制,9,False,False,1.0,0.23809523809523808,0.0,0.052434456928838954,-0.509765625,0.0,0.0,0.0,0.0,0,,温岭鞋厂倒塌事故以疑似人遇难血肠老板被控制
422,温岭鞋厂倒塌事故已14人遇难鞋厂老板被控制,10,False,False,1.0,0.19047619047619047,0.0,0.0,-0.51318359375,0.0,0.0,0.0,0.0,0,,温岭鞋厂倒塌事故疑似人遇难鞍厂老板被控制
423,新京报快讯记者杨锋7月4日下午四时零八分,1,True,False,0.5,0.2,0.2,1.0,-0.1666259765625,0.0,0.0,0.0,0.0,0,,新京报快讯记者杨峰7月4日下午4时8分
423,新京报快讯记者杨锋7月4日下午四时零八分,2,False,False,0.0,0.25,0.4,0.7171974522292993,-0.1937255859375,0.0,0.0,0.0,0.0,0,,新金报快讯记者杨峰7月4日下午4时8分
423,新京报快讯记者杨锋7月4日下午四时零八分,3,False,True,0.5,0.05,0.2,0.5312101910828025,-0.2115478515625,0.0,0.0,0.0,0.0,0,,新京报快讯记者杨峰7月4日下午四时零八分
423,新京报快讯记者杨锋7月4日下午四时零八分,4,False,False,0.5,0.25,0.2,0.24713375796178344,-0.23876953125,0.0,0.0,0.0,0.0,0,,新京报快讯记者杨峰7月4日下午40点8分
423,新京报快讯记者杨锋7月4日下午四时零八分,5,False,False,0.0,0.3,0.4,0.0,-0.262451171875,0.0,0.0,0.0,0.0,0,,新金报快讯记者杨峰7月4日下午40点8分
424,浙江台州温岭市一一零指挥中心接警称,1,True,True,1.0,0.17647058823529413,0.0,1.0,-0.1041259765625,0.0,0.0,0.0,0.0,0,,浙江台州温岭市110指挥中心接警称
424,浙江台州温岭市一一零指挥中心接警称,2,False,False,1.0,0.23529411764705882,0.0,0.6251455180442375,-0.1434326171875,0.0,0.0,0.0,0.0,0,,浙江台州温岭市110指挥中心接近称
424,浙江台州温岭市一一零指挥中心接警称,3,False,False,0.0,0.23529411764705882,0.5,0.3981373690337602,-0.167236328125,0.0,0.0,0.0,0.0,0,,浙江台州温林市110指挥中心接警称
424,浙江台州温岭市一一零指挥中心接警称,4,False,False,1.0,0.29411764705882354,0.0,0.3341094295692666,-0.1739501953125,0.0,0.0,0.0,0.0,0,,浙江台州温岭市110指挥中心街景称
424,浙江台州温岭市一一零指挥中心接警称,5,False,False,0.0,0.29411764705882354,0.5,0.027939464493597205,-0.2060546875,0.0,0.0,0.0,0.0,0,,浙江台州温林市110指挥中心接近称
424,浙江台州温岭市一一零指挥中心接警称,6,False,False,0.0,0.23529411764705882,0.5,0.0,-0.208984375,0.0,0.0,0.0,0.0,0,,浙江台州温陵市110指挥中心接警称
425,新京报记者从温岭市政府新闻办获悉,1,True,True,1.0,0.0,0.0,1.0,-0.0899658203125,0.0,0.0,0.0,0.0,0,,新京报记者从温岭市政府新闻办获悉
425,新京报记者从温岭市政府新闻办获悉,2,False,False,0.5,0.0625,0.2,0.16225749559082892,-0.2059326171875,0.0,0.0,0.0,0.0,0,,新京报记者从温顶市政府新闻办获悉
425,新京报记者从温岭市政府新闻办获悉,3,False,False,0.5,0.0625,0.2,0.1164021164021164,-0.2122802734375,0.0,0.0,0.0,0.0,0,,新京报记者从温点市政府新闻办获悉
425,新京报记者从温岭市政府新闻办获悉,4,False,False,0.5,0.0625,0.2,0.021164021164021163,-0.2254638671875,0.0,0.0,0.0,0.0,0,,新京报记者从温领市政府新闻办获悉
425,新京报记者从温岭市政府新闻办获悉,5,False,False,0.5,0.125,0.4,0.0008818342151675485,-0.228271484375,0.0,0.0,0.0,0.0,0,,新京报记者从瘟灵市政府新闻办获悉
425,新京报记者从温岭市政府新闻办获悉,6,False,False,0.5,0.0625,0.2,0.0,-0.2283935546875,0.0,0.0,0.0,0.0,0,,新京报记者从温陵市政府新闻办获悉
426,前往温州龙湾万达广场游玩的市民,1,True,True,1.0,0.0,0.0,1.0,-0.036651611328125,0.0,0.0,0.0,0.0,0,,前往温州龙湾万达广场游玩的市民
426,前往温州龙湾万达广场游玩的市民,2,False,False,1.0,0.06666666666666667,0.0,0.22453222453222454,-0.2073974609375,0.0,0.0,0.0,0.0,0,,前往汶州龙湾万达广场游玩的市民
426,前往温州龙湾万达广场游玩的市民,3,False,False,0.0,0.06666666666666667,0.5,0.16853776853776853,-0.2197265625,0.0,0.0,0.0,0.0,0,,前往温州隆湾万达广场游玩的市民
426,前往温州龙湾万达广场游玩的市民,4,False,False,1.0,0.06666666666666667,1.0,0.0,-0.2568359375,0.0,0.0,0.0,0.0,0,,往温州龙湾万达广场游玩的市民
427,温州网8月27日讯记者项锐见习记者黄梦思,1,True,False,0.0,0.15,1.0,1.0,-0.07318115234375,0.0,0.0,0.0,0.0,0,,温州网8月27日讯记者向瑞见习记者黄孟思
427,温州网8月27日讯记者项锐见习记者黄梦思,2,False,False,0.0,0.2,1.0,0.9468879668049792,-0.07708740234375,0.0,0.0,0.0,0.0,0,,温州网8月27日讯记者向瑞见习记者黄孟斯
427,温州网8月27日讯记者项锐见习记者黄梦思,3,False,True,0.0,0.1,1.0,0.537759336099585,-0.107177734375,0.0,0.0,0.0,0.0,0,,温州网8月27日讯记者向瑞见习记者黄梦思
427,温州网8月27日讯记者项锐见习记者黄梦思,4,False,False,0.0,0.2,1.0,0.053112033195020746,-0.142822265625,0.0,0.0,0.0,0.0,0,,温州网8月27日训记者向瑞见习记者黄孟思
427,温州网8月27日讯记者项锐见习记者黄梦思,5,False,False,0.0,0.25,1.0,0.0,-0.146728515625,0.0,0.0,0.0,0.0,0,,温州网8月27日训记者向瑞见习记者黄孟斯
428,金报讯记者蓝莹9月11日上午,1,True,False,0.0,0.21428571428571427,0.4,1.0,-0.281494140625,0.0,0.0,0.0,0.0,0,,京报讯记者蓝营9月1日上午
428,金报讯记者蓝莹9月11日上午,2,False,False,0.5,0.14285714285714285,0.2,0.8174386920980926,-0.2978515625,0.0,0.0,0.0,0.0,0,,京报讯记者蓝莹9月1日上午
428,金报讯记者蓝莹9月11日上午,3,False,False,0.0,0.14285714285714285,0.4,0.6076294277929155,-0.316650390625,0.0,0.0,0.0,0.0,0,,京报讯记者蓝营9月11日上午
428,金报讯记者蓝莹9月11日上午,4,False,False,0.0,0.21428571428571427,0.4,0.48501362397820164,-0.32763671875,0.0,0.0,0.0,0.0,0,,京报讯记者兰莹9月1日上午
428,金报讯记者蓝莹9月11日上午,5,False,False,0.5,0.07142857142857142,0.2,0.32697547683923706,-0.341796875,0.0,0.0,0.0,0.0,0,,京报讯记者蓝莹9月11日上午
428,金报讯记者蓝莹9月11日上午,6,False,False,0.0,0.14285714285714285,0.4,0.2016348773841962,-0.35302734375,0.0,0.0,0.0,0.0,0,,京报讯记者兰莹9月11日上午
428,金报讯记者蓝莹9月11日上午,7,False,True,1.0,0.07142857142857142,0.0,0.013623978201634877,-0.369873046875,0.0,0.0,0.0,0.0,0,,金报讯记者蓝莹9月1日上午
428,金报讯记者蓝莹9月11日上午,8,False,False,0.0,0.21428571428571427,0.4,0.0,-0.37109375,0.0,0.0,0.0,0.0,0,,京报讯记者蓝颖9月1日上午
429,温州一住持被免政协委员遭准儿媳举报娶妻开路虎,1,True,True,1.0,0.09090909090909091,0.0,1.0,-0.082763671875,0.0,0.0,0.0,0.0,0,,温州一住持背面政协委员遭准儿媳举报娶妻开路虎
429,温州一住持被免政协委员遭准儿媳举报娶妻开路虎,2,False,False,1.0,0.13636363636363635,0.0,0.6155143338954469,-0.110595703125,0.0,0.0,0.0,0.0,0,,温州一住持背面政协委员遭准儿媳举报娶妻开路户
429,温州一住持被免政协委员遭准儿媳举报娶妻开路虎,3,False,False,1.0,0.13636363636363635,0.0,0.3642495784148398,-0.1287841796875,0.0,0.0,0.0,0.0,0,,温州一住持背面政协委员遭准儿媳举报娶妻开陆虎
429,温州一住持被免政协委员遭准儿媳举报娶妻开路虎,4,False,False,1.0,0.18181818181818182,0.0,0.2057335581787521,-0.1402587890625,0.0,0.0,0.0,0.0,0,,温州一住持背面政协委员遭准儿媳举报娶妻开录户
429,温州一住持被免政协委员遭准儿媳举报娶妻开路虎,5,False,False,1.0,0.13636363636363635,0.0,0.1163575042158516,-0.146728515625,0.0,0.0,0.0,0.0,0,,温州一住持背面政协委员遭准儿媳举报娶妻开露虎
429,温州一住持被免政协委员遭准儿媳举报娶妻开路虎,6,False,False,1.0,0.18181818181818182,0.0,0.026981450252951095,-0.1531982421875,0.0,0.0,0.0,0.0,0,,温州一住持背面政协委员遭准儿媳举报娶妻开陆户
429,温州一住持被免政协委员遭准儿媳举报娶妻开路虎,7,False,False,1.0,0.18181818181818182,0.0,0.0,-0.1551513671875,0.0,0.0,0.0,0.0,0,,温州意驻持背面政协委员遭准儿媳举报娶妻开路虎
430,关于中国嵩山少林寺方丈齐永信的举报风波尚未停歇,1,True,True,0.0,0.043478260869565216,0.5,1.0,-0.045074462890625,0.0,0.0,0.0,0.0,0,,关于中国东山少林寺方丈齐永信的举报风波尚未停歇
430,关于中国嵩山少林寺方丈齐永信的举报风波尚未停歇,2,False,False,0.0,0.08695652173913043,0.5,0.38095238095238093,-0.1256103515625,0.0,0.0,0.0,0.0,0,,关于中国东山少林寺方丈其永信的举报风波尚未停歇
430,关于中国嵩山少林寺方丈齐永信的举报风波尚未停歇,3,False,False,0.0,0.08695652173913043,0.5,0.272108843537415,-0.1397705078125,0.0,0.0,0.0,0.0,0,,关于中国东山少林寺方丈齐勇信的举报风波尚未停歇
430,关于中国嵩山少林寺方丈齐永信的举报风波尚未停歇,4,False,False,0.0,0.13043478260869565,0.5,0.24583626554069904,-0.1431884765625,0.0,0.0,0.0,0.0,0,,关于中国东山少林寺方丈其勇信的举报风波尚未停歇
430,关于中国嵩山少林寺方丈齐永信的举报风波尚未停歇,5,False,False,0.0,0.08695652173913043,0.5,0.0,-0.1751708984375,0.0,0.0,0.0,0.0,0,,关于中国东山少林寺方丈齐咏信的举报风波尚未停歇
431,位于温州苍南龙港镇水门村的1个仓库发生火灾,1,True,False,0.0,0.09523809523809523,0.4,1.0,-0.09002685546875,0.0,0.0,0.0,0.0,0,,位于温州沧南龙岗镇水门村的1个仓库发生火灾
431,位于温州苍南龙港镇水门村的1个仓库发生火灾,2,False,False,0.0,0.047619047619047616,0.2,0.7879396984924623,-0.1029052734375,0.0,0.0,0.0,0.0,0,,位于温州苍南龙岗镇水门村的1个仓库发生火灾
431,位于温州苍南龙港镇水门村的1个仓库发生火灾,3,False,True,1.0,0.0,0.0,0.7115577889447237,-0.1075439453125,0.0,0.0,0.0,0.0,0,,位于温州苍南龙港镇水门村的1个仓库发生火灾
431,位于温州苍南龙港镇水门村的1个仓库发生火灾,4,False,False,0.0,0.047619047619047616,0.2,0.1507537688442211,-0.1416015625,0.0,0.0,0.0,0.0,0,,位于温州沧南龙港镇水门村的1个仓库发生火灾
431,位于温州苍南龙港镇水门村的1个仓库发生火灾,5,False,False,0.0,0.09523809523809523,0.4,0.0,-0.1507568359375,0.0,0.0,0.0,0.0,0,,位于温州沧南隆港镇水门村的1个仓库发生火灾
432,温州永嘉县桥下镇吴山村的潘老伯1家六口,1,True,True,1.0,0.0,0.0,1.0,-0.0782470703125,0.0,0.0,0.0,0.0,0,,温州永嘉县桥下镇吴山村的潘老伯1家六口
432,温州永嘉县桥下镇吴山村的潘老伯1家六口,2,False,False,1.0,0.05263157894736842,0.0,0.5527318932655655,-0.1212158203125,0.0,0.0,0.0,0.0,0,,温州永家县桥下镇吴山村的潘老伯1家六口
432,温州永嘉县桥下镇吴山村的潘老伯1家六口,3,False,False,1.0,0.05263157894736842,0.0,0.5387547649301143,-0.12255859375,0.0,0.0,0.0,0.0,0,,温州永嘉县桥下镇无山村的潘老伯1家六口
432,温州永嘉县桥下镇吴山村的潘老伯1家六口,4,False,False,0.0,0.10526315789473684,0.6666666666666666,0.30495552731893266,-0.14501953125,0.0,0.0,0.0,0.0,0,,温州永嘉县乔夏镇吴山村的潘老伯1家六口
432,温州永嘉县桥下镇吴山村的潘老伯1家六口,5,False,False,1.0,0.10526315789473684,0.0,0.08513341804320203,-0.1661376953125,0.0,0.0,0.0,0.0,0,,温州永家县桥下镇无山村的潘老伯1家六口
432,温州永嘉县桥下镇吴山村的潘老伯1家六口,6,False,False,1.0,0.05263157894736842,0.0,0.0,-0.17431640625,0.0,0.0,0.0,0.0,0,,温州永佳县桥下镇吴山村的潘老伯1家六口
433,伟嘉安捷提供数据显示,1,True,False,0.0,0.4,0.75,1.0,-0.1439208984375,0.0,0.0,0.0,0.0,0,,伟家恩杰提供的数据显示
433,伟嘉安捷提供数据显示,2,False,False,0.0,0.4,0.75,0.9499589827727646,-0.1513671875,0.0,0.0,0.0,0.0,0,,伟佳恩杰提供的数据显示
433,伟嘉安捷提供数据显示,3,False,False,0.0,0.3,0.75,0.7891714520098442,-0.17529296875,0.0,0.0,0.0,0.0,0,,伟佳恩杰提供数据显示
433,伟嘉安捷提供数据显示,4,False,False,0.0,0.3,0.75,0.6070549630844955,-0.202392578125,0.0,0.0,0.0,0.0,0,,伟家恩杰提供数据显示
433,伟嘉安捷提供数据显示,5,False,False,0.0,0.5,1.0,0.5250205086136177,-0.214599609375,0.0,0.0,0.0,0.0,0,,委家恩杰提供的数据显示
433,伟嘉安捷提供数据显示,6,False,True,0.0,0.3,0.5,0.46185397867104183,-0.2239990234375,0.0,0.0,0.0,0.0,0,,伟嘉恩杰提供的数据显示
433,伟嘉安捷提供数据显示,7,False,False,0.0,0.5,1.0,0.42821985233798193,-0.22900390625,0.0,0.0,0.0,0.0,0,,韦家恩杰提供的数据显示
433,伟嘉安捷提供数据显示,8,False,False,0.0,0.5,1.0,0.18539786710418377,-0.26513671875,0.0,0.0,0.0,0.0,0,,韦加恩杰提供的数据显示
433,伟嘉安捷提供数据显示,9,False,False,0.0,0.4,1.0,0.07219031993437244,-0.281982421875,0.0,0.0,0.0,0.0,0,,委家恩杰提供数据显示
433,伟嘉安捷提供数据显示,10,False,False,0.0,0.4,1.0,0.062346185397867106,-0.283447265625,0.0,0.0,0.0,0.0,0,,维加恩杰提供数据显示
433,伟嘉安捷提供数据显示,11,False,False,0.0,0.5,1.0,0.031173092698933553,-0.2880859375,0.0,0.0,0.0,0.0,0,,维加恩杰提供的数据显示
433,伟嘉安捷提供数据显示,12,False,False,0.0,0.5,1.0,0.003281378178835111,-0.292236328125,0.0,0.0,0.0,0.0,0,,伪加恩杰提供的数据显示
433,伟嘉安捷提供数据显示,13,False,False,0.0,0.4,1.0,0.0,-0.292724609375,0.0,0.0,0.0,0.0,0,,伪加恩杰提供数据显示
434,在自愿基础上组建联合社,1,True,True,1.0,0.0,0.0,1.0,-0.06817626953125,0.0,0.0,0.0,0.0,0,,在自愿基础上组建联合社
434,在自愿基础上组建联合社,2,False,False,1.0,0.18181818181818182,0.0,0.8787000620989444,-0.10394287109375,0.0,0.0,0.0,0.0,0,,在资源基础上组建联合社
434,在自愿基础上组建联合社,3,False,False,1.0,0.09090909090909091,0.0,0.540674808528255,-0.20361328125,0.0,0.0,0.0,0.0,0,,在志愿基础上组建联合社
434,在自愿基础上组建联合社,4,False,False,1.0,0.18181818181818182,0.0,0.22190022769612916,-0.297607421875,0.0,0.0,0.0,0.0,0,,在咨询基础上组建联合社
434,在自愿基础上组建联合社,5,False,False,1.0,0.09090909090909091,0.3333333333333333,0.163941212999379,-0.314697265625,0.0,0.0,0.0,0.0,0,,在自愿基础组建联合社
434,在自愿基础上组建联合社,6,False,False,1.0,0.2727272727272727,0.3333333333333333,0.1506934382115504,-0.318603515625,0.0,0.0,0.0,0.0,0,,在资源基础组建联合社
434,在自愿基础上组建联合社,7,False,False,0.0,0.09090909090909091,0.3333333333333333,0.1316497619540468,-0.32421875,0.0,0.0,0.0,0.0,0,,在自愿基础上组建联合设
434,在自愿基础上组建联合社,8,False,False,0.0,0.2727272727272727,0.3333333333333333,0.10598219830262885,-0.331787109375,0.0,0.0,0.0,0.0,0,,在资源基础上组建联合设
434,在自愿基础上组建联合社,9,False,False,1.0,0.09090909090909091,0.0,0.08114262057545021,-0.339111328125,0.0,0.0,0.0,0.0,0,,再自愿基础上组建联合社
434,在自愿基础上组建联合社,10,False,False,1.0,0.09090909090909091,0.0,0.02401159180293935,-0.35595703125,0.0,0.0,0.0,0.0,0,,在自愿基础上组成联合社
434,在自愿基础上组建联合社,11,False,False,1.0,0.09090909090909091,0.0,0.0,-0.363037109375,0.0,0.0,0.0,0.0,0,,在自院基础上组建联合社
435,实施一村一品强村富民工程,1,True,False,0.0,0.5,0.3333333333333333,1.0,-0.29052734375,0.0,0.0,0.0,0.0,0,,只是一村一坪墙村覆民工厂
435,实施一村一品强村富民工程,2,False,False,0.0,0.4166666666666667,0.16666666666666666,0.6462585034013606,-0.34130859375,0.0,0.0,0.0,0.0,0,,只是一村一坪强村覆民工厂
435,实施一村一品强村富民工程,3,False,False,0.0,0.4166666666666667,0.16666666666666666,0.6190476190476191,-0.34521484375,0.0,0.0,0.0,0.0,0,,只是一村一坪强村复民工厂
435,实施一村一品强村富民工程,4,False,False,0.0,0.5,0.3333333333333333,0.5391156462585034,-0.356689453125,0.0,0.0,0.0,0.0,0,,只是一村一坪墙村复民工厂
435,实施一村一品强村富民工程,5,False,False,0.0,0.5833333333333334,0.3333333333333333,0.42346938775510207,-0.373291015625,0.0,0.0,0.0,0.0,0,,只是一村一坪墙村不明工厂
435,实施一村一品强村富民工程,6,False,True,0.0,0.3333333333333333,0.16666666666666666,0.4200680272108844,-0.373779296875,0.0,0.0,0.0,0.0,0,,只是一村一坪强村富民工厂
435,实施一村一品强村富民工程,7,False,False,0.0,0.4166666666666667,0.3333333333333333,0.34523809523809523,-0.384521484375,0.0,0.0,0.0,0.0,0,,只是一村一坪墙村富民工厂
435,实施一村一品强村富民工程,8,False,False,0.0,0.5,0.3333333333333333,0.23809523809523808,-0.39990234375,0.0,0.0,0.0,0.0,0,,只是一村一坪墙村赋民工厂
435,实施一村一品强村富民工程,9,False,False,0.0,0.5833333333333334,0.3333333333333333,0.20918367346938777,-0.404052734375,0.0,0.0,0.0,0.0,0,,只是一村一坪墙村覆鸣工厂
435,实施一村一品强村富民工程,10,False,False,0.0,0.5,0.3333333333333333,0.20408163265306123,-0.40478515625,0.0,0.0,0.0,0.0,0,,只是一村一坪墙村赴民工厂
435,实施一村一品强村富民工程,11,False,False,0.0,0.4166666666666667,0.3333333333333333,0.17687074829931973,-0.40869140625,0.0,0.0,0.0,0.0,0,,只是一村一坪墙村覆民工程
435,实施一村一品强村富民工程,12,False,False,0.0,0.4166666666666667,0.16666666666666666,0.17517006802721088,-0.408935546875,0.0,0.0,0.0,0.0,0,,只是一村一坪强村赋民工厂
435,实施一村一品强村富民工程,13,False,False,0.0,0.5833333333333334,0.3333333333333333,0.05272108843537415,-0.426513671875,0.0,0.0,0.0,0.0,0,,只是一村一坪墙村覆名工厂
435,实施一村一品强村富民工程,14,False,False,0.0,0.5,0.3333333333333333,0.0,-0.43408203125,0.0,0.0,0.0,0.0,0,,只是一村一坪墙村覆鸣工程
436,苹果市场价值达到700000000000美元刚刚过去几个月,1,True,True,1.0,0.0,0.0,1.0,-0.0202789306640625,0.0,0.0,0.0,0.0,0,,苹果市场价值达到700000000000美元刚刚过去几个月
436,苹果市场价值达到700000000000美元刚刚过去几个月,2,False,False,1.0,0.3448275862068966,0.0,0.4173525589454793,-0.1639404296875,0.0,0.0,0.0,0.0,0,,苹果市场价值达到70美元刚刚过去几个月
436,苹果市场价值达到700000000000美元刚刚过去几个月,3,False,False,1.0,0.3793103448275862,0.0,0.3807166285042391,-0.1729736328125,0.0,0.0,0.0,0.0,0,,苹果市场价值达到7千亿美元刚刚过去几个月
436,苹果市场价值达到700000000000美元刚刚过去几个月,4,False,False,1.0,0.034482758620689655,0.0,0.31932669100810696,-0.1881103515625,0.0,0.0,0.0,0.0,0,,苹果市场价值达到了700000000000美元刚刚过去几个月
436,苹果市场价值达到700000000000美元刚刚过去几个月,5,False,False,1.0,0.034482758620689655,0.0,0.11881923386348166,-0.237548828125,0.0,0.0,0.0,0.0,0,,苹果市场的价值达到700000000000美元刚刚过去几个月
436,苹果市场价值达到700000000000美元刚刚过去几个月,6,False,False,1.0,0.034482758620689655,0.0,0.0,-0.266845703125,0.0,0.0,0.0,0.0,0,,苹果市场价值达到700000000000美元刚过去几个月
437,那么苹果能突破一万亿大关吗,1,True,False,1.0,0.07692307692307693,0.0,1.0,-0.0821533203125,0.0,0.0,0.0,0.0,0,,那么苹果能突破1万亿大关吗
437,那么苹果能突破一万亿大关吗,2,False,True,1.0,0.0,0.0,0.9884368308351178,-0.08544921875,0.0,0.0,0.0,0.0,0,,那么苹果能突破一万亿大关吗
437,那么苹果能突破一万亿大关吗,3,False,False,1.0,0.38461538461538464,0.0,0.5057815845824412,-0.2230224609375,0.0,0.0,0.0,0.0,0,,那么苹果能突破10000亿大关吗
437,那么苹果能突破一万亿大关吗,4,False,False,1.0,0.07692307692307693,0.0,0.48008565310492507,-0.2303466796875,0.0,0.0,0.0,0.0,0,,那么苹果能突破一万一大关吗
437,那么苹果能突破一万亿大关吗,5,False,False,1.0,0.23076923076923078,0.0,0.41755888650963596,-0.2481689453125,0.0,0.0,0.0,0.0,0,,那么苹果能突破110亿大关吗
437,那么苹果能突破一万亿大关吗,6,False,False,1.0,0.38461538461538464,0.0,0.3922912205567452,-0.25537109375,0.0,0.0,0.0,0.0,0,,那么苹果能突破11000亿大关吗
437,那么苹果能突破一万亿大关吗,7,False,False,1.0,0.38461538461538464,0.0,0.3229122055674518,-0.275146484375,0.0,0.0,0.0,0.0,0,,那么苹果能突破11000大关吗
437,那么苹果能突破一万亿大关吗,8,False,False,1.0,0.23076923076923078,0.0,0.19271948608137046,-0.312255859375,0.0,0.0,0.0,0.0,0,,那么苹果能突破110大关吗
437,那么苹果能突破一万亿大关吗,9,False,False,1.0,0.46153846153846156,0.0,0.17387580299785868,-0.317626953125,0.0,0.0,0.0,0.0,0,,那么苹果能突破11000一大关吗
437,那么苹果能突破一万亿大关吗,10,False,False,1.0,0.07692307692307693,0.0,0.04796573875802998,-0.353515625,0.0,0.0,0.0,0.0,0,,那么苹果能突破一万亿大观吗
437,那么苹果能突破一万亿大关吗,11,False,False,1.0,0.15384615384615385,0.0,0.015417558886509636,-0.36279296875,0.0,0.0,0.0,0.0,0,,那么苹果能突破1万亿大观吗
437,那么苹果能突破一万亿大关吗,12,False,False,1.0,0.3076923076923077,0.0,0.0,-0.3671875,0.0,0.0,0.0,0.0,0,,那么苹果能突破110一大关吗
438,苹果公司上次发布全新产品是在五年以前,1,True,True,1.0,0.0,0.0,1.0,-0.0748291015625,0.0,0.0,0.0,0.0,0,,苹果公司上次发布全新产品是在五年以前
438,苹果公司上次发布全新产品是在五年以前,2,False,False,1.0,0.05555555555555555,0.0,0.0,-0.10400390625,0.0,0.0,0.0,0.0,0,,苹果公司上次发布全新产品是在5年以前
439,苹果的目标股价也开始相应地上涨,1,True,False,1.0,0.06666666666666667,0.0,1.0,-0.01158905029296875,0.0,0.0,0.0,0.0,0,,苹果的目标股价也开始相应的上涨
439,苹果的目标股价也开始相应地上涨,2,False,True,1.0,0.0,0.0,0.5072153238505821,-0.1572265625,0.0,0.0,0.0,0.0,0,,苹果的目标股价也开始相应地上涨
439,苹果的目标股价也开始相应地上涨,3,False,False,1.0,0.06666666666666667,0.0,0.3279551849652787,-0.210205078125,0.0,0.0,0.0,0.0,0,,苹果的目标股价也开始相应上涨
439,苹果的目标股价也开始相应地上涨,4,False,False,1.0,0.2,0.0,0.1363037922399773,-0.266845703125,0.0,0.0,0.0,0.0,0,,苹果的目标股价也开始向上涨
439,苹果的目标股价也开始相应地上涨,5,False,False,1.0,0.2,0.0,0.1305212071146449,-0.2685546875,0.0,0.0,0.0,0.0,0,,苹果的目标骨架也开始相应的上涨
439,苹果的目标股价也开始相应地上涨,6,False,False,1.0,0.13333333333333333,0.0,0.0,-0.30712890625,0.0,0.0,0.0,0.0,0,,苹果的目标股价也开始相应的上涨了
440,苹果的市值可能将突破万亿美元,1,True,True,1.0,0.0,0.0,1.0,-0.030975341796875,0.0,0.0,0.0,0.0,0,,苹果的市值可能将突破万亿美元
440,苹果的市值可能将突破万亿美元,2,False,False,1.0,0.07142857142857142,0.0,0.4226427353203931,-0.2479248046875,0.0,0.0,0.0,0.0,0,,苹果的市值可能将突破1万亿美元
440,苹果的市值可能将突破万亿美元,3,False,False,1.0,0.07142857142857142,0.0,0.22025501502477057,-0.323974609375,0.0,0.0,0.0,0.0,0,,苹果市值可能将突破万亿美元
440,苹果的市值可能将突破万亿美元,4,False,False,1.0,0.14285714285714285,0.0,0.06497198083326565,-0.38232421875,0.0,0.0,0.0,0.0,0,,苹果的市值可能将突破10美元
440,苹果的市值可能将突破万亿美元,5,False,False,1.0,0.42857142857142855,0.0,0.007796637699991878,-0.40380859375,0.0,0.0,0.0,0.0,0,,苹果的市值可能将突破110000美元
440,苹果的市值可能将突破万亿美元,6,False,False,1.0,0.21428571428571427,0.0,0.0,-0.40673828125,0.0,0.0,0.0,0.0,0,,苹果的市值可能将突破100美元
441,中国电力科学研究院高级工程师邬雄表示,1,True,True,0.0,0.05555555555555555,0.5,1.0,-0.00989532470703125,0.0,0.0,0.0,0.0,0,,中国电力科学研究院高级工程师吴雄表示
441,中国电力科学研究院高级工程师邬雄表示,2,False,False,0.0,0.05555555555555555,0.5,0.3189138146645229,-0.2135009765625,0.0,0.0,0.0,0.0,0,,中国电力科学研究院高级工程师乌雄表示
441,中国电力科学研究院高级工程师邬雄表示,3,False,False,0.0,0.05555555555555555,0.5,0.0,-0.308837890625,0.0,0.0,0.0,0.0,0,,中国电力科学研究院高级工程师巫雄表示
442,高清图女排凯旋郎平受热捧,1,True,False,0.0,0.16666666666666666,0.5,1.0,-0.147216796875,0.0,0.0,0.0,0.0,0,,高清徒女排凯旋朗平受热捧
442,高清图女排凯旋郎平受热捧,2,False,False,0.0,0.25,0.5,0.6739130434782609,-0.1893310546875,0.0,0.0,0.0,0.0,0,,高清徒女牌凯旋朗平受热捧
442,高清图女排凯旋郎平受热捧,3,False,False,0.0,0.25,0.5,0.6162570888468809,-0.19677734375,0.0,0.0,0.0,0.0,0,,高青徒女排凯旋朗平受热捧
442,高清图女排凯旋郎平受热捧,4,False,False,0.0,0.25,0.5,0.39697542533081287,-0.22509765625,0.0,0.0,0.0,0.0,0,,高青途女排凯旋朗平受热捧
442,高清图女排凯旋郎平受热捧,5,False,False,0.0,0.3333333333333333,0.5,0.24102079395085066,-0.2452392578125,0.0,0.0,0.0,0.0,0,,高青徒女牌凯旋朗平受热捧
442,高清图女排凯旋郎平受热捧,6,False,False,0.0,0.3333333333333333,0.5,0.21550094517958412,-0.24853515625,0.0,0.0,0.0,0.0,0,,高青途女牌凯旋朗平受热捧
442,高清图女排凯旋郎平受热捧,7,False,True,1.0,0.08333333333333333,0.0,0.20793950850661624,-0.24951171875,0.0,0.0,0.0,0.0,0,,高清徒女排凯旋郎平受热捧
442,高清图女排凯旋郎平受热捧,8,False,False,0.0,0.16666666666666666,0.5,0.2003780718336484,-0.25048828125,0.0,0.0,0.0,0.0,0,,高清途女排凯旋朗平受热捧
442,高清图女排凯旋郎平受热捧,9,False,False,0.0,0.25,0.5,0.19281663516068054,-0.25146484375,0.0,0.0,0.0,0.0,0,,高卿徒女排凯旋朗平受热捧
442,高清图女排凯旋郎平受热捧,10,False,False,0.0,0.25,0.5,0.166351606805293,-0.2548828125,0.0,0.0,0.0,0.0,0,,高清徒女排楷旋朗平受热捧
442,高清图女排凯旋郎平受热捧,11,False,False,0.0,0.16666666666666666,0.5,0.1285444234404537,-0.259765625,0.0,0.0,0.0,0.0,0,,高清土女排凯旋朗平受热捧
442,高清图女排凯旋郎平受热捧,12,False,False,0.0,0.25,0.5,0.11153119092627599,-0.261962890625,0.0,0.0,0.0,0.0,0,,高清途女牌凯旋朗平受热捧
442,高清图女排凯旋郎平受热捧,13,False,False,0.0,0.25,0.5,0.0,-0.2763671875,0.0,0.0,0.0,0.0,0,,高青土女排凯旋朗平受热捧
443,主教练郎平训练结束后通知她的,1,True,False,0.0,0.21428571428571427,1.0,1.0,-0.146728515625,0.0,0.0,0.0,0.0,0,,主教练两瓶训练结束后通知他的
443,主教练郎平训练结束后通知她的,2,False,False,0.0,0.21428571428571427,1.0,0.9738805970149254,-0.150146484375,0.0,0.0,0.0,0.0,0,,主教练两评训练结束后通知他的
443,主教练郎平训练结束后通知她的,3,False,True,0.0,0.14285714285714285,0.5,0.7024253731343284,-0.1856689453125,0.0,0.0,0.0,0.0,0,,主教练两平训练结束后通知他的
443,主教练郎平训练结束后通知她的,4,False,False,0.0,0.2857142857142857,1.0,0.6361940298507462,-0.1943359375,0.0,0.0,0.0,0.0,0,,主教练两瓶训练结束后通知他打
443,主教练郎平训练结束后通知她的,5,False,False,0.0,0.21428571428571427,1.0,0.5755597014925373,-0.2022705078125,0.0,0.0,0.0,0.0,0,,主教练两频训练结束后通知他的
443,主教练郎平训练结束后通知她的,6,False,False,0.0,0.2857142857142857,1.0,0.5503731343283582,-0.20556640625,0.0,0.0,0.0,0.0,0,,主教练两评训练结束后通知他打
443,主教练郎平训练结束后通知她的,7,False,False,0.0,0.21428571428571427,0.5,0.5027985074626866,-0.2117919921875,0.0,0.0,0.0,0.0,0,,主教练两平训练结束后通知他打
443,主教练郎平训练结束后通知她的,8,False,False,0.0,0.21428571428571427,1.0,0.3656716417910448,-0.229736328125,0.0,0.0,0.0,0.0,0,,主教练冷评训练结束后通知他的
443,主教练郎平训练结束后通知她的,9,False,False,0.0,0.2857142857142857,1.0,0.1865671641791045,-0.253173828125,0.0,0.0,0.0,0.0,0,,主教练两频训练结束后通知他打
443,主教练郎平训练结束后通知她的,10,False,False,0.0,0.21428571428571427,1.0,0.08395522388059702,-0.2666015625,0.0,0.0,0.0,0.0,0,,主教练两批训练结束后通知他的
443,主教练郎平训练结束后通知她的,11,False,False,0.0,0.14285714285714285,1.0,0.0,-0.277587890625,0.0,0.0,0.0,0.0,0,,主教练两瓶训练结束后通知她的
444,虽然知道惠若琪的心脏不太好,1,True,False,0.0,0.23076923076923078,1.0,1.0,-0.0823974609375,0.0,0.0,0.0,0.0,0,,虽然知道会弱气的心脏不太好
444,虽然知道惠若琪的心脏不太好,2,False,False,0.0,0.23076923076923078,1.0,0.767545820295038,-0.1458740234375,0.0,0.0,0.0,0.0,0,,虽然知道会做起的心脏不太好
444,虽然知道惠若琪的心脏不太好,3,False,False,0.0,0.23076923076923078,1.0,0.4152883325882879,-0.2420654296875,0.0,0.0,0.0,0.0,0,,虽然知道会落起的心脏不太好
444,虽然知道惠若琪的心脏不太好,4,False,False,0.0,0.23076923076923078,1.0,0.356727760393384,-0.258056640625,0.0,0.0,0.0,0.0,0,,虽然知道会弱起的心脏不太好
444,虽然知道惠若琪的心脏不太好,5,False,False,0.0,0.23076923076923078,1.0,0.27358068842199373,-0.28076171875,0.0,0.0,0.0,0.0,0,,虽然知道会弱智的心脏不太好
444,虽然知道惠若琪的心脏不太好,6,False,False,0.0,0.23076923076923078,1.0,0.20742065265981224,-0.298828125,0.0,0.0,0.0,0.0,0,,虽然知道会着急的心脏不太好
444,虽然知道惠若琪的心脏不太好,7,False,True,0.0,0.15384615384615385,0.6666666666666666,0.1546714349575324,-0.313232421875,0.0,0.0,0.0,0.0,0,,虽然知道会若起的心脏不太好
444,虽然知道惠若琪的心脏不太好,8,False,False,0.0,0.3076923076923077,1.0,0.13321412606168975,-0.319091796875,0.0,0.0,0.0,0.0,0,,虽然知道会弱气得心脏不太好
444,虽然知道惠若琪的心脏不太好,9,False,False,0.0,0.23076923076923078,1.0,0.015198927134555208,-0.351318359375,0.0,0.0,0.0,0.0,0,,虽然知道挥着起的心脏不太好
444,虽然知道惠若琪的心脏不太好,10,False,False,0.0,0.3076923076923077,1.0,0.0,-0.35546875,0.0,0.0,0.0,0.0,0,,虽然知道会着急得心脏不太好
445,洪永城还主动跟陈展鹏碰杯,1,True,False,0.0,0.3333333333333333,1.0,1.0,-0.2218017578125,0.0,0.0,0.0,0.0,0,,红颖长寒主动跟陈展鹏碰杯
445,洪永城还主动跟陈展鹏碰杯,2,False,False,0.0,0.3333333333333333,1.0,0.8650858544562551,-0.241943359375,0.0,0.0,0.0,0.0,0,,红影长寒主动跟陈展鹏碰杯
445,洪永城还主动跟陈展鹏碰杯,3,False,False,0.0,0.5,1.0,0.5936222403924775,-0.282470703125,0.0,0.0,0.0,0.0,0,,红颖长寒助冬跟陈展鹏碰杯
445,洪永城还主动跟陈展鹏碰杯,4,False,False,0.0,0.5833333333333334,1.0,0.5838103025347506,-0.283935546875,0.0,0.0,0.0,0.0,0,,红颖长寒驻东根陈展鹏碰杯
445,洪永城还主动跟陈展鹏碰杯,5,False,True,0.0,0.08333333333333333,0.3333333333333333,0.544562551103843,-0.289794921875,0.0,0.0,0.0,0.0,0,,洪永成还主动跟陈展鹏碰杯
445,洪永城还主动跟陈展鹏碰杯,6,False,False,0.0,0.5833333333333334,1.0,0.3107113654946852,-0.32470703125,0.0,0.0,0.0,0.0,0,,红影长寒驻东根陈展鹏碰杯
445,洪永城还主动跟陈展鹏碰杯,7,False,False,0.0,0.5833333333333334,1.0,0.22730989370400653,-0.337158203125,0.0,0.0,0.0,0.0,0,,红颖长寒驻东更陈展鹏碰杯
445,洪永城还主动跟陈展鹏碰杯,8,False,False,0.0,0.5833333333333334,1.0,0.22403924775143091,-0.337646484375,0.0,0.0,0.0,0.0,0,,红颖长寒注冬根陈展鹏碰杯
445,洪永城还主动跟陈展鹏碰杯,9,False,False,0.0,0.5833333333333334,1.0,0.14881439084219134,-0.348876953125,0.0,0.0,0.0,0.0,0,,红颖长寒祝东根陈展鹏碰杯
445,洪永城还主动跟陈展鹏碰杯,10,False,False,0.0,0.5833333333333334,1.0,0.1259198691741619,-0.352294921875,0.0,0.0,0.0,0.0,0,,红颖长寒助冬根陈展鹏碰杯
445,洪永城还主动跟陈展鹏碰杯,11,False,False,0.0,0.5833333333333334,1.0,0.10302534750613246,-0.355712890625,0.0,0.0,0.0,0.0,0,,红颖长寒祝东庚陈展鹏碰杯
445,洪永城还主动跟陈展鹏碰杯,12,False,False,0.0,0.5833333333333334,1.0,0.10139002452984465,-0.35595703125,0.0,0.0,0.0,0.0,0,,红颖长寒注冻根陈展鹏碰杯
445,洪永城还主动跟陈展鹏碰杯,13,False,False,0.0,0.5833333333333334,1.0,0.07849550286181521,-0.359375,0.0,0.0,0.0,0.0,0,,红颖长寒柱东根陈展鹏碰杯
445,洪永城还主动跟陈展鹏碰杯,14,False,False,0.0,0.5833333333333334,1.0,0.05723630417007359,-0.362548828125,0.0,0.0,0.0,0.0,0,,红颖长寒竹冬根陈展鹏碰杯
445,洪永城还主动跟陈展鹏碰杯,15,False,False,0.0,0.5833333333333334,1.0,0.0,-0.37109375,0.0,0.0,0.0,0.0,0,,红颖长寒助农根陈展鹏碰杯
446,问及男友郑嘉颖会不会介意这么性感,1,True,True,1.0,0.0,0.0,1.0,-0.119873046875,0.0,0.0,0.0,0.0,0,,问及男友郑嘉颖会不会介意这么性感
446,问及男友郑嘉颖会不会介意这么性感,2,False,False,0.0,0.0625,0.3333333333333333,0.835881753312946,-0.1395263671875,0.0,0.0,0.0,0.0,0,,问及男友郑佳颖会不会介意这么性感
446,问及男友郑嘉颖会不会介意这么性感,3,False,False,0.0,0.0625,0.3333333333333333,0.22426095820591233,-0.2127685546875,0.0,0.0,0.0,0.0,0,,问及男友郑家颖会不会介意这么性感
446,问及男友郑嘉颖会不会介意这么性感,4,False,False,0.0,0.0625,0.3333333333333333,0.05402650356778797,-0.233154296875,0.0,0.0,0.0,0.0,0,,问及男友郑嘉隐会不会介意这么性感
446,问及男友郑嘉颖会不会介意这么性感,5,False,False,0.0,0.125,0.6666666666666666,0.0,-0.2396240234375,0.0,0.0,0.0,0.0,0,,问及男友郑家影会不会介意这么性感
447,她透露有些不懂的会问男友郑嘉颖,1,True,False,0.0,0.06666666666666667,0.3333333333333333,1.0,-0.1722412109375,0.0,0.0,0.0,0.0,0,,她透露有些不懂的会问男友郑佳颖
447,她透露有些不懂的会问男友郑嘉颖,2,False,False,1.0,0.06666666666666667,0.0,0.7564102564102564,-0.1884765625,0.0,0.0,0.0,0.0,0,,他透露有些不懂的会问男友郑嘉颖
447,她透露有些不懂的会问男友郑嘉颖,3,False,True,1.0,0.0,0.0,0.7051282051282052,-0.19189453125,0.0,0.0,0.0,0.0,0,,她透露有些不懂的会问男友郑嘉颖
447,她透露有些不懂的会问男友郑嘉颖,4,False,False,0.0,0.13333333333333333,0.3333333333333333,0.5274725274725275,-0.2037353515625,0.0,0.0,0.0,0.0,0,,他透露有些不懂的会问男友郑佳颖
447,她透露有些不懂的会问男友郑嘉颖,5,False,False,0.0,0.13333333333333333,0.3333333333333333,0.47802197802197804,-0.20703125,0.0,0.0,0.0,0.0,0,,他透露有些不懂的会问男友郑家颖
447,她透露有些不懂的会问男友郑嘉颖,6,False,False,0.0,0.2,0.6666666666666666,0.3443223443223443,-0.2159423828125,0.0,0.0,0.0,0.0,0,,他透露有些不懂的会问男友郑家瑜
447,她透露有些不懂的会问男友郑嘉颖,7,False,False,0.0,0.06666666666666667,0.3333333333333333,0.23992673992673993,-0.222900390625,0.0,0.0,0.0,0.0,0,,她透露有些不懂的会问男友郑家颖
447,她透露有些不懂的会问男友郑嘉颖,8,False,False,0.0,0.13333333333333333,0.6666666666666666,0.005494505494505495,-0.238525390625,0.0,0.0,0.0,0.0,0,,她透露有些不懂的会问男友郑佳莹
447,她透露有些不懂的会问男友郑嘉颖,9,False,False,0.0,0.13333333333333333,0.6666666666666666,0.0,-0.2388916015625,0.0,0.0,0.0,0.0,0,,她透露有些不懂的会问男友郑家瑜
448,温州一网友造谣苏迪罗登陆期间水库崩塌被拘,1,True,False,1.0,0.05,0.0,1.0,-0.095703125,0.0,0.0,0.0,0.0,0,,温州一网有造谣苏迪罗登陆期间水库崩塌被拘
448,温州一网友造谣苏迪罗登陆期间水库崩塌被拘,2,False,True,1.0,0.0,0.0,0.8234177215189873,-0.11273193359375,0.0,0.0,0.0,0.0,0,,温州一网友造谣苏迪罗登陆期间水库崩塌被拘
448,温州一网友造谣苏迪罗登陆期间水库崩塌被拘,3,False,False,1.0,0.1,0.0,0.6746835443037975,-0.1270751953125,0.0,0.0,0.0,0.0,0,,温州一网有造谣苏迪罗登陆其间水库崩塌被拘
448,温州一网友造谣苏迪罗登陆期间水库崩塌被拘,4,False,False,1.0,0.05,0.0,0.5126582278481012,-0.1427001953125,0.0,0.0,0.0,0.0,0,,温州一网友造谣苏迪罗登陆其间水库崩塌被拘
448,温州一网友造谣苏迪罗登陆期间水库崩塌被拘,5,False,False,1.0,0.15,0.0,0.45949367088607596,-0.1478271484375,0.0,0.0,0.0,0.0,0,,温州一网有造谣苏迪罗登陆期间水库崩塌避居
448,温州一网友造谣苏迪罗登陆期间水库崩塌被拘,6,False,False,0.0,0.1,0.3333333333333333,0.3050632911392405,-0.1627197265625,0.0,0.0,0.0,0.0,0,,温州一网有造谣苏狄罗登陆期间水库崩塌被拘
448,温州一网友造谣苏迪罗登陆期间水库崩塌被拘,7,False,False,1.0,0.1,0.0,0.25569620253164554,-0.16748046875,0.0,0.0,0.0,0.0,0,,温州一网友造谣苏迪罗登陆期间水库崩塌避居
448,温州一网友造谣苏迪罗登陆期间水库崩塌被拘,8,False,False,1.0,0.2,0.0,0.20632911392405062,-0.1722412109375,0.0,0.0,0.0,0.0,0,,温州一网有造谣苏迪罗登陆其间水库崩塌避居
448,温州一网友造谣苏迪罗登陆期间水库崩塌被拘,9,False,False,1.0,0.1,0.0,0.19873417721518988,-0.1729736328125,0.0,0.0,0.0,0.0,0,,温州一网有造谣苏迪罗登陆七间水库崩塌被拘
448,温州一网友造谣苏迪罗登陆期间水库崩塌被拘,10,False,False,1.0,0.15,0.0,0.16962025316455695,-0.17578125,0.0,0.0,0.0,0.0,0,,温州一网有造谣苏迪罗登陆齐坚水库崩塌被拘
448,温州一网友造谣苏迪罗登陆期间水库崩塌被拘,11,False,False,1.0,0.1,0.0,0.13924050632911392,-0.1787109375,0.0,0.0,0.0,0.0,0,,温州一网有造谣苏迪罗登露期间水库崩塌被拘
448,温州一网友造谣苏迪罗登陆期间水库崩塌被拘,12,False,False,1.0,0.15,0.0,0.13291139240506328,-0.1793212890625,0.0,0.0,0.0,0.0,0,,温州一网有造谣苏迪罗登陆期间水库崩塌壁居
448,温州一网友造谣苏迪罗登陆期间水库崩塌被拘,13,False,False,1.0,0.1,0.0,0.11012658227848102,-0.1815185546875,0.0,0.0,0.0,0.0,0,,温州一网有造谣苏迪罗登路期间水库崩塌被拘
448,温州一网友造谣苏迪罗登陆期间水库崩塌被拘,14,False,False,1.0,0.15,0.0,0.013924050632911392,-0.1907958984375,0.0,0.0,0.0,0.0,0,,温州一网友造谣苏迪罗登陆其间水库崩塌避居
448,温州一网友造谣苏迪罗登陆期间水库崩塌被拘,15,False,False,1.0,0.15,0.0,0.0,-0.192138671875,0.0,0.0,0.0,0.0,0,,温州一网有造谣苏迪罗登陆奇坚水库崩塌被拘
449,澎湃新闻8月10日从浙江温州平阳警方获悉,1,True,True,0.0,0.05,0.5,1.0,-0.0477294921875,0.0,0.0,0.0,0.0,0,,澎湃新闻8月10日从浙江温州平安警方获悉
449,澎湃新闻8月10日从浙江温州平阳警方获悉,2,False,False,0.0,0.1,1.0,0.38235294117647056,-0.1220703125,0.0,0.0,0.0,0.0,0,,澎湃新闻8月1日从浙江温州平安警方获悉
449,澎湃新闻8月10日从浙江温州平阳警方获悉,3,False,False,0.0,0.05,0.5,0.1997971602434077,-0.14404296875,0.0,0.0,0.0,0.0,0,,澎湃新闻8月10日从浙江温州平原警方获悉
449,澎湃新闻8月10日从浙江温州平阳警方获悉,4,False,False,0.0,0.1,1.0,0.11156186612576065,-0.1546630859375,0.0,0.0,0.0,0.0,0,,澎湃新闻8月10日从浙江温州评论警方获悉
449,澎湃新闻8月10日从浙江温州平阳警方获悉,5,False,False,0.0,0.1,0.5,0.0,-0.1680908203125,0.0,0.0,0.0,0.0,0,,澎湃新闻8月20日从浙江温州平安警方获悉
450,因在台风苏迪罗登陆期间在网络散布水库崩塌谣言,1,True,False,0.0,0.09090909090909091,0.3333333333333333,1.0,-0.0855712890625,0.0,0.0,0.0,0.0,0,,因在谈风苏迪洛登陆期间在网络散布水库崩塌谣言
450,因在台风苏迪罗登陆期间在网络散布水库崩塌谣言,2,False,False,0.0,0.13636363636363635,0.3333333333333333,0.793713163064833,-0.098388671875,0.0,0.0,0.0,0.0,0,,因在谈论苏迪洛登陆期间在网络散布水库崩塌谣言
450,因在台风苏迪罗登陆期间在网络散布水库崩塌谣言,3,False,False,0.0,0.13636363636363635,0.3333333333333333,0.7897838899803536,-0.0986328125,0.0,0.0,0.0,0.0,0,,因在潭峰苏迪洛登陆期间在网络散布水库崩塌谣言
450,因在台风苏迪罗登陆期间在网络散布水库崩塌谣言,4,False,True,0.0,0.045454545454545456,0.3333333333333333,0.5893909626719057,-0.111083984375,0.0,0.0,0.0,0.0,0,,因在台风苏迪洛登陆期间在网络散布水库崩塌谣言
450,因在台风苏迪罗登陆期间在网络散布水库崩塌谣言,5,False,False,0.0,0.13636363636363635,0.3333333333333333,0.3143418467583497,-0.128173828125,0.0,0.0,0.0,0.0,0,,因在谈论苏迪诺登陆期间在网络散布水库崩塌谣言
450,因在台风苏迪罗登陆期间在网络散布水库崩塌谣言,6,False,False,0.0,0.09090909090909091,0.3333333333333333,0.22593320235756384,-0.1336669921875,0.0,0.0,0.0,0.0,0,,因在弹风苏迪洛登陆期间在网络散布水库崩塌谣言
450,因在台风苏迪罗登陆期间在网络散布水库崩塌谣言,7,False,False,0.0,0.09090909090909091,0.6666666666666666,0.14341846758349705,-0.1387939453125,0.0,0.0,0.0,0.0,0,,因在台南风苏迪洛登陆期间在网络散布水库崩塌谣言
450,因在台风苏迪罗登陆期间在网络散布水库崩塌谣言,8,False,False,0.0,0.09090909090909091,0.3333333333333333,0.0825147347740668,-0.142578125,0.0,0.0,0.0,0.0,0,,因在谈风苏迪诺登陆期间在网络散布水库崩塌谣言
450,因在台风苏迪罗登陆期间在网络散布水库崩塌谣言,9,False,False,0.0,0.13636363636363635,0.3333333333333333,0.0550098231827112,-0.144287109375,0.0,0.0,0.0,0.0,0,,因在谈封苏迪洛登陆期间在网络散布水库崩塌谣言
450,因在台风苏迪罗登陆期间在网络散布水库崩塌谣言,10,False,False,0.0,0.18181818181818182,0.6666666666666666,0.0,-0.147705078125,0.0,0.0,0.0,0.0,0,,因在潭峰苏狄洛登陆期间在网络散布水库崩塌谣言
451,此前温州政协委员连续2届提出要求整治垃圾污染问题,1,True,True,1.0,0.08333333333333333,0.0,1.0,-0.1895751953125,0.0,0.0,0.0,0.0,0,,此前温州政协委员去2届提出要求整治垃圾污染问题
451,此前温州政协委员连续2届提出要求整治垃圾污染问题,2,False,False,1.0,0.08333333333333333,0.0,0.5057471264367817,-0.2000732421875,0.0,0.0,0.0,0.0,0,,此前温州政协委员举2届提出要求整治垃圾污染问题
451,此前温州政协委员连续2届提出要求整治垃圾污染问题,3,False,False,1.0,0.125,0.0,0.10919540229885058,-0.20849609375,0.0,0.0,0.0,0.0,0,,此前温州政协委员去2届提出要求统治垃圾污染问题
451,此前温州政协委员连续2届提出要求整治垃圾污染问题,4,False,False,1.0,0.08333333333333333,0.0,0.0,-0.2108154296875,0.0,0.0,0.0,0.0,0,,此前温州政协委员具2届提出要求整治垃圾污染问题
452,本报讯记者范跃红通讯员瓯文为了卖相好,1,True,True,0.0,0.1111111111111111,0.4,1.0,-0.1365966796875,0.0,0.0,0.0,0.0,0,,本报讯记者范玉红通讯员欧文为了卖相好
452,本报讯记者范跃红通讯员瓯文为了卖相好,2,False,False,0.0,0.1111111111111111,0.4,0.9563182527301092,-0.1400146484375,0.0,0.0,0.0,0.0,0,,本报讯记者范月红通讯员欧文为了卖相好
452,本报讯记者范跃红通讯员瓯文为了卖相好,3,False,False,0.0,0.16666666666666666,0.4,0.5990639625585024,-0.16796875,0.0,0.0,0.0,0.0,0,,本报宣记者范玉红通讯员欧文为了卖相好
452,本报讯记者范跃红通讯员瓯文为了卖相好,4,False,False,0.0,0.16666666666666666,0.4,0.514820592823713,-0.174560546875,0.0,0.0,0.0,0.0,0,,本报宣记者范月红通讯员欧文为了卖相好
452,本报讯记者范跃红通讯员瓯文为了卖相好,5,False,False,0.0,0.2222222222222222,0.4,0.39313572542901715,-0.18408203125,0.0,0.0,0.0,0.0,0,,本报讯记者范玉红通讯员欧文为了迈向好
452,本报讯记者范跃红通讯员瓯文为了卖相好,6,False,False,0.0,0.16666666666666666,0.6,0.37285491419656785,-0.1856689453125,0.0,0.0,0.0,0.0,0,,本报讯记者翻阅红通讯员欧文为了卖相好
452,本报讯记者范跃红通讯员瓯文为了卖相好,7,False,False,0.0,0.2222222222222222,0.4,0.31981279251170047,-0.1898193359375,0.0,0.0,0.0,0.0,0,,本报讯记者范月红通讯员欧文为了迈向好
452,本报讯记者范跃红通讯员瓯文为了卖相好,8,False,False,0.0,0.1111111111111111,0.4,0.31045241809672386,-0.1905517578125,0.0,0.0,0.0,0.0,0,,本报讯记者范悦红通讯员欧文为了卖相好
452,本报讯记者范跃红通讯员瓯文为了卖相好,9,False,False,0.0,0.2222222222222222,0.4,0.1310452418096724,-0.20458984375,0.0,0.0,0.0,0.0,0,,本报讯记者范玉红通讯员欧文为了脉象好
452,本报讯记者范跃红通讯员瓯文为了卖相好,10,False,False,0.0,0.16666666666666666,0.6,0.11856474258970359,-0.20556640625,0.0,0.0,0.0,0.0,0,,本报讯记者翻译红通讯员欧文为了卖相好
452,本报讯记者范跃红通讯员瓯文为了卖相好,11,False,False,0.0,0.16666666666666666,0.4,0.11076443057722309,-0.2061767578125,0.0,0.0,0.0,0.0,0,,本报线记者范玉红通讯员欧文为了卖相好
452,本报讯记者范跃红通讯员瓯文为了卖相好,12,False,False,0.0,0.2222222222222222,0.4,0.06396255850234009,-0.2098388671875,0.0,0.0,0.0,0.0,0,,本报讯记者范月红通讯员欧文为了脉象好
452,本报讯记者范跃红通讯员瓯文为了卖相好,13,False,False,0.0,0.16666666666666666,0.4,0.0514820592823713,-0.2108154296875,0.0,0.0,0.0,0.0,0,,本报线记者范月红通讯员欧文为了卖相好
452,本报讯记者范跃红通讯员瓯文为了卖相好,14,False,False,0.0,0.16666666666666666,0.4,0.0483619344773791,-0.2110595703125,0.0,0.0,0.0,0.0,0,,本报信记者范玉红通讯员欧文为了卖相好
452,本报讯记者范跃红通讯员瓯文为了卖相好,15,False,False,0.0,0.16666666666666666,0.6,0.0436817472698908,-0.21142578125,0.0,0.0,0.0,0.0,0,,本报讯记者范越宏通讯员欧文为了卖相好
452,本报讯记者范跃红通讯员瓯文为了卖相好,16,False,False,0.0,0.16666666666666666,0.4,0.0,-0.21484375,0.0,0.0,0.0,0.0,0,,本报信记者范月红通讯员欧文为了卖相好
453,浙江温州乐清75岁的企业家虞一杰退休之后,1,True,False,0.0,0.15,0.3333333333333333,1.0,-0.06597900390625,0.0,0.0,0.0,0.0,0,,浙江温州热情75岁的企业家于一杰退休之后
453,浙江温州乐清75岁的企业家虞一杰退休之后,2,False,False,0.0,0.2,0.3333333333333333,0.5988815455007626,-0.1141357421875,0.0,0.0,0.0,0.0,0,,浙江温州热情期5岁的企业家于一杰退休之后
453,浙江温州乐清75岁的企业家虞一杰退休之后,3,False,False,0.0,0.1,0.3333333333333333,0.5856634468734113,-0.11572265625,0.0,0.0,0.0,0.0,0,,浙江温州乐青75岁的企业家于一杰退休之后
453,浙江温州乐清75岁的企业家虞一杰退休之后,4,False,False,0.0,0.2,0.6666666666666666,0.5780376207422471,-0.11663818359375,0.0,0.0,0.0,0.0,0,,浙江温州热情75岁的企业家于一节退休之后
453,浙江温州乐清75岁的企业家虞一杰退休之后,5,False,False,0.0,0.2,0.6666666666666666,0.42399593289273,-0.1351318359375,0.0,0.0,0.0,0.0,0,,浙江温州热情75岁的企业家于一姐退休之后
453,浙江温州乐清75岁的企业家虞一杰退休之后,6,False,False,0.0,0.15,0.3333333333333333,0.1809862735129639,-0.164306640625,0.0,0.0,0.0,0.0,0,,浙江温州热情75岁的企业家余一杰退休之后
453,浙江温州乐清75岁的企业家虞一杰退休之后,7,False,False,0.0,0.25,0.6666666666666666,0.1626842907981698,-0.16650390625,0.0,0.0,0.0,0.0,0,,浙江温州热情期5岁的企业家于一节退休之后
453,浙江温州乐清75岁的企业家虞一杰退休之后,8,False,False,0.0,0.2,0.6666666666666666,0.0945602440264362,-0.1746826171875,0.0,0.0,0.0,0.0,0,,浙江温州热情75岁的企业家于一减退休之后
453,浙江温州乐清75岁的企业家虞一杰退休之后,9,False,False,0.0,0.2,0.3333333333333333,0.06914082358922216,-0.177734375,0.0,0.0,0.0,0.0,0,,浙江温州热情95岁的企业家于一杰退休之后
453,浙江温州乐清75岁的企业家虞一杰退休之后,10,False,False,0.0,0.15,0.6666666666666666,0.057956278596847995,-0.1790771484375,0.0,0.0,0.0,0.0,0,,浙江温州乐青75岁的企业家于一节退休之后
453,浙江温州乐清75岁的企业家虞一杰退休之后,11,False,True,0.0,0.05,0.3333333333333333,0.04880528723945094,-0.18017578125,0.0,0.0,0.0,0.0,0,,浙江温州乐清75岁的企业家于一杰退休之后
453,浙江温州乐清75岁的企业家虞一杰退休之后,12,False,False,0.0,0.2,0.6666666666666666,0.03660396542958821,-0.181640625,0.0,0.0,0.0,0.0,0,,浙江温州热情75岁的企业家于一截退休之后
453,浙江温州乐清75岁的企业家虞一杰退休之后,13,False,False,0.0,0.2,0.3333333333333333,0.0,-0.18603515625,0.0,0.0,0.0,0.0,0,,浙江文州热情75岁的企业家于一杰退休之后
454,这是富林愚老人发自内心的一句话,1,True,True,0.0,0.13333333333333333,0.6666666666666666,1.0,-0.1673583984375,0.0,0.0,0.0,0.0,0,,这是傅林于老人发自内心的一句话
454,这是富林愚老人发自内心的一句话,2,False,False,0.0,0.2,1.0,0.9306930693069307,-0.175048828125,0.0,0.0,0.0,0.0,0,,这是傅琳于老人发自内心的一句话
454,这是富林愚老人发自内心的一句话,3,False,False,0.0,0.13333333333333333,0.6666666666666666,0.6358635863586358,-0.207763671875,0.0,0.0,0.0,0.0,0,,这是傅林宇老人发自内心的一句话
454,这是富林愚老人发自内心的一句话,4,False,False,0.0,0.13333333333333333,0.6666666666666666,0.6215621562156216,-0.2093505859375,0.0,0.0,0.0,0.0,0,,这是傅林云老人发自内心的一句话
454,这是富林愚老人发自内心的一句话,5,False,False,0.0,0.2,1.0,0.5511551155115512,-0.2171630859375,0.0,0.0,0.0,0.0,0,,这是傅琳与老人发自内心的一句话
454,这是富林愚老人发自内心的一句话,6,False,False,0.0,0.13333333333333333,0.6666666666666666,0.5192519251925193,-0.220703125,0.0,0.0,0.0,0.0,0,,这是傅林与老人发自内心的一句话
454,这是富林愚老人发自内心的一句话,7,False,False,0.0,0.2,1.0,0.24202420242024203,-0.25146484375,0.0,0.0,0.0,0.0,0,,这是傅玲与老人发自内心的一句话
454,这是富林愚老人发自内心的一句话,8,False,False,0.0,0.13333333333333333,0.6666666666666666,0.20462046204620463,-0.255615234375,0.0,0.0,0.0,0.0,0,,这是傅林瑜老人发自内心的一句话
454,这是富林愚老人发自内心的一句话,9,False,False,0.0,0.13333333333333333,0.6666666666666666,0.0,-0.2783203125,0.0,0.0,0.0,0.0,0,,这是傅林语老人发自内心的一句话
455,当事水产摊贩已退还郑女士100元购虾款,1,True,False,1.0,0.2631578947368421,0.0,1.0,-0.2783203125,0.0,0.0,0.0,0.0,0,,当事水餐坛方已退还郑女士100元购物下款
455,当事水产摊贩已退还郑女士100元购虾款,2,False,True,1.0,0.21052631578947367,0.0,0.6473029045643154,-0.299072265625,0.0,0.0,0.0,0.0,0,,当事水产坛方已退还郑女士100元购物下款
455,当事水产摊贩已退还郑女士100元购虾款,3,False,False,1.0,0.2631578947368421,0.0,0.5477178423236515,-0.304931640625,0.0,0.0,0.0,0.0,0,,当事水餐坛方已退还郑女士100元购物价款
455,当事水产摊贩已退还郑女士100元购虾款,4,False,False,1.0,0.2631578947368421,0.0,0.45643153526970953,-0.310302734375,0.0,0.0,0.0,0.0,0,,当事水餐坛方已退还郑女士100元购物加款
455,当事水产摊贩已退还郑女士100元购虾款,5,False,False,1.0,0.2631578947368421,0.0,0.35684647302904565,-0.316162109375,0.0,0.0,0.0,0.0,0,,当事水参谈方已退还郑女士100元购物下款
455,当事水产摊贩已退还郑女士100元购虾款,6,False,False,1.0,0.21052631578947367,0.0,0.34854771784232363,-0.316650390625,0.0,0.0,0.0,0.0,0,,当事水餐摊方已退还郑女士100元购物下款
455,当事水产摊贩已退还郑女士100元购虾款,7,False,False,1.0,0.21052631578947367,0.0,0.2697095435684647,-0.3212890625,0.0,0.0,0.0,0.0,0,,当事水产坦方已退还郑女士100元购物下款
455,当事水产摊贩已退还郑女士100元购虾款,8,False,False,1.0,0.2631578947368421,0.0,0.2074688796680498,-0.324951171875,0.0,0.0,0.0,0.0,0,,当事水摊坛方已退还郑女士100元购物下款
455,当事水产摊贩已退还郑女士100元购虾款,9,False,False,1.0,0.21052631578947367,0.0,0.1991701244813278,-0.325439453125,0.0,0.0,0.0,0.0,0,,当事水餐坛方已退还郑女士100元购乡款
455,当事水产摊贩已退还郑女士100元购虾款,10,False,False,1.0,0.2631578947368421,0.0,0.1908713692946058,-0.325927734375,0.0,0.0,0.0,0.0,0,,当事水餐坛方已退还郑女士100元购物家款
455,当事水产摊贩已退还郑女士100元购虾款,11,False,False,1.0,0.21052631578947367,0.0,0.07053941908713693,-0.3330078125,0.0,0.0,0.0,0.0,0,,当事水产坛方已退还郑女士100元购物加款
455,当事水产摊贩已退还郑女士100元购虾款,12,False,False,1.0,0.3157894736842105,0.0,0.0,-0.337158203125,0.0,0.0,0.0,0.0,0,,当是水餐坛方已退还郑女士100元购物下款
456,温州医生夫妇贩婴被批捕女儿欲捐款替父赎罪,1,True,True,0.0,0.1,1.0,1.0,-0.1024169921875,0.0,0.0,0.0,0.0,0,,温州医生夫妇犯因被批捕女儿欲捐款替父赎罪
456,温州医生夫妇贩婴被批捕女儿欲捐款替父赎罪,2,False,False,0.0,0.15,1.0,0.49303621169916434,-0.1246337890625,0.0,0.0,0.0,0.0,0,,温州医生夫妇犯因被批捕女儿欲捐款替付赎罪
456,温州医生夫妇贩婴被批捕女儿欲捐款替父赎罪,3,False,False,0.0,0.2,1.0,0.3342618384401114,-0.131591796875,0.0,0.0,0.0,0.0,0,,温州医生夫妇犯因被批捕女儿预捐款替付赎罪
456,温州医生夫妇贩婴被批捕女儿欲捐款替父赎罪,4,False,False,0.0,0.15,1.0,0.20891364902506965,-0.1370849609375,0.0,0.0,0.0,0.0,0,,温州医生夫妇犯因被批捕女儿欲捐款替父负罪
456,温州医生夫妇贩婴被批捕女儿欲捐款替父赎罪,5,False,False,0.0,0.15,1.0,0.20334261838440112,-0.1373291015625,0.0,0.0,0.0,0.0,0,,温州医生夫妇犯因被批捕女儿预捐款替父赎罪
456,温州医生夫妇贩婴被批捕女儿欲捐款替父赎罪,6,False,False,0.0,0.1,1.0,0.15877437325905291,-0.1392822265625,0.0,0.0,0.0,0.0,0,,温州医生夫妇犯应被批捕女儿欲捐款替父赎罪
456,温州医生夫妇贩婴被批捕女儿欲捐款替父赎罪,7,False,False,0.0,0.15,1.0,0.0,-0.146240234375,0.0,0.0,0.0,0.0,0,,温州医生夫妇犯因被批捕女儿欲捐款替夫赎罪
457,继陕西富平妇产科医生张淑侠因贩卖婴儿被判刑之后,1,True,False,0.3333333333333333,0.2608695652173913,0.5714285714285714,1.0,-0.130126953125,0.0,0.0,0.0,0.0,0,,继陕西府贫富产科医生张树响一贩卖婴儿被判刑之后
457,继陕西富平妇产科医生张淑侠因贩卖婴儿被判刑之后,2,False,False,0.3333333333333333,0.2608695652173913,0.5714285714285714,0.9777777777777777,-0.13134765625,0.0,0.0,0.0,0.0,0,,继陕西赴贫富产科医生张树响一贩卖婴儿被判刑之后
457,继陕西富平妇产科医生张淑侠因贩卖婴儿被判刑之后,3,False,False,0.3333333333333333,0.2608695652173913,0.5714285714285714,0.7133333333333334,-0.1458740234375,0.0,0.0,0.0,0.0,0,,继陕西赋贫富产科医生张树响一贩卖婴儿被判刑之后
457,继陕西富平妇产科医生张淑侠因贩卖婴儿被判刑之后,4,False,False,0.3333333333333333,0.2608695652173913,0.5714285714285714,0.5622222222222222,-0.1541748046875,0.0,0.0,0.0,0.0,0,,继陕西腹贫富产科医生张树响一贩卖婴儿被判刑之后
457,继陕西富平妇产科医生张淑侠因贩卖婴儿被判刑之后,5,False,True,0.3333333333333333,0.21739130434782608,0.42857142857142855,0.46444444444444444,-0.1595458984375,0.0,0.0,0.0,0.0,0,,继陕西富贫富产科医生张树响一贩卖婴儿被判刑之后
457,继陕西富平妇产科医生张淑侠因贩卖婴儿被判刑之后,6,False,False,0.3333333333333333,0.2608695652173913,0.5714285714285714,0.44,-0.160888671875,0.0,0.0,0.0,0.0,0,,继陕西府贫富产科医生张树祥一贩卖婴儿被判刑之后
457,继陕西富平妇产科医生张淑侠因贩卖婴儿被判刑之后,7,False,False,0.3333333333333333,0.21739130434782608,0.42857142857142855,0.40444444444444444,-0.162841796875,0.0,0.0,0.0,0.0,0,,继陕西赴平复产科医生张树响一贩卖婴儿被判刑之后
457,继陕西富平妇产科医生张淑侠因贩卖婴儿被判刑之后,8,False,False,0.3333333333333333,0.2608695652173913,0.5714285714285714,0.3111111111111111,-0.16796875,0.0,0.0,0.0,0.0,0,,继陕西附贫富产科医生张树响一贩卖婴儿被判刑之后
457,继陕西富平妇产科医生张淑侠因贩卖婴儿被判刑之后,9,False,False,0.3333333333333333,0.2608695652173913,0.5714285714285714,0.3088888888888889,-0.1680908203125,0.0,0.0,0.0,0.0,0,,继陕西府贫富产科医生张树响音贩卖婴儿被判刑之后
457,继陕西富平妇产科医生张淑侠因贩卖婴儿被判刑之后,10,False,False,0.3333333333333333,0.2608695652173913,0.5714285714285714,0.27111111111111114,-0.170166015625,0.0,0.0,0.0,0.0,0,,继陕西赴贫富产科医生张树祥一贩卖婴儿被判刑之后
457,继陕西富平妇产科医生张淑侠因贩卖婴儿被判刑之后,11,False,False,0.3333333333333333,0.2608695652173913,0.5714285714285714,0.22666666666666666,-0.172607421875,0.0,0.0,0.0,0.0,0,,继陕西复贫富产科医生张树响一贩卖婴儿被判刑之后
457,继陕西富平妇产科医生张淑侠因贩卖婴儿被判刑之后,12,False,False,0.3333333333333333,0.2608695652173913,0.5714285714285714,0.13333333333333333,-0.177734375,0.0,0.0,0.0,0.0,0,,继陕西赋贫富产科医生张树祥一贩卖婴儿被判刑之后
457,继陕西富平妇产科医生张淑侠因贩卖婴儿被判刑之后,13,False,False,0.3333333333333333,0.2608695652173913,0.5714285714285714,0.1,-0.1795654296875,0.0,0.0,0.0,0.0,0,,继陕西副贫富产科医生张树响一贩卖婴儿被判刑之后
457,继陕西富平妇产科医生张淑侠因贩卖婴儿被判刑之后,14,False,False,0.3333333333333333,0.2608695652173913,0.5714285714285714,0.08666666666666667,-0.1802978515625,0.0,0.0,0.0,0.0,0,,继陕西府贫富产科医生张树响医贩卖婴儿被判刑之后
457,继陕西富平妇产科医生张淑侠因贩卖婴儿被判刑之后,15,False,False,0.3333333333333333,0.2608695652173913,0.5714285714285714,0.013333333333333334,-0.184326171875,0.0,0.0,0.0,0.0,0,,继陕西赴贫富产科医生张树响音贩卖婴儿被判刑之后
457,继陕西富平妇产科医生张淑侠因贩卖婴儿被判刑之后,16,False,False,0.3333333333333333,0.2608695652173913,0.5714285714285714,0.0,-0.18505859375,0.0,0.0,0.0,0.0,0,,继陕西府贫富产科医生张树晓一贩卖婴儿被判刑之后
458,满堂红链家市场研究部高级经理周峰透露,1,True,False,1.0,0.1111111111111111,0.0,1.0,-0.047607421875,0.0,0.0,0.0,0.0,0,,满堂红廉价市场研究部高级经理周峰透露
458,满堂红链家市场研究部高级经理周峰透露,2,False,False,1.0,0.16666666666666666,0.0,0.6629464285714286,-0.08447265625,0.0,0.0,0.0,0.0,0,,满堂宏廉价市场研究部高级经理周峰透露
458,满堂红链家市场研究部高级经理周峰透露,3,False,False,1.0,0.16666666666666666,0.0,0.5128348214285714,-0.10089111328125,0.0,0.0,0.0,0.0,0,,满堂洪廉价市场研究部高级经理周峰透露
458,满堂红链家市场研究部高级经理周峰透露,4,False,False,1.0,0.16666666666666666,0.0,0.41127232142857145,-0.11199951171875,0.0,0.0,0.0,0.0,0,,满堂鸿廉价市场研究部高级经理周峰透露
458,满堂红链家市场研究部高级经理周峰透露,5,False,False,0.0,0.16666666666666666,0.5,0.22879464285714285,-0.1319580078125,0.0,0.0,0.0,0.0,0,,满堂红廉价市场研究部高级经理周锋透露
458,满堂红链家市场研究部高级经理周峰透露,6,False,False,1.0,0.16666666666666666,0.0,0.11941964285714286,-0.1439208984375,0.0,0.0,0.0,0.0,0,,满塘红廉价市场研究部高级经理周峰透露
458,满堂红链家市场研究部高级经理周峰透露,7,False,True,1.0,0.05555555555555555,0.0,0.0,-0.156982421875,0.0,0.0,0.0,0.0,0,,满堂红联家市场研究部高级经理周峰透露
459,提升垦区现代农业发展水平,1,True,False,0.0,0.08333333333333333,0.5,1.0,-0.045867919921875,0.0,0.0,0.0,0.0,0,,提升肯区现代农业发展水平
459,提升垦区现代农业发展水平,2,False,True,1.0,0.0,0.0,0.7110924546122364,-0.1298828125,0.0,0.0,0.0,0.0,0,,提升垦区现代农业发展水平
459,提升垦区现代农业发展水平,3,False,False,0.0,0.08333333333333333,0.5,0.2938398572777836,-0.251220703125,0.0,0.0,0.0,0.0,0,,提升坑区现代农业发展水平
459,提升垦区现代农业发展水平,4,False,False,0.0,0.16666666666666666,1.0,0.2762094658411166,-0.25634765625,0.0,0.0,0.0,0.0,0,,提升肯驱现代农业发展水平
459,提升垦区现代农业发展水平,5,False,False,0.0,0.08333333333333333,0.5,0.17210620211984468,-0.28662109375,0.0,0.0,0.0,0.0,0,,提升啃区现代农业发展水平
459,提升垦区现代农业发展水平,6,False,False,0.0,0.08333333333333333,0.5,0.036939867772064226,-0.325927734375,0.0,0.0,0.0,0.0,0,,提升群区现代农业发展水平
459,提升垦区现代农业发展水平,7,False,False,0.0,0.08333333333333333,0.5,0.010914051841746248,-0.33349609375,0.0,0.0,0.0,0.0,0,,提升羹区现代农业发展水平
459,提升垦区现代农业发展水平,8,False,False,0.0,0.08333333333333333,0.5,0.0,-0.336669921875,0.0,0.0,0.0,0.0,0,,提升垦丘现代农业发展水平
460,业界首次开始认真讨论苹果市值晋升万亿大关的潜力,1,True,True,1.0,0.0,0.0,1.0,-0.033172607421875,0.0,0.0,0.0,0.0,0,,业界首次开始认真讨论苹果市值晋升万亿大关的潜力
460,业界首次开始认真讨论苹果市值晋升万亿大关的潜力,2,False,False,1.0,0.043478260869565216,0.0,0.4707482993197279,-0.11627197265625,0.0,0.0,0.0,0.0,0,,业界首次开始认真讨论苹果市值晋升万亿大官的潜力
460,业界首次开始认真讨论苹果市值晋升万亿大关的潜力,3,False,False,1.0,0.043478260869565216,0.0,0.4691933916423712,-0.11651611328125,0.0,0.0,0.0,0.0,0,,业界首次开始认真讨论苹果市值晋升万亿大观的潜力
460,业界首次开始认真讨论苹果市值晋升万亿大关的潜力,4,False,False,1.0,0.043478260869565216,0.0,0.4318756073858115,-0.12237548828125,0.0,0.0,0.0,0.0,0,,业界首次开始认真讨论苹果市值晋升万亿大冠的潜力
460,业界首次开始认真讨论苹果市值晋升万亿大关的潜力,5,False,False,1.0,0.043478260869565216,0.0,0.21068999028182703,-0.1571044921875,0.0,0.0,0.0,0.0,0,,业界首次开始认真讨论苹果是值晋升万亿大关的潜力
460,业界首次开始认真讨论苹果市值晋升万亿大关的潜力,6,False,False,1.0,0.08695652173913043,0.0,0.17959183673469387,-0.1619873046875,0.0,0.0,0.0,0.0,0,,业界首次开始认真讨论苹果失职晋升万亿大关的潜力
460,业界首次开始认真讨论苹果市值晋升万亿大关的潜力,7,False,False,1.0,0.13043478260869565,0.0,0.16482021379980563,-0.164306640625,0.0,0.0,0.0,0.0,0,,业界首次开始认真讨论苹果失职晋升万亿大官的潜力
460,业界首次开始认真讨论苹果市值晋升万亿大关的潜力,8,False,False,1.0,0.08695652173913043,0.0,0.0,-0.190185546875,0.0,0.0,0.0,0.0,0,,业界首次开始认真讨论苹果市值晋升万亿大关的前列
461,苹果股票价格创下历史新高,1,True,True,1.0,0.0,0.0,1.0,-0.007617950439453125,0.0,0.0,0.0,0.0,0,,苹果股票价格创下历史新高
461,苹果股票价格创下历史新高,2,False,False,1.0,0.08333333333333333,0.0,0.0,-0.30126953125,0.0,0.0,0.0,0.0,0,,苹果股票价格创夏历史新高
462,苹果市值超过700000000000美元,1,True,True,1.0,0.0,0.0,1.0,-0.01104736328125,0.0,0.0,0.0,0.0,0,,苹果市值超过700000000000美元
462,苹果市值超过700000000000美元,2,False,False,1.0,0.55,0.0,0.42354488655047684,-0.33203125,0.0,0.0,0.0,0.0,0,,苹果市值超过7千亿美元
462,苹果市值超过700000000000美元,3,False,False,1.0,0.5,0.0,0.3994300120574372,-0.345458984375,0.0,0.0,0.0,0.0,0,,苹果市值超过70美元
462,苹果市值超过700000000000美元,4,False,False,1.0,0.0,0.0,0.08155212101282473,-0.5224609375,0.0,0.0,0.0,0.0,0,,苹果市值超过7000亿美元
462,苹果市值超过700000000000美元,5,False,False,1.0,0.45,0.0,0.0008769045270196207,-0.5673828125,0.0,0.0,0.0,0.0,0,,苹果市值超过7000亿美金
462,苹果市值超过700000000000美元,6,False,False,1.0,0.1,0.0,0.0,-0.56787109375,0.0,0.0,0.0,0.0,0,,苹果市值超过70亿美元
463,那么苹果市价约为4000000000美元,1,True,False,1.0,0.1,0.0,1.0,-0.0535888671875,0.0,0.0,0.0,0.0,0,,那么苹果市价约为744000000000美元
463,那么苹果市价约为4000000000美元,2,False,False,1.0,0.1,0.0,0.5168539325842697,-0.13232421875,0.0,0.0,0.0,0.0,0,,那么苹果市价约为74400000000美元
463,那么苹果市价约为4000000000美元,3,False,True,1.0,0.0,0.0,0.3842696629213483,-0.1539306640625,0.0,0.0,0.0,0.0,0,,那么苹果市价约为4000000000美元
463,那么苹果市价约为4000000000美元,4,False,False,1.0,0.15,0.0,0.0,-0.216552734375,0.0,0.0,0.0,0.0,0,,那么苹果市价约为7441000000000美元
464,苹果对电动汽车表现出的浓厚兴趣,1,True,True,1.0,0.0,0.0,1.0,-0.01241302490234375,0.0,0.0,0.0,0.0,0,,苹果对电动汽车表现出的浓厚兴趣
464,苹果对电动汽车表现出的浓厚兴趣,2,False,False,1.0,0.06666666666666667,0.0,0.4151763130486535,-0.162353515625,0.0,0.0,0.0,0.0,0,,苹果对电动汽车表现出了浓厚兴趣
464,苹果对电动汽车表现出的浓厚兴趣,3,False,False,1.0,0.06666666666666667,0.0,0.38660913554530574,-0.169677734375,0.0,0.0,0.0,0.0,0,,苹果对电动汽车表现出浓厚兴趣
464,苹果对电动汽车表现出的浓厚兴趣,4,False,False,1.0,0.13333333333333333,0.0,0.0047611962505579525,-0.267578125,0.0,0.0,0.0,0.0,0,,苹果对电动汽车表现出了浓厚的兴趣
464,苹果对电动汽车表现出的浓厚兴趣,5,False,False,1.0,0.13333333333333333,0.0,0.0,-0.268798828125,0.0,0.0,0.0,0.0,0,,苹果对电动汽车表现出浓厚的兴趣
465,苹果将继续向股东返还现金,1,True,True,1.0,0.0,0.0,1.0,-0.0305938720703125,0.0,0.0,0.0,0.0,0,,苹果将继续向股东返还现金
465,苹果将继续向股东返还现金,2,False,False,1.0,1.6666666666666667,0.0,0.5226835421387951,-0.200927734375,0.0,0.0,0.0,0.0,0,,苹果将继续向股东返还现金请不吝点赞订阅转发打赏支持明镜与点点栏目
465,苹果将继续向股东返还现金,3,False,False,1.0,2.9166666666666665,0.0,0.26544661564116817,-0.292724609375,0.0,0.0,0.0,0.0,0,,苹果将继续向股东返还现金优优独播剧场YoYoTelevisionSeriesExclusive
465,苹果将继续向股东返还现金,4,False,False,1.0,1.6666666666666667,0.0,0.06362509086244494,-0.36474609375,0.0,0.0,0.0,0.0,0,,苹果将继续向股东返还现金请不吝点赞订阅转移打赏支持明镜与点点栏目
465,苹果将继续向股东返还现金,5,False,False,1.0,0.9166666666666666,0.0,0.03762774190789755,-0.3740234375,0.0,0.0,0.0,0.0,0,,苹果将继续向股东返还现金未经许可不得翻唱或使用
465,苹果将继续向股东返还现金,6,False,False,1.0,1.6666666666666667,0.0,0.034207038098088685,-0.375244140625,0.0,0.0,0.0,0.0,0,,苹果将继续向股东返还现金请不吝点赞订阅转发打赏支持明镜和点点栏目
465,苹果将继续向股东返还现金,7,False,False,1.0,0.08333333333333333,0.0,0.0,-0.387451171875,0.0,0.0,0.0,0.0,0,,苹果将继续向股东返回现金
466,这些力量的结合将会推动苹果的市盈率大幅上正,1,True,False,1.0,0.047619047619047616,0.0,1.0,-0.045623779296875,0.0,0.0,0.0,0.0,0,,这些力量的结合将会推动苹果的市盈率大幅上涨
466,这些力量的结合将会推动苹果的市盈率大幅上正,2,False,False,1.0,0.047619047619047616,0.0,0.9274871039056742,-0.060638427734375,0.0,0.0,0.0,0.0,0,,这些力量的结合将会推动苹果的市盈率大幅上升
466,这些力量的结合将会推动苹果的市盈率大幅上正,3,False,False,1.0,0.047619047619047616,0.0,0.6844509948415622,-0.1109619140625,0.0,0.0,0.0,0.0,0,,这些力量的结合将会推动苹果的市盈率大幅上振
466,这些力量的结合将会推动苹果的市盈率大幅上正,4,False,False,1.0,0.047619047619047616,0.0,0.5105379513633014,-0.14697265625,0.0,0.0,0.0,0.0,0,,这些力量的结合将会推动苹果的市盈率大幅上证
466,这些力量的结合将会推动苹果的市盈率大幅上正,5,False,False,1.0,0.047619047619047616,0.0,0.2782608695652174,-0.195068359375,0.0,0.0,0.0,0.0,0,,这些力量的结合将会推动苹果的市盈率大幅上增
466,这些力量的结合将会推动苹果的市盈率大幅上正,6,False,False,1.0,0.14285714285714285,0.0,0.17450257921886514,-0.216552734375,0.0,0.0,0.0,0.0,0,,这些力量的结合将会推动苹果的适应率大幅上涨
466,这些力量的结合将会推动苹果的市盈率大幅上正,7,False,True,1.0,0.0,0.0,0.16094325718496683,-0.2193603515625,0.0,0.0,0.0,0.0,0,,这些力量的结合将会推动苹果的市盈率大幅上正
466,这些力量的结合将会推动苹果的市盈率大幅上正,8,False,False,1.0,0.14285714285714285,0.0,0.05954310980103169,-0.2403564453125,0.0,0.0,0.0,0.0,0,,这些力量的结合将会推动苹果的适应率大幅上升
466,这些力量的结合将会推动苹果的市盈率大幅上正,9,False,False,1.0,0.047619047619047616,0.0,0.02535003684598379,-0.2474365234375,0.0,0.0,0.0,0.0,0,,这些力量的结合将会推动苹果的市盈率大幅上震
466,这些力量的结合将会推动苹果的市盈率大幅上正,10,False,False,1.0,0.09523809523809523,1.0,0.0,-0.252685546875,0.0,0.0,0.0,0.0,0,,这些力量结合将会推动苹果的市盈率大幅上涨
467,苹果公司的市价将突破一万亿美金大关,1,True,False,1.0,0.058823529411764705,0.0,1.0,-0.049896240234375,0.0,0.0,0.0,0.0,0,,苹果公司的市价将突破1万亿美金大关
467,苹果公司的市价将突破一万亿美金大关,2,False,True,1.0,0.0,0.0,0.7250829115028801,-0.09796142578125,0.0,0.0,0.0,0.0,0,,苹果公司的市价将突破一万亿美金大关
467,苹果公司的市价将突破一万亿美金大关,3,False,False,1.0,0.29411764705882354,0.0,0.5816023738872403,-0.123046875,0.0,0.0,0.0,0.0,0,,苹果公司的市价将突破10000亿美金大关
467,苹果公司的市价将突破一万亿美金大关,4,False,False,1.0,0.11764705882352941,0.0,0.3086053412462908,-0.1707763671875,0.0,0.0,0.0,0.0,0,,苹果公司的市价将突破1万亿美元大关
467,苹果公司的市价将突破一万亿美金大关,5,False,False,1.0,0.8235294117647058,0.0,0.0830860534124629,-0.210205078125,0.0,0.0,0.0,0.0,0,,苹果公司的市价将突破1000000000000美元大关
467,苹果公司的市价将突破一万亿美金大关,6,False,False,1.0,0.17647058823529413,0.0,0.0,-0.2247314453125,0.0,0.0,0.0,0.0,0,,苹果公司的市价将突破100亿美金大关
468,苹果在成长为万亿美元市场的巨无霸之前,1,True,True,1.0,0.0,0.0,1.0,-0.0487060546875,0.0,0.0,0.0,0.0,0,,苹果在成长为万亿美元市场的巨无霸之前
468,苹果在成长为万亿美元市场的巨无霸之前,2,False,False,1.0,0.1111111111111111,0.0,0.257419745608722,-0.1983642578125,0.0,0.0,0.0,0.0,0,,苹果在成长为万亿美元的巨无霸之前
468,苹果在成长为万亿美元市场的巨无霸之前,3,False,False,1.0,0.05555555555555555,0.0,0.0,-0.250244140625,0.0,0.0,0.0,0.0,0,,苹果在成长为1万亿美元市场的巨无霸之前
469,苹果公司现在已将约三百万的原始订单削减了一半,1,True,False,1.0,0.13636363636363635,0.0,1.0,-0.04388427734375,0.0,0.0,0.0,0.0,0,,苹果公司现在已将约300万的原始订单削减了一半
469,苹果公司现在已将约三百万的原始订单削减了一半,2,False,False,1.0,0.36363636363636365,0.0,0.5394419565966242,-0.12548828125,0.0,0.0,0.0,0.0,0,,苹果公司现在已将约3000000元的原始订单削减了一半
469,苹果公司现在已将约三百万的原始订单削减了一半,3,False,True,1.0,0.0,0.0,0.412676541508784,-0.14794921875,0.0,0.0,0.0,0.0,0,,苹果公司现在已将约三百万的原始订单削减了一半
469,苹果公司现在已将约三百万的原始订单削减了一半,4,False,False,1.0,0.4090909090909091,0.0,0.09162934894936273,-0.204833984375,0.0,0.0,0.0,0.0,0,,苹果公司现在已将约3000000元的原始订单削减一半
469,苹果公司现在已将约三百万的原始订单削减了一半,5,False,False,1.0,0.18181818181818182,0.0,0.08887357905614882,-0.205322265625,0.0,0.0,0.0,0.0,0,,苹果公司现在已经将约300万的原始订单削减了一半
469,苹果公司现在已将约三百万的原始订单削减了一半,6,False,False,1.0,0.045454545454545456,0.0,0.0,-0.2210693359375,0.0,0.0,0.0,0.0,0,,苹果公司现在已将约3百万的原始订单削减了一半
470,苹果作为消费数码产品的公司是否具备造车能力,1,True,True,1.0,0.0,0.0,1.0,-0.024993896484375,0.0,0.0,0.0,0.0,0,,苹果作为消费数码产品的公司是否具备造车能力
470,苹果作为消费数码产品的公司是否具备造车能力,2,False,False,1.0,0.047619047619047616,0.0,0.1461269590709212,-0.256103515625,0.0,0.0,0.0,0.0,0,,苹果作为消费数码产品的公司是否具备造车能力呢
470,苹果作为消费数码产品的公司是否具备造车能力,3,False,False,1.0,0.047619047619047616,0.0,0.054121095952193034,-0.281005859375,0.0,0.0,0.0,0.0,0,,苹果作为消费数码产品的公司是否具备倒车能力
470,苹果作为消费数码产品的公司是否具备造车能力,4,False,False,1.0,0.047619047619047616,0.0,0.0,-0.295654296875,0.0,0.0,0.0,0.0,0,,苹果做为消费数码产品的公司是否具备造车能力
471,目前大部分华尔街分析师们都对苹果的未来保持乐观,1,True,True,1.0,0.0,0.0,1.0,-0.031463623046875,0.0,0.0,0.0,0.0,0,,目前大部分华尔街分析师们都对苹果的未来保持乐观
471,目前大部分华尔街分析师们都对苹果的未来保持乐观,2,False,False,1.0,0.043478260869565216,0.0,0.14608018178867066,-0.1920166015625,0.0,0.0,0.0,0.0,0,,目前大部份华尔街分析师们都对苹果的未来保持乐观
471,目前大部分华尔街分析师们都对苹果的未来保持乐观,3,False,False,1.0,0.043478260869565216,1.0,0.0876481090732024,-0.2030029296875,0.0,0.0,0.0,0.0,0,,目前大部分华尔街分析师都对苹果的未来保持乐观
471,目前大部分华尔街分析师们都对苹果的未来保持乐观,4,False,False,1.0,0.043478260869565216,1.0,0.0,-0.219482421875,0.0,0.0,0.0,0.0,0,,目前大部分的华尔街分析师们都对苹果的未来保持乐观
472,苹果市场价值达到700000000000美元刚刚过去几个月,1,True,True,1.0,0.0,0.0,1.0,-0.043731689453125,0.0,0.0,0.0,0.0,0,,苹果市场价值达到700000000000美元刚刚过去几个月
472,苹果市场价值达到700000000000美元刚刚过去几个月,2,False,False,1.0,0.034482758620689655,0.0,0.8613969783227502,-0.06304931640625,0.0,0.0,0.0,0.0,0,,苹果市场的价值达到700000000000美元刚刚过去几个月
472,苹果市场价值达到700000000000美元刚刚过去几个月,3,False,False,1.0,0.3448275862068966,0.0,0.04028902999781038,-0.177490234375,0.0,0.0,0.0,0.0,0,,苹果市场价值达到70美元刚刚过去几个月
472,苹果市场价值达到700000000000美元刚刚过去几个月,4,False,False,1.0,0.3793103448275862,0.0,0.0,-0.18310546875,0.0,0.0,0.0,0.0,0,,苹果市场价值达到7千亿美元刚刚过去几个月
473,苹果能否摆脱王者魔咒,1,True,True,1.0,0.0,0.0,1.0,-0.04510498046875,0.0,0.0,0.0,0.0,0,,苹果能否摆脱王者魔咒
473,苹果能否摆脱王者魔咒,2,False,False,1.0,0.1,0.0,0.0,-0.259521484375,0.0,0.0,0.0,0.0,0,,苹果能否摆脱亡者魔咒
474,苹果晋身道指固属众望所归,1,True,False,0.5,0.3333333333333333,0.25,1.0,-0.2335205078125,0.0,0.0,0.0,0.0,0,,苹果近身道只顾数众望所归
474,苹果晋身道指固属众望所归,2,False,False,0.5,0.3333333333333333,0.25,0.7661691542288557,-0.250732421875,0.0,0.0,0.0,0.0,0,,苹果近身道直顾数众望所归
474,苹果晋身道指固属众望所归,3,False,False,0.5,0.3333333333333333,0.25,0.6434494195688225,-0.259765625,0.0,0.0,0.0,0.0,0,,苹果近身道只顾鼠众望所归
474,苹果晋身道指固属众望所归,4,False,False,0.5,0.4166666666666667,0.375,0.5306799336650083,-0.26806640625,0.0,0.0,0.0,0.0,0,,苹果尽生道只顾数众望所归
474,苹果晋身道指固属众望所归,5,False,False,0.5,0.4166666666666667,0.375,0.4311774461028192,-0.275390625,0.0,0.0,0.0,0.0,0,,苹果近身到只顾数众望所归
474,苹果晋身道指固属众望所归,6,False,False,0.5,0.5,0.5,0.3681592039800995,-0.280029296875,0.0,0.0,0.0,0.0,0,,苹果尽生到只顾数众望所归
474,苹果晋身道指固属众望所归,7,False,False,0.5,0.5,0.5,0.3449419568822554,-0.28173828125,0.0,0.0,0.0,0.0,0,,苹果近生到只顾数众望所归
474,苹果晋身道指固属众望所归,8,False,False,0.5,0.3333333333333333,0.25,0.3383084577114428,-0.2822265625,0.0,0.0,0.0,0.0,0,,苹果近身道直顾鼠众望所归
474,苹果晋身道指固属众望所归,9,False,False,0.5,0.4166666666666667,0.375,0.16583747927031509,-0.294921875,0.0,0.0,0.0,0.0,0,,苹果近身到只顾鼠众望所归
474,苹果晋身道指固属众望所归,10,False,True,0.5,0.25,0.25,0.09950248756218906,-0.2998046875,0.0,0.0,0.0,0.0,0,,苹果近身道只顾属众望所归
474,苹果晋身道指固属众望所归,11,False,False,0.5,0.4166666666666667,0.375,0.029850746268656716,-0.304931640625,0.0,0.0,0.0,0.0,0,,苹果晋升到只顾数众望所归
474,苹果晋身道指固属众望所归,12,False,False,0.5,0.4166666666666667,0.25,0.0,-0.30712890625,0.0,0.0,0.0,0.0,0,,苹果近身道只顾数众忘所归
475,而苹果得以顺利跻身道指,1,True,False,1.0,0.2727272727272727,0.0,1.0,-0.08154296875,0.0,0.0,0.0,0.0,0,,而苹果得以顺利挤身倒置
475,而苹果得以顺利跻身道指,2,False,False,1.0,0.2727272727272727,0.0,0.7086538461538462,-0.155517578125,0.0,0.0,0.0,0.0,0,,而苹果得以顺利挤身到职
475,而苹果得以顺利跻身道指,3,False,False,1.0,0.2727272727272727,0.0,0.5375,-0.198974609375,0.0,0.0,0.0,0.0,0,,而苹果得以顺利挤身倒纸
475,而苹果得以顺利跻身道指,4,False,False,1.0,0.18181818181818182,0.0,0.24326923076923077,-0.273681640625,0.0,0.0,0.0,0.0,0,,而苹果得以顺利挤身道止
475,而苹果得以顺利跻身道指,5,False,True,1.0,0.09090909090909091,0.0,0.17307692307692307,-0.29150390625,0.0,0.0,0.0,0.0,0,,而苹果得以顺利挤身道指
475,而苹果得以顺利跻身道指,6,False,False,1.0,0.2727272727272727,0.0,0.07019230769230769,-0.317626953125,0.0,0.0,0.0,0.0,0,,而苹果得以顺利几身倒置
475,而苹果得以顺利跻身道指,7,False,False,1.0,0.36363636363636365,0.0,0.06153846153846154,-0.31982421875,0.0,0.0,0.0,0.0,0,,而苹果得以顺利挤深稻脂
475,而苹果得以顺利跻身道指,8,False,False,1.0,0.2727272727272727,0.0,0.047115384615384615,-0.323486328125,0.0,0.0,0.0,0.0,0,,而苹果得以顺利挤身盗掷
475,而苹果得以顺利跻身道指,9,False,False,1.0,0.2727272727272727,0.0,0.0125,-0.332275390625,0.0,0.0,0.0,0.0,0,,而苹果得以顺利挤身到址
475,而苹果得以顺利跻身道指,10,False,False,1.0,0.2727272727272727,0.0,0.009615384615384616,-0.3330078125,0.0,0.0,0.0,0.0,0,,而苹果得以顺利挤身倒掷
475,而苹果得以顺利跻身道指,11,False,False,1.0,0.2727272727272727,0.0,0.0,-0.33544921875,0.0,0.0,0.0,0.0,0,,而苹果得以顺利挤身倒止
476,苹果固然不会因此而升格,1,True,True,1.0,0.0,0.0,1.0,-0.02838134765625,0.0,0.0,0.0,0.0,0,,苹果固然不会因此而升格
476,苹果固然不会因此而升格,2,False,False,1.0,0.09090909090909091,0.0,0.5454242373728955,-0.19482421875,0.0,0.0,0.0,0.0,0,,苹果固然不会因此而生格
476,苹果固然不会因此而升格,3,False,False,1.0,0.2727272727272727,0.0,0.3487247874645774,-0.266845703125,0.0,0.0,0.0,0.0,0,,苹果固然不会因此而生疙瘩
476,苹果固然不会因此而升格,4,False,False,1.0,0.18181818181818182,0.0,0.32338723120520085,-0.276123046875,0.0,0.0,0.0,0.0,0,,苹果固然不会因此而生鸽
476,苹果固然不会因此而升格,5,False,False,1.0,0.18181818181818182,0.0,0.1633605600933489,-0.334716796875,0.0,0.0,0.0,0.0,0,,苹果固然不会因此而生葛
476,苹果固然不会因此而升格,6,False,False,1.0,0.18181818181818182,0.0,0.13202200366727787,-0.34619140625,0.0,0.0,0.0,0.0,0,,苹果固然不会因此而生割
476,苹果固然不会因此而升格,7,False,False,1.0,0.09090909090909091,0.0,0.0,-0.39453125,0.0,0.0,0.0,0.0,0,,苹果固然不会因此而升阁
477,老毕于跟苹果押注太阳能一文问过大家,1,True,False,1.0,0.23529411764705882,0.0,1.0,-0.061920166015625,0.0,0.0,0.0,0.0,0,,老碧鱼跟苹果压住太阳能一文问过大家
477,老毕于跟苹果押注太阳能一文问过大家,2,False,False,1.0,0.29411764705882354,0.0,0.5628446472713443,-0.132080078125,0.0,0.0,0.0,0.0,0,,老碧鱼跟苹果压住太阳能一吻问过大家
477,老毕于跟苹果押注太阳能一文问过大家,3,False,False,1.0,0.23529411764705882,0.0,0.4266970907016543,-0.1539306640625,0.0,0.0,0.0,0.0,0,,老碧云跟苹果压住太阳能一文问过大家
477,老毕于跟苹果押注太阳能一文问过大家,4,False,False,1.0,0.23529411764705882,0.0,0.38030043734550295,-0.161376953125,0.0,0.0,0.0,0.0,0,,老臂鱼跟苹果压住太阳能一文问过大家
477,老毕于跟苹果押注太阳能一文问过大家,5,False,False,1.0,0.29411764705882354,0.0,0.2707739113899981,-0.178955078125,0.0,0.0,0.0,0.0,0,,老碧鱼跟苹果压住太阳能一闻问过大家
477,老毕于跟苹果押注太阳能一文问过大家,6,False,False,1.0,0.17647058823529413,0.0,0.2182924510363187,-0.1873779296875,0.0,0.0,0.0,0.0,0,,老毕与跟苹果压住太阳能一文问过大家
477,老毕于跟苹果押注太阳能一文问过大家,7,False,True,1.0,0.11764705882352941,0.0,0.129302148697471,-0.20166015625,0.0,0.0,0.0,0.0,0,,老碧鱼跟苹果押注太阳能一文问过大家
477,老毕于跟苹果押注太阳能一文问过大家,8,False,False,1.0,0.23529411764705882,0.0,0.06769347784749953,-0.2115478515625,0.0,0.0,0.0,0.0,0,,老币与跟苹果压住太阳能一文问过大家
477,老毕于跟苹果押注太阳能一文问过大家,9,False,False,1.0,0.11764705882352941,0.0,0.05324206122837041,-0.2138671875,0.0,0.0,0.0,0.0,0,,老毕于跟苹果压住太阳能一文问过大家
477,老毕于跟苹果押注太阳能一文问过大家,10,False,False,1.0,0.23529411764705882,0.0,0.025099828864803195,-0.2183837890625,0.0,0.0,0.0,0.0,0,,老币鱼跟苹果压住太阳能一文问过大家
477,老毕于跟苹果押注太阳能一文问过大家,11,False,False,1.0,0.17647058823529413,0.0,0.0,-0.222412109375,0.0,0.0,0.0,0.0,0,,老必于跟苹果压住太阳能一文问过大家
478,苹果股价在说不准的时间内有望上升三成,1,True,True,1.0,0.0,0.0,1.0,-0.0032863616943359375,0.0,0.0,0.0,0.0,0,,苹果股价在说不准的时间内有望上升三成
478,苹果股价在说不准的时间内有望上升三成,2,False,False,1.0,0.05555555555555555,0.0,0.4290529790252032,-0.2052001953125,0.0,0.0,0.0,0.0,0,,苹果股价在说不准的时间内有望上升3成
478,苹果股价在说不准的时间内有望上升三成,3,False,False,1.0,0.05555555555555555,0.0,0.3234293172539142,-0.2425537109375,0.0,0.0,0.0,0.0,0,,苹果股价再说不准的时间内有望上升三成
478,苹果股价在说不准的时间内有望上升三成,4,False,False,1.0,0.1111111111111111,0.0,0.1636131231359182,-0.299072265625,0.0,0.0,0.0,0.0,0,,苹果骨架在说不准的时间内有望上升三成
478,苹果股价在说不准的时间内有望上升三成,5,False,False,1.0,0.05555555555555555,0.0,0.0,-0.35693359375,0.0,0.0,0.0,0.0,0,,苹果股价在说不准的时间内有望涨升三成
479,若定苹果第三期发育的立场已呼之欲出,1,True,False,1.0,0.058823529411764705,0.0,1.0,-0.033935546875,0.0,0.0,0.0,0.0,0,,若定苹果第三区发育的立场已呼之欲出
479,若定苹果第三期发育的立场已呼之欲出,2,False,False,1.0,0.11764705882352941,0.0,0.6115819209039548,-0.11785888671875,0.0,0.0,0.0,0.0,0,,若定苹果第三区发育的立场以呼之欲出
479,若定苹果第三期发育的立场已呼之欲出,3,False,False,1.0,0.11764705882352941,0.0,0.28418079096045196,-0.1885986328125,0.0,0.0,0.0,0.0,0,,弱定苹果第三区发育的立场已呼之欲出
479,若定苹果第三期发育的立场已呼之欲出,4,False,True,1.0,0.0,0.0,0.16779661016949152,-0.2137451171875,0.0,0.0,0.0,0.0,0,,若定苹果第三期发育的立场已呼之欲出
479,若定苹果第三期发育的立场已呼之欲出,5,False,False,1.0,0.17647058823529413,0.0,0.12316384180790961,-0.223388671875,0.0,0.0,0.0,0.0,0,,若定苹果第三区发育的立场以胡之欲出
479,若定苹果第三期发育的立场已呼之欲出,6,False,False,1.0,0.17647058823529413,0.0,0.11751412429378531,-0.224609375,0.0,0.0,0.0,0.0,0,,若订苹果第三区发育的立场以呼之欲出
479,若定苹果第三期发育的立场已呼之欲出,7,False,False,1.0,0.17647058823529413,0.0,0.10112994350282486,-0.2281494140625,0.0,0.0,0.0,0.0,0,,若定苹果第三区发育的立场已忽知欲出
479,若定苹果第三期发育的立场已呼之欲出,8,False,False,1.0,0.11764705882352941,0.0,0.03785310734463277,-0.2418212890625,0.0,0.0,0.0,0.0,0,,若订苹果第三区发育的立场已呼之欲出
479,若定苹果第三期发育的立场已呼之欲出,9,False,False,1.0,0.11764705882352941,0.0,0.0,-0.25,0.0,0.0,0.0,0.0,0,,若定苹果第三区发育的立场亦呼之欲出
480,手机辐射的比吸收率最高限值为二瓦特每千克,1,True,False,0.0,0.1,0.3333333333333333,1.0,-0.0950927734375,0.0,0.0,0.0,0.0,0,,手机辐射的比稀收率最高限值为2瓦特每千克
480,手机辐射的比吸收率最高限值为二瓦特每千克,2,False,False,0.0,0.05,0.3333333333333333,0.9574095682613769,-0.09954833984375,0.0,0.0,0.0,0.0,0,,手机辐射的比吸收率最高限值为2瓦特每千克
480,手机辐射的比吸收率最高限值为二瓦特每千克,3,False,False,0.0,0.1,0.3333333333333333,0.5997666277712952,-0.136962890625,0.0,0.0,0.0,0.0,0,,手机辐射的笔吸收率最高限值为2瓦特每千克
480,手机辐射的比吸收率最高限值为二瓦特每千克,4,False,False,0.0,0.1,0.3333333333333333,0.5752625437572929,-0.1395263671875,0.0,0.0,0.0,0.0,0,,手机辐射的比锡收率最高限值为2瓦特每千克
480,手机辐射的比吸收率最高限值为二瓦特每千克,5,False,False,1.0,0.05,0.0,0.2742123687281214,-0.1710205078125,0.0,0.0,0.0,0.0,0,,手机辐射的比稀收率最高限值为二瓦特每千克
480,手机辐射的比吸收率最高限值为二瓦特每千克,6,False,False,0.0,0.1,0.3333333333333333,0.21703617269544925,-0.177001953125,0.0,0.0,0.0,0.0,0,,手机辐射的B吸收率最高限值为2瓦特每千克
480,手机辐射的比吸收率最高限值为二瓦特每千克,7,False,True,1.0,0.0,0.0,0.15985997666277713,-0.1829833984375,0.0,0.0,0.0,0.0,0,,手机辐射的比吸收率最高限值为二瓦特每千克
480,手机辐射的比吸收率最高限值为二瓦特每千克,8,False,False,0.0,0.15,0.3333333333333333,0.13652275379229872,-0.1854248046875,0.0,0.0,0.0,0.0,0,,手机辐射的比锡收滤最高限值为2瓦特每千克
480,手机辐射的比吸收率最高限值为二瓦特每千克,9,False,False,0.0,0.15,0.3333333333333333,0.07467911318553092,-0.19189453125,0.0,0.0,0.0,0.0,0,,手机辐射的BC收率最高限值为2瓦特每千克
480,手机辐射的比吸收率最高限值为二瓦特每千克,10,False,False,0.0,0.1,0.3333333333333333,0.059509918319719954,-0.1934814453125,0.0,0.0,0.0,0.0,0,,手机辐射的比息收率最高限值为2瓦特每千克
480,手机辐射的比吸收率最高限值为二瓦特每千克,11,False,False,0.0,0.15,0.3333333333333333,0.0,-0.19970703125,0.0,0.0,0.0,0.0,0,,手机辐射的比稀收率最高限制为2瓦特每千克
481,小天才电话手表辐射远小于国家标准二瓦特每千克,1,True,False,0.0,0.045454545454545456,0.3333333333333333,1.0,-0.05780029296875,0.0,0.0,0.0,0.0,0,,小天才电话手表辐射远小于国家标准2瓦特每千克
481,小天才电话手表辐射远小于国家标准二瓦特每千克,2,False,False,0.0,0.09090909090909091,0.3333333333333333,0.6976854038734057,-0.09686279296875,0.0,0.0,0.0,0.0,0,,小天才电话手表辐射原小于国家标准2瓦特每千克
481,小天才电话手表辐射远小于国家标准二瓦特每千克,3,False,True,1.0,0.0,0.0,0.6098252243741143,-0.10821533203125,0.0,0.0,0.0,0.0,0,,小天才电话手表辐射远小于国家标准二瓦特每千克
481,小天才电话手表辐射远小于国家标准二瓦特每千克,4,False,False,1.0,0.045454545454545456,0.0,0.2673594709494568,-0.1524658203125,0.0,0.0,0.0,0.0,0,,小天才电话手表辐射原小于国家标准二瓦特每千克
481,小天才电话手表辐射远小于国家标准二瓦特每千克,5,False,False,0.0,0.13636363636363635,1.0,0.04345772319319792,-0.181396484375,0.0,0.0,0.0,0.0,0,,小天才电话手表辐射远小于国家标准2W每千克
481,小天才电话手表辐射远小于国家标准二瓦特每千克,6,False,False,0.0,0.09090909090909091,0.3333333333333333,0.01889466225791214,-0.1845703125,0.0,0.0,0.0,0.0,0,,小天才电话手表辐射元小于国家标准2瓦特每千克
481,小天才电话手表辐射远小于国家标准二瓦特每千克,7,False,False,0.0,0.09090909090909091,0.3333333333333333,0.0,-0.18701171875,0.0,0.0,0.0,0.0,0,,小天才电话手表辐射圆小于国家标准2瓦特每千克
482,由郎平挂帅的中国女排在名古屋赛区,1,True,True,1.0,0.0,0.0,1.0,-0.06622314453125,0.0,0.0,0.0,0.0,0,,由郎平挂帅的中国女排在名古屋赛区
482,由郎平挂帅的中国女排在名古屋赛区,2,False,False,0.5,0.0625,0.2,0.3733440385387395,-0.1614990234375,0.0,0.0,0.0,0.0,0,,由郎平挂帅的中国女排在明古屋赛区
482,由郎平挂帅的中国女排在名古屋赛区,3,False,False,0.5,0.125,0.4,0.35568044961862705,-0.1641845703125,0.0,0.0,0.0,0.0,0,,由郎平挂帅的中国女排在鸣鼓屋赛区
482,由郎平挂帅的中国女排在名古屋赛区,4,False,False,0.5,0.125,0.4,0.3107185869128864,-0.1710205078125,0.0,0.0,0.0,0.0,0,,由狼屏挂帅的中国女排在名古屋赛区
482,由郎平挂帅的中国女排在名古屋赛区,5,False,False,0.5,0.125,0.4,0.1846647932557206,-0.190185546875,0.0,0.0,0.0,0.0,0,,由郎平挂帅的中国女排在明鼓屋赛区
482,由郎平挂帅的中国女排在名古屋赛区,6,False,False,0.5,0.125,0.4,0.15335206744279406,-0.1949462890625,0.0,0.0,0.0,0.0,0,,由狼瓶挂帅的中国女排在名古屋赛区
482,由郎平挂帅的中国女排在名古屋赛区,7,False,False,0.5,0.125,0.4,0.10919309514251305,-0.20166015625,0.0,0.0,0.0,0.0,0,,由郎平挂帅的中国女排在明谷屋赛区
482,由郎平挂帅的中国女排在名古屋赛区,8,False,False,0.5,0.0625,0.2,0.0923323966278603,-0.2042236328125,0.0,0.0,0.0,0.0,0,,由狼平挂帅的中国女排在名古屋赛区
482,由郎平挂帅的中国女排在名古屋赛区,9,False,False,0.5,0.125,0.4,0.07707747892412686,-0.20654296875,0.0,0.0,0.0,0.0,0,,由郎平挂帅的中国女排在民鼓屋赛区
482,由郎平挂帅的中国女排在名古屋赛区,10,False,False,1.0,0.0625,0.0,0.05379365716579687,-0.2100830078125,0.0,0.0,0.0,0.0,0,,由郎平挂帅的中国女牌在名古屋赛区
482,由郎平挂帅的中国女排在名古屋赛区,11,False,False,0.5,0.125,0.4,0.04656764351665998,-0.211181640625,0.0,0.0,0.0,0.0,0,,由郎平挂帅的中国女排在明古乌赛区
482,由郎平挂帅的中国女排在名古屋赛区,12,False,False,0.5,0.0625,0.2,0.03291850662384584,-0.2132568359375,0.0,0.0,0.0,0.0,0,,由郎平挂帅的中国女排在敏古屋赛区
482,由郎平挂帅的中国女排在名古屋赛区,13,False,False,0.5,0.0625,0.2,0.0,-0.21826171875,0.0,0.0,0.0,0.0,0,,由郎平挂帅的中国女排在名鼓屋赛区
483,而主教练郎平则在全面性方面对大家做了更多要求,1,True,True,1.0,0.0,0.0,1.0,-0.035186767578125,0.0,0.0,0.0,0.0,0,,而主教练郎平则在全面性方面对大家做了更多要求
483,而主教练郎平则在全面性方面对大家做了更多要求,2,False,False,0.0,0.045454545454545456,0.5,0.45005461827891735,-0.1734619140625,0.0,0.0,0.0,0.0,0,,而主教练朗平则在全面性方面对大家做了更多要求
483,而主教练郎平则在全面性方面对大家做了更多要求,3,False,False,0.0,0.045454545454545456,0.5,0.37286078407573736,-0.19287109375,0.0,0.0,0.0,0.0,0,,而主教练狼平则在全面性方面对大家做了更多要求
483,而主教练郎平则在全面性方面对大家做了更多要求,4,False,False,0.0,0.045454545454545456,0.5,0.17720597159849497,-0.2420654296875,0.0,0.0,0.0,0.0,0,,而主教练郎萍则在全面性方面对大家做了更多要求
483,而主教练郎平则在全面性方面对大家做了更多要求,5,False,False,0.0,0.09090909090909091,1.0,0.11943196989925962,-0.256591796875,0.0,0.0,0.0,0.0,0,,而主教练狼屏则在全面性方面对大家做了更多要求
483,而主教练郎平则在全面性方面对大家做了更多要求,6,False,False,0.0,0.09090909090909091,1.0,0.10195412064570943,-0.260986328125,0.0,0.0,0.0,0.0,0,,而主教练狼瓶则在全面性方面对大家做了更多要求
483,而主教练郎平则在全面性方面对大家做了更多要求,7,False,False,1.0,0.045454545454545456,0.0,0.06894040538900352,-0.269287109375,0.0,0.0,0.0,0.0,0,,而主教练郎平则在全面性方面对大家作了更多要求
483,而主教练郎平则在全面性方面对大家做了更多要求,8,False,False,0.0,0.045454545454545456,0.5,0.015535866003155723,-0.28271484375,0.0,0.0,0.0,0.0,0,,而主教练郎屏则在全面性方面对大家做了更多要求
483,而主教练郎平则在全面性方面对大家做了更多要求,9,False,False,0.0,0.09090909090909091,1.0,0.0,-0.28662109375,0.0,0.0,0.0,0.0,0,,而主教练狼萍则在全面性方面对大家做了更多要求
484,以前接触比较多的巴西队速度也很快,1,True,False,0.0,0.0625,0.3333333333333333,1.0,-0.06689453125,0.0,0.0,0.0,0.0,0,,以前接触比较多的巴西对速度也很快
484,以前接触比较多的巴西队速度也很快,2,False,False,0.0,0.1875,1.0,0.8305843543826579,-0.11077880859375,0.0,0.0,0.0,0.0,0,,以前接触比较多的8C对速度也很快
484,以前接触比较多的巴西队速度也很快,3,False,True,1.0,0.0,0.0,0.6983977379830348,-0.14501953125,0.0,0.0,0.0,0.0,0,,以前接触比较多的巴西队速度也很快
484,以前接触比较多的巴西队速度也很快,4,False,False,0.0,0.1875,1.0,0.5852968897266729,-0.17431640625,0.0,0.0,0.0,0.0,0,,以前接触比较多的87对速度也很快
484,以前接触比较多的巴西队速度也很快,5,False,False,0.0,0.0625,0.3333333333333333,0.471253534401508,-0.203857421875,0.0,0.0,0.0,0.0,0,,以前接触比较多的巴西兑速度也很快
484,以前接触比较多的巴西队速度也很快,6,False,False,0.0,0.125,0.6666666666666666,0.38595664467483504,-0.2259521484375,0.0,0.0,0.0,0.0,0,,以前接触比较多的8C队速度也很快
484,以前接触比较多的巴西队速度也很快,7,False,False,0.0,0.0625,0.3333333333333333,0.17436380772855797,-0.28076171875,0.0,0.0,0.0,0.0,0,,以前接触比较多的巴西堆速度也很快
484,以前接触比较多的巴西队速度也很快,8,False,False,0.0,0.1875,1.0,0.16022620169651272,-0.284423828125,0.0,0.0,0.0,0.0,0,,以前接触比较多的8c对速度也很快
484,以前接触比较多的巴西队速度也很快,9,False,False,0.0,0.125,0.6666666666666666,0.14514608859566447,-0.288330078125,0.0,0.0,0.0,0.0,0,,以前接触比较多的巴希对速度也很快
484,以前接触比较多的巴西队速度也很快,10,False,False,0.0,0.125,0.6666666666666666,0.0,-0.325927734375,0.0,0.0,0.0,0.0,0,,以前接触比较多的芭西对速度也很快
485,接下来中国女排将转战名古屋,1,True,False,0.0,0.07692307692307693,0.3333333333333333,1.0,-0.0771484375,0.0,0.0,0.0,0.0,0,,接下来中国女排将转战明古屋
485,接下来中国女排将转战名古屋,2,False,True,1.0,0.0,0.0,0.873114224137931,-0.10589599609375,0.0,0.0,0.0,0.0,0,,接下来中国女排将转战名古屋
485,接下来中国女排将转战名古屋,3,False,False,0.0,0.15384615384615385,0.6666666666666666,0.3739224137931034,-0.218994140625,0.0,0.0,0.0,0.0,0,,接下来中国女排将转战明谷屋
485,接下来中国女排将转战名古屋,4,False,False,0.0,0.23076923076923078,1.0,0.28933189655172414,-0.2381591796875,0.0,0.0,0.0,0.0,0,,接下来中国女排将转战明谷乌
485,接下来中国女排将转战名古屋,5,False,False,0.0,0.15384615384615385,0.6666666666666666,0.22306034482758622,-0.253173828125,0.0,0.0,0.0,0.0,0,,接下来中国女排将转战明古乌
485,接下来中国女排将转战名古屋,6,False,False,0.0,0.15384615384615385,0.6666666666666666,0.10560344827586207,-0.27978515625,0.0,0.0,0.0,0.0,0,,接下来中国女排将转战名鼓舞
485,接下来中国女排将转战名古屋,7,False,False,0.0,0.07692307692307693,0.3333333333333333,0.029094827586206896,-0.297119140625,0.0,0.0,0.0,0.0,0,,接下来中国女排将转战名古巫
485,接下来中国女排将转战名古屋,8,False,False,0.0,0.07692307692307693,0.3333333333333333,0.0,-0.3037109375,0.0,0.0,0.0,0.0,0,,接下来中国女排将转战民古屋
486,广州日报社记者许胚日前,1,True,False,0.0,0.18181818181818182,1.0,1.0,-0.058929443359375,0.0,0.0,0.0,0.0,0,,广州日报社记者徐培日前
486,广州日报社记者许胚日前,2,False,False,0.0,0.18181818181818182,1.0,0.8526382939943498,-0.1082763671875,0.0,0.0,0.0,0.0,0,,广州日报社记者徐佩日前
486,广州日报社记者许胚日前,3,False,False,0.0,0.18181818181818182,1.0,0.6820377289711109,-0.1654052734375,0.0,0.0,0.0,0.0,0,,广州日报社记者徐沛日前
486,广州日报社记者许胚日前,4,False,False,0.0,0.18181818181818182,1.0,0.19028524560284335,-0.330078125,0.0,0.0,0.0,0.0,0,,广州日报社记者徐霈日前
486,广州日报社记者许胚日前,5,False,False,0.0,0.18181818181818182,1.0,0.16112275585528116,-0.33984375,0.0,0.0,0.0,0.0,0,,广州日报社记者徐配日前
486,广州日报社记者许胚日前,6,False,False,0.0,0.18181818181818182,1.0,0.08457122026793037,-0.365478515625,0.0,0.0,0.0,0.0,0,,广州日报社记者徐飞日前
486,广州日报社记者许胚日前,7,False,False,0.0,0.2727272727272727,1.0,0.04009842340289802,-0.38037109375,0.0,0.0,0.0,0.0,0,,广州日报社记者徐培日签
486,广州日报社记者许胚日前,8,False,True,0.0,0.09090909090909091,0.5,0.016039369361159208,-0.388427734375,0.0,0.0,0.0,0.0,0,,广州日报社记者徐胚日前
486,广州日报社记者许胚日前,9,False,False,0.0,0.09090909090909091,0.5,0.0,-0.393798828125,0.0,0.0,0.0,0.0,0,,广州日报社记者许佩日前
487,在英格兰多塞特群的波维顿坦克博物馆,1,True,True,1.0,0.0,0.0,1.0,-0.0271453857421875,0.0,0.0,0.0,0.0,0,,在英格兰多塞特群的波维顿坦克博物馆
487,在英格兰多塞特群的波维顿坦克博物馆,2,False,False,1.0,0.058823529411764705,0.0,0.4371233427079148,-0.134033203125,0.0,0.0,0.0,0.0,0,,在英格兰多赛特群的波维顿坦克博物馆
487,在英格兰多塞特群的波维顿坦克博物馆,3,False,False,1.0,0.058823529411764705,0.0,0.3901968662113299,-0.1429443359375,0.0,0.0,0.0,0.0,0,,在英格兰多筛特群的波维顿坦克博物馆
487,在英格兰多塞特群的波维顿坦克博物馆,4,False,False,1.0,0.058823529411764705,0.125,0.32012856568903175,-0.15625,0.0,0.0,0.0,0.0,0,,英格兰多塞特群的波维顿坦克博物馆
487,在英格兰多塞特群的波维顿坦克博物馆,5,False,False,1.0,0.058823529411764705,0.0,0.2256327842507031,-0.1741943359375,0.0,0.0,0.0,0.0,0,,在英格兰多莎特群的波维顿坦克博物馆
487,在英格兰多塞特群的波维顿坦克博物馆,6,False,False,0.0,0.058823529411764705,0.125,0.19670550421856167,-0.1796875,0.0,0.0,0.0,0.0,0,,在英格兰多塞特群的玻维顿坦克博物馆
487,在英格兰多塞特群的波维顿坦克博物馆,7,False,False,0.0,0.058823529411764705,0.125,0.1105664925672961,-0.196044921875,0.0,0.0,0.0,0.0,0,,在英格兰多塞特群的波韦顿坦克博物馆
487,在英格兰多塞特群的波维顿坦克博物馆,8,False,False,0.0,0.058823529411764705,0.125,0.06749698674166332,-0.2042236328125,0.0,0.0,0.0,0.0,0,,在英格兰多塞特群的博维顿坦克博物馆
487,在英格兰多塞特群的波维顿坦克博物馆,9,False,False,1.0,0.058823529411764705,0.0,0.040498192044997994,-0.2093505859375,0.0,0.0,0.0,0.0,0,,在英格兰多沙特群的波维顿坦克博物馆
487,在英格兰多塞特群的波维顿坦克博物馆,10,False,False,0.0,0.058823529411764705,0.125,0.02635596625150663,-0.2120361328125,0.0,0.0,0.0,0.0,0,,在英格兰多塞特群的伯维顿坦克博物馆
487,在英格兰多塞特群的波维顿坦克博物馆,11,False,False,1.0,0.058823529411764705,0.125,0.0,-0.217041015625,0.0,0.0,0.0,0.0,0,,在英格兰多塞特的波维顿坦克博物馆
488,陈凯琳的心被郑嘉颖成功俘虏,1,True,False,0.0,0.15384615384615385,0.6666666666666666,1.0,-0.130859375,0.0,0.0,0.0,0.0,0,,陈凯琳的心被郑佳莹成功俘虏
488,陈凯琳的心被郑嘉颖成功俘虏,2,False,False,0.0,0.07692307692307693,0.3333333333333333,0.8802521008403361,-0.144775390625,0.0,0.0,0.0,0.0,0,,陈凯琳的心被郑嘉莹成功俘虏
488,陈凯琳的心被郑嘉颖成功俘虏,3,False,False,0.0,0.15384615384615385,0.6666666666666666,0.8287815126050421,-0.1507568359375,0.0,0.0,0.0,0.0,0,,陈凯琳的心被郑佳音成功俘虏
488,陈凯琳的心被郑嘉颖成功俘虏,4,False,True,1.0,0.0,0.0,0.5168067226890757,-0.18701171875,0.0,0.0,0.0,0.0,0,,陈凯琳的心被郑嘉颖成功俘虏
488,陈凯琳的心被郑嘉颖成功俘虏,5,False,False,0.0,0.15384615384615385,0.6666666666666666,0.43907563025210083,-0.196044921875,0.0,0.0,0.0,0.0,0,,陈凯琳的心被郑佳英成功俘虏
488,陈凯琳的心被郑嘉颖成功俘虏,6,False,False,0.0,0.15384615384615385,0.6666666666666666,0.2930672268907563,-0.2130126953125,0.0,0.0,0.0,0.0,0,,陈凯琳的心被郑家英成功俘虏
488,陈凯琳的心被郑嘉颖成功俘虏,7,False,False,0.0,0.15384615384615385,0.6666666666666666,0.24579831932773108,-0.218505859375,0.0,0.0,0.0,0.0,0,,陈凯琳的心被郑佳吟成功俘虏
488,陈凯琳的心被郑嘉颖成功俘虏,8,False,False,0.0,0.23076923076923078,0.6666666666666666,0.13445378151260504,-0.2314453125,0.0,0.0,0.0,0.0,0,,陈凯林的心被郑佳莹成功俘虏
488,陈凯琳的心被郑嘉颖成功俘虏,9,False,False,0.0,0.15384615384615385,0.3333333333333333,0.11239495798319328,-0.2340087890625,0.0,0.0,0.0,0.0,0,,陈凯林的心被郑嘉莹成功俘虏
488,陈凯琳的心被郑嘉颖成功俘虏,10,False,False,0.0,0.07692307692307693,0.3333333333333333,0.09663865546218488,-0.23583984375,0.0,0.0,0.0,0.0,0,,陈凯琳的心被郑佳颖成功俘虏
488,陈凯琳的心被郑嘉颖成功俘虏,11,False,False,0.0,0.07692307692307693,0.3333333333333333,0.022058823529411766,-0.2445068359375,0.0,0.0,0.0,0.0,0,,陈凯琳的心被郑嘉寅成功俘虏
488,陈凯琳的心被郑嘉颖成功俘虏,12,False,False,0.0,0.3076923076923077,0.6666666666666666,0.0,-0.2470703125,0.0,0.0,0.0,0.0,0,,陈恺林的心被郑佳莹成功俘虏
489,更是郑嘉颖愿意公开承认的女友,1,True,False,0.0,0.21428571428571427,1.0,1.0,-0.1488037109375,0.0,0.0,0.0,0.0,0,,更是曾佳莹愿意公开承认的女友
489,更是郑嘉颖愿意公开承认的女友,2,False,False,0.0,0.21428571428571427,1.0,0.7921348314606742,-0.1668701171875,0.0,0.0,0.0,0.0,0,,更是曾佳寅愿意公开承认的女友
489,更是郑嘉颖愿意公开承认的女友,3,False,True,0.0,0.14285714285714285,0.6666666666666666,0.651685393258427,-0.1790771484375,0.0,0.0,0.0,0.0,0,,更是曾嘉寅愿意公开承认的女友
489,更是郑嘉颖愿意公开承认的女友,4,False,False,0.0,0.14285714285714285,0.6666666666666666,0.49297752808988765,-0.19287109375,0.0,0.0,0.0,0.0,0,,更是曾嘉莹愿意公开承认的女友
489,更是郑嘉颖愿意公开承认的女友,5,False,False,0.0,0.21428571428571427,1.0,0.4606741573033708,-0.1956787109375,0.0,0.0,0.0,0.0,0,,更是曾佳音愿意公开承认的女友
489,更是郑嘉颖愿意公开承认的女友,6,False,False,0.0,0.21428571428571427,1.0,0.4508426966292135,-0.196533203125,0.0,0.0,0.0,0.0,0,,更是曾佳吟愿意公开承认的女友
489,更是郑嘉颖愿意公开承认的女友,7,False,False,0.0,0.21428571428571427,1.0,0.02247191011235955,-0.2337646484375,0.0,0.0,0.0,0.0,0,,更是曾家寅愿意公开承认的女友
489,更是郑嘉颖愿意公开承认的女友,8,False,False,0.0,0.14285714285714285,0.6666666666666666,0.0,-0.2357177734375,0.0,0.0,0.0,0.0,0,,更是曾佳颖愿意公开承认的女友
490,不过2人因给陈嘉宝把生日合照在网上公开才泄露恋情,1,True,True,0.0,0.041666666666666664,0.3333333333333333,1.0,-0.06494140625,0.0,0.0,0.0,0.0,0,,不过2人因给陈家宝把生日合照在网上公开才泄露恋情
490,不过2人因给陈嘉宝把生日合照在网上公开才泄露恋情,2,False,False,0.0,0.08333333333333333,0.3333333333333333,0.2830985915492958,-0.1270751953125,0.0,0.0,0.0,0.0,0,,不过2人因给陈家宝把生日合照在网上公开才泄露惦情
490,不过2人因给陈嘉宝把生日合照在网上公开才泄露恋情,3,False,False,0.0,0.125,0.3333333333333333,0.16056338028169015,-0.1376953125,0.0,0.0,0.0,0.0,0,,不过2人因给陈家宝把生日合照在网上公开才泄露宴请
490,不过2人因给陈嘉宝把生日合照在网上公开才泄露恋情,4,False,False,0.0,0.08333333333333333,0.3333333333333333,0.15774647887323945,-0.137939453125,0.0,0.0,0.0,0.0,0,,不过2人因给陈家宝把生日合照在网上公开才泄露电情
490,不过2人因给陈嘉宝把生日合照在网上公开才泄露恋情,5,False,False,0.0,0.125,0.3333333333333333,0.15211267605633802,-0.138427734375,0.0,0.0,0.0,0.0,0,,不过2人因给陈家宝把生日合照在网上公开才泄露惦请
490,不过2人因给陈嘉宝把生日合照在网上公开才泄露恋情,6,False,False,0.0,0.08333333333333333,0.3333333333333333,0.04084507042253521,-0.1480712890625,0.0,0.0,0.0,0.0,0,,不过2人应给陈家宝把生日合照在网上公开才泄露恋情
490,不过2人因给陈嘉宝把生日合照在网上公开才泄露恋情,7,False,False,0.0,0.08333333333333333,0.3333333333333333,0.0,-0.151611328125,0.0,0.0,0.0,0.0,0,,不过2人因给陈家宝把生日合照在网上公开才泄露验情
491,对此陈凯琳没有怪责陈嘉宝,1,True,True,0.0,0.08333333333333333,0.3333333333333333,1.0,-0.13232421875,0.0,0.0,0.0,0.0,0,,对此陈凯琳没有怪责陈家宝
491,对此陈凯琳没有怪责陈嘉宝,2,False,False,0.0,0.16666666666666666,0.3333333333333333,0.7824126268320181,-0.1558837890625,0.0,0.0,0.0,0.0,0,,对此陈凯琳没有怪则陈家宝
491,对此陈凯琳没有怪责陈嘉宝,3,False,False,0.0,0.16666666666666666,0.3333333333333333,0.20631341600901917,-0.21826171875,0.0,0.0,0.0,0.0,0,,对此陈凯林没有怪责陈家宝
491,对此陈凯琳没有怪责陈嘉宝,4,False,False,0.0,0.16666666666666666,0.3333333333333333,0.16798196166854565,-0.222412109375,0.0,0.0,0.0,0.0,0,,对此陈凯玲没有怪责陈家宝
491,对此陈凯琳没有怪责陈嘉宝,5,False,False,0.0,0.25,0.3333333333333333,0.0,-0.2406005859375,0.0,0.0,0.0,0.0,0,,对此陈凯林没有怪则陈家宝
492,东越花苑不少商铺都关门转租记者谢国林摄,1,True,False,0.0,0.21052631578947367,0.75,1.0,-0.1524658203125,0.0,0.0,0.0,0.0,0,,冬月花园不少商铺都关门转租记者谢国林社
492,东越花苑不少商铺都关门转租记者谢国林摄,2,False,False,0.0,0.2631578947368421,0.75,0.7633136094674556,-0.1622314453125,0.0,0.0,0.0,0.0,0,,冬月花园不少商铺都关门转租记者谢国灵社
492,东越花苑不少商铺都关门转租记者谢国林摄,3,False,False,0.0,0.2631578947368421,0.75,0.6390532544378699,-0.1673583984375,0.0,0.0,0.0,0.0,0,,冬月花园不少商铺都关门转租记者谢国陵社
492,东越花苑不少商铺都关门转租记者谢国林摄,4,False,True,0.0,0.15789473684210525,0.5,0.3757396449704142,-0.17822265625,0.0,0.0,0.0,0.0,0,,冬月花苑不少商铺都关门转租记者谢国林社
492,东越花苑不少商铺都关门转租记者谢国林摄,5,False,False,0.0,0.2631578947368421,0.75,0.3224852071005917,-0.180419921875,0.0,0.0,0.0,0.0,0,,冬月花园不少商铺都关门转租记者谢国龄社
492,东越花苑不少商铺都关门转租记者谢国林摄,6,False,False,0.0,0.21052631578947367,0.5,0.0,-0.1937255859375,0.0,0.0,0.0,0.0,0,,冬月花苑不少商铺都关门转租记者谢国灵社
493,金报讯记者蓝莹还记得小温吗,1,True,False,0.5,0.07692307692307693,0.2,1.0,-0.108642578125,0.0,0.0,0.0,0.0,0,,今报讯记者蓝莹还记得小温吗
493,金报讯记者蓝莹还记得小温吗,2,False,True,1.0,0.0,0.0,0.5907715582450832,-0.1746826171875,0.0,0.0,0.0,0.0,0,,金报讯记者蓝莹还记得小温吗
493,金报讯记者蓝莹还记得小温吗,3,False,False,0.0,0.15384615384615385,0.4,0.4092284417549168,-0.2039794921875,0.0,0.0,0.0,0.0,0,,今报讯记者蓝盈还记得小温吗
493,金报讯记者蓝莹还记得小温吗,4,False,False,0.5,0.07692307692307693,0.2,0.340393343419062,-0.215087890625,0.0,0.0,0.0,0.0,0,,京报讯记者蓝莹还记得小温吗
493,金报讯记者蓝莹还记得小温吗,5,False,False,0.5,0.07692307692307693,0.2,0.2087745839636914,-0.236328125,0.0,0.0,0.0,0.0,0,,经报讯记者蓝莹还记得小温吗
493,金报讯记者蓝莹还记得小温吗,6,False,False,0.5,0.07692307692307693,0.2,0.15052950075642965,-0.2457275390625,0.0,0.0,0.0,0.0,0,,金暴讯记者蓝莹还记得小温吗
493,金报讯记者蓝莹还记得小温吗,7,False,False,0.0,0.15384615384615385,0.4,0.057488653555219364,-0.2607421875,0.0,0.0,0.0,0.0,0,,今报讯记者蓝营还记得小温吗
493,金报讯记者蓝莹还记得小温吗,8,False,False,0.5,0.07692307692307693,0.2,0.012102874432677761,-0.26806640625,0.0,0.0,0.0,0.0,0,,金报讯记者蓝盈还记得小温吗
493,金报讯记者蓝莹还记得小温吗,9,False,False,0.0,0.15384615384615385,0.4,0.0,-0.27001953125,0.0,0.0,0.0,0.0,0,,今报讯记者蓝颖还记得小温吗
494,温州14岁少年小温迷失莒溪大峡谷,1,True,False,0.0,0.125,0.4,1.0,-0.08349609375,0.0,0.0,0.0,0.0,0,,温州14岁少年小温迷失旅行大峡谷
494,温州14岁少年小温迷失莒溪大峡谷,2,False,False,0.0,0.125,0.4,0.9061922365988909,-0.09588623046875,0.0,0.0,0.0,0.0,0,,温州14岁少年小温迷失旅西大峡谷
494,温州14岁少年小温迷失莒溪大峡谷,3,False,False,0.0,0.125,0.4,0.7005545286506469,-0.123046875,0.0,0.0,0.0,0.0,0,,温州14岁少年小温迷失旅袭大峡谷
494,温州14岁少年小温迷失莒溪大峡谷,4,False,True,0.0,0.0625,0.2,0.6626617375231053,-0.1280517578125,0.0,0.0,0.0,0.0,0,,温州14岁少年小温迷失绿溪大峡谷
494,温州14岁少年小温迷失莒溪大峡谷,5,False,False,0.0,0.125,0.4,0.5434380776340111,-0.143798828125,0.0,0.0,0.0,0.0,0,,温州14岁少年小温迷失旅席大峡谷
494,温州14岁少年小温迷失莒溪大峡谷,6,False,False,0.0,0.1875,0.4,0.34935304990757854,-0.16943359375,0.0,0.0,0.0,0.0,0,,温州1次岁少年小温迷失旅行大峡谷
494,温州14岁少年小温迷失莒溪大峡谷,7,False,False,0.0,0.125,0.4,0.34750462107208874,-0.169677734375,0.0,0.0,0.0,0.0,0,,温州14岁少年小温迷失绿西大峡谷
494,温州14岁少年小温迷失莒溪大峡谷,8,False,False,0.0,0.125,0.4,0.26155268022181144,-0.1810302734375,0.0,0.0,0.0,0.0,0,,温州14岁少年小温迷失履习大峡谷
494,温州14岁少年小温迷失莒溪大峡谷,9,False,False,0.0,0.1875,0.4,0.1645101663585952,-0.19384765625,0.0,0.0,0.0,0.0,0,,温州1次岁少年小温迷失旅西大峡谷
494,温州14岁少年小温迷失莒溪大峡谷,10,False,False,0.0,0.125,0.4,0.05083179297597042,-0.2088623046875,0.0,0.0,0.0,0.0,0,,温州14岁少年小温迷失吕西大峡谷
494,温州14岁少年小温迷失莒溪大峡谷,11,False,False,0.0,0.1875,0.4,0.0,-0.215576171875,0.0,0.0,0.0,0.0,0,,温州1次岁少年小温迷失旅袭大峡谷
495,温州市民郑女士在农贸市场购买了三只大虾,1,True,True,1.0,0.0,0.0,1.0,-0.015472412109375,0.0,0.0,0.0,0.0,0,,温州市民郑女士在农贸市场购买了三只大虾
495,温州市民郑女士在农贸市场购买了三只大虾,2,False,False,1.0,0.05263157894736842,0.0,0.3694330320460148,-0.132568359375,0.0,0.0,0.0,0.0,0,,温州市民郑女士在农贸市场购买了3只大虾
495,温州市民郑女士在农贸市场购买了三只大虾,3,False,False,1.0,0.05263157894736842,0.0,0.0,-0.201171875,0.0,0.0,0.0,0.0,0,,温州市民郑女士在农茂市场购买了三只大虾
496,生活经验让郑女士起了疑心,1,True,True,1.0,0.0,0.0,1.0,-0.0439453125,0.0,0.0,0.0,0.0,0,,生活经验让郑女士起了疑心
496,生活经验让郑女士起了疑心,2,False,False,1.0,1.6666666666666667,0.0,0.5808671713695802,-0.192626953125,0.0,0.0,0.0,0.0,0,,生活经验让郑女士起了疑心请不吝点赞订阅转发打赏支持明镜与点点栏目
496,生活经验让郑女士起了疑心,3,False,False,1.0,2.9166666666666665,0.0,0.41706813489332417,-0.250732421875,0.0,0.0,0.0,0.0,0,,生活经验让郑女士起了疑心优优独播剧场YoYoTelevisionSeriesExclusive
496,生活经验让郑女士起了疑心,4,False,False,1.0,1.3333333333333333,0.0,0.11286992429456297,-0.358642578125,0.0,0.0,0.0,0.0,0,,生活经验让郑女士起了疑心由Amaraorg社群提供的字幕
496,生活经验让郑女士起了疑心,5,False,False,1.0,1.6666666666666667,0.0,0.0729525120440468,-0.372802734375,0.0,0.0,0.0,0.0,0,,生活经验让郑女士起了疑心请不吝点赞订阅转发打赏支持明镜和点点栏目
496,生活经验让郑女士起了疑心,6,False,False,1.0,0.9166666666666666,0.0,0.06744666207845836,-0.374755859375,0.0,0.0,0.0,0.0,0,,生活经验让郑女士起了疑心未经许可不得翻唱或使用
496,生活经验让郑女士起了疑心,7,False,False,0.0,0.08333333333333333,0.3333333333333333,0.0,-0.398681640625,0.0,0.0,0.0,0.0,0,,生活经验让邓女士起了疑心
497,温州市域铁路将成为全国第一条城市交通铁路,1,True,True,0.0,0.1,0.25,1.0,-0.546875,0.0,0.0,0.0,0.0,0,,温州市预铁路将成为全国第一条城市交通链路
497,温州市域铁路将成为全国第一条城市交通铁路,2,False,False,0.0,0.15,0.25,0.8708333333333333,-0.56201171875,0.0,0.0,0.0,0.0,0,,温州市预铁路将成为全国第一条城市交通链
497,温州市域铁路将成为全国第一条城市交通铁路,3,False,False,0.0,0.1,0.25,0.6833333333333333,-0.583984375,0.0,0.0,0.0,0.0,0,,温州市预铁路将成为全国第一条城市交通铤路
497,温州市域铁路将成为全国第一条城市交通铁路,4,False,False,0.0,0.1,0.25,0.6041666666666666,-0.59326171875,0.0,0.0,0.0,0.0,0,,温州市御铁路将成为全国第一条城市交通链路
497,温州市域铁路将成为全国第一条城市交通铁路,5,False,False,0.0,0.1,0.25,0.5041666666666667,-0.60498046875,0.0,0.0,0.0,0.0,0,,温州市玉铁路将成为全国第一条城市交通链路
497,温州市域铁路将成为全国第一条城市交通铁路,6,False,False,0.0,0.1,0.25,0.4083333333333333,-0.6162109375,0.0,0.0,0.0,0.0,0,,温州市预铁路将成为全国第一条城市交通铅路
497,温州市域铁路将成为全国第一条城市交通铁路,7,False,False,0.0,0.1,0.25,0.2833333333333333,-0.630859375,0.0,0.0,0.0,0.0,0,,温州市预铁路将成为全国第一条城市交通铺路
497,温州市域铁路将成为全国第一条城市交通铁路,8,False,False,0.0,0.1,0.25,0.13333333333333333,-0.6484375,0.0,0.0,0.0,0.0,0,,温州市预铁路将成为全国第一条城市交通铌路
497,温州市域铁路将成为全国第一条城市交通铁路,9,False,False,0.0,0.1,0.25,0.125,-0.6494140625,0.0,0.0,0.0,0.0,0,,温州市御铁路将成为全国第一条城市交通铅路
497,温州市域铁路将成为全国第一条城市交通铁路,10,False,False,0.0,0.1,0.25,0.0,-0.6640625,0.0,0.0,0.0,0.0,0,,温州市御铁路将成为全国第一条城市交通铺路
497,温州市域铁路将成为全国第一条城市交通铁路,11,False,False,0.0,0.1,0.25,0.0,-0.6640625,0.0,0.0,0.0,0.0,0,,温州市预铁路将成为全国第一条城市交通铂路
498,温州市治堵办的负责人表示,1,True,False,0.0,0.16666666666666666,0.3333333333333333,1.0,-0.04156494140625,0.0,0.0,0.0,0.0,0,,温州市制度办的负责人表示
498,温州市治堵办的负责人表示,2,False,False,0.0,0.16666666666666666,0.3333333333333333,0.6663969249443658,-0.1422119140625,0.0,0.0,0.0,0.0,0,,温州市制毒办的负责人表示
498,温州市治堵办的负责人表示,3,False,False,0.0,0.16666666666666666,0.3333333333333333,0.5866882460044507,-0.166259765625,0.0,0.0,0.0,0.0,0,,温州市制赌办的负责人表示
498,温州市治堵办的负责人表示,4,False,True,0.0,0.08333333333333333,0.16666666666666666,0.31317013959134127,-0.248779296875,0.0,0.0,0.0,0.0,0,,温州市治毒办的负责人表示
498,温州市治堵办的负责人表示,5,False,False,0.0,0.08333333333333333,0.16666666666666666,0.26461662957717985,-0.263427734375,0.0,0.0,0.0,0.0,0,,温州市制堵办的负责人表示
498,温州市治堵办的负责人表示,6,False,False,0.0,0.16666666666666666,0.3333333333333333,0.20635241756018613,-0.281005859375,0.0,0.0,0.0,0.0,0,,温州市制督办的负责人表示
498,温州市治堵办的负责人表示,7,False,False,0.0,0.25,0.3333333333333333,0.11814687436779284,-0.3076171875,0.0,0.0,0.0,0.0,0,,温州市制度办负责人表示
498,温州市治堵办的负责人表示,8,False,False,0.0,0.16666666666666666,0.3333333333333333,0.0,-0.34326171875,0.0,0.0,0.0,0.0,0,,温州市制土办的负责人表示
499,开水淋顾客的火锅店服务员朱某被依法批准逮捕,1,True,False,1.0,0.047619047619047616,0.0,1.0,-0.068603515625,0.0,0.0,0.0,0.0,0,,开水零顾客的火锅店服务员朱某被依法批准逮捕
499,开水淋顾客的火锅店服务员朱某被依法批准逮捕,2,False,True,1.0,0.0,0.0,0.8729874776386404,-0.0772705078125,0.0,0.0,0.0,0.0,0,,开水淋顾客的火锅店服务员朱某被依法批准逮捕
499,开水淋顾客的火锅店服务员朱某被依法批准逮捕,3,False,False,1.0,0.047619047619047616,0.0,0.817531305903399,-0.0810546875,0.0,0.0,0.0,0.0,0,,开水林顾客的火锅店服务员朱某被依法批准逮捕
499,开水淋顾客的火锅店服务员朱某被依法批准逮捕,4,False,False,1.0,0.047619047619047616,0.0,0.7826475849731663,-0.08343505859375,0.0,0.0,0.0,0.0,0,,开水邻顾客的火锅店服务员朱某被依法批准逮捕
499,开水淋顾客的火锅店服务员朱某被依法批准逮捕,5,False,False,1.0,0.047619047619047616,0.0,0.6538461538461539,-0.09222412109375,0.0,0.0,0.0,0.0,0,,开水磷顾客的火锅店服务员朱某被依法批准逮捕
499,开水淋顾客的火锅店服务员朱某被依法批准逮捕,6,False,False,1.0,0.047619047619047616,0.0,0.5724508050089445,-0.0977783203125,0.0,0.0,0.0,0.0,0,,开水灵顾客的火锅店服务员朱某被依法批准逮捕
499,开水淋顾客的火锅店服务员朱某被依法批准逮捕,7,False,False,1.0,0.047619047619047616,0.0,0.1779964221824687,-0.12469482421875,0.0,0.0,0.0,0.0,0,,开水铃顾客的火锅店服务员朱某被依法批准逮捕
499,开水淋顾客的火锅店服务员朱某被依法批准逮捕,8,False,False,1.0,0.047619047619047616,0.0,0.0,-0.1368408203125,0.0,0.0,0.0,0.0,0,,开水临顾客的火锅店服务员朱某被依法批准逮捕
500,温州昆明出现注胶虾产地均指向广东湛江,1,True,False,0.5,0.2222222222222222,0.25,1.0,-0.1453857421875,0.0,0.0,0.0,0.0,0,,温州昆明出现驻焦虾产地均直向广东站江
500,温州昆明出现注胶虾产地均指向广东湛江,2,False,False,1.0,0.1111111111111111,0.0,0.8275862068965517,-0.1575927734375,0.0,0.0,0.0,0.0,0,,温州昆明出现驻焦虾产地均指向广东湛江
500,温州昆明出现注胶虾产地均指向广东湛江,3,False,False,1.0,0.16666666666666666,0.0,0.8068965517241379,-0.1590576171875,0.0,0.0,0.0,0.0,0,,温州昆明出现驻焦虾产地均直向广东湛江
500,温州昆明出现注胶虾产地均指向广东湛江,4,False,False,0.5,0.2777777777777778,0.25,0.39482758620689656,-0.188232421875,0.0,0.0,0.0,0.0,0,,温州昆明出现驻交辖产地均直向广东站江
500,温州昆明出现注胶虾产地均指向广东湛江,5,False,False,1.0,0.16666666666666666,0.0,0.2120689655172414,-0.201171875,0.0,0.0,0.0,0.0,0,,温州昆明出现驻交辖产地均指向广东湛江
500,温州昆明出现注胶虾产地均指向广东湛江,6,False,False,0.5,0.2777777777777778,0.5,0.2,-0.2020263671875,0.0,0.0,0.0,0.0,0,,温州昆明出现驻焦虾产地均直向广东战疆
500,温州昆明出现注胶虾产地均指向广东湛江,7,False,False,0.5,0.2222222222222222,0.25,0.10862068965517241,-0.20849609375,0.0,0.0,0.0,0.0,0,,温州昆明出现驻交虾产地均直向广东站江
500,温州昆明出现注胶虾产地均指向广东湛江,8,False,False,1.0,0.1111111111111111,0.0,0.07241379310344828,-0.2110595703125,0.0,0.0,0.0,0.0,0,,温州昆明出现注焦虾产地均直向广东湛江
500,温州昆明出现注胶虾产地均指向广东湛江,9,False,True,1.0,0.05555555555555555,0.0,0.06724137931034482,-0.21142578125,0.0,0.0,0.0,0.0,0,,温州昆明出现注焦虾产地均指向广东湛江
500,温州昆明出现注胶虾产地均指向广东湛江,10,False,False,1.0,0.1111111111111111,0.0,0.03103448275862069,-0.2139892578125,0.0,0.0,0.0,0.0,0,,温州昆明出现驻交虾产地均指向广东湛江
500,温州昆明出现注胶虾产地均指向广东湛江,11,False,False,0.5,0.2222222222222222,0.5,0.017241379310344827,-0.2149658203125,0.0,0.0,0.0,0.0,0,,温州昆明出现驻焦虾产地均指向广东战疆
500,温州昆明出现注胶虾产地均指向广东湛江,12,False,False,0.5,0.16666666666666666,0.25,0.0,-0.2161865234375,0.0,0.0,0.0,0.0,0,,温州昆明出现驻焦虾产地均指向广东站江
501,且产地均指向广东省湛江市,1,True,True,1.0,0.0,0.0,1.0,-0.0295562744140625,0.0,0.0,0.0,0.0,0,,且产地均指向广东省湛江市
501,且产地均指向广东省湛江市,2,False,False,1.0,0.16666666666666666,0.8571428571428571,0.5341200896027973,-0.15966796875,0.0,0.0,0.0,0.0,0,,企业产地均指向广东省湛江市
501,且产地均指向广东省湛江市,3,False,False,0.5,0.08333333333333333,0.14285714285714285,0.22815931814456647,-0.2451171875,0.0,0.0,0.0,0.0,0,,且产地均指向广东省战江市
501,且产地均指向广东省湛江市,4,False,False,1.0,0.08333333333333333,0.0,0.1757089001802983,-0.259765625,0.0,0.0,0.0,0.0,0,,前产地均指向广东省湛江市
501,且产地均指向广东省湛江市,5,False,False,0.5,0.16666666666666666,0.2857142857142857,0.14948369119816424,-0.26708984375,0.0,0.0,0.0,0.0,0,,且产地均指向广东省战疆市
501,且产地均指向广东省湛江市,6,False,False,1.0,0.08333333333333333,0.0,0.0340927716767743,-0.29931640625,0.0,0.0,0.0,0.0,0,,其产地均指向广东省湛江市
501,且产地均指向广东省湛江市,7,False,False,1.0,0.08333333333333333,0.0,0.031470250778560895,-0.300048828125,0.0,0.0,0.0,0.0,0,,且产地均直向广东省湛江市
501,且产地均指向广东省湛江市,8,False,False,1.0,0.08333333333333333,0.0,0.0,-0.308837890625,0.0,0.0,0.0,0.0,0,,妾产地均指向广东省湛江市
501,且产地均指向广东省湛江市,9,False,False,1.0,0.08333333333333333,0.0,0.0,-0.308837890625,0.0,0.0,0.0,0.0,0,,且铲地均指向广东省湛江市
502,火锅店服务员朱某被温州市鹿城区检察院依法批准逮捕,1,True,False,1.0,0.041666666666666664,0.0,1.0,-0.0355224609375,0.0,0.0,0.0,0.0,0,,火锅店服务员朱某被温州市渡城区检察院依法批准逮捕
502,火锅店服务员朱某被温州市鹿城区检察院依法批准逮捕,2,False,True,1.0,0.0,0.0,0.8184281842818428,-0.0518798828125,0.0,0.0,0.0,0.0,0,,火锅店服务员朱某被温州市鹿城区检察院依法批准逮捕
502,火锅店服务员朱某被温州市鹿城区检察院依法批准逮捕,3,False,False,1.0,0.08333333333333333,0.0,0.43224932249322495,-0.086669921875,0.0,0.0,0.0,0.0,0,,火锅店服务员朱某被温州市路程区检察院依法批准逮捕
502,火锅店服务员朱某被温州市鹿城区检察院依法批准逮捕,4,False,False,1.0,0.041666666666666664,0.0,0.28929539295392953,-0.09954833984375,0.0,0.0,0.0,0.0,0,,火锅店服务员朱某被温州市陆城区检察院依法批准逮捕
502,火锅店服务员朱某被温州市鹿城区检察院依法批准逮捕,5,False,False,1.0,0.041666666666666664,0.0,0.24254742547425473,-0.103759765625,0.0,0.0,0.0,0.0,0,,火锅店服务员朱某被温州市杜城区检察院依法批准逮捕
502,火锅店服务员朱某被温州市鹿城区检察院依法批准逮捕,6,False,False,1.0,0.041666666666666664,0.0,0.21002710027100271,-0.106689453125,0.0,0.0,0.0,0.0,0,,火锅店服务员朱某被温州市路城区检察院依法批准逮捕
502,火锅店服务员朱某被温州市鹿城区检察院依法批准逮捕,7,False,False,1.0,0.041666666666666664,0.0,0.1388888888888889,-0.11309814453125,0.0,0.0,0.0,0.0,0,,火锅店服务员朱某被温州市镀城区检察院依法批准逮捕
502,火锅店服务员朱某被温州市鹿城区检察院依法批准逮捕,8,False,False,1.0,0.08333333333333333,0.0,0.018970189701897018,-0.1239013671875,0.0,0.0,0.0,0.0,0,,火锅店服务员朱某被温州市渡程区检察院依法批准逮捕
502,火锅店服务员朱某被温州市鹿城区检察院依法批准逮捕,9,False,False,1.0,0.08333333333333333,0.0,0.006775067750677507,-0.125,0.0,0.0,0.0,0.0,0,,火锅店服务员朱某被温州市渡成区检察院依法批准逮捕
502,火锅店服务员朱某被温州市鹿城区检察院依法批准逮捕,10,False,False,1.0,0.041666666666666664,0.0,0.0,-0.1256103515625,0.0,0.0,0.0,0.0,0,,火锅店服务员朱某被温州市露城区检察院依法批准逮捕
503,上海易居研究院研究院严跃进认为,1,True,False,0.0,0.3333333333333333,0.2,1.0,-0.39892578125,0.0,0.0,0.0,0.0,0,,上海义居研究院严岳进认为
503,上海易居研究院研究院严跃进认为,2,False,False,0.0,0.4,0.2,0.8593155893536122,-0.4169921875,0.0,0.0,0.0,0.0,0,,上海义居研究院阎岳进认为
503,上海易居研究院研究院严跃进认为,3,False,False,0.0,0.4666666666666667,0.2,0.6806083650190115,-0.43994140625,0.0,0.0,0.0,0.0,0,,上海义居研究院颜月静认为
503,上海易居研究院研究院严跃进认为,4,False,True,0.0,0.26666666666666666,0.2,0.33460076045627374,-0.484375,0.0,0.0,0.0,0.0,0,,上海义居研究院研学院阎岳进认为
503,上海易居研究院研究院严跃进认为,5,False,False,0.0,0.4,0.2,0.3269961977186312,-0.4853515625,0.0,0.0,0.0,0.0,0,,上海义居研究院颜岳进认为
503,上海易居研究院研究院严跃进认为,6,False,False,0.0,0.3333333333333333,0.2,0.22053231939163498,-0.4990234375,0.0,0.0,0.0,0.0,0,,上海义居研究院研学院闫月静认为
503,上海易居研究院研究院严跃进认为,7,False,False,0.0,0.3333333333333333,0.2,0.21292775665399238,-0.5,0.0,0.0,0.0,0.0,0,,上海义居研究院研学院颜月静认为
503,上海易居研究院研究院严跃进认为,8,False,False,0.0,0.4666666666666667,0.2,0.17490494296577946,-0.5048828125,0.0,0.0,0.0,0.0,0,,上海义居研究院颜悦静认为
503,上海易居研究院研究院严跃进认为,9,False,False,0.0,0.4,0.2,0.10646387832699619,-0.513671875,0.0,0.0,0.0,0.0,0,,上海义居研究院严岳晋认为
503,上海易居研究院研究院严跃进认为,10,False,False,0.0,0.4666666666666667,0.2,0.0,-0.52734375,0.0,0.0,0.0,0.0,0,,上海义居研究院颜悦敬认为
504,同策咨询研究部总监张宏伟认为,1,True,True,0.0,0.07142857142857142,0.14285714285714285,1.0,-0.052001953125,0.0,0.0,0.0,0.0,0,,同色咨询研究部总监张宏伟认为
504,同策咨询研究部总监张宏伟认为,2,False,False,0.0,0.14285714285714285,0.14285714285714285,0.7878254750175933,-0.08880615234375,0.0,0.0,0.0,0.0,0,,同色咨询研究部总监张洪伟认为
504,同策咨询研究部总监张宏伟认为,3,False,False,0.0,0.14285714285714285,0.14285714285714285,0.5425756509500352,-0.13134765625,0.0,0.0,0.0,0.0,0,,同色咨询研究部总监张鸿伟认为
504,同策咨询研究部总监张宏伟认为,4,False,False,0.0,0.14285714285714285,0.14285714285714285,0.38986629134412387,-0.1578369140625,0.0,0.0,0.0,0.0,0,,同色咨询研究部总监张红伟认为
504,同策咨询研究部总监张宏伟认为,5,False,False,0.0,0.14285714285714285,0.2857142857142857,0.2624912033779029,-0.179931640625,0.0,0.0,0.0,0.0,0,,铜色咨询研究部总监张宏伟认为
504,同策咨询研究部总监张宏伟认为,6,False,False,0.0,0.07142857142857142,0.14285714285714285,0.06615059817030261,-0.2139892578125,0.0,0.0,0.0,0.0,0,,统策咨询研究部总监张宏伟认为
504,同策咨询研究部总监张宏伟认为,7,False,False,0.0,0.21428571428571427,0.2857142857142857,0.04292751583391977,-0.218017578125,0.0,0.0,0.0,0.0,0,,铜色咨询研究部总监张洪伟认为
504,同策咨询研究部总监张宏伟认为,8,False,False,0.0,0.21428571428571427,0.14285714285714285,0.0,-0.2254638671875,0.0,0.0,0.0,0.0,0,,同色咨询研究部总监章洪伟认为
505,加强京津风沙源区草地治理,1,True,False,0.0,0.25,0.5,1.0,-0.10107421875,0.0,0.0,0.0,0.0,0,,加强精进风沙园区草地治理
505,加强京津风沙源区草地治理,2,False,False,0.0,0.4166666666666667,0.8333333333333334,0.8932729624838293,-0.1212158203125,0.0,0.0,0.0,0.0,0,,加强精进封杀园区草地治理
505,加强京津风沙源区草地治理,3,False,False,0.0,0.4166666666666667,0.8333333333333334,0.4294954721862872,-0.208740234375,0.0,0.0,0.0,0.0,0,,加强精进蜂杀园区草地治理
505,加强京津风沙源区草地治理,4,False,False,0.0,0.25,0.5,0.29948253557567917,-0.2332763671875,0.0,0.0,0.0,0.0,0,,加强精进风沙原区草地治理
505,加强京津风沙源区草地治理,5,False,False,0.0,0.3333333333333333,0.6666666666666666,0.29301423027166884,-0.2344970703125,0.0,0.0,0.0,0.0,0,,加强精进封杀源区草地治理
505,加强京津风沙源区草地治理,6,False,False,0.0,0.4166666666666667,0.8333333333333334,0.2703751617076326,-0.23876953125,0.0,0.0,0.0,0.0,0,,加强精进封杀原区草地治理
505,加强京津风沙源区草地治理,7,False,False,0.0,0.4166666666666667,0.8333333333333334,0.17852522639068563,-0.256103515625,0.0,0.0,0.0,0.0,0,,加强精进封杀圆区草地治理
505,加强京津风沙源区草地治理,8,False,True,0.0,0.16666666666666666,0.3333333333333333,0.07891332470892626,-0.27490234375,0.0,0.0,0.0,0.0,0,,加强津津风沙园区草地治理
505,加强京津风沙源区草地治理,9,False,False,0.0,0.3333333333333333,0.6666666666666666,0.07115135834411385,-0.2763671875,0.0,0.0,0.0,0.0,0,,加强精进丰沙园区草地治理
505,加强京津风沙源区草地治理,10,False,False,0.0,0.16666666666666666,0.3333333333333333,0.037516170763260026,-0.28271484375,0.0,0.0,0.0,0.0,0,,加强精进风沙源区草地治理
505,加强京津风沙源区草地治理,11,False,False,0.0,0.4166666666666667,0.8333333333333334,0.0,-0.289794921875,0.0,0.0,0.0,0.0,0,,加强经济封杀园区草地治理
506,苹果市盈率仅一五倍,1,True,False,1.0,0.2222222222222222,0.0,1.0,-0.11236572265625,0.0,0.0,0.0,0.0,0,,苹果试验率仅一五倍
506,苹果市盈率仅一五倍,2,False,False,1.0,0.4444444444444444,0.0,0.5850556438791733,-0.223876953125,0.0,0.0,0.0,0.0,0,,苹果试验率仅15倍
506,苹果市盈率仅一五倍,3,False,True,1.0,0.0,0.0,0.4851237792414263,-0.250732421875,0.0,0.0,0.0,0.0,0,,苹果市盈率仅一五倍
506,苹果市盈率仅一五倍,4,False,False,1.0,0.3333333333333333,0.0,0.31069725187372244,-0.297607421875,0.0,0.0,0.0,0.0,0,,苹果试验率仅一无倍
506,苹果市盈率仅一五倍,5,False,False,1.0,0.2222222222222222,0.0,0.30070406540994776,-0.30029296875,0.0,0.0,0.0,0.0,0,,苹果试研率仅一五倍
506,苹果市盈率仅一五倍,6,False,False,1.0,0.4444444444444444,0.0,0.19532137179196002,-0.32861328125,0.0,0.0,0.0,0.0,0,,苹果试验率仅依5倍
506,苹果市盈率仅一五倍,7,False,False,1.0,0.2222222222222222,0.0,0.15080626845332729,-0.340576171875,0.0,0.0,0.0,0.0,0,,苹果试用率仅一五倍
506,苹果市盈率仅一五倍,8,False,False,1.0,0.2222222222222222,0.0,0.12809448103565751,-0.3466796875,0.0,0.0,0.0,0.0,0,,苹果市盈率仅15倍
506,苹果市盈率仅一五倍,9,False,False,1.0,0.2222222222222222,0.0,0.0,-0.381103515625,0.0,0.0,0.0,0.0,0,,苹果试言率仅一五倍
507,苹果早晚将步之前过气股王的后尘,1,True,False,1.0,0.3333333333333333,0.0,1.0,-0.1722412109375,0.0,0.0,0.0,0.0,0,,苹果早晚将不值钱过期股王到后尘
507,苹果早晚将步之前过气股王的后尘,2,False,False,1.0,0.26666666666666666,0.0,0.8552774755168662,-0.1884765625,0.0,0.0,0.0,0.0,0,,苹果早晚将不知前过期股王到后尘
507,苹果早晚将步之前过气股王的后尘,3,False,False,1.0,0.4,0.0,0.7910772578890098,-0.1956787109375,0.0,0.0,0.0,0.0,0,,苹果早晚将不值钱过期股往到后尘
507,苹果早晚将步之前过气股王的后尘,4,False,False,1.0,0.26666666666666666,0.0,0.7704026115342764,-0.197998046875,0.0,0.0,0.0,0.0,0,,苹果早晚将不值钱过期股王的后尘
507,苹果早晚将步之前过气股王的后尘,5,False,True,1.0,0.2,0.0,0.749727965179543,-0.2003173828125,0.0,0.0,0.0,0.0,0,,苹果早晚将不知前过期股王的后尘
507,苹果早晚将步之前过气股王的后尘,6,False,False,1.0,0.2,0.0,0.6822633297062024,-0.2078857421875,0.0,0.0,0.0,0.0,0,,苹果早晚将布置前过期股王的后尘
507,苹果早晚将步之前过气股王的后尘,7,False,False,1.0,0.3333333333333333,0.0,0.5908596300326442,-0.2181396484375,0.0,0.0,0.0,0.0,0,,苹果早晚将不知前过期股往到后尘
507,苹果早晚将步之前过气股王的后尘,8,False,False,1.0,0.4,0.0,0.5375408052230686,-0.22412109375,0.0,0.0,0.0,0.0,0,,苹果早晚将不值钱过期股亡到后尘
507,苹果早晚将步之前过气股王的后尘,9,False,False,1.0,0.4,0.0,0.5038084874863983,-0.2279052734375,0.0,0.0,0.0,0.0,0,,苹果早晚将不值钱过期股望到后尘
507,苹果早晚将步之前过气股王的后尘,10,False,False,1.0,0.3333333333333333,0.0,0.4689880304678999,-0.2318115234375,0.0,0.0,0.0,0.0,0,,苹果早晚将不知前过期股望到后尘
507,苹果早晚将步之前过气股王的后尘,11,False,False,1.0,0.3333333333333333,0.0,0.43307943416757344,-0.23583984375,0.0,0.0,0.0,0.0,0,,苹果早晚将不知前过期股亡到后尘
507,苹果早晚将步之前过气股王的后尘,12,False,False,1.0,0.4,0.0,0.0,-0.284423828125,0.0,0.0,0.0,0.0,0,,苹果早晚将不知前过期股往到后沉
508,苹果的拿手好戏是把市场上原霸主拉下马,1,True,True,1.0,0.0,0.0,1.0,-0.10296630859375,0.0,0.0,0.0,0.0,0,,苹果的拿手好戏是把市场上原霸主拉下马
508,苹果的拿手好戏是把市场上原霸主拉下马,2,False,False,1.0,0.05555555555555555,0.0,0.7439695302581464,-0.139892578125,0.0,0.0,0.0,0.0,0,,苹果的拿手好心是把市场上原霸主拉下马
508,苹果的拿手好戏是把市场上原霸主拉下马,3,False,False,1.0,0.05555555555555555,0.0,0.6627168853152772,-0.151611328125,0.0,0.0,0.0,0.0,0,,苹果的拿手好奇是把市场上原霸主拉下马
508,苹果的拿手好戏是把市场上原霸主拉下马,4,False,False,1.0,0.05555555555555555,0.0,0.6424037240795599,-0.154541015625,0.0,0.0,0.0,0.0,0,,苹果的拿手好器是把市场上原霸主拉下马
508,苹果的拿手好戏是把市场上原霸主拉下马,5,False,False,1.0,0.1111111111111111,0.0,0.24629707998307238,-0.211669921875,0.0,0.0,0.0,0.0,0,,苹果的拿手好奇是把市场上原霸主拉下吗
508,苹果的拿手好戏是把市场上原霸主拉下马,6,False,False,1.0,0.05555555555555555,0.0,0.23529411764705882,-0.2132568359375,0.0,0.0,0.0,0.0,0,,苹果的拿手好气是把市场上原霸主拉下马
508,苹果的拿手好戏是把市场上原霸主拉下马,7,False,False,1.0,0.05555555555555555,0.0,0.19466779517562421,-0.2191162109375,0.0,0.0,0.0,0.0,0,,苹果的拿手好戏是把市场上元霸主拉下马
508,苹果的拿手好戏是把市场上原霸主拉下马,8,False,False,1.0,0.05555555555555555,0.0,0.15658061785865426,-0.224609375,0.0,0.0,0.0,0.0,0,,苹果的拿手好戏是把市场上原吧主拉下马
508,苹果的拿手好戏是把市场上原霸主拉下马,9,False,False,1.0,0.05555555555555555,0.0,0.1108760050782903,-0.231201171875,0.0,0.0,0.0,0.0,0,,苹果的拿手好处是把市场上原霸主拉下马
508,苹果的拿手好戏是把市场上原霸主拉下马,10,False,False,1.0,0.05555555555555555,0.0,0.09225560727888278,-0.23388671875,0.0,0.0,0.0,0.0,0,,苹果的拿手好戏是把市场上的原霸主拉下马
508,苹果的拿手好戏是把市场上原霸主拉下马,11,False,False,1.0,0.05555555555555555,0.0,0.05501481168006771,-0.2392578125,0.0,0.0,0.0,0.0,0,,苹果的拿手好戏是把市场上原霸主拉下吗
508,苹果的拿手好戏是把市场上原霸主拉下马,12,False,False,1.0,0.05555555555555555,0.0,0.0,-0.2471923828125,0.0,0.0,0.0,0.0,0,,苹果的拿手好戏是把市场上原罢主拉下马
509,快速建立以苹果产品服务为核心的生态系统,1,True,True,1.0,0.0,0.0,1.0,-0.0013980865478515625,0.0,0.0,0.0,0.0,0,,快速建立以苹果产品服务为核心的生态系统
509,快速建立以苹果产品服务为核心的生态系统,2,False,False,1.0,1.0526315789473684,0.0,0.3862194133851888,-0.1820068359375,0.0,0.0,0.0,0.0,0,,快速建立以苹果产品服务为核心的生态系统请不吝点赞订阅转发打赏支持明镜与点点栏目
509,快速建立以苹果产品服务为核心的生态系统,3,False,False,1.0,1.8421052631578947,0.0,0.31901474639442556,-0.2017822265625,0.0,0.0,0.0,0.0,0,,快速建立以苹果产品服务为核心的生态系统优优独播剧场YoYoTelevisionSeriesExclusive
509,快速建立以苹果产品服务为核心的生态系统,4,False,False,1.0,0.05263157894736842,0.0,0.16635229298330903,-0.2467041015625,0.0,0.0,0.0,0.0,0,,快速建立以苹果产品服务为核心生态系统
509,快速建立以苹果产品服务为核心的生态系统,5,False,False,1.0,0.9473684210526315,0.0,0.0,-0.295654296875,0.0,0.0,0.0,0.0,0,,快速建立以苹果产品服务为核心的生态系统MINGPAOCANADAMANGA
510,消费者贪新忘旧虽亦可能适用于苹果,1,True,False,1.0,0.125,0.0,1.0,-0.1038818359375,0.0,0.0,0.0,0.0,0,,消费者贪心忘旧虽易可能适用于苹果
510,消费者贪新忘旧虽亦可能适用于苹果,2,False,False,1.0,0.1875,0.0,0.9503710575139147,-0.11041259765625,0.0,0.0,0.0,0.0,0,,消费者贪心忘旧随意可能适用于苹果
510,消费者贪新忘旧虽亦可能适用于苹果,3,False,False,1.0,0.3125,1.0,0.49443413729128016,-0.17041015625,0.0,0.0,0.0,0.0,0,,消费者贪心忘记我随意可能适用于苹果
510,消费者贪新忘旧虽亦可能适用于苹果,4,False,False,1.0,0.1875,0.0,0.4072356215213358,-0.181884765625,0.0,0.0,0.0,0.0,0,,消费者贪心忘救虽易可能适用于苹果
510,消费者贪新忘旧虽亦可能适用于苹果,5,False,False,1.0,0.25,1.0,0.3432282003710575,-0.1903076171875,0.0,0.0,0.0,0.0,0,,消费者贪心忘记我虽易可能适用于苹果
510,消费者贪新忘旧虽亦可能适用于苹果,6,False,False,1.0,0.25,0.0,0.2699443413729128,-0.199951171875,0.0,0.0,0.0,0.0,0,,消费者贪心忘救随意可能适用于苹果
510,消费者贪新忘旧虽亦可能适用于苹果,7,False,True,1.0,0.0625,0.0,0.07792207792207792,-0.2252197265625,0.0,0.0,0.0,0.0,0,,消费者贪心忘旧虽亦可能适用于苹果
510,消费者贪新忘旧虽亦可能适用于苹果,8,False,False,1.0,0.25,1.0,0.01020408163265306,-0.234130859375,0.0,0.0,0.0,0.0,0,,消费者贪心忘记我虽意可能适用于苹果
510,消费者贪新忘旧虽亦可能适用于苹果,9,False,False,1.0,0.125,0.0,0.0,-0.2354736328125,0.0,0.0,0.0,0.0,0,,消费者贪心忘旧虽意可能适用于苹果
511,苹果能否第三期发育,1,True,True,1.0,0.0,0.0,1.0,-0.051300048828125,0.0,0.0,0.0,0.0,0,,苹果能否第三期发育
511,苹果能否第三期发育,2,False,False,1.0,0.1111111111111111,0.0,0.49734792373488795,-0.372314453125,0.0,0.0,0.0,0.0,0,,苹果能否第3期发育
511,苹果能否第三期发育,3,False,False,1.0,0.1111111111111111,0.0,0.20184450709609594,-0.56103515625,0.0,0.0,0.0,0.0,0,,苹果能否第三期发育呢
511,苹果能否第三期发育,4,False,False,1.0,0.1111111111111111,0.0,0.10398050365556458,-0.62353515625,0.0,0.0,0.0,0.0,0,,苹果能否在第三期发育
511,苹果能否第三期发育,5,False,False,1.0,0.1111111111111111,0.0,0.0,-0.68994140625,0.0,0.0,0.0,0.0,0,,苹果能否第三期发育吗
512,从市场始终不愿给予苹果较高估值可见,1,True,False,1.0,0.11764705882352941,0.0,1.0,-0.057098388671875,0.0,0.0,0.0,0.0,0,,从市场时钟不愿给予苹果较高估值可见
512,从市场始终不愿给予苹果较高估值可见,2,False,True,1.0,0.0,0.0,0.9700195139258471,-0.062255859375,0.0,0.0,0.0,0.0,0,,从市场始终不愿给予苹果较高估值可见
512,从市场始终不愿给予苹果较高估值可见,3,False,False,1.0,0.11764705882352941,0.0,0.753947135000887,-0.09942626953125,0.0,0.0,0.0,0.0,0,,从市场时中不愿给予苹果较高估值可见
512,从市场始终不愿给予苹果较高估值可见,4,False,False,1.0,0.11764705882352941,0.0,0.0,-0.2291259765625,0.0,0.0,0.0,0.0,0,,从市场失踪不愿给予苹果较高估值可见
513,苹果有意进军汽车产业,1,True,True,1.0,0.0,0.0,1.0,-0.0570068359375,0.0,0.0,0.0,0.0,0,,苹果有意进军汽车产业
513,苹果有意进军汽车产业,2,False,False,1.0,0.1,0.0,0.442449503045848,-0.269287109375,0.0,0.0,0.0,0.0,0,,苹果有意禁军汽车产业
513,苹果有意进军汽车产业,3,False,False,1.0,0.2,0.0,0.04039756332157743,-0.42236328125,0.0,0.0,0.0,0.0,0,,苹果有意禁止汽车产业
513,苹果有意进军汽车产业,4,False,False,0.0,0.1,0.5,0.0,-0.437744140625,0.0,0.0,0.0,0.0,0,,萍果有意进军汽车产业
514,汽车是苹果下1个颠复目标,1,True,True,1.0,0.08333333333333333,0.0,1.0,-0.0026607513427734375,0.0,0.0,0.0,0.0,0,,汽车是苹果下1个颠覆目标
514,汽车是苹果下1个颠复目标,2,False,False,1.0,1.75,0.0,0.4446776373320614,-0.2025146484375,0.0,0.0,0.0,0.0,0,,汽车是苹果下1个颠覆目标请不吝点赞订阅转发打赏支持明镜与点点栏目
514,汽车是苹果下1个颠复目标,3,False,False,1.0,0.16666666666666666,0.0,0.34461668919097965,-0.238525390625,0.0,0.0,0.0,0.0,0,,汽车是苹果下1个巅峰目标
514,汽车是苹果下1个颠复目标,4,False,False,1.0,3.0,0.0,0.3198558443967459,-0.2474365234375,0.0,0.0,0.0,0.0,0,,汽车是苹果下1个颠覆目标优优独播剧场YoYoTelevisionSeriesExclusive
514,汽车是苹果下1个颠复目标,5,False,False,1.0,1.75,0.0,0.0,-0.362548828125,0.0,0.0,0.0,0.0,0,,汽车是苹果下1个颠覆目标请不吝点赞订阅转移打赏支持明镜与点点栏目
515,三藩市纪事报指此君曾与库克碰头,1,True,False,0.0,0.26666666666666666,0.3333333333333333,1.0,-0.1734619140625,0.0,0.0,0.0,0.0,0,,三番市纪事报指此军曾与库克共投
515,三藩市纪事报指此君曾与库克碰头,2,False,False,1.0,0.2,0.0,0.8632138114209827,-0.18603515625,0.0,0.0,0.0,0.0,0,,三藩市纪事报指此军曾与库克共投
515,三藩市纪事报指此君曾与库克碰头,3,False,True,1.0,0.13333333333333333,0.0,0.31739707835325365,-0.2362060546875,0.0,0.0,0.0,0.0,0,,三藩市纪事报指此君曾与库克共投
515,三藩市纪事报指此君曾与库克碰头,4,False,False,0.0,0.2,0.3333333333333333,0.09296148738379814,-0.2568359375,0.0,0.0,0.0,0.0,0,,三番市纪事报指此君曾与库克共投
515,三藩市纪事报指此君曾与库克碰头,5,False,False,1.0,0.2,0.0,0.05843293492695883,-0.260009765625,0.0,0.0,0.0,0.0,0,,三藩市纪事报指此均曾与库克共投
515,三藩市纪事报指此君曾与库克碰头,6,False,False,1.0,0.26666666666666666,0.0,0.005312084993359893,-0.264892578125,0.0,0.0,0.0,0.0,0,,三藩市记事报指此军曾与库克共投
515,三藩市纪事报指此君曾与库克碰头,7,False,False,0.0,0.26666666666666666,0.3333333333333333,0.0,-0.265380859375,0.0,0.0,0.0,0.0,0,,三方市纪事报指此军曾与库克共投
516,哈立以争议性的点数优势宣告获胜,1,True,True,0.0,0.06666666666666667,0.5,1.0,-0.01360321044921875,0.0,0.0,0.0,0.0,0,,哈利以争议性的点数优势宣告获胜
516,哈立以争议性的点数优势宣告获胜,2,False,False,0.0,0.13333333333333333,0.5,0.46626855485412044,-0.1329345703125,0.0,0.0,0.0,0.0,0,,哈利以争议性点数优势宣告获胜
516,哈立以争议性的点数优势宣告获胜,3,False,False,0.0,0.06666666666666667,0.5,0.2855485412045726,-0.17333984375,0.0,0.0,0.0,0.0,0,,哈里以争议性的点数优势宣告获胜
516,哈立以争议性的点数优势宣告获胜,4,False,False,0.0,0.2,0.5,0.11847807541375192,-0.210693359375,0.0,0.0,0.0,0.0,0,,哈利以正义性的点数优势宣告获胜
516,哈立以争议性的点数优势宣告获胜,5,False,False,0.0,0.13333333333333333,0.5,0.01910936700221805,-0.23291015625,0.0,0.0,0.0,0.0,0,,哈利以争议型的点数优势宣告获胜
516,哈立以争议性的点数优势宣告获胜,6,False,False,0.0,0.06666666666666667,0.5,0.0,-0.2371826171875,0.0,0.0,0.0,0.0,0,,哈力以争议性的点数优势宣告获胜
517,昆仑决雄霸山城在重庆江南体育馆重装上阵,1,True,True,0.5,0.05263157894736842,0.1111111111111111,1.0,-0.1280517578125,0.0,0.0,0.0,0.0,0,,昆仑绝雄霸山城在重庆江南体育馆重装上阵
517,昆仑决雄霸山城在重庆江南体育馆重装上阵,2,False,False,0.5,0.05263157894736842,0.1111111111111111,0.5825958702064897,-0.16259765625,0.0,0.0,0.0,0.0,0,,昆仑爵雄霸山城在重庆江南体育馆重装上阵
517,昆仑决雄霸山城在重庆江南体育馆重装上阵,3,False,False,0.5,0.10526315789473684,0.2222222222222222,0.4144542772861357,-0.176513671875,0.0,0.0,0.0,0.0,0,,昆仑绝雄坝山城在重庆江南体育馆重装上阵
517,昆仑决雄霸山城在重庆江南体育馆重装上阵,4,False,False,0.5,0.10526315789473684,0.4444444444444444,0.2920353982300885,-0.1866455078125,0.0,0.0,0.0,0.0,0,,昆仑绝雄霸山在重庆江南体育馆重装上阵
517,昆仑决雄霸山城在重庆江南体育馆重装上阵,5,False,False,0.5,0.10526315789473684,0.2222222222222222,0.2861356932153392,-0.1871337890625,0.0,0.0,0.0,0.0,0,,昆仑绝雄跋山城在重庆江南体育馆重装上阵
517,昆仑决雄霸山城在重庆江南体育馆重装上阵,6,False,False,0.5,0.15789473684210525,0.1111111111111111,0.28023598820059,-0.1876220703125,0.0,0.0,0.0,0.0,0,,昆仑绝雄霸山城在重庆江南体育馆重装商镇
517,昆仑决雄霸山城在重庆江南体育馆重装上阵,7,False,False,0.5,0.05263157894736842,0.1111111111111111,0.20058997050147492,-0.1942138671875,0.0,0.0,0.0,0.0,0,,昆仑掘雄霸山城在重庆江南体育馆重装上阵
517,昆仑决雄霸山城在重庆江南体育馆重装上阵,8,False,False,0.5,0.10526315789473684,0.2222222222222222,0.0,-0.2108154296875,0.0,0.0,0.0,0.0,0,,昆仑绝熊霸山城在重庆江南体育馆重装上阵
518,雅桑克莱并没有采取矮个子拳手惯用的闪击式打法,1,True,False,0.0,0.09090909090909091,0.25,1.0,-0.07611083984375,0.0,0.0,0.0,0.0,0,,亚桑克莱并没有采取矮个子全手惯用的闪击式打法
518,雅桑克莱并没有采取矮个子拳手惯用的闪击式打法,2,False,False,0.0,0.045454545454545456,0.25,0.8590492076730609,-0.08642578125,0.0,0.0,0.0,0.0,0,,亚桑克莱并没有采取矮个子拳手惯用的闪击式打法
518,雅桑克莱并没有采取矮个子拳手惯用的闪击式打法,3,False,False,1.0,0.045454545454545456,0.0,0.39366138448707255,-0.1204833984375,0.0,0.0,0.0,0.0,0,,雅桑克莱并没有采取矮个子全手惯用的闪击式打法
518,雅桑克莱并没有采取矮个子拳手惯用的闪击式打法,4,False,True,1.0,0.0,0.0,0.3577981651376147,-0.12310791015625,0.0,0.0,0.0,0.0,0,,雅桑克莱并没有采取矮个子拳手惯用的闪击式打法
518,雅桑克莱并没有采取矮个子拳手惯用的闪击式打法,5,False,False,0.0,0.22727272727272727,0.25,0.3386155129274395,-0.12451171875,0.0,0.0,0.0,0.0,0,,亚桑克莱并没有采取X全手惯用的闪击式打法
518,雅桑克莱并没有采取矮个子拳手惯用的闪击式打法,6,False,False,0.0,0.18181818181818182,0.25,0.19849874895746455,-0.134765625,0.0,0.0,0.0,0.0,0,,亚桑克莱并没有采取埃格兹拳手惯用的闪击式打法
518,雅桑克莱并没有采取矮个子拳手惯用的闪击式打法,7,False,False,0.0,0.18181818181818182,0.25,0.12844036697247707,-0.139892578125,0.0,0.0,0.0,0.0,0,,亚桑克莱并没有采取X拳手惯用的闪击式打法
518,雅桑克莱并没有采取矮个子拳手惯用的闪击式打法,8,False,False,0.0,0.22727272727272727,0.25,0.07005838198498748,-0.1441650390625,0.0,0.0,0.0,0.0,0,,亚桑克莱并没有采取埃格兹全手惯用的闪击式打法
518,雅桑克莱并没有采取矮个子拳手惯用的闪击式打法,9,False,False,0.0,0.13636363636363635,0.5,0.03502919099249374,-0.146728515625,0.0,0.0,0.0,0.0,0,,亚丧克莱并没有采取矮个子全手惯用的闪击式打法
518,雅桑克莱并没有采取矮个子拳手惯用的闪击式打法,10,False,False,0.0,0.13636363636363635,0.5,0.0,-0.1492919921875,0.0,0.0,0.0,0.0,0,,亚三克莱并没有采取矮个子全手惯用的闪击式打法
519,雅桑克莱的优势继续在扩大,1,True,False,0.0,0.16666666666666666,0.5,1.0,-0.049591064453125,0.0,0.0,0.0,0.0,0,,亚三克莱的优势继续在扩大
519,雅桑克莱的优势继续在扩大,2,False,False,0.0,0.25,0.75,0.6240362811791383,-0.12548828125,0.0,0.0,0.0,0.0,0,,亚三克来的优势继续在扩大
519,雅桑克莱的优势继续在扩大,3,False,False,0.0,0.08333333333333333,0.25,0.37006802721088433,-0.1767578125,0.0,0.0,0.0,0.0,0,,亚桑克莱的优势继续在扩大
519,雅桑克莱的优势继续在扩大,4,False,False,0.0,0.25,0.5,0.36583522297808013,-0.1776123046875,0.0,0.0,0.0,0.0,0,,亚三克莱德优势继续在扩大
519,雅桑克莱的优势继续在扩大,5,False,True,1.0,0.0,0.0,0.2920634920634921,-0.1925048828125,0.0,0.0,0.0,0.0,0,,雅桑克莱的优势继续在扩大
519,雅桑克莱的优势继续在扩大,6,False,False,0.0,0.16666666666666666,0.5,0.23582766439909297,-0.203857421875,0.0,0.0,0.0,0.0,0,,亚叁克莱的优势继续在扩大
519,雅桑克莱的优势继续在扩大,7,False,False,0.0,0.25,0.75,0.2328042328042328,-0.2044677734375,0.0,0.0,0.0,0.0,0,,亚三科莱的优势继续在扩大
519,雅桑克莱的优势继续在扩大,8,False,False,0.0,0.3333333333333333,1.0,0.19591836734693877,-0.2119140625,0.0,0.0,0.0,0.0,0,,亚三科来的优势继续在扩大
519,雅桑克莱的优势继续在扩大,9,False,False,0.0,0.16666666666666666,0.5,0.11368102796674225,-0.228515625,0.0,0.0,0.0,0.0,0,,亚丧克莱的优势继续在扩大
519,雅桑克莱的优势继续在扩大,10,False,False,0.0,0.25,0.5,0.10219198790627362,-0.2308349609375,0.0,0.0,0.0,0.0,0,,亚三克莱的优势继续再扩大
519,雅桑克莱的优势继续在扩大,11,False,False,0.0,0.16666666666666666,0.5,0.04897959183673469,-0.2415771484375,0.0,0.0,0.0,0.0,0,,亚森克莱的优势继续在扩大
519,雅桑克莱的优势继续在扩大,12,False,False,0.0,0.25,0.75,0.036281179138321996,-0.244140625,0.0,0.0,0.0,0.0,0,,亚三克拉的优势继续在扩大
519,雅桑克莱的优势继续在扩大,13,False,False,0.0,0.16666666666666666,0.5,0.024792139077853364,-0.2464599609375,0.0,0.0,0.0,0.0,0,,亚参克莱的优势继续在扩大
519,雅桑克莱的优势继续在扩大,14,False,False,0.0,0.25,0.75,0.0072562358276643995,-0.25,0.0,0.0,0.0,0.0,0,,亚三颗莱的优势继续在扩大
519,雅桑克莱的优势继续在扩大,15,False,False,0.0,0.16666666666666666,0.5,0.0,-0.25146484375,0.0,0.0,0.0,0.0,0,,亚商克莱的优势继续在扩大
520,祖耶夫的右肋很快便被踢出大片鲜红的淤血斑痕,1,True,False,0.0,0.19047619047619047,0.3333333333333333,1.0,-0.125244140625,0.0,0.0,0.0,0.0,0,,祖业夫的左肋很快便被剃出大片鲜红的瘀血斑痕
520,祖耶夫的右肋很快便被踢出大片鲜红的淤血斑痕,2,False,False,0.0,0.14285714285714285,0.3333333333333333,0.7696476964769647,-0.1356201171875,0.0,0.0,0.0,0.0,0,,祖业夫的左肋很快便被剃出大片鲜红的淤血斑痕
520,祖耶夫的右肋很快便被踢出大片鲜红的淤血斑痕,3,False,False,0.0,0.19047619047619047,0.3333333333333333,0.2953929539295393,-0.156982421875,0.0,0.0,0.0,0.0,0,,祖业夫的左肋很快便被提出大片鲜红的瘀血斑痕
520,祖耶夫的右肋很快便被踢出大片鲜红的淤血斑痕,4,False,False,0.0,0.14285714285714285,0.3333333333333333,0.22493224932249323,-0.16015625,0.0,0.0,0.0,0.0,0,,祖业夫的左肋很快便被踢出大片鲜红的瘀血斑痕
520,祖耶夫的右肋很快便被踢出大片鲜红的淤血斑痕,5,False,False,0.0,0.23809523809523808,0.6666666666666666,0.1897018970189702,-0.1617431640625,0.0,0.0,0.0,0.0,0,,左叶夫的左肋很快便被剃出大片鲜红的瘀血斑痕
520,祖耶夫的右肋很快便被踢出大片鲜红的淤血斑痕,6,False,False,0.0,0.2857142857142857,1.0,0.18157181571815717,-0.162109375,0.0,0.0,0.0,0.0,0,,左叶腹的左肋很快便被剃出大片鲜红的瘀血斑痕
520,祖耶夫的右肋很快便被踢出大片鲜红的淤血斑痕,7,False,False,0.0,0.19047619047619047,0.6666666666666666,0.06504065040650407,-0.1673583984375,0.0,0.0,0.0,0.0,0,,左叶夫的左肋很快便被剃出大片鲜红的淤血斑痕
520,祖耶夫的右肋很快便被踢出大片鲜红的淤血斑痕,8,False,False,0.0,0.23809523809523808,1.0,0.06233062330623306,-0.16748046875,0.0,0.0,0.0,0.0,0,,左叶腹的左肋很快便被剃出大片鲜红的淤血斑痕
520,祖耶夫的右肋很快便被踢出大片鲜红的淤血斑痕,9,False,True,0.0,0.09523809523809523,0.3333333333333333,0.04607046070460705,-0.168212890625,0.0,0.0,0.0,0.0,0,,祖业夫的左肋很快便被踢出大片鲜红的淤血斑痕
520,祖耶夫的右肋很快便被踢出大片鲜红的淤血斑痕,10,False,False,0.0,0.19047619047619047,0.3333333333333333,0.0,-0.1702880859375,0.0,0.0,0.0,0.0,0,,祖叶夫的左肋很快便被剃出大片鲜红的瘀血斑痕
521,经验丰富的雅桑克莱开始刻意放缓节奏,1,True,True,0.0,0.058823529411764705,0.25,1.0,-0.09698486328125,0.0,0.0,0.0,0.0,0,,经验丰富的亚桑克莱开始刻意放缓节奏
521,经验丰富的雅桑克莱开始刻意放缓节奏,2,False,False,0.0,0.11764705882352941,0.75,0.7561588738059326,-0.1265869140625,0.0,0.0,0.0,0.0,0,,经验丰富的亚尔桑克莱开始刻意放缓节奏
521,经验丰富的雅桑克莱开始刻意放缓节奏,3,False,False,0.0,0.11764705882352941,0.5,0.5681246857717446,-0.1494140625,0.0,0.0,0.0,0.0,0,,经验丰富的亚藏克莱开始刻意放缓节奏
521,经验丰富的雅桑克莱开始刻意放缓节奏,4,False,False,0.0,0.11764705882352941,0.5,0.48768225238813473,-0.1591796875,0.0,0.0,0.0,0.0,0,,经验丰富的亚丧克莱开始刻意放缓节奏
521,经验丰富的雅桑克莱开始刻意放缓节奏,5,False,False,0.0,0.11764705882352941,0.75,0.2654600301659125,-0.1861572265625,0.0,0.0,0.0,0.0,0,,经验丰富的亚斯桑克莱开始刻意放缓节奏
521,经验丰富的雅桑克莱开始刻意放缓节奏,6,False,False,0.0,0.11764705882352941,0.5,0.21920563097033685,-0.1917724609375,0.0,0.0,0.0,0.0,0,,经验丰富的亚森克莱开始刻意放缓节奏
521,经验丰富的雅桑克莱开始刻意放缓节奏,7,False,False,0.0,0.17647058823529413,1.0,0.2131724484665661,-0.1925048828125,0.0,0.0,0.0,0.0,0,,经验丰富的亚尔桑科莱开始刻意放缓节奏
521,经验丰富的雅桑克莱开始刻意放缓节奏,8,False,False,0.0,0.11764705882352941,0.75,0.17295123177476118,-0.1973876953125,0.0,0.0,0.0,0.0,0,,经验丰富的亚特桑克莱开始刻意放缓节奏
521,经验丰富的雅桑克莱开始刻意放缓节奏,9,False,False,0.0,0.11764705882352941,0.5,0.07038712921065862,-0.2098388671875,0.0,0.0,0.0,0.0,0,,经验丰富的亚上克莱开始刻意放缓节奏
521,经验丰富的雅桑克莱开始刻意放缓节奏,10,False,False,0.0,0.17647058823529413,0.75,0.02815485168426345,-0.2149658203125,0.0,0.0,0.0,0.0,0,,经验丰富的亚藏科莱开始刻意放缓节奏
521,经验丰富的雅桑克莱开始刻意放缓节奏,11,False,False,0.0,0.11764705882352941,0.5,0.0,-0.2183837890625,0.0,0.0,0.0,0.0,0,,经验丰富的亚三克莱开始刻意放缓节奏
522,此时的祖耶夫右眼已经肿胀得完全封闭,1,True,False,0.0,0.11764705882352941,0.3333333333333333,1.0,-0.11395263671875,0.0,0.0,0.0,0.0,0,,此时的祖业夫右眼已经肿胀的完全封闭
522,此时的祖耶夫右眼已经肿胀得完全封闭,2,False,False,0.0,0.11764705882352941,0.3333333333333333,0.8084667010841508,-0.1365966796875,0.0,0.0,0.0,0.0,0,,此时的祖叶夫右眼已经肿胀的完全封闭
522,此时的祖耶夫右眼已经肿胀得完全封闭,3,False,False,0.0,0.058823529411764705,0.3333333333333333,0.5658234383066598,-0.165283203125,0.0,0.0,0.0,0.0,0,,此时的祖业夫右眼已经肿胀得完全封闭
522,此时的祖耶夫右眼已经肿胀得完全封闭,4,False,False,0.0,0.11764705882352941,0.3333333333333333,0.45431078988125967,-0.178466796875,0.0,0.0,0.0,0.0,0,,此时的祖列夫右眼已经肿胀的完全封闭
522,此时的祖耶夫右眼已经肿胀得完全封闭,5,False,False,0.0,0.058823529411764705,0.3333333333333333,0.3748064016520392,-0.1878662109375,0.0,0.0,0.0,0.0,0,,此时的祖叶夫右眼已经肿胀得完全封闭
522,此时的祖耶夫右眼已经肿胀得完全封闭,6,False,False,0.0,0.11764705882352941,0.3333333333333333,0.30665978316985026,-0.1959228515625,0.0,0.0,0.0,0.0,0,,此时的祖业夫右眼已经肿胀地完全封闭
522,此时的祖耶夫右眼已经肿胀得完全封闭,7,False,True,1.0,0.058823529411764705,0.0,0.18275684047496127,-0.2105712890625,0.0,0.0,0.0,0.0,0,,此时的祖耶夫右眼已经肿胀的完全封闭
522,此时的祖耶夫右眼已经肿胀得完全封闭,8,False,False,0.0,0.11764705882352941,0.3333333333333333,0.1352607124419205,-0.2161865234375,0.0,0.0,0.0,0.0,0,,此时的祖叶夫右眼已经肿胀地完全封闭
522,此时的祖耶夫右眼已经肿胀得完全封闭,9,False,False,0.0,0.11764705882352941,0.3333333333333333,0.03304078471863707,-0.228271484375,0.0,0.0,0.0,0.0,0,,此时的祖烈夫右眼已经肿胀的完全封闭
522,此时的祖耶夫右眼已经肿胀得完全封闭,10,False,False,0.0,0.11764705882352941,0.3333333333333333,0.017552916881775942,-0.2301025390625,0.0,0.0,0.0,0.0,0,,此时的祖液夫右眼已经肿胀的完全封闭
522,此时的祖耶夫右眼已经肿胀得完全封闭,11,False,False,0.0,0.058823529411764705,0.3333333333333333,0.0,-0.232177734375,0.0,0.0,0.0,0.0,0,,此时的祖列夫右眼已经肿胀得完全封闭
523,雅桑克莱的组合拳将祖耶夫重重击倒然而,1,True,False,0.0,0.16666666666666666,0.42857142857142855,1.0,-0.1470947265625,0.0,0.0,0.0,0.0,0,,亚商克莱的组合拳将祖业夫重重击倒然而
523,雅桑克莱的组合拳将祖耶夫重重击倒然而,2,False,False,0.0,0.16666666666666666,0.42857142857142855,0.7303370786516854,-0.1676025390625,0.0,0.0,0.0,0.0,0,,亚商克莱的组合拳将祖叶夫重重击倒然而
523,雅桑克莱的组合拳将祖耶夫重重击倒然而,3,False,False,0.0,0.2222222222222222,0.5714285714285714,0.6645264847512039,-0.172607421875,0.0,0.0,0.0,0.0,0,,亚商克莱的组合拳将祖岳福重重击倒然而
523,雅桑克莱的组合拳将祖耶夫重重击倒然而,4,False,False,0.0,0.1111111111111111,0.2857142857142857,0.5810593900481541,-0.178955078125,0.0,0.0,0.0,0.0,0,,亚桑克莱的组合拳将祖业夫重重击倒然而
523,雅桑克莱的组合拳将祖耶夫重重击倒然而,5,False,False,0.0,0.2222222222222222,0.5714285714285714,0.5569823434991974,-0.1807861328125,0.0,0.0,0.0,0.0,0,,亚商克莱的组合拳将祖岳父重重击倒然而
523,雅桑克莱的组合拳将祖耶夫重重击倒然而,6,False,False,0.0,0.16666666666666666,0.42857142857142855,0.4911717495987159,-0.185791015625,0.0,0.0,0.0,0.0,0,,亚桑克莱的组合拳将祖岳福重重击倒然而
523,雅桑克莱的组合拳将祖耶夫重重击倒然而,7,False,False,0.5,0.1111111111111111,0.2857142857142857,0.4478330658105939,-0.1890869140625,0.0,0.0,0.0,0.0,0,,亚商克莱的组合拳将祖耶夫重重击倒然而
523,雅桑克莱的组合拳将祖耶夫重重击倒然而,8,False,False,0.0,0.16666666666666666,0.42857142857142855,0.434991974317817,-0.1900634765625,0.0,0.0,0.0,0.0,0,,亚桑克莱的组合拳将祖岳父重重击倒然而
523,雅桑克莱的组合拳将祖耶夫重重击倒然而,9,False,False,0.0,0.1111111111111111,0.2857142857142857,0.3996789727126806,-0.1927490234375,0.0,0.0,0.0,0.0,0,,亚桑克莱的组合拳将祖叶夫重重击倒然而
523,雅桑克莱的组合拳将祖耶夫重重击倒然而,10,False,True,0.5,0.05555555555555555,0.14285714285714285,0.23595505617977527,-0.2052001953125,0.0,0.0,0.0,0.0,0,,雅桑克莱的组合拳将祖业夫重重击倒然而
523,雅桑克莱的组合拳将祖耶夫重重击倒然而,11,False,False,0.5,0.1111111111111111,0.2857142857142857,0.23434991974317818,-0.205322265625,0.0,0.0,0.0,0.0,0,,雅桑克莱的组合拳将祖岳福重重击倒然而
523,雅桑克莱的组合拳将祖耶夫重重击倒然而,12,False,False,0.0,0.2222222222222222,0.5714285714285714,0.14606741573033707,-0.2120361328125,0.0,0.0,0.0,0.0,0,,亚商克莱的组合拳将祖业福重重击倒然而
523,雅桑克莱的组合拳将祖耶夫重重击倒然而,13,False,False,0.5,0.1111111111111111,0.2857142857142857,0.04975922953451043,-0.2193603515625,0.0,0.0,0.0,0.0,0,,雅桑克莱的组合拳将祖岳父重重击倒然而
523,雅桑克莱的组合拳将祖耶夫重重击倒然而,14,False,False,0.5,0.05555555555555555,0.14285714285714285,0.030497592295345103,-0.2208251953125,0.0,0.0,0.0,0.0,0,,雅桑克莱的组合拳将祖叶夫重重击倒然而
523,雅桑克莱的组合拳将祖耶夫重重击倒然而,15,False,False,0.5,0.05555555555555555,0.14285714285714285,0.016051364365971106,-0.221923828125,0.0,0.0,0.0,0.0,0,,亚桑克莱的组合拳将祖耶夫重重击倒然而
523,雅桑克莱的组合拳将祖耶夫重重击倒然而,16,False,False,0.0,0.16666666666666666,0.42857142857142855,0.0,-0.22314453125,0.0,0.0,0.0,0.0,0,,亚商克莱的组合拳将祖耶福重重击倒然而
524,布拉德皮特新片狂怒接受了宣传媒体拍照,1,True,True,1.0,0.0,0.0,1.0,-0.08099365234375,0.0,0.0,0.0,0.0,0,,布拉德皮特新片狂怒接受了宣传媒体拍照
524,布拉德皮特新片狂怒接受了宣传媒体拍照,2,False,False,1.0,0.05555555555555555,0.0,0.5902744342802119,-0.1329345703125,0.0,0.0,0.0,0.0,0,,布拉德皮特芯片狂怒接受了宣传媒体拍照
524,布拉德皮特新片狂怒接受了宣传媒体拍照,3,False,False,0.0,0.05555555555555555,0.5,0.5315358690418873,-0.140380859375,0.0,0.0,0.0,0.0,0,,布拉德皮克新片狂怒接受了宣传媒体拍照
524,布拉德皮特新片狂怒接受了宣传媒体拍照,4,False,False,1.0,0.1111111111111111,0.0,0.30909966297544533,-0.1685791015625,0.0,0.0,0.0,0.0,0,,布拉德皮特性偏狂怒接受了宣传媒体拍照
524,布拉德皮特新片狂怒接受了宣传媒体拍照,5,False,False,1.0,0.05555555555555555,0.0,0.2811747713047665,-0.172119140625,0.0,0.0,0.0,0.0,0,,布拉德皮特信片狂怒接受了宣传媒体拍照
524,布拉德皮特新片狂怒接受了宣传媒体拍照,6,False,False,0.0,0.1111111111111111,0.5,0.20991815117958595,-0.18115234375,0.0,0.0,0.0,0.0,0,,布拉德皮克芯片狂怒接受了宣传媒体拍照
524,布拉德皮特新片狂怒接受了宣传媒体拍照,7,False,False,0.0,0.1111111111111111,1.0,0.15599422243620606,-0.18798828125,0.0,0.0,0.0,0.0,0,,布拉德匹克新片狂怒接受了宣传媒体拍照
524,布拉德皮特新片狂怒接受了宣传媒体拍照,8,False,False,1.0,0.05555555555555555,0.0,0.10688493018777083,-0.1942138671875,0.0,0.0,0.0,0.0,0,,布拉德皮特新篇狂怒接受了宣传媒体拍照
524,布拉德皮特新片狂怒接受了宣传媒体拍照,9,False,False,1.0,0.1111111111111111,0.0,0.10688493018777083,-0.1942138671875,0.0,0.0,0.0,0.0,0,,布拉德皮特心偏狂怒接受了宣传媒体拍照
524,布拉德皮特新片狂怒接受了宣传媒体拍照,10,False,False,1.0,0.05555555555555555,0.0,0.03755416466056813,-0.2030029296875,0.0,0.0,0.0,0.0,0,,布拉德皮特新片狂怒接受宣传媒体拍照
524,布拉德皮特新片狂怒接受了宣传媒体拍照,11,False,False,1.0,0.1111111111111111,0.0,0.0,-0.207763671875,0.0,0.0,0.0,0.0,0,,布拉德皮特欺骗狂怒接受了宣传媒体拍照
525,我们可以清晰看到皮特的结婚戒指,1,True,True,1.0,0.0,0.0,1.0,-0.023040771484375,0.0,0.0,0.0,0.0,0,,我们可以清晰看到皮特的结婚戒指
525,我们可以清晰看到皮特的结婚戒指,2,False,False,0.0,0.13333333333333333,1.0,0.3269284843940388,-0.2421875,0.0,0.0,0.0,0.0,0,,我们可以清晰看到彼得的结婚戒指
525,我们可以清晰看到皮特的结婚戒指,3,False,False,0.0,0.06666666666666667,0.5,0.2421970194020058,-0.269775390625,0.0,0.0,0.0,0.0,0,,我们可以清晰看到彼特的结婚戒指
525,我们可以清晰看到皮特的结婚戒指,4,False,False,0.0,0.06666666666666667,0.5,0.0749835973380823,-0.32421875,0.0,0.0,0.0,0.0,0,,我们可以清晰看到匹特的结婚戒指
525,我们可以清晰看到皮特的结婚戒指,5,False,False,1.0,0.06666666666666667,0.0,0.026994095041709625,-0.33984375,0.0,0.0,0.0,0.0,0,,我们可以清晰看到皮特的结婚戒指了
525,我们可以清晰看到皮特的结婚戒指,6,False,False,1.0,0.06666666666666667,1.0,0.02549442309494798,-0.34033203125,0.0,0.0,0.0,0.0,0,,我们可以清晰的看到皮特的结婚戒指
525,我们可以清晰看到皮特的结婚戒指,7,False,False,1.0,0.13333333333333333,0.0,0.0,-0.3486328125,0.0,0.0,0.0,0.0,0,,我们可以轻轻看到皮特的结婚戒指
526,看来郑嘉颖是她的初恋,1,True,False,0.0,0.3,0.6666666666666666,1.0,-0.11334228515625,0.0,0.0,0.0,0.0,0,,看来邓佳颖是他的初恋
526,看来郑嘉颖是她的初恋,2,False,False,0.0,0.3,0.6666666666666666,0.8501318191036301,-0.158447265625,0.0,0.0,0.0,0.0,0,,看来邓家颖是他的初恋
526,看来郑嘉颖是她的初恋,3,False,False,0.0,0.4,1.0,0.7316974244575137,-0.194091796875,0.0,0.0,0.0,0.0,0,,看来邓家影是他的初恋
526,看来郑嘉颖是她的初恋,4,False,False,0.0,0.2,0.6666666666666666,0.6668018657473129,-0.213623046875,0.0,0.0,0.0,0.0,0,,看来邓佳颖是她的初恋
526,看来郑嘉颖是她的初恋,5,False,False,0.0,0.2,0.3333333333333333,0.5605353883593591,-0.24560546875,0.0,0.0,0.0,0.0,0,,看来邓嘉颖是他的初恋
526,看来郑嘉颖是她的初恋,6,False,False,0.0,0.2,0.6666666666666666,0.4550801054552829,-0.27734375,0.0,0.0,0.0,0.0,0,,看来邓家颖是她的初恋
526,看来郑嘉颖是她的初恋,7,False,False,0.0,0.4,1.0,0.3561143784222267,-0.30712890625,0.0,0.0,0.0,0.0,0,,看来邓佳莹是他的初恋
526,看来郑嘉颖是她的初恋,8,False,False,0.0,0.4,1.0,0.2676941796795782,-0.333740234375,0.0,0.0,0.0,0.0,0,,看来邓佳影是他的初恋
526,看来郑嘉颖是她的初恋,9,False,True,0.0,0.1,0.3333333333333333,0.19549787061447982,-0.35546875,0.0,0.0,0.0,0.0,0,,看来邓嘉颖是她的初恋
526,看来郑嘉颖是她的初恋,10,False,False,0.0,0.3,1.0,0.1833299533563172,-0.359130859375,0.0,0.0,0.0,0.0,0,,看来邓家影是她的初恋
526,看来郑嘉颖是她的初恋,11,False,False,0.0,0.4,1.0,0.035692557290610424,-0.403564453125,0.0,0.0,0.0,0.0,0,,看来邓家赢是他的初恋
526,看来郑嘉颖是她的初恋,12,False,False,0.0,0.4,1.0,0.03244777935510038,-0.404541015625,0.0,0.0,0.0,0.0,0,,看来邓家瘾是他的初恋
526,看来郑嘉颖是她的初恋,13,False,False,0.0,0.4,1.0,0.0,-0.414306640625,0.0,0.0,0.0,0.0,0,,看来邓家莹是他的初恋
527,陈势安两天一夜没洗澡刷牙,1,True,True,0.0,0.08333333333333333,0.3333333333333333,1.0,-0.0950927734375,0.0,0.0,0.0,0.0,0,,陈世安两天一夜没洗澡刷牙
527,陈势安两天一夜没洗澡刷牙,2,False,False,0.0,0.08333333333333333,0.3333333333333333,0.9536541889483066,-0.1046142578125,0.0,0.0,0.0,0.0,0,,陈士安两天一夜没洗澡刷牙
527,陈势安两天一夜没洗澡刷牙,3,False,False,0.0,0.08333333333333333,0.3333333333333333,0.49673202614379086,-0.198486328125,0.0,0.0,0.0,0.0,0,,陈诗安两天一夜没洗澡刷牙
527,陈势安两天一夜没洗澡刷牙,4,False,False,0.0,0.16666666666666666,0.3333333333333333,0.31313131313131315,-0.2362060546875,0.0,0.0,0.0,0.0,0,,陈世安两天一夜没洗澡刷烟
527,陈势安两天一夜没洗澡刷牙,5,False,False,0.0,0.16666666666666666,0.3333333333333333,0.24777183600713013,-0.2496337890625,0.0,0.0,0.0,0.0,0,,陈士安两天一夜没洗澡刷烟
527,陈势安两天一夜没洗澡刷牙,6,False,False,0.0,0.08333333333333333,0.3333333333333333,0.0011883541295306002,-0.30029296875,0.0,0.0,0.0,0.0,0,,陈氏安两天一夜没洗澡刷牙
527,陈势安两天一夜没洗澡刷牙,7,False,False,0.0,0.16666666666666666,0.3333333333333333,0.0,-0.300537109375,0.0,0.0,0.0,0.0,0,,陈世安两天一夜也没洗澡刷牙
528,执法人员将王靖苏押解回温州,1,True,False,0.0,0.07692307692307693,0.3333333333333333,1.0,-0.11810302734375,0.0,0.0,0.0,0.0,0,,执法人员将王晋苏押解回温州
528,执法人员将王靖苏押解回温州,2,False,True,1.0,0.0,0.0,0.9015725101921956,-0.12841796875,0.0,0.0,0.0,0.0,0,,执法人员将王靖苏押解回温州
528,执法人员将王靖苏押解回温州,3,False,False,0.0,0.07692307692307693,0.3333333333333333,0.3075131042516016,-0.190673828125,0.0,0.0,0.0,0.0,0,,执法人员将王进苏押解回温州
528,执法人员将王靖苏押解回温州,4,False,False,0.0,0.07692307692307693,0.3333333333333333,0.0,-0.222900390625,0.0,0.0,0.0,0.0,0,,执法人员将王敬苏押解回温州
529,温州美女学霸将赴非洲支教教当地小学生汉语,1,True,True,1.0,0.0,0.0,1.0,-0.07763671875,0.0,0.0,0.0,0.0,0,,温州美女学霸将赴非洲支教教当地小学生汉语
529,温州美女学霸将赴非洲支教教当地小学生汉语,2,False,False,1.0,0.15,0.0,0.5329249617151608,-0.1148681640625,0.0,0.0,0.0,0.0,0,,温州美女学霸江湖非洲之教教当地小学生汉语
529,温州美女学霸将赴非洲支教教当地小学生汉语,3,False,False,1.0,0.05,0.0,0.5245022970903522,-0.11553955078125,0.0,0.0,0.0,0.0,0,,温州美女学霸将赴非洲之教教当地小学生汉语
529,温州美女学霸将赴非洲支教教当地小学生汉语,4,False,False,1.0,0.1,0.0,0.17917304747320062,-0.14306640625,0.0,0.0,0.0,0.0,0,,温州美女学霸江湖非洲支教教当地小学生汉语
529,温州美女学霸将赴非洲支教教当地小学生汉语,5,False,False,1.0,0.05,0.0,0.14701378254211334,-0.1456298828125,0.0,0.0,0.0,0.0,0,,温州美女学霸将赴非洲执教教当地小学生汉语
529,温州美女学霸将赴非洲支教教当地小学生汉语,6,False,False,1.0,0.05,0.0,0.05359877488514548,-0.153076171875,0.0,0.0,0.0,0.0,0,,温州美女学霸将赴非洲制教教当地小学生汉语
529,温州美女学霸将赴非洲支教教当地小学生汉语,7,False,False,1.0,0.05,0.0,0.0,-0.1573486328125,0.0,0.0,0.0,0.0,0,,温州美女学霸将赴非洲支校教当地小学生汉语
530,麻丽贤等17位志愿者将远赴非洲支教,1,True,True,0.0,0.11764705882352941,0.6666666666666666,1.0,-0.1556396484375,0.0,0.0,0.0,0.0,0,,马立贤等17位志愿者将远赴非洲支教
530,麻丽贤等17位志愿者将远赴非洲支教,2,False,False,0.0,0.11764705882352941,0.6666666666666666,0.9556786703601108,-0.1595458984375,0.0,0.0,0.0,0.0,0,,马力贤等17位志愿者将远赴非洲支教
530,麻丽贤等17位志愿者将远赴非洲支教,3,False,False,0.0,0.17647058823529413,0.6666666666666666,0.7506925207756233,-0.1776123046875,0.0,0.0,0.0,0.0,0,,马立贤等17位志愿者将远赴非洲执教
530,麻丽贤等17位志愿者将远赴非洲支教,4,False,False,0.0,0.17647058823529413,0.6666666666666666,0.6759002770083102,-0.1842041015625,0.0,0.0,0.0,0.0,0,,马力贤等17位志愿者将远赴非洲执教
530,麻丽贤等17位志愿者将远赴非洲支教,5,False,False,0.0,0.17647058823529413,0.6666666666666666,0.6426592797783933,-0.1871337890625,0.0,0.0,0.0,0.0,0,,马立贤等17位志愿者将远赴非洲之教
530,麻丽贤等17位志愿者将远赴非洲支教,6,False,False,0.0,0.17647058823529413,0.6666666666666666,0.6191135734072022,-0.189208984375,0.0,0.0,0.0,0.0,0,,马力贤等17位志愿者将远赴非洲之教
530,麻丽贤等17位志愿者将远赴非洲支教,7,False,False,0.0,0.11764705882352941,0.6666666666666666,0.3573407202216066,-0.2122802734375,0.0,0.0,0.0,0.0,0,,马利贤等17位志愿者将远赴非洲支教
530,麻丽贤等17位志愿者将远赴非洲支教,8,False,False,0.0,0.17647058823529413,0.6666666666666666,0.11080332409972299,-0.2340087890625,0.0,0.0,0.0,0.0,0,,马利贤等17位志愿者将远赴非洲执教
530,麻丽贤等17位志愿者将远赴非洲支教,9,False,False,0.0,0.17647058823529413,0.6666666666666666,0.0,-0.2437744140625,0.0,0.0,0.0,0.0,0,,马利贤等17位志愿者将远赴非洲之教
531,29岁的章某被控洗钱20000元,1,True,True,0.0,0.0625,0.5,1.0,-0.12017822265625,0.0,0.0,0.0,0.0,0,,29岁的张某被控洗钱20000元
531,29岁的章某被控洗钱20000元,2,False,False,0.0,0.1875,0.5,0.9472977509231285,-0.1297607421875,0.0,0.0,0.0,0.0,0,,29岁的张某被控洗钱1220000元
531,29岁的章某被控洗钱20000元,3,False,False,0.0,0.1875,0.5,0.3806646525679758,-0.2327880859375,0.0,0.0,0.0,0.0,0,,29岁的张某被控期前20000元
531,29岁的章某被控洗钱20000元,4,False,False,0.0,0.3125,0.5,0.3799932863376972,-0.23291015625,0.0,0.0,0.0,0.0,0,,29岁的张某被控期前1220000元
531,29岁的章某被控洗钱20000元,5,False,False,0.0,0.1875,0.5,0.34575360859348775,-0.2391357421875,0.0,0.0,0.0,0.0,0,,29岁的张某被控息前20000元
531,29岁的章某被控洗钱20000元,6,False,False,0.0,0.3125,0.5,0.3276267203759651,-0.242431640625,0.0,0.0,0.0,0.0,0,,29岁的张某被控息前1220000元
531,29岁的章某被控洗钱20000元,7,False,False,0.0,0.125,0.5,0.12890231621349446,-0.278564453125,0.0,0.0,0.0,0.0,0,,29岁的张某被控期钱20000元
531,29岁的章某被控洗钱20000元,8,False,False,0.0,0.25,0.5,0.0671366230278617,-0.289794921875,0.0,0.0,0.0,0.0,0,,29岁的张某被控期钱1220000元
531,29岁的章某被控洗钱20000元,9,False,False,0.0,0.125,0.5,0.0,-0.302001953125,0.0,0.0,0.0,0.0,0,,29岁的张某被控洗钱120000元
532,陆续有人从乐清赶往平阳法院,1,True,True,1.0,0.0,0.0,1.0,-0.0728759765625,0.0,0.0,0.0,0.0,0,,陆续有人从乐清赶往平阳法院
532,陆续有人从乐清赶往平阳法院,2,False,False,1.0,0.07692307692307693,0.0,0.8411609498680739,-0.109619140625,0.0,0.0,0.0,0.0,0,,陆续有人从乐青赶往平阳法院
532,陆续有人从乐清赶往平阳法院,3,False,False,1.0,0.15384615384615385,0.0,0.5118733509234829,-0.185791015625,0.0,0.0,0.0,0.0,0,,陆续有人从洛青赶往平阳法院
532,陆续有人从乐清赶往平阳法院,4,False,False,1.0,0.07692307692307693,0.0,0.46490765171503956,-0.1966552734375,0.0,0.0,0.0,0.0,0,,陆续有人从乐庆赶往平阳法院
532,陆续有人从乐清赶往平阳法院,5,False,False,1.0,0.07692307692307693,0.0,0.33984168865435355,-0.2255859375,0.0,0.0,0.0,0.0,0,,陆续有人从洛清赶往平阳法院
532,陆续有人从乐清赶往平阳法院,6,False,False,1.0,0.15384615384615385,0.0,0.2569920844327177,-0.2447509765625,0.0,0.0,0.0,0.0,0,,陆续有人从洛乡赶往平阳法院
532,陆续有人从乐清赶往平阳法院,7,False,False,1.0,0.07692307692307693,0.0,0.2237467018469657,-0.25244140625,0.0,0.0,0.0,0.0,0,,陆续有人从肋清赶往平阳法院
532,陆续有人从乐清赶往平阳法院,8,False,False,1.0,0.07692307692307693,0.0,0.21319261213720317,-0.2548828125,0.0,0.0,0.0,0.0,0,,陆续有人从勒清赶往平阳法院
532,陆续有人从乐清赶往平阳法院,9,False,False,1.0,0.15384615384615385,0.0,0.05382585751978892,-0.291748046875,0.0,0.0,0.0,0.0,0,,陆续有人从勒青赶往平阳法院
532,陆续有人从乐清赶往平阳法院,10,False,False,1.0,0.07692307692307693,0.0,0.04116094986807388,-0.294677734375,0.0,0.0,0.0,0.0,0,,路续有人从乐清赶往平阳法院
532,陆续有人从乐清赶往平阳法院,11,False,False,1.0,0.15384615384615385,0.0,0.0,-0.30419921875,0.0,0.0,0.0,0.0,0,,陆续有人从洛天赶往平阳法院
533,平阳法院内外已聚集了三零零多人等待开庭,1,True,False,1.0,0.2631578947368421,0.0,1.0,-0.04754638671875,0.0,0.0,0.0,0.0,0,,平阳法院内外已拒绝了300多人等待开庭
533,平阳法院内外已聚集了三零零多人等待开庭,2,False,False,1.0,0.15789473684210525,0.0,0.7786435786435787,-0.0943603515625,0.0,0.0,0.0,0.0,0,,平阳法院内外已聚集了300多人等待开庭
533,平阳法院内外已聚集了三零零多人等待开庭,3,False,False,1.0,0.3157894736842105,0.0,0.4652236652236652,-0.16064453125,0.0,0.0,0.0,0.0,0,,平阳法院内外已拒绝了3000多人等待开庭
533,平阳法院内外已聚集了三零零多人等待开庭,4,False,False,1.0,0.10526315789473684,0.0,0.43751803751803753,-0.16650390625,0.0,0.0,0.0,0.0,0,,平阳法院内外已拒绝了三零零多人等待开庭
533,平阳法院内外已聚集了三零零多人等待开庭,5,False,True,1.0,0.0,0.0,0.3215007215007215,-0.1910400390625,0.0,0.0,0.0,0.0,0,,平阳法院内外已聚集了三零零多人等待开庭
533,平阳法院内外已聚集了三零零多人等待开庭,6,False,False,0.0,0.3157894736842105,0.5,0.16565656565656567,-0.2239990234375,0.0,0.0,0.0,0.0,0,,平壤法院内外已拒绝了300多人等待开庭
533,平阳法院内外已聚集了三零零多人等待开庭,7,False,False,1.0,0.21052631578947367,0.0,0.1062049062049062,-0.236572265625,0.0,0.0,0.0,0.0,0,,平阳法院内外已聚居了300多人等待开庭
533,平阳法院内外已聚集了三零零多人等待开庭,8,False,False,1.0,0.21052631578947367,0.0,0.09927849927849929,-0.238037109375,0.0,0.0,0.0,0.0,0,,平阳法院内外已聚集了3000多人等待开庭
533,平阳法院内外已聚集了三零零多人等待开庭,9,False,False,0.0,0.3157894736842105,0.5,0.09177489177489177,-0.2396240234375,0.0,0.0,0.0,0.0,0,,平洋法院内外已拒绝了300多人等待开庭
533,平阳法院内外已聚集了三零零多人等待开庭,10,False,False,0.0,0.3157894736842105,0.5,0.03578643578643579,-0.25146484375,0.0,0.0,0.0,0.0,0,,阴阳法院内外已拒绝了300多人等待开庭
533,平阳法院内外已聚集了三零零多人等待开庭,11,False,False,1.0,0.21052631578947367,0.0,0.0,-0.259033203125,0.0,0.0,0.0,0.0,0,,平阳法院内外已聚聚了300多人等待开庭
534,龙湾永强中学1名高三男生从宿舍楼五楼楼顶坠楼身亡,1,True,False,0.5,0.041666666666666664,0.25,1.0,-0.1104736328125,0.0,0.0,0.0,0.0,0,,龙丸永强中学1名高三男生从宿舍楼五楼楼顶坠楼身亡
534,龙湾永强中学1名高三男生从宿舍楼五楼楼顶坠楼身亡,2,False,True,1.0,0.0,0.0,0.4276923076923077,-0.1331787109375,0.0,0.0,0.0,0.0,0,,龙湾永强中学1名高三男生从宿舍楼五楼楼顶坠楼身亡
534,龙湾永强中学1名高三男生从宿舍楼五楼楼顶坠楼身亡,3,False,False,0.5,0.08333333333333333,0.25,0.3169230769230769,-0.1375732421875,0.0,0.0,0.0,0.0,0,,龙丸永强中学1名高三男生从宿舍楼5楼楼顶坠楼身亡
534,龙湾永强中学1名高三男生从宿舍楼五楼楼顶坠楼身亡,4,False,False,0.5,0.08333333333333333,0.5,0.2123076923076923,-0.1417236328125,0.0,0.0,0.0,0.0,0,,隆丸永强中学1名高三男生从宿舍楼五楼楼顶坠楼身亡
534,龙湾永强中学1名高三男生从宿舍楼五楼楼顶坠楼身亡,5,False,False,0.5,0.08333333333333333,0.5,0.0,-0.150146484375,0.0,0.0,0.0,0.0,0,,隆婉永强中学1名高三男生从宿舍楼五楼楼顶坠楼身亡
535,龙湾警方已对此事展开调查,1,True,True,1.0,0.0,0.0,1.0,-0.09954833984375,0.0,0.0,0.0,0.0,0,,龙湾警方已对此事展开调查
535,龙湾警方已对此事展开调查,2,False,False,0.0,0.08333333333333333,0.5,0.6184241847179243,-0.1973876953125,0.0,0.0,0.0,0.0,0,,隆湾警方已对此事展开调查
535,龙湾警方已对此事展开调查,3,False,False,0.0,0.16666666666666666,1.0,0.3532492263746727,-0.265380859375,0.0,0.0,0.0,0.0,0,,隆方警方已对此事展开调查
535,龙湾警方已对此事展开调查,4,False,False,0.0,0.16666666666666666,1.0,0.20185670078552725,-0.30419921875,0.0,0.0,0.0,0.0,0,,隆邦警方已对此事展开调查
535,龙湾警方已对此事展开调查,5,False,False,1.0,0.08333333333333333,0.0,0.19328731254463222,-0.306396484375,0.0,0.0,0.0,0.0,0,,龙湾警方已对此事展刊调查
535,龙湾警方已对此事展开调查,6,False,False,1.0,0.08333333333333333,0.0,0.14948821709116877,-0.317626953125,0.0,0.0,0.0,0.0,0,,龙湾警方以对此事展开调查
535,龙湾警方已对此事展开调查,7,False,False,0.0,0.16666666666666666,1.0,0.1456796000952154,-0.318603515625,0.0,0.0,0.0,0.0,0,,隆安警方已对此事展开调查
535,龙湾警方已对此事展开调查,8,False,False,0.0,0.08333333333333333,0.5,0.08855034515591526,-0.333251953125,0.0,0.0,0.0,0.0,0,,鸿湾警方已对此事展开调查
535,龙湾警方已对此事展开调查,9,False,False,0.0,0.16666666666666666,1.0,0.0,-0.35595703125,0.0,0.0,0.0,0.0,0,,隆芳警方已对此事展开调查
536,一辆货车在金丽温高速温州段发生事故,1,True,False,0.0,0.11764705882352941,0.4,1.0,-0.1812744140625,0.0,0.0,0.0,0.0,0,,一辆货车在经历温高速温州段发生事故
536,一辆货车在金丽温高速温州段发生事故,2,False,False,0.0,0.17647058823529413,0.8,0.9227799227799228,-0.1861572265625,0.0,0.0,0.0,0.0,0,,一辆货车在经历高速温州段发生事故
536,一辆货车在金丽温高速温州段发生事故,3,False,False,0.0,0.17647058823529413,0.4,0.6042471042471043,-0.206298828125,0.0,0.0,0.0,0.0,0,,一辆后车在经历温高速温州段发生事故
536,一辆货车在金丽温高速温州段发生事故,4,False,False,0.0,0.23529411764705882,0.8,0.5965250965250966,-0.206787109375,0.0,0.0,0.0,0.0,0,,一辆后车在经历高速温州段发生事故
536,一辆货车在金丽温高速温州段发生事故,5,False,False,0.0,0.17647058823529413,0.4,0.39768339768339767,-0.2193603515625,0.0,0.0,0.0,0.0,0,,一辆货车在经历温高速温州时段发生事故
536,一辆货车在金丽温高速温州段发生事故,6,False,True,0.0,0.058823529411764705,0.2,0.26640926640926643,-0.2276611328125,0.0,0.0,0.0,0.0,0,,一辆货车在金利温高速温州段发生事故
536,一辆货车在金丽温高速温州段发生事故,7,False,False,0.0,0.23529411764705882,0.8,0.2644787644787645,-0.227783203125,0.0,0.0,0.0,0.0,0,,一辆货车在经历高速温州时段发生事故
536,一辆货车在金丽温高速温州段发生事故,8,False,False,0.0,0.29411764705882354,0.8,0.11969111969111969,-0.2369384765625,0.0,0.0,0.0,0.0,0,,一辆货车在经历温州高速段发生事故
536,一辆货车在金丽温高速温州段发生事故,9,False,False,0.0,0.23529411764705882,0.4,0.0,-0.2445068359375,0.0,0.0,0.0,0.0,0,,一辆后车在经历温高速温州时段发生事故
537,永嘉县人谢某女,1,True,False,0.0,0.2857142857142857,0.6666666666666666,1.0,-0.261474609375,0.0,0.0,0.0,0.0,0,,永嘉县人蟹盟女
537,永嘉县人谢某女,2,False,False,0.0,0.2857142857142857,0.3333333333333333,0.8085485307212823,-0.31396484375,0.0,0.0,0.0,0.0,0,,永嘉县仁谢蒙女
537,永嘉县人谢某女,3,False,False,0.0,0.2857142857142857,0.6666666666666666,0.6251113089937667,-0.3642578125,0.0,0.0,0.0,0.0,0,,永嘉县人蟹蒙女
537,永嘉县人谢某女,4,False,False,0.0,0.2857142857142857,0.3333333333333333,0.566340160284951,-0.38037109375,0.0,0.0,0.0,0.0,0,,永嘉县仁谢盟女
537,永嘉县人谢某女,5,False,False,0.0,0.2857142857142857,0.6666666666666666,0.4416740872662511,-0.41455078125,0.0,0.0,0.0,0.0,0,,永嘉县人泄蒙女
537,永嘉县人谢某女,6,False,True,0.0,0.14285714285714285,0.3333333333333333,0.383793410507569,-0.430419921875,0.0,0.0,0.0,0.0,0,,永嘉县人谢蒙女
537,永嘉县人谢某女,7,False,False,0.0,0.2857142857142857,0.6666666666666666,0.3722172751558326,-0.43359375,0.0,0.0,0.0,0.0,0,,永嘉县人械盟女
537,永嘉县人谢某女,8,False,False,0.0,0.42857142857142855,0.6666666666666666,0.340160284951024,-0.4423828125,0.0,0.0,0.0,0.0,0,,永嘉县仁县蒙女
537,永嘉县人谢某女,9,False,False,0.0,0.2857142857142857,0.3333333333333333,0.3196794300979519,-0.447998046875,0.0,0.0,0.0,0.0,0,,永嘉县任谢蒙女
537,永嘉县人谢某女,10,False,False,0.0,0.14285714285714285,0.3333333333333333,0.21104185218165628,-0.477783203125,0.0,0.0,0.0,0.0,0,,永嘉县人谢盟女
537,永嘉县人谢某女,11,False,False,0.0,0.2857142857142857,0.6666666666666666,0.20926090828138913,-0.478271484375,0.0,0.0,0.0,0.0,0,,永嘉县人蟹梦女
537,永嘉县人谢某女,12,False,False,0.0,0.2857142857142857,0.6666666666666666,0.195013357079252,-0.482177734375,0.0,0.0,0.0,0.0,0,,永嘉县人蝎盟女
537,永嘉县人谢某女,13,False,False,0.0,0.2857142857142857,0.6666666666666666,0.08370436331255565,-0.5126953125,0.0,0.0,0.0,0.0,0,,永嘉县人械蒙女
537,永嘉县人谢某女,14,False,False,0.0,0.2857142857142857,0.6666666666666666,0.028495102404274265,-0.52783203125,0.0,0.0,0.0,0.0,0,,永嘉县人械梦女
537,永嘉县人谢某女,15,False,False,0.0,0.2857142857142857,0.6666666666666666,0.005342831700801425,-0.5341796875,0.0,0.0,0.0,0.0,0,,永嘉县人泄梦女
537,永嘉县人谢某女,16,False,False,0.0,0.2857142857142857,0.6666666666666666,0.0,-0.53564453125,0.0,0.0,0.0,0.0,0,,永嘉县人泄盟女
538,建立健全以工促农以城带乡的长效机制,1,True,False,0.0,0.29411764705882354,0.7142857142857143,1.0,-0.11407470703125,0.0,0.0,0.0,0.0,0,,建立健全以供醋农以成代香的长效机制
538,建立健全以工促农以城带乡的长效机制,2,False,False,0.0,0.35294117647058826,0.8571428571428571,0.815052776502983,-0.138671875,0.0,0.0,0.0,0.0,0,,建立健全以供醋浓以成代香的长效机制
538,建立健全以工促农以城带乡的长效机制,3,False,True,0.0,0.17647058823529413,0.42857142857142855,0.7094997705369436,-0.1527099609375,0.0,0.0,0.0,0.0,0,,建立健全以供促农以成代乡的长效机制
538,建立健全以工促农以城带乡的长效机制,4,False,False,0.0,0.23529411764705882,0.5714285714285714,0.6397430013767783,-0.1619873046875,0.0,0.0,0.0,0.0,0,,建立健全以供醋农以成代乡的长效机制
538,建立健全以工促农以城带乡的长效机制,5,False,False,0.0,0.17647058823529413,0.42857142857142855,0.4809545663148233,-0.18310546875,0.0,0.0,0.0,0.0,0,,建立健全以公促农以成代乡的长效机制
538,建立健全以工促农以城带乡的长效机制,6,False,False,0.0,0.29411764705882354,0.42857142857142855,0.4038549793483249,-0.193359375,0.0,0.0,0.0,0.0,0,,建立建权以供促农以成代乡的长效机制
538,建立健全以工促农以城带乡的长效机制,7,False,False,0.0,0.23529411764705882,0.5714285714285714,0.28086278109224416,-0.209716796875,0.0,0.0,0.0,0.0,0,,建立健全以供促农以成代香的长效机制
538,建立健全以工促农以城带乡的长效机制,8,False,False,0.0,0.4117647058823529,0.7142857142857143,0.27902707664066084,-0.2099609375,0.0,0.0,0.0,0.0,0,,健力健全以供醋农以成代香的长效机制
538,建立健全以工促农以城带乡的长效机制,9,False,False,0.0,0.47058823529411764,0.8571428571428571,0.13400642496558055,-0.229248046875,0.0,0.0,0.0,0.0,0,,健力健全以供醋浓以成代香的长效机制
538,建立健全以工促农以城带乡的长效机制,10,False,False,0.0,0.35294117647058826,0.7142857142857143,0.09086737035337311,-0.2349853515625,0.0,0.0,0.0,0.0,0,,建立健全以供醋农以成代香的成效机制
538,建立健全以工促农以城带乡的长效机制,11,False,False,0.0,0.29411764705882354,0.42857142857142855,0.06883891693437356,-0.2379150390625,0.0,0.0,0.0,0.0,0,,健力健全以供促农以成代乡的长效机制
538,建立健全以工促农以城带乡的长效机制,12,False,False,0.0,0.17647058823529413,0.42857142857142855,0.020192748967416244,-0.244384765625,0.0,0.0,0.0,0.0,0,,建立健全以攻促农以成代乡的长效机制
538,建立健全以工促农以城带乡的长效机制,13,False,False,0.0,0.29411764705882354,0.42857142857142855,0.0,-0.2470703125,0.0,0.0,0.0,0.0,0,,建立建权以公促农以成代乡的长效机制
539,谁是苹果进军汽车市场的合作伙伴收购对象,1,True,True,1.0,0.0,0.0,1.0,-0.00452423095703125,0.0,0.0,0.0,0.0,0,,谁是苹果进军汽车市场的合作伙伴收购对象
539,谁是苹果进军汽车市场的合作伙伴收购对象,2,False,False,1.0,0.05263157894736842,0.0,0.48768519392280835,-0.1287841796875,0.0,0.0,0.0,0.0,0,,谁是苹果禁军汽车市场的合作伙伴收购对象
539,谁是苹果进军汽车市场的合作伙伴收购对象,3,False,False,1.0,0.05263157894736842,0.0,0.2385580824761725,-0.189208984375,0.0,0.0,0.0,0.0,0,,谁是苹果近军汽车市场的合作伙伴收购对象
539,谁是苹果进军汽车市场的合作伙伴收购对象,4,False,False,1.0,0.05263157894736842,0.0,0.03975968041269542,-0.2374267578125,0.0,0.0,0.0,0.0,0,,谁是苹果晋军汽车市场的合作伙伴收购对象
539,谁是苹果进军汽车市场的合作伙伴收购对象,5,False,False,1.0,0.05263157894736842,0.0,0.0,-0.2470703125,0.0,0.0,0.0,0.0,0,,谁是苹果竞军汽车市场的合作伙伴收购对象
540,在苹果发布靓丽的第四财季业绩报告后,1,True,False,1.0,0.11764705882352941,0.0,1.0,-0.08135986328125,0.0,0.0,0.0,0.0,0,,在苹果发布亮丽的第四财业绩报告后
540,在苹果发布靓丽的第四财季业绩报告后,2,False,False,1.0,0.17647058823529413,0.0,0.9896533885152613,-0.08258056640625,0.0,0.0,0.0,0.0,0,,在苹果发布量力的第四财业绩报告后
540,在苹果发布靓丽的第四财季业绩报告后,3,False,False,1.0,0.11764705882352941,0.0,0.5483704086911536,-0.1346435546875,0.0,0.0,0.0,0.0,0,,在苹果发布亮丽的第四财绩业绩报告后
540,在苹果发布靓丽的第四财季业绩报告后,4,False,False,1.0,0.17647058823529413,0.0,0.5225038799793068,-0.1376953125,0.0,0.0,0.0,0.0,0,,在苹果发布量力的第四财绩业绩报告后
540,在苹果发布靓丽的第四财季业绩报告后,5,False,False,1.0,0.11764705882352941,0.0,0.23900672529746508,-0.171142578125,0.0,0.0,0.0,0.0,0,,在苹果发布亮丽的第四财技业绩报告后
540,在苹果发布靓丽的第四财季业绩报告后,6,False,False,1.0,0.17647058823529413,0.0,0.20175892395240558,-0.175537109375,0.0,0.0,0.0,0.0,0,,在苹果发布量力的第四财技业绩报告后
540,在苹果发布靓丽的第四财季业绩报告后,7,False,True,1.0,0.058823529411764705,0.0,0.0734609415416451,-0.190673828125,0.0,0.0,0.0,0.0,0,,在苹果发布亮丽的第四财季业绩报告后
540,在苹果发布靓丽的第四财季业绩报告后,8,False,False,1.0,0.11764705882352941,0.0,0.0,-0.1993408203125,0.0,0.0,0.0,0.0,0,,在苹果发布亮丽的第四财计业绩报告后
541,苹果正在全力以赴出售尽可能多的智能手机,1,True,True,1.0,0.0,0.0,1.0,-0.01123046875,0.0,0.0,0.0,0.0,0,,苹果正在全力以赴出售尽可能多的智能手机
541,苹果正在全力以赴出售尽可能多的智能手机,2,False,False,1.0,0.05263157894736842,0.0,0.0,-0.2322998046875,0.0,0.0,0.0,0.0,0,,苹果正在全力以赴出售近可能多的智能手机
542,乔斯维亚克还谈及了苹果涉足可穿戴设备市场的问题,1,True,False,1.0,0.08695652173913043,0.0,1.0,-0.0210113525390625,0.0,0.0,0.0,0.0,0,,乔斯维亚克还谈及了苹果社族可穿戴设备市场的问题
542,乔斯维亚克还谈及了苹果涉足可穿戴设备市场的问题,2,False,True,1.0,0.0,0.0,0.866646322856271,-0.041015625,0.0,0.0,0.0,0.0,0,,乔斯维亚克还谈及了苹果涉足可穿戴设备市场的问题
542,乔斯维亚克还谈及了苹果涉足可穿戴设备市场的问题,3,False,False,1.0,0.043478260869565216,0.0,0.17983928389787407,-0.14404296875,0.0,0.0,0.0,0.0,0,,乔斯维亚克还谈及了苹果社足可穿戴设备市场的问题
542,乔斯维亚克还谈及了苹果涉足可穿戴设备市场的问题,4,False,False,1.0,0.13043478260869565,0.0,0.08869901332519581,-0.15771484375,0.0,0.0,0.0,0.0,0,,乔思维亚克还谈及了苹果社族可穿戴设备市场的问题
542,乔斯维亚克还谈及了苹果涉足可穿戴设备市场的问题,5,False,False,1.0,0.08695652173913043,0.0,0.0,-0.1710205078125,0.0,0.0,0.0,0.0,0,,乔斯维亚克还谈及了苹果社组可穿戴设备市场的问题
543,乔斯维亚克还为苹果平板电脑业务做了辩护,1,True,True,1.0,0.0,0.0,1.0,-0.0206146240234375,0.0,0.0,0.0,0.0,0,,乔斯维亚克还为苹果平板电脑业务做了辩护
543,乔斯维亚克还为苹果平板电脑业务做了辩护,2,False,False,1.0,0.05263157894736842,0.0,0.08164090128321713,-0.1593017578125,0.0,0.0,0.0,0.0,0,,乔思维亚克还为苹果平板电脑业务做了辩护
543,乔斯维亚克还为苹果平板电脑业务做了辩护,3,False,False,1.0,0.05263157894736842,0.0,0.05981610589067394,-0.16259765625,0.0,0.0,0.0,0.0,0,,乔斯韦亚克还为苹果平板电脑业务做了辩护
543,乔斯维亚克还为苹果平板电脑业务做了辩护,4,False,False,1.0,0.05263157894736842,0.0,0.021016469637263818,-0.16845703125,0.0,0.0,0.0,0.0,0,,乔斯维亚克还为苹果平板电脑业务作了辩护
543,乔斯维亚克还为苹果平板电脑业务做了辩护,5,False,False,1.0,0.05263157894736842,0.0,0.0,-0.171630859375,0.0,0.0,0.0,0.0,0,,乔斯维雅克还为苹果平板电脑业务做了辩护
544,不过苹果官方很快澄清了这个事情,1,True,False,1.0,0.13333333333333333,0.0,1.0,-0.09490966796875,0.0,0.0,0.0,0.0,0,,不过苹果官方很快成精了这个事情
544,不过苹果官方很快澄清了这个事情,2,False,True,1.0,0.0,0.0,0.7986394557823129,-0.12200927734375,0.0,0.0,0.0,0.0,0,,不过苹果官方很快澄清了这个事情
544,不过苹果官方很快澄清了这个事情,3,False,False,1.0,0.13333333333333333,0.0,0.583219954648526,-0.1510009765625,0.0,0.0,0.0,0.0,0,,不过苹果官方很快曾经了这个事情
544,不过苹果官方很快澄清了这个事情,4,False,False,1.0,0.13333333333333333,0.0,0.09705215419501134,-0.2164306640625,0.0,0.0,0.0,0.0,0,,不过苹果官方很快承经了这个事情
544,不过苹果官方很快澄清了这个事情,5,False,False,1.0,0.13333333333333333,0.0,0.0,-0.2294921875,0.0,0.0,0.0,0.0,0,,不过苹果官方很快成经了这个事情
545,根据苹果官方的支持页面显示,1,True,True,1.0,0.0,0.0,1.0,-0.0031642913818359375,0.0,0.0,0.0,0.0,0,,根据苹果官方的支持页面显示
545,根据苹果官方的支持页面显示,2,False,False,1.0,0.07692307692307693,0.0,0.2256713786481126,-0.33154296875,0.0,0.0,0.0,0.0,0,,根据苹果官方的支援页面显示
545,根据苹果官方的支持页面显示,3,False,False,1.0,0.07692307692307693,0.0,0.08117261323822417,-0.392822265625,0.0,0.0,0.0,0.0,0,,根据苹果官方支持页面显示
545,根据苹果官方的支持页面显示,4,False,False,1.0,0.15384615384615385,0.0,0.0,-0.42724609375,0.0,0.0,0.0,0.0,0,,根据苹果的官方支持页面显示
546,乌云网合伙人邬迪接受第一财经日报记者采访时称,1,True,True,0.0,0.045454545454545456,0.5,1.0,-0.01131439208984375,0.0,0.0,0.0,0.0,0,,乌云网合伙人吴迪接受第一财经日报记者采访时称
546,乌云网合伙人邬迪接受第一财经日报记者采访时称,2,False,False,0.0,0.09090909090909091,1.0,0.7493451960254438,-0.05731201171875,0.0,0.0,0.0,0.0,0,,乌云网合伙人无敌接受第一财经日报记者采访时称
546,乌云网合伙人邬迪接受第一财经日报记者采访时称,3,False,False,0.0,0.09090909090909091,0.5,0.09844925788882884,-0.1767578125,0.0,0.0,0.0,0.0,0,,乌云网合伙人吴迪接受第1财经日报记者采访时称
546,乌云网合伙人邬迪接受第一财经日报记者采访时称,4,False,False,0.0,0.045454545454545456,0.5,0.08913649025069638,-0.178466796875,0.0,0.0,0.0,0.0,0,,乌云网合伙人乌迪接受第一财经日报记者采访时称
546,乌云网合伙人邬迪接受第一财经日报记者采访时称,5,False,False,0.0,0.045454545454545456,0.5,0.0,-0.19482421875,0.0,0.0,0.0,0.0,0,,乌云网合伙人伍迪接受第一财经日报记者采访时称
547,正是得益于我国女子散打名将鄂美蝶的惊艳一击,1,True,True,1.0,0.0,0.0,1.0,-0.02850341796875,0.0,0.0,0.0,0.0,0,,正是得益于我国女子散打名将鄂美蝶的惊艳一击
547,正是得益于我国女子散打名将鄂美蝶的惊艳一击,2,False,False,1.0,0.09523809523809523,0.0,0.44244758237056053,-0.1080322265625,0.0,0.0,0.0,0.0,0,,正是得益于我国女子散打名将鄂美蝶的经验一击
547,正是得益于我国女子散打名将鄂美蝶的惊艳一击,3,False,False,0.0,0.047619047619047616,0.3333333333333333,0.19169875909285408,-0.143798828125,0.0,0.0,0.0,0.0,0,,正是得益于我国女子散打名将鄂美迭的惊艳一击
547,正是得益于我国女子散打名将鄂美蝶的惊艳一击,4,False,False,1.0,0.047619047619047616,0.0,0.17800599058622166,-0.145751953125,0.0,0.0,0.0,0.0,0,,正是得意于我国女子散打名将鄂美蝶的惊艳一击
547,正是得益于我国女子散打名将鄂美蝶的惊艳一击,5,False,False,0.0,0.047619047619047616,0.3333333333333333,0.09499358151476252,-0.1575927734375,0.0,0.0,0.0,0.0,0,,正是得益于我国女子散打名将厄美蝶的惊艳一击
547,正是得益于我国女子散打名将鄂美蝶的惊艳一击,6,False,False,1.0,0.047619047619047616,0.0,0.08729139922978177,-0.15869140625,0.0,0.0,0.0,0.0,0,,正是得益于我国女子伞打名将鄂美蝶的惊艳一击
547,正是得益于我国女子散打名将鄂美蝶的惊艳一击,7,False,False,0.0,0.047619047619047616,0.3333333333333333,0.02139495079161318,-0.1680908203125,0.0,0.0,0.0,0.0,0,,正是得益于我国女子散打名将恶美蝶的惊艳一击
547,正是得益于我国女子散打名将鄂美蝶的惊艳一击,8,False,False,0.0,0.047619047619047616,0.3333333333333333,0.0068463842533162175,-0.170166015625,0.0,0.0,0.0,0.0,0,,正是得益于我国女子散打名将鄂美叠的惊艳一击
547,正是得益于我国女子散打名将鄂美蝶的惊艳一击,9,False,False,0.0,0.047619047619047616,0.3333333333333333,0.0,-0.171142578125,0.0,0.0,0.0,0.0,0,,正是得益于我国女子散打名将俄美蝶的惊艳一击
548,鄂美蝶便毫无保留地将炮火轰向对手,1,True,True,1.0,0.0,0.0,1.0,-0.040557861328125,0.0,0.0,0.0,0.0,0,,鄂美蝶便毫无保留地将炮火轰向对手
548,鄂美蝶便毫无保留地将炮火轰向对手,2,False,False,0.0,0.0625,0.3333333333333333,0.5353689567430026,-0.1241455078125,0.0,0.0,0.0,0.0,0,,鄂美迭便毫无保留地将炮火轰向对手
548,鄂美蝶便毫无保留地将炮火轰向对手,3,False,False,1.0,0.0625,0.0,0.5224766751484309,-0.12646484375,0.0,0.0,0.0,0.0,0,,鄂美蝶便毫无保留的将炮火轰向对手
548,鄂美蝶便毫无保留地将炮火轰向对手,4,False,False,0.0,0.0625,0.3333333333333333,0.48379983036471585,-0.1334228515625,0.0,0.0,0.0,0.0,0,,鄂美迪便毫无保留地将炮火轰向对手
548,鄂美蝶便毫无保留地将炮火轰向对手,5,False,False,0.0,0.0625,0.3333333333333333,0.2775233248515691,-0.1705322265625,0.0,0.0,0.0,0.0,0,,鄂美叠便毫无保留地将炮火轰向对手
548,鄂美蝶便毫无保留地将炮火轰向对手,6,False,False,0.0,0.0625,0.3333333333333333,0.17302798982188294,-0.1893310546875,0.0,0.0,0.0,0.0,0,,鄂美碟便毫无保留地将炮火轰向对手
548,鄂美蝶便毫无保留地将炮火轰向对手,7,False,False,0.0,0.0625,0.3333333333333333,0.17167090754877015,-0.1895751953125,0.0,0.0,0.0,0.0,0,,鄂美笛便毫无保留地将炮火轰向对手
548,鄂美蝶便毫无保留地将炮火轰向对手,8,False,False,0.0,0.0625,0.3333333333333333,0.13367260390161154,-0.1964111328125,0.0,0.0,0.0,0.0,0,,恶美蝶便毫无保留地将炮火轰向对手
548,鄂美蝶便毫无保留地将炮火轰向对手,9,False,False,0.0,0.125,0.6666666666666666,0.044783715012722644,-0.21240234375,0.0,0.0,0.0,0.0,0,,厄美迭便毫无保留地将炮火轰向对手
548,鄂美蝶便毫无保留地将炮火轰向对手,10,False,False,0.0,0.125,0.3333333333333333,0.04342663273960984,-0.212646484375,0.0,0.0,0.0,0.0,0,,鄂美迭便毫无保留的将炮火轰向对手
548,鄂美蝶便毫无保留地将炮火轰向对手,11,False,False,0.0,0.125,0.3333333333333333,0.0,-0.220458984375,0.0,0.0,0.0,0.0,0,,鄂美迪便毫无保留的将炮火轰向对手
549,33岁的大滨芳美在面对强大的火力下,1,True,False,0.0,0.11764705882352941,0.5,1.0,-0.0496826171875,0.0,0.0,0.0,0.0,0,,33岁的大宾方美在面对强大的火力下
549,33岁的大滨芳美在面对强大的火力下,2,False,False,0.0,0.11764705882352941,0.5,0.8354838709677419,-0.080810546875,0.0,0.0,0.0,0.0,0,,33岁的大兵方美在面对强大的火力下
549,33岁的大滨芳美在面对强大的火力下,3,False,False,0.0,0.11764705882352941,0.5,0.18774193548387097,-0.203369140625,0.0,0.0,0.0,0.0,0,,33岁的大彬方美在面对强大的火力下
549,33岁的大滨芳美在面对强大的火力下,4,False,True,0.0,0.058823529411764705,0.25,0.17290322580645162,-0.2061767578125,0.0,0.0,0.0,0.0,0,,33岁的大滨方美在面对强大的火力下
549,33岁的大滨芳美在面对强大的火力下,5,False,False,0.0,0.058823529411764705,0.25,0.09806451612903226,-0.2203369140625,0.0,0.0,0.0,0.0,0,,33岁的大彬芳美在面对强大的火力下
549,33岁的大滨芳美在面对强大的火力下,6,False,False,0.0,0.11764705882352941,0.5,0.05741935483870968,-0.22802734375,0.0,0.0,0.0,0.0,0,,33岁的大冰方美在面对强大的火力下
549,33岁的大滨芳美在面对强大的火力下,7,False,False,0.0,0.11764705882352941,0.5,0.0,-0.2388916015625,0.0,0.0,0.0,0.0,0,,33岁的大斌方美在面对强大的火力下
550,鄂美蝶继续将自己所学到的新搏击技能尽情展现,1,True,True,1.0,0.0,0.0,1.0,-0.11236572265625,0.0,0.0,0.0,0.0,0,,鄂美蝶继续将自己所学到的新搏击技能尽情展现
550,鄂美蝶继续将自己所学到的新搏击技能尽情展现,2,False,False,0.0,0.09523809523809523,0.6666666666666666,0.8098891730605285,-0.1259765625,0.0,0.0,0.0,0.0,0,,厄美迭继续将自己所学到的新搏击技能尽情展现
550,鄂美蝶继续将自己所学到的新搏击技能尽情展现,3,False,False,0.0,0.047619047619047616,0.3333333333333333,0.5098039215686274,-0.1474609375,0.0,0.0,0.0,0.0,0,,鄂美迪继续将自己所学到的新搏击技能尽情展现
550,鄂美蝶继续将自己所学到的新搏击技能尽情展现,4,False,False,0.0,0.047619047619047616,0.3333333333333333,0.4040920716112532,-0.155029296875,0.0,0.0,0.0,0.0,0,,鄂美叠继续将自己所学到的新搏击技能尽情展现
550,鄂美蝶继续将自己所学到的新搏击技能尽情展现,5,False,False,0.0,0.047619047619047616,0.3333333333333333,0.2949701619778346,-0.162841796875,0.0,0.0,0.0,0.0,0,,鄂美迭继续将自己所学到的新搏击技能尽情展现
550,鄂美蝶继续将自己所学到的新搏击技能尽情展现,6,False,False,0.0,0.047619047619047616,0.3333333333333333,0.15004262574595056,-0.1732177734375,0.0,0.0,0.0,0.0,0,,鄂美碟继续将自己所学到的新搏击技能尽情展现
550,鄂美蝶继续将自己所学到的新搏击技能尽情展现,7,False,False,0.0,0.047619047619047616,0.3333333333333333,0.1278772378516624,-0.1748046875,0.0,0.0,0.0,0.0,0,,鄂美笛继续将自己所学到的新搏击技能尽情展现
550,鄂美蝶继续将自己所学到的新搏击技能尽情展现,8,False,False,0.0,0.047619047619047616,0.3333333333333333,0.02216538789428815,-0.182373046875,0.0,0.0,0.0,0.0,0,,鄂美杰继续将自己所学到的新搏击技能尽情展现
550,鄂美蝶继续将自己所学到的新搏击技能尽情展现,9,False,False,0.0,0.047619047619047616,0.3333333333333333,0.0,-0.1839599609375,0.0,0.0,0.0,0.0,0,,鄂美捷继续将自己所学到的新搏击技能尽情展现
551,面对兵行诡道的波斯弯刀,1,True,False,1.0,0.18181818181818182,0.0,1.0,-0.0684814453125,0.0,0.0,0.0,0.0,0,,面对冰行轨道的波斯弯刀
551,面对兵行诡道的波斯弯刀,2,False,False,1.0,0.2727272727272727,0.0,0.6306027820710973,-0.156005859375,0.0,0.0,0.0,0.0,0,,面对冰行轨道的波斯弯道
551,面对兵行诡道的波斯弯刀,3,False,False,1.0,0.2727272727272727,0.0,0.618753219989696,-0.1588134765625,0.0,0.0,0.0,0.0,0,,面对冰型轨道的波斯弯刀
551,面对兵行诡道的波斯弯刀,4,False,False,1.0,0.2727272727272727,0.0,0.5636269963936116,-0.171875,0.0,0.0,0.0,0.0,0,,面对冰形轨道的波斯弯刀
551,面对兵行诡道的波斯弯刀,5,False,True,1.0,0.09090909090909091,0.0,0.19577537351880475,-0.259033203125,0.0,0.0,0.0,0.0,0,,面对兵行轨道的波斯弯刀
551,面对兵行诡道的波斯弯刀,6,False,False,1.0,0.36363636363636365,0.0,0.0381246780010304,-0.29638671875,0.0,0.0,0.0,0.0,0,,面对冰型轨道的波斯弯道
551,面对兵行诡道的波斯弯刀,7,False,False,1.0,0.36363636363636365,0.0,0.026790314270994334,-0.299072265625,0.0,0.0,0.0,0.0,0,,面对冰形轨道的波斯弯道
551,面对兵行诡道的波斯弯刀,8,False,False,1.0,0.2727272727272727,0.0,0.019577537351880475,-0.30078125,0.0,0.0,0.0,0.0,0,,面对冰刑轨道的波斯弯刀
551,面对兵行诡道的波斯弯刀,9,False,False,1.0,0.18181818181818182,0.0,0.0,-0.305419921875,0.0,0.0,0.0,0.0,0,,面对兵型轨道的波斯弯刀
552,张春雨选择了加强压迫对手的力度,1,True,False,0.0,0.06666666666666667,0.3333333333333333,1.0,-0.033905029296875,0.0,0.0,0.0,0.0,0,,张春宇选择了加强压迫对手的力度
552,张春雨选择了加强压迫对手的力度,2,False,True,1.0,0.0,0.0,0.982724440668366,-0.03948974609375,0.0,0.0,0.0,0.0,0,,张春雨选择了加强压迫对手的力度
552,张春雨选择了加强压迫对手的力度,3,False,False,0.0,0.06666666666666667,0.3333333333333333,0.4168790710846786,-0.222412109375,0.0,0.0,0.0,0.0,0,,张春羽选择了加强压迫对手的力度
552,张春雨选择了加强压迫对手的力度,4,False,False,0.0,0.06666666666666667,0.3333333333333333,0.3334277352968942,-0.2493896484375,0.0,0.0,0.0,0.0,0,,章春雨选择了加强压迫对手的力度
552,张春雨选择了加强压迫对手的力度,5,False,False,0.0,0.13333333333333333,0.6666666666666666,0.31341451902199563,-0.255859375,0.0,0.0,0.0,0.0,0,,章春宇选择了加强压迫对手的力度
552,张春雨选择了加强压迫对手的力度,6,False,False,0.0,0.06666666666666667,0.3333333333333333,0.11932408194090437,-0.318603515625,0.0,0.0,0.0,0.0,0,,张春与选择了加强压迫对手的力度
552,张春雨选择了加强压迫对手的力度,7,False,False,0.0,0.06666666666666667,0.3333333333333333,0.08080808080808081,-0.3310546875,0.0,0.0,0.0,0.0,0,,张春禹选择了加强压迫对手的力度
552,张春雨选择了加强压迫对手的力度,8,False,False,0.0,0.13333333333333333,0.6666666666666666,0.052865099594071555,-0.340087890625,0.0,0.0,0.0,0.0,0,,江春宇选择了加强压迫对手的力度
552,张春雨选择了加强压迫对手的力度,9,False,False,0.0,0.13333333333333333,0.3333333333333333,0.0,-0.357177734375,0.0,0.0,0.0,0.0,0,,张春宇选择了家强压迫对手的力度
553,张春雨被对手的一记肘击打破了右侧眉弓,1,True,False,1.0,0.1111111111111111,0.0,1.0,-0.10064697265625,0.0,0.0,0.0,0.0,0,,张春雨被对手的一击走击打破了右侧眉弓
553,张春雨被对手的一记肘击打破了右侧眉弓,2,False,False,0.0,0.16666666666666666,0.3333333333333333,0.9380300065231572,-0.1064453125,0.0,0.0,0.0,0.0,0,,张春宇被对手的一击走击打破了右侧眉弓
553,张春雨被对手的一记肘击打破了右侧眉弓,3,False,True,1.0,0.05555555555555555,0.0,0.6053489889106327,-0.1375732421875,0.0,0.0,0.0,0.0,0,,张春雨被对手的一击肘击打破了右侧眉弓
553,张春雨被对手的一记肘击打破了右侧眉弓,4,False,False,0.0,0.1111111111111111,0.3333333333333333,0.5596868884540117,-0.141845703125,0.0,0.0,0.0,0.0,0,,张春宇被对手的一击肘击打破了右侧眉弓
553,张春雨被对手的一记肘击打破了右侧眉弓,5,False,False,1.0,0.16666666666666666,0.0,0.4918460534898891,-0.148193359375,0.0,0.0,0.0,0.0,0,,张春雨被对手的一击走击打破了右侧眉宫
553,张春雨被对手的一记肘击打破了右侧眉弓,6,False,False,0.0,0.2222222222222222,0.3333333333333333,0.45792563600782776,-0.1513671875,0.0,0.0,0.0,0.0,0,,张春宇被对手的一击走击打破了右侧眉宫
553,张春雨被对手的一记肘击打破了右侧眉弓,7,False,False,1.0,0.16666666666666666,0.0,0.4370515329419439,-0.1533203125,0.0,0.0,0.0,0.0,0,,张春雨被对手的一击走击击打破了右侧眉弓
553,张春雨被对手的一记肘击打破了右侧眉弓,8,False,False,0.0,0.2222222222222222,0.3333333333333333,0.35746901500326156,-0.1607666015625,0.0,0.0,0.0,0.0,0,,张春宇被对手的一击走击击打破了右侧眉弓
553,张春雨被对手的一记肘击打破了右侧眉弓,9,False,False,1.0,0.2222222222222222,0.0,0.02217873450750163,-0.192138671875,0.0,0.0,0.0,0.0,0,,张春雨被对手的一击走击击打破了右侧眉宫
553,张春雨被对手的一记肘击打破了右侧眉弓,10,False,False,1.0,0.1111111111111111,0.0,0.0,-0.1942138671875,0.0,0.0,0.0,0.0,0,,张春雨被对手的一击肘击击打破了右侧眉弓
554,张春雨在全场观众的喝彩声中再次投入比赛,1,True,True,1.0,0.0,0.0,1.0,-0.0265655517578125,0.0,0.0,0.0,0.0,0,,张春雨在全场观众的喝彩声中再次投入比赛
554,张春雨在全场观众的喝彩声中再次投入比赛,2,False,False,0.0,0.05263157894736842,0.3333333333333333,0.9048040885860307,-0.047882080078125,0.0,0.0,0.0,0.0,0,,张春宇在全场观众的喝彩声中再次投入比赛
554,张春雨在全场观众的喝彩声中再次投入比赛,3,False,False,0.0,0.05263157894736842,0.3333333333333333,0.17662691652470186,-0.2109375,0.0,0.0,0.0,0.0,0,,张春羽在全场观众的喝彩声中再次投入比赛
554,张春雨在全场观众的喝彩声中再次投入比赛,4,False,False,0.0,0.05263157894736842,0.3333333333333333,0.10466780238500852,-0.22705078125,0.0,0.0,0.0,0.0,0,,章春雨在全场观众的喝彩声中再次投入比赛
554,张春雨在全场观众的喝彩声中再次投入比赛,5,False,False,1.0,0.05263157894736842,0.0,0.08122657580919931,-0.2322998046875,0.0,0.0,0.0,0.0,0,,张春雨在全场观众的贺彩声中再次投入比赛
554,张春雨在全场观众的喝彩声中再次投入比赛,6,False,False,1.0,0.05263157894736842,0.0,0.05396933560477002,-0.2384033203125,0.0,0.0,0.0,0.0,0,,张春雨在全场观众的喝采声中再次投入比赛
554,张春雨在全场观众的喝彩声中再次投入比赛,7,False,False,0.0,0.10526315789473684,0.3333333333333333,0.04742759795570699,-0.2398681640625,0.0,0.0,0.0,0.0,0,,张春宇在全场观众的贺彩声中再次投入比赛
554,张春雨在全场观众的喝彩声中再次投入比赛,8,False,False,0.0,0.10526315789473684,0.3333333333333333,0.0,-0.25048828125,0.0,0.0,0.0,0.0,0,,张春宇在全场观众的喝采声中再次投入比赛
555,伊萨的眉弓同样被张春雨以牙还牙的肘法击破,1,True,False,0.0,0.05,0.3333333333333333,1.0,-0.0709228515625,0.0,0.0,0.0,0.0,0,,伊萨的眉弓同样被张春宇以牙还牙的肘法击破
555,伊萨的眉弓同样被张春雨以牙还牙的肘法击破,2,False,False,0.0,0.1,0.3333333333333333,0.85880195599022,-0.08502197265625,0.0,0.0,0.0,0.0,0,,依萨的眉弓同样被张春宇以牙还牙的肘法击破
555,伊萨的眉弓同样被张春雨以牙还牙的肘法击破,3,False,True,1.0,0.0,0.0,0.7952322738386308,-0.09136962890625,0.0,0.0,0.0,0.0,0,,伊萨的眉弓同样被张春雨以牙还牙的肘法击破
555,伊萨的眉弓同样被张春雨以牙还牙的肘法击破,4,False,False,1.0,0.05,0.0,0.7597799511002445,-0.09490966796875,0.0,0.0,0.0,0.0,0,,依萨的眉弓同样被张春雨以牙还牙的肘法击破
555,伊萨的眉弓同样被张春雨以牙还牙的肘法击破,5,False,False,0.0,0.1,0.3333333333333333,0.28361858190709044,-0.1424560546875,0.0,0.0,0.0,0.0,0,,伊萨的眉弓同样被张春宇以牙还牙的轴法击破
555,伊萨的眉弓同样被张春雨以牙还牙的肘法击破,6,False,False,0.0,0.15,0.3333333333333333,0.1882640586797066,-0.1519775390625,0.0,0.0,0.0,0.0,0,,依萨的眉弓同样被张春宇以牙还牙的轴法击破
555,伊萨的眉弓同样被张春雨以牙还牙的肘法击破,7,False,False,1.0,0.1,0.0,0.0550122249388753,-0.165283203125,0.0,0.0,0.0,0.0,0,,依萨的眉弓同样被张春雨以牙还牙的轴法击破
555,伊萨的眉弓同样被张春雨以牙还牙的肘法击破,8,False,False,1.0,0.05,0.0,0.042787286063569685,-0.16650390625,0.0,0.0,0.0,0.0,0,,伊萨的眉弓同样被张春雨以牙还牙的轴法击破
555,伊萨的眉弓同样被张春雨以牙还牙的肘法击破,9,False,False,0.0,0.1,0.3333333333333333,0.0,-0.1707763671875,0.0,0.0,0.0,0.0,0,,一萨的眉弓同样被张春宇以牙还牙的肘法击破
556,文本报记者刘艾林,1,True,False,0.0,0.25,0.6666666666666666,1.0,-0.10919189453125,0.0,0.0,0.0,0.0,0,,文本报记者刘爱玲
556,文本报记者刘艾林,2,False,True,0.0,0.125,0.3333333333333333,0.1951775204101006,-0.367919921875,0.0,0.0,0.0,0.0,0,,文本报记者刘爱林
556,文本报记者刘艾林,3,False,False,0.0,0.25,0.6666666666666666,0.18226694513005506,-0.3720703125,0.0,0.0,0.0,0.0,0,,文本报记者刘爱琳
556,文本报记者刘艾林,4,False,False,0.0,0.25,0.6666666666666666,0.10328460224036454,-0.3974609375,0.0,0.0,0.0,0.0,0,,文本报记者刘爱凌
556,文本报记者刘艾林,5,False,False,0.0,0.375,0.6666666666666666,0.0,-0.4306640625,0.0,0.0,0.0,0.0,0,,文本爆记者刘爱玲
557,黄煜坤被警方送到附近医院接受检查,1,True,True,0.0,0.0625,0.3333333333333333,1.0,-0.056121826171875,0.0,0.0,0.0,0.0,0,,黄立坤被警方送到附近医院接受检查
557,黄煜坤被警方送到附近医院接受检查,2,False,False,0.0,0.125,0.6666666666666666,0.41025641025641024,-0.145263671875,0.0,0.0,0.0,0.0,0,,黄立军被警方送到附近医院接受检查
557,黄煜坤被警方送到附近医院接受检查,3,False,False,0.0,0.125,0.6666666666666666,0.23581667676155865,-0.171630859375,0.0,0.0,0.0,0.0,0,,黄立宫被警方送到附近医院接受检查
557,黄煜坤被警方送到附近医院接受检查,4,False,False,0.0,0.125,0.6666666666666666,0.22531798909751666,-0.1732177734375,0.0,0.0,0.0,0.0,0,,黄立功被警方送到附近医院接受检查
557,黄煜坤被警方送到附近医院接受检查,5,False,False,0.0,0.125,0.6666666666666666,0.08075913587724612,-0.195068359375,0.0,0.0,0.0,0.0,0,,黄立根被警方送到附近医院接受检查
557,黄煜坤被警方送到附近医院接受检查,6,False,False,0.0,0.125,0.6666666666666666,0.07752877044215627,-0.195556640625,0.0,0.0,0.0,0.0,0,,黄立光被警方送到附近医院接受检查
557,黄煜坤被警方送到附近医院接受检查,7,False,False,0.0,0.125,0.6666666666666666,0.02342014940440137,-0.2037353515625,0.0,0.0,0.0,0.0,0,,黄立工被警方送到附近医院接受检查
557,黄煜坤被警方送到附近医院接受检查,8,False,False,0.0,0.0625,0.3333333333333333,0.004037956793862305,-0.2066650390625,0.0,0.0,0.0,0.0,0,,黄厉坤被警方送到附近医院接受检查
557,黄煜坤被警方送到附近医院接受检查,9,False,False,0.0,0.125,0.6666666666666666,0.0,-0.207275390625,0.0,0.0,0.0,0.0,0,,黄立公被警方送到附近医院接受检查
558,广东惠州惊爆港商杀情妇碎尸凶案,1,True,True,1.0,0.0,0.0,1.0,-0.1107177734375,0.0,0.0,0.0,0.0,0,,广东惠州惊爆港商杀情妇碎尸凶案
558,广东惠州惊爆港商杀情妇碎尸凶案,2,False,False,1.0,0.13333333333333333,0.0,0.2881188118811881,-0.198486328125,0.0,0.0,0.0,0.0,0,,广东惠州惊爆港商杀情妇遂失凶案
558,广东惠州惊爆港商杀情妇碎尸凶案,3,False,False,1.0,0.06666666666666667,0.0,0.201980198019802,-0.2091064453125,0.0,0.0,0.0,0.0,0,,广东惠州惊爆港山杀情妇碎尸凶案
558,广东惠州惊爆港商杀情妇碎尸凶案,4,False,False,1.0,0.13333333333333333,0.0,0.15148514851485148,-0.21533203125,0.0,0.0,0.0,0.0,0,,广东惠州经报港商杀情妇碎尸凶案
558,广东惠州惊爆港商杀情妇碎尸凶案,5,False,False,1.0,0.13333333333333333,0.0,0.13267326732673268,-0.2176513671875,0.0,0.0,0.0,0.0,0,,广东惠州惊爆港商杀情妇遂师凶案
558,广东惠州惊爆港商杀情妇碎尸凶案,6,False,False,1.0,0.13333333333333333,0.0,0.0,-0.2340087890625,0.0,0.0,0.0,0.0,0,,广东惠州京报港商杀情妇碎尸凶案
560,易居研究院智库中心研究总监严跃进认为,1,True,True,0.0,0.16666666666666666,0.2,1.0,-0.49658203125,0.0,0.0,0.0,0.0,0,,义居研究院智库中心研修总监严岳进认为
560,易居研究院智库中心研究总监严跃进认为,2,False,False,0.0,0.2777777777777778,0.2,0.6071428571428571,-0.50732421875,0.0,0.0,0.0,0.0,0,,义居研究院智库中心研修总监闫月静认为
560,易居研究院智库中心研究总监严跃进认为,3,False,False,0.0,0.2222222222222222,0.2,0.6071428571428571,-0.50732421875,0.0,0.0,0.0,0.0,0,,义居研究院智库中心研修总监闫岳进认为
560,易居研究院智库中心研究总监严跃进认为,4,False,False,0.0,0.16666666666666666,0.2,0.5714285714285714,-0.50830078125,0.0,0.0,0.0,0.0,0,,益居研究院智库中心研修总监严岳进认为
560,易居研究院智库中心研究总监严跃进认为,5,False,False,0.0,0.2222222222222222,0.2,0.16071428571428573,-0.51953125,0.0,0.0,0.0,0.0,0,,益居研究院智库中心研修总监闫岳进认为
560,易居研究院智库中心研究总监严跃进认为,6,False,False,0.0,0.2777777777777778,0.2,0.14285714285714285,-0.52001953125,0.0,0.0,0.0,0.0,0,,益居研究院智库中心研修总监闫月静认为
560,易居研究院智库中心研究总监严跃进认为,7,False,False,0.0,0.16666666666666666,0.2,0.0,-0.52392578125,0.0,0.0,0.0,0.0,0,,义居研究院智库中心研修总监闫跃进认为
561,苹果此举是为了节约用电量,1,True,True,1.0,0.0,0.0,1.0,-0.00972747802734375,0.0,0.0,0.0,0.0,0,,苹果此举是为了节约用电量
561,苹果此举是为了节约用电量,2,False,False,1.0,0.08333333333333333,0.0,0.06556755013375325,-0.385498046875,0.0,0.0,0.0,0.0,0,,苹果词举是为了节约用电量
561,苹果此举是为了节约用电量,3,False,False,1.0,0.08333333333333333,0.0,0.019427422261852813,-0.404052734375,0.0,0.0,0.0,0.0,0,,苹果此举是为了解约用电量
561,苹果此举是为了节约用电量,4,False,False,1.0,0.08333333333333333,0.0,0.0072852833481948055,-0.408935546875,0.0,0.0,0.0,0.0,0,,苹果此举为了节约用电量
561,苹果此举是为了节约用电量,5,False,False,1.0,0.16666666666666666,0.0,0.0,-0.411865234375,0.0,0.0,0.0,0.0,0,,苹果辞去是为了节约用电量
562,苹果表这么火爆微软也该出智能手表吗,1,True,False,1.0,0.058823529411764705,0.0,1.0,-0.138916015625,0.0,0.0,0.0,0.0,0,,苹果表这莫火爆微软也该出智能手表吗
562,苹果表这么火爆微软也该出智能手表吗,2,False,False,1.0,0.11764705882352941,0.0,0.7338820301783264,-0.16259765625,0.0,0.0,0.0,0.0,0,,苹果表折莫火爆微软也该出智能手表吗
562,苹果表这么火爆微软也该出智能手表吗,3,False,False,1.0,0.11764705882352941,0.0,0.448559670781893,-0.18798828125,0.0,0.0,0.0,0.0,0,,苹果表折没火爆微软也该出智能手表吗
562,苹果表这么火爆微软也该出智能手表吗,4,False,True,1.0,0.0,0.0,0.30315500685871055,-0.200927734375,0.0,0.0,0.0,0.0,0,,苹果表这么火爆微软也该出智能手表吗
562,苹果表这么火爆微软也该出智能手表吗,5,False,False,1.0,0.11764705882352941,0.0,0.26886145404663925,-0.2039794921875,0.0,0.0,0.0,0.0,0,,苹果表折磨火爆微软也该出智能手表吗
562,苹果表这么火爆微软也该出智能手表吗,6,False,False,1.0,0.11764705882352941,0.0,0.039780521262002745,-0.224365234375,0.0,0.0,0.0,0.0,0,,苹果表彻末火爆微软也该出智能手表吗
562,苹果表这么火爆微软也该出智能手表吗,7,False,False,1.0,0.11764705882352941,0.0,0.0,-0.2279052734375,0.0,0.0,0.0,0.0,0,,苹果表彻莫火爆微软也该出智能手表吗
563,在谷歌与苹果相机推出智能手表后,1,True,True,1.0,0.0,0.0,1.0,-0.01202392578125,0.0,0.0,0.0,0.0,0,,在谷歌与苹果相机推出智能手表后
563,在谷歌与苹果相机推出智能手表后,2,False,False,1.0,0.4,1.0,0.37423442449841604,-0.19287109375,0.0,0.0,0.0,0.0,0,,在Google与苹果相机推出智能手表后
563,在谷歌与苹果相机推出智能手表后,3,False,False,1.0,0.06666666666666667,0.0,0.1866948257655755,-0.2470703125,0.0,0.0,0.0,0.0,0,,在谷歌与苹果相继推出智能手表后
563,在谷歌与苹果相机推出智能手表后,4,False,False,1.0,0.06666666666666667,0.0,0.0,-0.301025390625,0.0,0.0,0.0,0.0,0,,在谷歌于苹果相机推出智能手表后
564,苹果通过发布不必要的软件升级包,1,True,False,1.0,0.06666666666666667,0.0,1.0,-0.0169677734375,0.0,0.0,0.0,0.0,0,,苹果通过发布不必要的软件升级
564,苹果通过发布不必要的软件升级包,2,False,False,1.0,0.06666666666666667,0.0,0.9187058823529411,-0.038055419921875,0.0,0.0,0.0,0.0,0,,苹果通过发布不必要的软件升级报
564,苹果通过发布不必要的软件升级包,3,False,True,1.0,0.0,0.0,0.6778823529411765,-0.10052490234375,0.0,0.0,0.0,0.0,0,,苹果通过发布不必要的软件升级包
564,苹果通过发布不必要的软件升级包,4,False,False,1.0,0.06666666666666667,0.0,0.1943529411764706,-0.2259521484375,0.0,0.0,0.0,0.0,0,,苹果通过发布不必要的软件升级吧
564,苹果通过发布不必要的软件升级包,5,False,False,1.0,0.06666666666666667,0.0,0.041411764705882356,-0.265625,0.0,0.0,0.0,0.0,0,,苹果通过发布不必要的软件升级爆
564,苹果通过发布不必要的软件升级包,6,False,False,1.0,0.06666666666666667,0.0,0.0,-0.2763671875,0.0,0.0,0.0,0.0,0,,苹果通过发布不必要的软件升级宝
565,一起针对苹果的集体反垄断案2名原告的律师称,1,True,True,1.0,0.0,0.0,1.0,-0.04852294921875,0.0,0.0,0.0,0.0,0,,一起针对苹果的集体反垄断案2名原告的律师称
565,一起针对苹果的集体反垄断案2名原告的律师称,2,False,False,1.0,0.047619047619047616,0.0,0.08131791097090782,-0.20849609375,0.0,0.0,0.0,0.0,0,,一起针对苹果的集体反垄断案2名原告律师称
565,一起针对苹果的集体反垄断案2名原告的律师称,3,False,False,1.0,0.047619047619047616,0.0,0.0,-0.22265625,0.0,0.0,0.0,0.0,0,,一起针对苹果的集体反垄断按2名原告的律师称
566,由于苹果要打压竞争对手,1,True,True,1.0,0.0,0.0,1.0,-0.061553955078125,0.0,0.0,0.0,0.0,0,,由于苹果要打压竞争对手
566,由于苹果要打压竞争对手,2,False,False,1.0,0.09090909090909091,0.0,0.5679820782353955,-0.1380615234375,0.0,0.0,0.0,0.0,0,,由于苹果要打要竞争对手
566,由于苹果要打压竞争对手,3,False,False,1.0,0.09090909090909091,0.0,0.0,-0.2386474609375,0.0,0.0,0.0,0.0,0,,由于苹果要打押竞争对手
567,苹果打压了市场竞争,1,True,True,1.0,0.0,0.0,1.0,-0.05816650390625,0.0,0.0,0.0,0.0,0,,苹果打压了市场竞争
567,苹果打压了市场竞争,2,False,False,1.0,0.1111111111111111,0.0,0.0,-0.354736328125,0.0,0.0,0.0,0.0,0,,苹果打压市场竞争
568,苹果担忧这会蚕食其市场份额,1,True,True,1.0,0.0,0.0,1.0,-0.0648193359375,0.0,0.0,0.0,0.0,0,,苹果担忧这会蚕食其市场份额
568,苹果担忧这会蚕食其市场份额,2,False,False,1.0,0.15384615384615385,0.0,0.3531026908292147,-0.2086181640625,0.0,0.0,0.0,0.0,0,,苹果单优这会蚕食其市场份额
568,苹果担忧这会蚕食其市场份额,3,False,False,1.0,0.07692307692307693,0.0,0.25370675453047775,-0.230712890625,0.0,0.0,0.0,0.0,0,,苹果单忧这会蚕食其市场份额
568,苹果担忧这会蚕食其市场份额,4,False,False,1.0,0.15384615384615385,0.0,0.040637012630422846,-0.278076171875,0.0,0.0,0.0,0.0,0,,苹果单又这会蚕食其市场份额
568,苹果担忧这会蚕食其市场份额,5,False,False,1.0,0.15384615384615385,0.0,0.0,-0.287109375,0.0,0.0,0.0,0.0,0,,苹果担忧这会蚕食歧视场份额
569,苹果没有危害消费者利益,1,True,True,1.0,0.0,0.0,1.0,-0.03875732421875,0.0,0.0,0.0,0.0,0,,苹果没有危害消费者利益
569,苹果没有危害消费者利益,2,False,False,1.0,0.09090909090909091,0.0,0.0,-0.346435546875,0.0,0.0,0.0,0.0,0,,苹果没有危害消费者的利益
570,海信科龙和惠而浦则是营收增,1,True,True,0.0,0.23076923076923078,0.25,1.0,-0.1815185546875,0.0,0.0,0.0,0.0,0,,海信科隆和惠尔普则是营收增
570,海信科龙和惠而浦则是营收增,2,False,False,0.0,0.3076923076923077,0.5,0.4608399545970488,-0.239501953125,0.0,0.0,0.0,0.0,0,,海信克隆和惠尔普则是营收增
570,海信科龙和惠而浦则是营收增,3,False,False,0.0,0.3076923076923077,0.5,0.2474460839954597,-0.262451171875,0.0,0.0,0.0,0.0,0,,海信柯隆和惠尔普则是营收增
570,海信科龙和惠而浦则是营收增,4,False,False,0.0,0.3076923076923077,0.25,0.21566401816118047,-0.265869140625,0.0,0.0,0.0,0.0,0,,海信科隆和惠尔普则是营收赠
570,海信科龙和惠而浦则是营收增,5,False,False,0.0,0.3076923076923077,0.25,0.10442678774120318,-0.27783203125,0.0,0.0,0.0,0.0,0,,海信科隆和汇尔普则是营收增
570,海信科龙和惠而浦则是营收增,6,False,False,0.0,0.23076923076923078,0.25,0.0,-0.2890625,0.0,0.0,0.0,0.0,0,,海信科隆和惠耳普则是营收增
571,海信科龙一季报营收为六十四点300000000元,1,True,True,0.0,0.20833333333333334,0.25,1.0,-0.125244140625,0.0,0.0,0.0,0.0,0,,海信科隆一季报营收为64300000000元
571,海信科龙一季报营收为六十四点300000000元,2,False,False,0.0,0.2916666666666667,0.25,0.7281639928698752,-0.1624755859375,0.0,0.0,0.0,0.0,0,,海信科隆遗迹报营收为64300000000元
571,海信科龙一季报营收为六十四点300000000元,3,False,False,0.0,0.3333333333333333,0.25,0.6443850267379679,-0.1739501953125,0.0,0.0,0.0,0.0,0,,海信科隆遗迹报应收为64300000000元
571,海信科龙一季报营收为六十四点300000000元,4,False,False,0.0,0.25,0.25,0.4572192513368984,-0.1995849609375,0.0,0.0,0.0,0.0,0,,海信科隆一季报应收为64300000000元
571,海信科龙一季报营收为六十四点300000000元,5,False,False,0.0,0.25,0.5,0.0855614973262032,-0.25048828125,0.0,0.0,0.0,0.0,0,,海信克隆一季报营收为64300000000元
571,海信科龙一季报营收为六十四点300000000元,6,False,False,0.0,0.25,0.25,0.0,-0.26220703125,0.0,0.0,0.0,0.0,0,,海信科隆一级报营收为64300000000元
572,张晓雅的人气肯定在前3名,1,True,False,0.0,0.08333333333333333,0.3333333333333333,1.0,-0.0638427734375,0.0,0.0,0.0,0.0,0,,张小雅的人气肯定在前3名
572,张晓雅的人气肯定在前3名,2,False,True,1.0,0.0,0.0,0.8741422896352474,-0.10638427734375,0.0,0.0,0.0,0.0,0,,张晓雅的人气肯定在前3名
572,张晓雅的人气肯定在前3名,3,False,False,0.0,0.08333333333333333,0.3333333333333333,0.457204767063922,-0.247314453125,0.0,0.0,0.0,0.0,0,,张潇雅的人气肯定在前3名
572,张晓雅的人气肯定在前3名,4,False,False,0.0,0.16666666666666666,0.6666666666666666,0.28024557602022393,-0.30712890625,0.0,0.0,0.0,0.0,0,,张潇亚的人气肯定在前3名
572,张晓雅的人气肯定在前3名,5,False,False,0.0,0.16666666666666666,0.6666666666666666,0.24340917298663778,-0.319580078125,0.0,0.0,0.0,0.0,0,,章小雅的人气肯定在前3名
572,张晓雅的人气肯定在前3名,6,False,False,0.0,0.08333333333333333,0.3333333333333333,0.15529071867100036,-0.349365234375,0.0,0.0,0.0,0.0,0,,张晓亚的人气肯定在前3名
572,张晓雅的人气肯定在前3名,7,False,False,0.0,0.08333333333333333,0.3333333333333333,0.05850487540628386,-0.382080078125,0.0,0.0,0.0,0.0,0,,张筱雅的人气肯定在前3名
572,张晓雅的人气肯定在前3名,8,False,False,0.0,0.16666666666666666,0.3333333333333333,0.0,-0.40185546875,0.0,0.0,0.0,0.0,0,,张小雅人气肯定在前3名
573,张晓雅最大的优点是有想法,1,True,True,1.0,0.0,0.0,1.0,-0.05487060546875,0.0,0.0,0.0,0.0,0,,张晓雅最大的优点是有想法
573,张晓雅最大的优点是有想法,2,False,False,0.0,0.08333333333333333,0.3333333333333333,0.6831451097379075,-0.1456298828125,0.0,0.0,0.0,0.0,0,,张晓杨最大的优点是有想法
573,张晓雅最大的优点是有想法,3,False,False,0.0,0.08333333333333333,0.3333333333333333,0.5740464521627957,-0.1768798828125,0.0,0.0,0.0,0.0,0,,张小雅最大的优点是有想法
573,张晓雅最大的优点是有想法,4,False,False,0.0,0.08333333333333333,0.3333333333333333,0.3767313019390582,-0.2333984375,0.0,0.0,0.0,0.0,0,,张晓阳最大的优点是有想法
573,张晓雅最大的优点是有想法,5,False,False,0.0,0.08333333333333333,0.3333333333333333,0.23950564670786278,-0.272705078125,0.0,0.0,0.0,0.0,0,,张晓哑最大的优点是有想法
573,张晓雅最大的优点是有想法,6,False,False,0.0,0.08333333333333333,0.3333333333333333,0.10142765821436181,-0.312255859375,0.0,0.0,0.0,0.0,0,,张晓亚最大的优点是有想法
573,张晓雅最大的优点是有想法,7,False,False,0.0,0.16666666666666666,0.6666666666666666,0.07756232686980609,-0.319091796875,0.0,0.0,0.0,0.0,0,,章小雅最大的优点是有想法
573,张晓雅最大的优点是有想法,8,False,False,0.0,0.08333333333333333,0.3333333333333333,0.005113999573833369,-0.33984375,0.0,0.0,0.0,0.0,0,,张晓仰最大的优点是有想法
573,张晓雅最大的优点是有想法,9,False,False,0.0,0.08333333333333333,0.3333333333333333,0.0,-0.34130859375,0.0,0.0,0.0,0.0,0,,张晓扬最大的优点是有想法
574,张晓雅这个娃娃训练很自觉,1,True,True,1.0,0.0,0.0,1.0,-0.0721435546875,0.0,0.0,0.0,0.0,0,,张晓雅这个娃娃训练很自觉
574,张晓雅这个娃娃训练很自觉,2,False,False,0.0,0.08333333333333333,0.3333333333333333,0.9261640798226164,-0.09246826171875,0.0,0.0,0.0,0.0,0,,张小雅这个娃娃训练很自觉
574,张晓雅这个娃娃训练很自觉,3,False,False,0.0,0.16666666666666666,0.6666666666666666,0.44168514412416854,-0.225830078125,0.0,0.0,0.0,0.0,0,,章小雅这个娃娃训练很自觉
574,张晓雅这个娃娃训练很自觉,4,False,False,0.0,0.16666666666666666,0.6666666666666666,0.31751662971175165,-0.260009765625,0.0,0.0,0.0,0.0,0,,张小亚这个娃娃训练很自觉
574,张晓雅这个娃娃训练很自觉,5,False,False,0.0,0.08333333333333333,0.3333333333333333,0.06297117516629712,-0.330078125,0.0,0.0,0.0,0.0,0,,张晓亚这个娃娃训练很自觉
574,张晓雅这个娃娃训练很自觉,6,False,False,0.0,0.08333333333333333,0.3333333333333333,0.0,-0.347412109375,0.0,0.0,0.0,0.0,0,,张晓哑这个娃娃训练很自觉
575,中国最帅的竞走冠军陈定将亮相苏州吴中,1,True,False,1.0,0.1111111111111111,0.0,1.0,-0.125244140625,0.0,0.0,0.0,0.0,0,,中国最帅的竞走冠军陈定江亮相苏州无中
575,中国最帅的竞走冠军陈定将亮相苏州吴中,2,False,False,1.0,0.16666666666666666,0.0,0.6275395033860045,-0.16552734375,0.0,0.0,0.0,0.0,0,,中国最帅的净走冠军陈定江亮相苏州无中
575,中国最帅的竞走冠军陈定将亮相苏州吴中,3,False,False,1.0,0.16666666666666666,0.0,0.3329571106094808,-0.1973876953125,0.0,0.0,0.0,0.0,0,,中国最帅的竞走冠军陈定江亮相苏州无忠
575,中国最帅的竞走冠军陈定将亮相苏州吴中,4,False,True,1.0,0.05555555555555555,0.0,0.2528216704288939,-0.2060546875,0.0,0.0,0.0,0.0,0,,中国最帅的竞走冠军陈定将亮相苏州无中
575,中国最帅的竞走冠军陈定将亮相苏州吴中,5,False,False,1.0,0.16666666666666666,0.0,0.20316027088036118,-0.21142578125,0.0,0.0,0.0,0.0,0,,中国最帅的静走冠军陈定江亮相苏州无中
575,中国最帅的竞走冠军陈定将亮相苏州吴中,6,False,False,1.0,0.2222222222222222,0.0,0.07674943566591422,-0.22509765625,0.0,0.0,0.0,0.0,0,,中国最帅的净走冠军陈定江亮相苏州无忠
575,中国最帅的竞走冠军陈定将亮相苏州吴中,7,False,False,1.0,0.16666666666666666,0.0,0.06772009029345373,-0.22607421875,0.0,0.0,0.0,0.0,0,,中国最帅的镜走冠军陈定江亮相苏州无中
575,中国最帅的竞走冠军陈定将亮相苏州吴中,8,False,False,1.0,0.16666666666666666,0.0,0.001128668171557562,-0.2332763671875,0.0,0.0,0.0,0.0,0,,中国最帅的健走冠军陈定江亮相苏州无中
575,中国最帅的竞走冠军陈定将亮相苏州吴中,9,False,False,1.0,0.16666666666666666,0.0,0.0,-0.2333984375,0.0,0.0,0.0,0.0,0,,中国最帅的竞走冠军陈定江亮向苏州无中
576,1992年8月5日出生于云南省保山市龙陵县,1,True,False,0.5,0.047619047619047616,0.16666666666666666,1.0,-0.0506591796875,0.0,0.0,0.0,0.0,0,,1992年8月5日出生于云南省宝山市龙陵县
576,1992年8月5日出生于云南省保山市龙陵县,2,False,False,0.5,0.09523809523809523,0.16666666666666666,0.344559585492228,-0.143310546875,0.0,0.0,0.0,0.0,0,,1992年8月5日出生于云南省宝山市隆陵县
576,1992年8月5日出生于云南省保山市龙陵县,3,False,False,0.5,0.09523809523809523,0.16666666666666666,0.19861830742659758,-0.1639404296875,0.0,0.0,0.0,0.0,0,,1992年8月5日出生于云南省宝山市龙岭县
576,1992年8月5日出生于云南省保山市龙陵县,4,False,True,1.0,0.0,0.0,0.0008635578583765112,-0.19189453125,0.0,0.0,0.0,0.0,0,,1992年8月5日出生于云南省保山市龙陵县
576,1992年8月5日出生于云南省保山市龙陵县,5,False,False,0.5,0.09523809523809523,0.16666666666666666,0.0,-0.1920166015625,0.0,0.0,0.0,0.0,0,,1992年8月5日出生于云南省宝山市龙林县
577,取得瑞士卢加诺竞走挑战赛男子二十公里竞走银牌,1,True,False,0.0,0.13636363636363635,0.6666666666666666,1.0,-0.405029296875,0.0,0.0,0.0,0.0,0,,取得瑞士鲁迦诺竞走挑战赛男子二十公里进走银牌
577,取得瑞士卢加诺竞走挑战赛男子二十公里竞走银牌,2,False,False,0.0,0.22727272727272727,0.6666666666666666,0.4357682619647355,-0.459716796875,0.0,0.0,0.0,0.0,0,,取得瑞士鲁迦诺竞走挑战赛男子20公里竞走了银牌
577,取得瑞士卢加诺竞走挑战赛男子二十公里竞走银牌,3,False,True,0.0,0.09090909090909091,0.3333333333333333,0.34005037783375314,-0.468994140625,0.0,0.0,0.0,0.0,0,,取得瑞士鲁加诺竞走挑战赛男子二十公里竞走了银牌
577,取得瑞士卢加诺竞走挑战赛男子二十公里竞走银牌,4,False,False,0.0,0.22727272727272727,0.6666666666666666,0.27204030226700254,-0.4755859375,0.0,0.0,0.0,0.0,0,,取得瑞士鲁伽诺竞走挑战赛男子20公里竞走了银牌
577,取得瑞士卢加诺竞走挑战赛男子二十公里竞走银牌,5,False,False,0.0,0.22727272727272727,0.6666666666666666,0.23425692695214106,-0.479248046875,0.0,0.0,0.0,0.0,0,,取得瑞士鲁迦诺竞走挑战赛男子20公里竞跑银牌
577,取得瑞士卢加诺竞走挑战赛男子二十公里竞走银牌,6,False,False,0.0,0.22727272727272727,0.6666666666666666,0.22921914357682618,-0.479736328125,0.0,0.0,0.0,0.0,0,,取得瑞士鲁迦诺竞走挑战赛男子20公里竞争银牌
577,取得瑞士卢加诺竞走挑战赛男子二十公里竞走银牌,7,False,False,0.0,0.13636363636363635,0.6666666666666666,0.15365239294710328,-0.487060546875,0.0,0.0,0.0,0.0,0,,取得瑞士鲁迦诺竞走挑战赛男子二十公里竞走了银牌
577,取得瑞士卢加诺竞走挑战赛男子二十公里竞走银牌,8,False,False,0.0,0.22727272727272727,0.6666666666666666,0.0,-0.501953125,0.0,0.0,0.0,0.0,0,,取得瑞士鲁迦诺竞走挑战赛男子20公里竞逐银牌
578,欧米茄计时管理委员会成员彼得许尔泽勒介绍说,1,True,True,0.0,0.14285714285714285,1.0,1.0,-0.13037109375,0.0,0.0,0.0,0.0,0,,欧米协计时管理委员会成员皮德许尔泽勒介绍说
578,欧米茄计时管理委员会成员彼得许尔泽勒介绍说,2,False,False,0.0,0.19047619047619047,1.0,0.3787878787878788,-0.160400390625,0.0,0.0,0.0,0.0,0,,欧米企业计时管理委员会成员皮德许尔泽勒介绍说
578,欧米茄计时管理委员会成员彼得许尔泽勒介绍说,3,False,False,0.0,0.2857142857142857,1.0,0.17424242424242425,-0.1702880859375,0.0,0.0,0.0,0.0,0,,欧米企业纪实管理委员会成员皮德许尔泽勒介绍说
578,欧米茄计时管理委员会成员彼得许尔泽勒介绍说,4,False,False,0.0,0.19047619047619047,1.0,0.08080808080808081,-0.1748046875,0.0,0.0,0.0,0.0,0,,欧米协计师管理委员会成员皮德许尔泽勒介绍说
578,欧米茄计时管理委员会成员彼得许尔泽勒介绍说,5,False,False,0.0,0.14285714285714285,1.0,0.015151515151515152,-0.177978515625,0.0,0.0,0.0,0.0,0,,欧米协计时管理委员会成员皮特许尔泽勒介绍说
578,欧米茄计时管理委员会成员彼得许尔泽勒介绍说,6,False,False,0.0,0.19047619047619047,1.0,0.0,-0.1787109375,0.0,0.0,0.0,0.0,0,,欧米切记时管理委员会成员皮德许尔泽勒介绍说
579,现年18岁的莎宾娜身高达182厘米,1,True,False,0.0,0.058823529411764705,0.3333333333333333,1.0,-0.07476806640625,0.0,0.0,0.0,0.0,0,,现年18岁的沙宾娜身高达182厘米
579,现年18岁的莎宾娜身高达182厘米,2,False,True,1.0,0.0,0.0,0.8402444347446529,-0.09710693359375,0.0,0.0,0.0,0.0,0,,现年18岁的莎宾娜身高达182厘米
579,现年18岁的莎宾娜身高达182厘米,3,False,False,0.0,0.11764705882352941,0.6666666666666666,0.44085552160628544,-0.1529541015625,0.0,0.0,0.0,0.0,0,,现年18岁的沙宾纳身高达182厘米
579,现年18岁的莎宾娜身高达182厘米,4,False,False,0.0,0.058823529411764705,0.3333333333333333,0.27149716281099956,-0.1766357421875,0.0,0.0,0.0,0.0,0,,现年18岁的莎比娜身高达182厘米
579,现年18岁的莎宾娜身高达182厘米,5,False,False,0.0,0.11764705882352941,0.6666666666666666,0.08380619816673941,-0.202880859375,0.0,0.0,0.0,0.0,0,,现年18岁的沙宾那身高达182厘米
579,现年18岁的莎宾娜身高达182厘米,6,False,False,0.0,0.058823529411764705,0.3333333333333333,0.0,-0.214599609375,0.0,0.0,0.0,0.0,0,,现年18岁的莎彬娜身高达182厘米
580,莎宾娜也凭借兼具清纯和性感气质的漂亮外形走红日本,1,True,False,0.0,0.041666666666666664,0.3333333333333333,1.0,-0.09307861328125,0.0,0.0,0.0,0.0,0,,莎比娜也凭借兼具清纯和性感气质的漂亮外形走红日本
580,莎宾娜也凭借兼具清纯和性感气质的漂亮外形走红日本,2,False,False,0.0,0.041666666666666664,0.3333333333333333,0.958876629889669,-0.0955810546875,0.0,0.0,0.0,0.0,0,,莎彬娜也凭借兼具清纯和性感气质的漂亮外形走红日本
580,莎宾娜也凭借兼具清纯和性感气质的漂亮外形走红日本,3,False,True,1.0,0.0,0.0,0.7582748244734202,-0.1077880859375,0.0,0.0,0.0,0.0,0,,莎宾娜也凭借兼具清纯和性感气质的漂亮外形走红日本
580,莎宾娜也凭借兼具清纯和性感气质的漂亮外形走红日本,4,False,False,0.0,0.041666666666666664,0.3333333333333333,0.641925777331996,-0.1148681640625,0.0,0.0,0.0,0.0,0,,莎琳娜也凭借兼具清纯和性感气质的漂亮外形走红日本
580,莎宾娜也凭借兼具清纯和性感气质的漂亮外形走红日本,5,False,False,0.0,0.041666666666666664,0.3333333333333333,0.5847542627883651,-0.11834716796875,0.0,0.0,0.0,0.0,0,,沙宾娜也凭借兼具清纯和性感气质的漂亮外形走红日本
580,莎宾娜也凭借兼具清纯和性感气质的漂亮外形走红日本,6,False,False,0.0,0.125,0.3333333333333333,0.2768304914744233,-0.1370849609375,0.0,0.0,0.0,0.0,0,,莎比娜也凭借兼具青春和性感气质的漂亮外形走红日本
580,莎宾娜也凭借兼具清纯和性感气质的漂亮外形走红日本,7,False,False,0.0,0.125,0.3333333333333333,0.23671013039117353,-0.1395263671875,0.0,0.0,0.0,0.0,0,,莎彬娜也凭借兼具青春和性感气质的漂亮外形走红日本
580,莎宾娜也凭借兼具清纯和性感气质的漂亮外形走红日本,8,False,False,0.0,0.08333333333333333,0.6666666666666666,0.13640922768304914,-0.1456298828125,0.0,0.0,0.0,0.0,0,,沙彬娜也凭借兼具清纯和性感气质的漂亮外形走红日本
580,莎宾娜也凭借兼具清纯和性感气质的漂亮外形走红日本,9,False,False,1.0,0.08333333333333333,0.0,0.05015045135406219,-0.15087890625,0.0,0.0,0.0,0.0,0,,莎宾娜也凭借兼具青春和性感气质的漂亮外形走红日本
580,莎宾娜也凭借兼具清纯和性感气质的漂亮外形走红日本,10,False,False,0.0,0.08333333333333333,0.3333333333333333,0.0160481444332999,-0.1529541015625,0.0,0.0,0.0,0.0,0,,莎比娜也凭借兼具清纯和性感气质的漂亮外型走红日本
580,莎宾娜也凭借兼具清纯和性感气质的漂亮外形走红日本,11,False,False,0.0,0.08333333333333333,0.3333333333333333,0.0,-0.1539306640625,0.0,0.0,0.0,0.0,0,,莎彬娜也凭借兼具清纯和性感气质的漂亮外型走红日本
581,莎宾娜透露目前单身理想型是喜欢运动,1,True,False,0.0,0.17647058823529413,0.3333333333333333,1.0,-0.0926513671875,0.0,0.0,0.0,0.0,0,,沙宾娜透露目前单身理想形式喜欢运动
581,莎宾娜透露目前单身理想型是喜欢运动,2,False,False,0.0,0.17647058823529413,0.3333333333333333,0.7480544747081712,-0.124267578125,0.0,0.0,0.0,0.0,0,,莎比娜透露目前单身理想形式喜欢运动
581,莎宾娜透露目前单身理想型是喜欢运动,3,False,True,1.0,0.11764705882352941,0.0,0.4455252918287938,-0.1622314453125,0.0,0.0,0.0,0.0,0,,莎宾娜透露目前单身理想形式喜欢运动
581,莎宾娜透露目前单身理想型是喜欢运动,4,False,False,0.0,0.17647058823529413,0.3333333333333333,0.4182879377431907,-0.1656494140625,0.0,0.0,0.0,0.0,0,,沙宾娜透露目前单身理想行事喜欢运动
581,莎宾娜透露目前单身理想型是喜欢运动,5,False,False,0.0,0.17647058823529413,0.3333333333333333,0.14785992217898833,-0.1995849609375,0.0,0.0,0.0,0.0,0,,莎比娜透露目前单身理想行事喜欢运动
581,莎宾娜透露目前单身理想型是喜欢运动,6,False,False,0.0,0.23529411764705882,0.6666666666666666,0.11964980544747082,-0.203125,0.0,0.0,0.0,0.0,0,,沙宾纳透露目前单身理想形式喜欢运动
581,莎宾娜透露目前单身理想型是喜欢运动,7,False,False,0.0,0.17647058823529413,0.3333333333333333,0.09922178988326848,-0.2056884765625,0.0,0.0,0.0,0.0,0,,莎彬娜透露目前单身理想形式喜欢运动
581,莎宾娜透露目前单身理想型是喜欢运动,8,False,False,0.0,0.17647058823529413,0.3333333333333333,0.0,-0.2181396484375,0.0,0.0,0.0,0.0,0,,莎琳娜透露目前单身理想形式喜欢运动
582,莎宾娜已经在今年8月秘密抵达日本,1,True,False,0.0,0.1875,0.6666666666666666,1.0,-0.2001953125,0.0,0.0,0.0,0.0,0,,沙宾纳已经在今年8月密密抵达日本
582,莎宾娜已经在今年8月秘密抵达日本,2,False,False,0.0,0.125,0.6666666666666666,0.7913486005089059,-0.210205078125,0.0,0.0,0.0,0.0,0,,沙宾纳已经在今年8月秘密抵达日本
582,莎宾娜已经在今年8月秘密抵达日本,3,False,True,1.0,0.0,0.0,0.5750636132315522,-0.2205810546875,0.0,0.0,0.0,0.0,0,,莎宾娜已经在今年8月秘密抵达日本
582,莎宾娜已经在今年8月秘密抵达日本,4,False,False,0.0,0.0625,0.3333333333333333,0.5521628498727735,-0.2216796875,0.0,0.0,0.0,0.0,0,,沙宾娜已经在今年8月秘密抵达日本
582,莎宾娜已经在今年8月秘密抵达日本,5,False,False,0.0,0.125,0.3333333333333333,0.40966921119592875,-0.228515625,0.0,0.0,0.0,0.0,0,,沙宾娜已经在今年8月密密抵达日本
582,莎宾娜已经在今年8月秘密抵达日本,6,False,False,1.0,0.0625,0.0,0.356234096692112,-0.2310791015625,0.0,0.0,0.0,0.0,0,,莎宾娜已经在今年8月密密抵达日本
582,莎宾娜已经在今年8月秘密抵达日本,7,False,False,0.0,0.0625,0.3333333333333333,0.04834605597964377,-0.245849609375,0.0,0.0,0.0,0.0,0,,莎比娜已经在今年8月秘密抵达日本
582,莎宾娜已经在今年8月秘密抵达日本,8,False,False,0.0,0.1875,0.6666666666666666,0.0,-0.2481689453125,0.0,0.0,0.0,0.0,0,,沙宾那已经在今年8月密密抵达日本
583,她的母亲在采访中表示莎宾娜为了提升自己的实力,1,True,False,0.0,0.09090909090909091,0.3333333333333333,1.0,-0.11224365234375,0.0,0.0,0.0,0.0,0,,他的母亲在采访中表示山宾娜为了提升自己的实力
583,她的母亲在采访中表示莎宾娜为了提升自己的实力,2,False,True,0.0,0.045454545454545456,0.3333333333333333,0.6912621359223301,-0.141357421875,0.0,0.0,0.0,0.0,0,,她的母亲在采访中表示山宾娜为了提升自己的实力
583,她的母亲在采访中表示莎宾娜为了提升自己的实力,3,False,False,0.0,0.13636363636363635,0.6666666666666666,0.3818770226537217,-0.1705322265625,0.0,0.0,0.0,0.0,0,,他的母亲在采访中表示山宾纳为了提升自己的实力
583,她的母亲在采访中表示莎宾娜为了提升自己的实力,4,False,False,0.0,0.13636363636363635,0.6666666666666666,0.32103559870550163,-0.17626953125,0.0,0.0,0.0,0.0,0,,他的母亲在采访中表示山宾那为了提升自己的实力
583,她的母亲在采访中表示莎宾娜为了提升自己的实力,5,False,False,0.0,0.09090909090909091,0.6666666666666666,0.0,-0.20654296875,0.0,0.0,0.0,0.0,0,,她的母亲在采访中表示山宾那为了提升自己的实力
584,对此莎宾娜已经做好了吃苦的心理准备,1,True,False,0.0,0.058823529411764705,0.3333333333333333,1.0,-0.1224365234375,0.0,0.0,0.0,0.0,0,,对此沙宾娜已经做好了吃苦的心理准备
584,对此莎宾娜已经做好了吃苦的心理准备,2,False,False,0.0,0.058823529411764705,0.3333333333333333,0.4188210961737332,-0.1910400390625,0.0,0.0,0.0,0.0,0,,对此莎贝娜已经做好了吃苦的心理准备
584,对此莎宾娜已经做好了吃苦的心理准备,3,False,False,0.0,0.11764705882352941,0.6666666666666666,0.35470527404343327,-0.1986083984375,0.0,0.0,0.0,0.0,0,,对此沙边娜已经做好了吃苦的心理准备
584,对此莎宾娜已经做好了吃苦的心理准备,4,False,True,1.0,0.0,0.0,0.30610134436401243,-0.204345703125,0.0,0.0,0.0,0.0,0,,对此莎宾娜已经做好了吃苦的心理准备
584,对此莎宾娜已经做好了吃苦的心理准备,5,False,False,0.0,0.058823529411764705,0.3333333333333333,0.2823164426059979,-0.2071533203125,0.0,0.0,0.0,0.0,0,,对此莎编娜已经做好了吃苦的心理准备
584,对此莎宾娜已经做好了吃苦的心理准备,6,False,False,0.0,0.058823529411764705,0.3333333333333333,0.2419855222337125,-0.2119140625,0.0,0.0,0.0,0.0,0,,对此莎比娜已经做好了吃苦的心理准备
584,对此莎宾娜已经做好了吃苦的心理准备,7,False,False,0.0,0.17647058823529413,1.0,0.19751809720785937,-0.2171630859375,0.0,0.0,0.0,0.0,0,,对此沙边那已经做好了吃苦的心理准备
584,对此莎宾娜已经做好了吃苦的心理准备,8,False,False,0.0,0.11764705882352941,0.6666666666666666,0.1778697001034126,-0.219482421875,0.0,0.0,0.0,0.0,0,,对此沙宾纳已经做好了吃苦的心理准备
584,对此莎宾娜已经做好了吃苦的心理准备,9,False,False,0.0,0.17647058823529413,1.0,0.10444674250258532,-0.2281494140625,0.0,0.0,0.0,0.0,0,,对此沙贝纳已经做好了吃苦的心理准备
584,对此莎宾娜已经做好了吃苦的心理准备,10,False,False,0.0,0.17647058823529413,1.0,0.07652533609100311,-0.2314453125,0.0,0.0,0.0,0.0,0,,对此沙边纳已经做好了吃苦的心理准备
584,对此莎宾娜已经做好了吃苦的心理准备,11,False,False,0.0,0.058823529411764705,0.3333333333333333,0.06514994829369183,-0.2327880859375,0.0,0.0,0.0,0.0,0,,对此莎彬娜已经做好了吃苦的心理准备
584,对此莎宾娜已经做好了吃苦的心理准备,12,False,False,0.0,0.11764705882352941,0.6666666666666666,0.03412616339193381,-0.2364501953125,0.0,0.0,0.0,0.0,0,,对此莎编纳已经做好了吃苦的心理准备
584,对此莎宾娜已经做好了吃苦的心理准备,13,False,False,0.0,0.11764705882352941,0.6666666666666666,0.0,-0.240478515625,0.0,0.0,0.0,0.0,0,,对此莎别纳已经做好了吃苦的心理准备
585,家人和哈排协也表明了全力支持她的态度,1,True,False,1.0,0.05555555555555555,0.0,1.0,-0.10772705078125,0.0,0.0,0.0,0.0,0,,家人和哈排协也表明了全力支持他的态度
585,家人和哈排协也表明了全力支持她的态度,2,False,False,0.0,0.1111111111111111,0.3333333333333333,0.7100353000504287,-0.142822265625,0.0,0.0,0.0,0.0,0,,家人和哈牌协也表明了全力支持他的态度
585,家人和哈排协也表明了全力支持她的态度,3,False,True,1.0,0.0,0.0,0.48714069591527986,-0.1697998046875,0.0,0.0,0.0,0.0,0,,家人和哈排协也表明了全力支持她的态度
585,家人和哈排协也表明了全力支持她的态度,4,False,False,0.0,0.05555555555555555,0.3333333333333333,0.2854261220373172,-0.1942138671875,0.0,0.0,0.0,0.0,0,,家人和哈牌协也表明了全力支持她的态度
585,家人和哈排协也表明了全力支持她的态度,5,False,False,0.0,0.1111111111111111,0.3333333333333333,0.21986888552697934,-0.2021484375,0.0,0.0,0.0,0.0,0,,家人和哈派协也表明了全力支持他的态度
585,家人和哈排协也表明了全力支持她的态度,6,False,False,1.0,0.16666666666666666,0.0,0.1714573877962683,-0.2080078125,0.0,0.0,0.0,0.0,0,,嘉仁和哈排协也表明了全力支持他的态度
585,家人和哈排协也表明了全力支持她的态度,7,False,False,0.0,0.1111111111111111,0.3333333333333333,0.1654059505799294,-0.208740234375,0.0,0.0,0.0,0.0,0,,家人和哈排鞋也表明了全力支持他的态度
585,家人和哈排协也表明了全力支持她的态度,8,False,False,1.0,0.1111111111111111,0.0,0.0,-0.228759765625,0.0,0.0,0.0,0.0,0,,佳人和哈排协也表明了全力支持他的态度
586,因此不得不放弃宾虚的演出,1,True,False,0.0,0.16666666666666666,1.0,1.0,-0.08544921875,0.0,0.0,0.0,0.0,0,,因此不得不放弃必须的演出
586,因此不得不放弃宾虚的演出,2,False,True,1.0,0.0,0.0,0.4403292181069959,-0.21826171875,0.0,0.0,0.0,0.0,0,,因此不得不放弃宾虚的演出
586,因此不得不放弃宾虚的演出,3,False,False,0.0,0.08333333333333333,0.5,0.36574074074074076,-0.2359619140625,0.0,0.0,0.0,0.0,0,,因此不得不放弃冰虚的演出
586,因此不得不放弃宾虚的演出,4,False,False,0.0,0.08333333333333333,0.5,0.26954732510288065,-0.2587890625,0.0,0.0,0.0,0.0,0,,因此不得不放弃兵虚的演出
586,因此不得不放弃宾虚的演出,5,False,False,0.0,0.16666666666666666,1.0,0.06893004115226338,-0.306396484375,0.0,0.0,0.0,0.0,0,,因此不得不放弃必需的演出
586,因此不得不放弃宾虚的演出,6,False,False,0.0,0.16666666666666666,1.0,0.06790123456790123,-0.306640625,0.0,0.0,0.0,0.0,0,,因此不得不放弃兵需的演出
586,因此不得不放弃宾虚的演出,7,False,False,0.0,0.16666666666666666,1.0,0.0030864197530864196,-0.322021484375,0.0,0.0,0.0,0.0,0,,因此不得不放弃冰须的演出
586,因此不得不放弃宾虚的演出,8,False,False,0.0,0.16666666666666666,1.0,0.0,-0.32275390625,0.0,0.0,0.0,0.0,0,,因此不得不放弃冰雪的演出
587,不开心时会找太太徐濠所倾诉,1,True,True,0.0,0.15384615384615385,1.0,1.0,-0.190185546875,0.0,0.0,0.0,0.0,0,,不开心时会找太太许豪所倾诉
587,不开心时会找太太徐濠所倾诉,2,False,False,0.0,0.15384615384615385,1.0,0.9490049751243781,-0.1951904296875,0.0,0.0,0.0,0.0,0,,不开心时会找太太许晗所倾诉
587,不开心时会找太太徐濠所倾诉,3,False,False,0.0,0.15384615384615385,1.0,0.2860696517412935,-0.26025390625,0.0,0.0,0.0,0.0,0,,不开心时会找太太许好所倾诉
587,不开心时会找太太徐濠所倾诉,4,False,False,0.0,0.15384615384615385,1.0,0.17164179104477612,-0.271484375,0.0,0.0,0.0,0.0,0,,不开心时会找太太许昊所倾诉
587,不开心时会找太太徐濠所倾诉,5,False,False,0.0,0.23076923076923078,1.0,0.024875621890547265,-0.285888671875,0.0,0.0,0.0,0.0,0,,不开心时会找太太许豪索倾诉
587,不开心时会找太太徐濠所倾诉,6,False,False,0.0,0.15384615384615385,1.0,0.0,-0.288330078125,0.0,0.0,0.0,0.0,0,,不开心时会找太太许浩所倾诉
588,港媒称马云向浙江商人发出警告永远不要行贿,1,True,True,1.0,0.0,0.0,1.0,-0.03973388671875,0.0,0.0,0.0,0.0,0,,港媒称马云向浙江商人发出警告永远不要行贿
588,港媒称马云向浙江商人发出警告永远不要行贿,2,False,False,1.0,0.05,0.0,0.07332242225859247,-0.2125244140625,0.0,0.0,0.0,0.0,0,,港媒称马云向浙江商人发出警告永远不要行汇
588,港媒称马云向浙江商人发出警告永远不要行贿,3,False,False,1.0,0.05,0.0,0.05106382978723404,-0.2166748046875,0.0,0.0,0.0,0.0,0,,港媒称马云向浙江商人发出警告永远不要行会
588,港媒称马云向浙江商人发出警告永远不要行贿,4,False,False,1.0,0.05,0.0,0.0,-0.2261962890625,0.0,0.0,0.0,0.0,0,,港媒称马云相浙江商人发出警告永远不要行贿
589,东莞常平一地盘2日两度地陷,1,True,False,0.0,0.23076923076923078,0.5,1.0,-0.1710205078125,0.0,0.0,0.0,0.0,0,,东莞长平一地盘2日两度得现
589,东莞常平一地盘2日两度地陷,2,False,False,0.0,0.3076923076923077,0.5,0.7619893428063943,-0.2200927734375,0.0,0.0,0.0,0.0,0,,东广长平一地盘2日两度得现
589,东莞常平一地盘2日两度地陷,3,False,False,0.0,0.23076923076923078,0.5,0.43576080521018357,-0.287353515625,0.0,0.0,0.0,0.0,0,,东莞长平一地盘2日两度得限
589,东莞常平一地盘2日两度地陷,4,False,False,0.0,0.3076923076923077,0.5,0.24748371817643577,-0.326171875,0.0,0.0,0.0,0.0,0,,东莞长平依地盘2日两度得现
589,东莞常平一地盘2日两度地陷,5,False,False,0.0,0.3076923076923077,0.5,0.20367081113084665,-0.335205078125,0.0,0.0,0.0,0.0,0,,东广长平一地盘2日两度得限
589,东莞常平一地盘2日两度地陷,6,False,False,0.0,0.3076923076923077,0.5,0.1705150976909414,-0.342041015625,0.0,0.0,0.0,0.0,0,,东管长平一地盘2日两度得现
589,东莞常平一地盘2日两度地陷,7,False,False,0.0,0.23076923076923078,0.5,0.12788632326820604,-0.350830078125,0.0,0.0,0.0,0.0,0,,东莞长平一地盘2日两度得县
589,东莞常平一地盘2日两度地陷,8,False,False,0.0,0.23076923076923078,0.5,0.10657193605683836,-0.355224609375,0.0,0.0,0.0,0.0,0,,东莞长平一地盘2日两度德县
589,东莞常平一地盘2日两度地陷,9,False,False,0.0,0.23076923076923078,0.5,0.06631142687981054,-0.363525390625,0.0,0.0,0.0,0.0,0,,东莞长平一地盘2日两度得献
589,东莞常平一地盘2日两度地陷,10,False,True,1.0,0.15384615384615385,0.0,0.04026050917702783,-0.368896484375,0.0,0.0,0.0,0.0,0,,东莞常平一地盘2日两度得现
589,东莞常平一地盘2日两度地陷,11,False,False,0.0,0.3076923076923077,0.5,0.023682652457075192,-0.372314453125,0.0,0.0,0.0,0.0,0,,东莞长平宜地盘2日两度得现
589,东莞常平一地盘2日两度地陷,12,False,False,0.0,0.3076923076923077,0.5,0.002368265245707519,-0.376708984375,0.0,0.0,0.0,0.0,0,,东馆长平一地盘2日两度得现
589,东莞常平一地盘2日两度地陷,13,False,False,0.0,0.3076923076923077,1.0,0.0,-0.377197265625,0.0,0.0,0.0,0.0,0,,东莞长贫一地盘2日两度得现
590,东莞常平住宅大厦联邦花园旁边发生大面积地陷,1,True,False,0.0,0.047619047619047616,0.5,1.0,-0.0595703125,0.0,0.0,0.0,0.0,0,,东莞长平住宅大厦联邦花园旁边发生大面积地陷
590,东莞常平住宅大厦联邦花园旁边发生大面积地陷,2,False,False,0.0,0.047619047619047616,0.5,0.6087837837837838,-0.09490966796875,0.0,0.0,0.0,0.0,0,,东莞昌平住宅大厦联邦花园旁边发生大面积地陷
590,东莞常平住宅大厦联邦花园旁边发生大面积地陷,3,False,True,1.0,0.0,0.0,0.5067567567567568,-0.1041259765625,0.0,0.0,0.0,0.0,0,,东莞常平住宅大厦联邦花园旁边发生大面积地陷
590,东莞常平住宅大厦联邦花园旁边发生大面积地陷,4,False,False,0.0,0.09523809523809523,0.5,0.5054054054054054,-0.104248046875,0.0,0.0,0.0,0.0,0,,东莞长平柱宅大厦联邦花园旁边发生大面积地陷
590,东莞常平住宅大厦联邦花园旁边发生大面积地陷,5,False,False,1.0,0.047619047619047616,0.0,0.0972972972972973,-0.14111328125,0.0,0.0,0.0,0.0,0,,东莞常平柱宅大厦联邦花园旁边发生大面积地陷
590,东莞常平住宅大厦联邦花园旁边发生大面积地陷,6,False,False,0.0,0.09523809523809523,0.5,0.09054054054054055,-0.1417236328125,0.0,0.0,0.0,0.0,0,,东莞长平驻宅大厦联邦花园旁边发生大面积地陷
590,东莞常平住宅大厦联邦花园旁边发生大面积地陷,7,False,False,0.0,0.09523809523809523,1.0,0.0,-0.14990234375,0.0,0.0,0.0,0.0,0,,东莞长屏住宅大厦联邦花园旁边发生大面积地陷
591,港媒中国成访日第一大客源国还会持续增加,1,True,False,0.0,0.15789473684210525,0.2857142857142857,1.0,-0.169677734375,0.0,0.0,0.0,0.0,0,,港媒中国乘访日第一大课原国还会持续增加
591,港媒中国成访日第一大客源国还会持续增加,2,False,False,0.0,0.15789473684210525,0.2857142857142857,0.860655737704918,-0.1759033203125,0.0,0.0,0.0,0.0,0,,港媒中国乘访日第一大课援国还会持续增加
591,港媒中国成访日第一大客源国还会持续增加,3,False,False,0.0,0.15789473684210525,0.2857142857142857,0.5901639344262295,-0.18798828125,0.0,0.0,0.0,0.0,0,,港媒中国城访日第一大课原国还会持续增加
591,港媒中国成访日第一大客源国还会持续增加,4,False,True,0.0,0.10526315789473684,0.14285714285714285,0.505464480874317,-0.1917724609375,0.0,0.0,0.0,0.0,0,,港媒中国乘访日第一大客援国还会持续增加
591,港媒中国成访日第一大客源国还会持续增加,5,False,False,0.0,0.15789473684210525,0.2857142857142857,0.12295081967213115,-0.2088623046875,0.0,0.0,0.0,0.0,0,,港媒中国城访日第一大课援国还会持续增加
591,港媒中国成访日第一大客源国还会持续增加,6,False,False,0.0,0.15789473684210525,0.2857142857142857,0.0,-0.21435546875,0.0,0.0,0.0,0.0,0,,港媒中国称访日第一大课原国还会持续增加
592,审计署审计长刘家义受国务院委托,1,True,False,0.0,0.3333333333333333,0.5,1.0,-0.2939453125,0.0,0.0,0.0,0.0,0,,沈纪署沈记长刘嘉义受国务院委托
592,审计署审计长刘家义受国务院委托,2,False,False,0.0,0.3333333333333333,0.5,0.5881188118811881,-0.3447265625,0.0,0.0,0.0,0.0,0,,沈纪署沈继长刘嘉义受国务院委托
592,审计署审计长刘家义受国务院委托,3,False,False,0.0,0.3333333333333333,0.5,0.5524752475247525,-0.34912109375,0.0,0.0,0.0,0.0,0,,省纪署省记长刘嘉义受国务院委托
592,审计署审计长刘家义受国务院委托,4,False,False,0.0,0.3333333333333333,0.5,0.5306930693069307,-0.351806640625,0.0,0.0,0.0,0.0,0,,省纪署沈记长刘嘉义受国务院委托
592,审计署审计长刘家义受国务院委托,5,False,False,0.0,0.3333333333333333,0.5,0.504950495049505,-0.35498046875,0.0,0.0,0.0,0.0,0,,省纪署沈纪长刘嘉义受国务院委托
592,审计署审计长刘家义受国务院委托,6,False,False,0.5,0.26666666666666666,0.3333333333333333,0.36435643564356435,-0.372314453125,0.0,0.0,0.0,0.0,0,,沈纪署沈记长刘家义受国务院委托
592,审计署审计长刘家义受国务院委托,7,False,True,0.5,0.2,0.16666666666666666,0.3603960396039604,-0.372802734375,0.0,0.0,0.0,0.0,0,,审计署沈记长刘嘉义受国务院委托
592,审计署审计长刘家义受国务院委托,8,False,False,0.0,0.3333333333333333,0.5,0.023762376237623763,-0.414306640625,0.0,0.0,0.0,0.0,0,,沈纪署沈记长刘家毅受国务院委托
592,审计署审计长刘家义受国务院委托,9,False,False,0.5,0.26666666666666666,0.3333333333333333,0.0,-0.417236328125,0.0,0.0,0.0,0.0,0,,沈纪署沈继长刘家义受国务院委托
593,刘家义在报告中指出,1,True,False,0.0,0.1111111111111111,0.3333333333333333,1.0,-0.0675048828125,0.0,0.0,0.0,0.0,0,,刘嘉义在报告中指出
593,刘家义在报告中指出,2,False,True,1.0,0.0,0.0,0.7933236574746009,-0.1544189453125,0.0,0.0,0.0,0.0,0,,刘家义在报告中指出
593,刘家义在报告中指出,3,False,False,0.0,0.1111111111111111,0.3333333333333333,0.462699564586357,-0.29345703125,0.0,0.0,0.0,0.0,0,,刘家意在报告中指出
593,刘家义在报告中指出,4,False,False,0.0,0.1111111111111111,0.3333333333333333,0.3251088534107402,-0.351318359375,0.0,0.0,0.0,0.0,0,,刘家毅在报告中指出
593,刘家义在报告中指出,5,False,False,0.0,0.1111111111111111,0.3333333333333333,0.2542815674891147,-0.381103515625,0.0,0.0,0.0,0.0,0,,刘佳义在报告中指出
593,刘家义在报告中指出,6,False,False,0.0,0.1111111111111111,0.3333333333333333,0.0853410740203193,-0.4521484375,0.0,0.0,0.0,0.0,0,,刘加义在报告中指出
593,刘家义在报告中指出,7,False,False,0.0,0.1111111111111111,0.3333333333333333,0.0,-0.488037109375,0.0,0.0,0.0,0.0,0,,刘家印在报告中指出
594,审计署审计长刘家义受国务院委托,1,True,False,0.0,0.3333333333333333,0.5,1.0,-0.2578125,0.0,0.0,0.0,0.0,0,,省纪署省记长刘嘉义受国务院委托
594,审计署审计长刘家义受国务院委托,2,False,False,0.0,0.3333333333333333,0.5,0.542997542997543,-0.30322265625,0.0,0.0,0.0,0.0,0,,省纪署省冀长刘嘉义受国务院委托
594,审计署审计长刘家义受国务院委托,3,False,False,0.0,0.3333333333333333,0.5,0.4520884520884521,-0.312255859375,0.0,0.0,0.0,0.0,0,,省技署省纪长刘嘉义受国务院委托
594,审计署审计长刘家义受国务院委托,4,False,False,0.0,0.3333333333333333,0.5,0.3832923832923833,-0.319091796875,0.0,0.0,0.0,0.0,0,,沈纪署沈记长刘嘉义受国务院委托
594,审计署审计长刘家义受国务院委托,5,False,False,0.0,0.4,0.8333333333333334,0.3095823095823096,-0.326416015625,0.0,0.0,0.0,0.0,0,,省纪署省军纪长刘嘉义受国务院委托
594,审计署审计长刘家义受国务院委托,6,False,False,0.0,0.26666666666666666,0.5,0.3071253071253071,-0.32666015625,0.0,0.0,0.0,0.0,0,,省纪署省计长刘嘉义受国务院委托
594,审计署审计长刘家义受国务院委托,7,False,True,0.5,0.26666666666666666,0.3333333333333333,0.16216216216216217,-0.341064453125,0.0,0.0,0.0,0.0,0,,省纪署省记长刘家义受国务院委托
594,审计署审计长刘家义受国务院委托,8,False,False,0.0,0.4,0.6666666666666666,0.07616707616707617,-0.349609375,0.0,0.0,0.0,0.0,0,,沈继淑沈记长刘嘉义受国务院委托
594,审计署审计长刘家义受国务院委托,9,False,False,0.0,0.4,0.5,0.06388206388206388,-0.350830078125,0.0,0.0,0.0,0.0,0,,省纪署省记长刘嘉义受过务院委托
594,审计署审计长刘家义受国务院委托,10,False,False,0.0,0.3333333333333333,0.5,0.04668304668304668,-0.3525390625,0.0,0.0,0.0,0.0,0,,省技署省记长刘嘉义受国务院委托
594,审计署审计长刘家义受国务院委托,11,False,False,0.0,0.3333333333333333,0.5,0.007371007371007371,-0.3564453125,0.0,0.0,0.0,0.0,0,,省纪署省军长刘嘉义受国务院委托
594,审计署审计长刘家义受国务院委托,12,False,False,0.0,0.4,0.6666666666666666,0.0,-0.357177734375,0.0,0.0,0.0,0.0,0,,沈技淑沈记长刘嘉义受国务院委托
595,由此可见苹果现在的业务确实比汽车行业更加赚钱,1,True,True,1.0,0.0,0.0,1.0,-0.045013427734375,0.0,0.0,0.0,0.0,0,,由此可见苹果现在的业务确实比汽车行业更加赚钱
595,由此可见苹果现在的业务确实比汽车行业更加赚钱,2,False,False,1.0,0.045454545454545456,0.0,0.2292177191328935,-0.1697998046875,0.0,0.0,0.0,0.0,0,,由此可见苹果现在的业务确实是比汽车行业更加赚钱
595,由此可见苹果现在的业务确实比汽车行业更加赚钱,3,False,False,1.0,0.045454545454545456,0.0,0.17266729500471253,-0.178955078125,0.0,0.0,0.0,0.0,0,,有此可见苹果现在的业务确实比汽车行业更加赚钱
595,由此可见苹果现在的业务确实比汽车行业更加赚钱,4,False,False,1.0,0.045454545454545456,0.0,0.0,-0.2069091796875,0.0,0.0,0.0,0.0,0,,由此可见苹果现在的业务确实比汽车行业更赚钱
596,他表示他肯定会与苹果展开合作,1,True,True,1.0,0.0,0.0,1.0,-0.08050537109375,0.0,0.0,0.0,0.0,0,,他表示他肯定会与苹果展开合作
596,他表示他肯定会与苹果展开合作,2,False,False,1.0,0.14285714285714285,0.0,0.7620868615132478,-0.1336669921875,0.0,0.0,0.0,0.0,0,,她表示她肯定会与苹果展开合作
596,他表示他肯定会与苹果展开合作,3,False,False,1.0,0.14285714285714285,0.0,0.0,-0.303955078125,0.0,0.0,0.0,0.0,0,,它表示它肯定会与苹果展开合作
597,苹果公司一直在秘密从事电汽汽车的研发,1,True,False,1.0,0.05555555555555555,0.0,1.0,-0.0703125,0.0,0.0,0.0,0.0,0,,苹果公司一直在秘密从事电气汽车的研发
597,苹果公司一直在秘密从事电汽汽车的研发,2,False,True,1.0,0.0,0.0,0.9356492027334852,-0.07720947265625,0.0,0.0,0.0,0.0,0,,苹果公司一直在秘密从事电汽汽车的研发
597,苹果公司一直在秘密从事电汽汽车的研发,3,False,False,1.0,0.05555555555555555,0.0,0.02050113895216401,-0.17529296875,0.0,0.0,0.0,0.0,0,,苹果公司一直在秘密从事电器汽车的研发
597,苹果公司一直在秘密从事电汽汽车的研发,4,False,False,1.0,0.05555555555555555,0.0,0.0,-0.177490234375,0.0,0.0,0.0,0.0,0,,苹果公司一直在秘密从事电池汽车的研发
598,苹果已为汽车项目招募了数百名员工,1,True,True,1.0,0.0,0.0,1.0,-0.08416748046875,0.0,0.0,0.0,0.0,0,,苹果已为汽车项目招募了数百名员工
598,苹果已为汽车项目招募了数百名员工,2,False,False,1.0,0.0625,0.0,0.40257945647167204,-0.163330078125,0.0,0.0,0.0,0.0,0,,苹果已为汽车项目招募数百名员工
598,苹果已为汽车项目招募了数百名员工,3,False,False,1.0,0.0625,0.0,0.0,-0.2166748046875,0.0,0.0,0.0,0.0,0,,苹果已经为汽车项目招募了数百名员工
599,苹果涉足汽车行业并不是1个好主意,1,True,True,1.0,0.0,0.0,1.0,-0.0118865966796875,0.0,0.0,0.0,0.0,0,,苹果涉足汽车行业并不是1个好主意
599,苹果涉足汽车行业并不是1个好主意,2,False,False,1.0,0.125,0.0,0.3536693191865606,-0.17919921875,0.0,0.0,0.0,0.0,0,,苹果涉足汽车行业并不是好主意
599,苹果涉足汽车行业并不是1个好主意,3,False,False,1.0,0.25,0.0,0.05847332743884468,-0.255615234375,0.0,0.0,0.0,0.0,0,,苹果涉足汽车行业并不是好选择
599,苹果涉足汽车行业并不是1个好主意,4,False,False,1.0,0.125,0.0,0.0,-0.270751953125,0.0,0.0,0.0,0.0,0,,苹果涉足汽车行业并不是1个好逐一
600,除了苹果上周公布的选定合作伙伴,1,True,True,1.0,0.0,0.0,1.0,-0.0084228515625,0.0,0.0,0.0,0.0,0,,除了苹果上周公布的选定合作伙伴
600,除了苹果上周公布的选定合作伙伴,2,False,False,1.0,0.06666666666666667,0.0,0.28449380606578384,-0.212890625,0.0,0.0,0.0,0.0,0,,除了苹果上周公布的选定合作伙伴儿
600,除了苹果上周公布的选定合作伙伴,3,False,False,1.0,0.06666666666666667,0.0,0.0,-0.294189453125,0.0,0.0,0.0,0.0,0,,除了苹果上周宣布的选定合作伙伴
601,有报道称苹果计划在2014年秋季推出其可穿戴设备,1,True,True,1.0,0.0,0.0,1.0,-0.0963134765625,0.0,0.0,0.0,0.0,0,,有报道称苹果计划在2014年秋季推出其可穿戴设备
601,有报道称苹果计划在2014年秋季推出其可穿戴设备,2,False,False,1.0,0.041666666666666664,0.0,0.7380952380952381,-0.1097412109375,0.0,0.0,0.0,0.0,0,,有报道称苹果计划在2014年秋季推出岂可穿戴设备
601,有报道称苹果计划在2014年秋季推出其可穿戴设备,3,False,False,1.0,0.041666666666666664,0.0,0.02857142857142857,-0.1461181640625,0.0,0.0,0.0,0.0,0,,有报道称苹果计划在2014年秋季推出即可穿戴设备
601,有报道称苹果计划在2014年秋季推出其可穿戴设备,4,False,False,1.0,0.041666666666666664,0.0,0.0,-0.1475830078125,0.0,0.0,0.0,0.0,0,,有报道称苹果计划在2014年秋季推出旗可穿戴设备
602,这将是苹果零售店采用的全新模式,1,True,False,1.0,0.06666666666666667,0.0,1.0,-0.061767578125,0.0,0.0,0.0,0.0,0,,这将是苹果零售键采用的全新模式
602,这将是苹果零售店采用的全新模式,2,False,True,1.0,0.0,0.0,0.9476221079691517,-0.07171630859375,0.0,0.0,0.0,0.0,0,,这将是苹果零售店采用的全新模式
602,这将是苹果零售店采用的全新模式,3,False,False,1.0,0.06666666666666667,0.0,0.762853470437018,-0.1068115234375,0.0,0.0,0.0,0.0,0,,这将是苹果零售件采用的全新模式
602,这将是苹果零售店采用的全新模式,4,False,False,1.0,0.06666666666666667,0.0,0.12596401028277635,-0.227783203125,0.0,0.0,0.0,0.0,0,,这将是苹果零售电采用的全新模式
602,这将是苹果零售店采用的全新模式,5,False,False,1.0,0.06666666666666667,0.0,0.12082262210796915,-0.228759765625,0.0,0.0,0.0,0.0,0,,这将是苹果零售鉴采用的全新模式
602,这将是苹果零售店采用的全新模式,6,False,False,1.0,0.06666666666666667,0.0,0.08804627249357326,-0.2349853515625,0.0,0.0,0.0,0.0,0,,这将是苹果零售卷采用的全新模式
602,这将是苹果零售店采用的全新模式,7,False,False,1.0,0.06666666666666667,0.0,0.0,-0.251708984375,0.0,0.0,0.0,0.0,0,,这将是苹果零售占采用的全新模式
603,美的集团总裁方洪波提出了上述3个问题,1,True,False,1.0,0.05555555555555555,0.0,1.0,-0.051239013671875,0.0,0.0,0.0,0.0,0,,美的集团总裁方鸿波提出了上述3个问题
603,美的集团总裁方洪波提出了上述3个问题,2,False,False,0.0,0.1111111111111111,0.25,0.9145458307469481,-0.0638427734375,0.0,0.0,0.0,0.0,0,,美帝集团总裁方鸿波提出了上述3个问题
603,美的集团总裁方洪波提出了上述3个问题,3,False,False,1.0,0.05555555555555555,0.0,0.398924063728533,-0.139892578125,0.0,0.0,0.0,0.0,0,,美的集团总裁方宏波提出了上述3个问题
603,美的集团总裁方洪波提出了上述3个问题,4,False,False,0.0,0.1111111111111111,0.25,0.20608317815021726,-0.1683349609375,0.0,0.0,0.0,0.0,0,,美帝集团总裁方宏波提出了上述3个问题
603,美的集团总裁方洪波提出了上述3个问题,5,False,True,1.0,0.0,0.0,0.16552865714876888,-0.17431640625,0.0,0.0,0.0,0.0,0,,美的集团总裁方洪波提出了上述3个问题
603,美的集团总裁方洪波提出了上述3个问题,6,False,False,1.0,0.05555555555555555,0.0,0.1473205048624043,-0.177001953125,0.0,0.0,0.0,0.0,0,,美的集团总裁方红波提出了上述3个问题
603,美的集团总裁方洪波提出了上述3个问题,7,False,False,0.0,0.05555555555555555,0.25,0.07531553900268984,-0.1876220703125,0.0,0.0,0.0,0.0,0,,美帝集团总裁方洪波提出了上述3个问题
603,美的集团总裁方洪波提出了上述3个问题,8,False,False,0.0,0.1111111111111111,0.25,0.03558866128698531,-0.1934814453125,0.0,0.0,0.0,0.0,0,,美地集团总裁方鸿波提出了上述3个问题
603,美的集团总裁方洪波提出了上述3个问题,9,False,False,0.0,0.1111111111111111,0.25,0.015725222429133042,-0.1964111328125,0.0,0.0,0.0,0.0,0,,美D集团总裁方鸿波提出了上述3个问题
603,美的集团总裁方洪波提出了上述3个问题,10,False,False,1.0,0.1111111111111111,0.0,0.0,-0.19873046875,0.0,0.0,0.0,0.0,0,,美的集团总裁方鸿博提出了上述3个问题
604,7月成立了美的部品事业部,1,True,False,0.0,0.08333333333333333,0.14285714285714285,1.0,-0.11334228515625,0.0,0.0,0.0,0.0,0,,7月成立了美帝部品事业部
604,7月成立了美的部品事业部,2,False,True,1.0,0.0,0.0,0.7614855570839064,-0.166259765625,0.0,0.0,0.0,0.0,0,,7月成立了美的部品事业部
604,7月成立了美的部品事业部,3,False,False,0.0,0.08333333333333333,0.14285714285714285,0.6272352132049519,-0.196044921875,0.0,0.0,0.0,0.0,0,,7月成立了美地部品事业部
604,7月成立了美的部品事业部,4,False,False,0.0,0.16666666666666666,0.2857142857142857,0.0671251719394773,-0.3203125,0.0,0.0,0.0,0.0,0,,7月成立了美帝布品事业部
604,7月成立了美的部品事业部,5,False,False,0.0,0.16666666666666666,0.2857142857142857,0.0,-0.335205078125,0.0,0.0,0.0,0.0,0,,7月成立了美帝部品试业部
605,威灵电机将有可能兼并美芝压缩机,1,True,False,0.0,0.26666666666666666,0.75,1.0,-0.126953125,0.0,0.0,0.0,0.0,0,,微零电机将有可能兼并每只压缩机
605,威灵电机将有可能兼并美芝压缩机,2,False,False,0.0,0.2,0.625,0.9242262540021344,-0.1356201171875,0.0,0.0,0.0,0.0,0,,微零电机将有可能兼并美之压缩机
605,威灵电机将有可能兼并美芝压缩机,3,False,False,0.0,0.2,0.625,0.5827107790821772,-0.1746826171875,0.0,0.0,0.0,0.0,0,,微零电机将有可能兼并美制压缩机
605,威灵电机将有可能兼并美芝压缩机,4,False,False,0.5,0.13333333333333333,0.5,0.4727854855923159,-0.187255859375,0.0,0.0,0.0,0.0,0,,微零电机将有可能兼并美芝压缩机
605,威灵电机将有可能兼并美芝压缩机,5,False,False,0.0,0.3333333333333333,0.75,0.43543223052294555,-0.1915283203125,0.0,0.0,0.0,0.0,0,,微零电机将有可能肩并每只压缩机
605,威灵电机将有可能兼并美芝压缩机,6,False,False,0.0,0.26666666666666666,0.625,0.4247598719316969,-0.1927490234375,0.0,0.0,0.0,0.0,0,,微零电机将有可能肩并美肢压缩机
605,威灵电机将有可能兼并美芝压缩机,7,False,False,0.0,0.26666666666666666,0.75,0.19743863393810032,-0.21875,0.0,0.0,0.0,0.0,0,,微零电机将有可能兼并每支压缩机
605,威灵电机将有可能兼并美芝压缩机,8,False,False,0.0,0.2,0.625,0.18890074706510138,-0.2197265625,0.0,0.0,0.0,0.0,0,,微零电机将有可能兼并美肢压缩机
605,威灵电机将有可能兼并美芝压缩机,9,False,True,0.5,0.06666666666666667,0.125,0.12913553895410887,-0.2265625,0.0,0.0,0.0,0.0,0,,威灵电机将有可能兼并美之压缩机
605,威灵电机将有可能兼并美芝压缩机,10,False,False,0.0,0.3333333333333333,0.625,0.09498399146211313,-0.23046875,0.0,0.0,0.0,0.0,0,,微零电机将有可能肩病美肢压缩机
605,威灵电机将有可能兼并美芝压缩机,11,False,False,0.0,0.2,0.625,0.08217716115261472,-0.23193359375,0.0,0.0,0.0,0.0,0,,微零电机将有可能兼并美支压缩机
605,威灵电机将有可能兼并美芝压缩机,12,False,False,0.0,0.4,0.75,0.0,-0.2413330078125,0.0,0.0,0.0,0.0,0,,微零电机将有可能歼病每只压缩机
606,这一点对于京津冀一带的居民来说是才最重要的,1,True,False,0.0,0.23809523809523808,1.0,1.0,-0.157958984375,0.0,0.0,0.0,0.0,0,,这一点对于经济一代的居民来说是最重要的
606,这一点对于京津冀一带的居民来说是才最重要的,2,False,True,1.0,0.047619047619047616,0.0,0.5093555093555093,-0.215576171875,0.0,0.0,0.0,0.0,0,,这一点对于京津冀一带的居民来说是最重要的
606,这一点对于京津冀一带的居民来说是才最重要的,3,False,False,0.0,0.2857142857142857,1.0,0.4126819126819127,-0.2269287109375,0.0,0.0,0.0,0.0,0,,这一点对于经济一代的居民来说才是最重要的
606,这一点对于京津冀一带的居民来说是才最重要的,4,False,False,0.0,0.23809523809523808,1.0,0.34303534303534305,-0.235107421875,0.0,0.0,0.0,0.0,0,,这一点对于经经济一代的居民来说是最重要的
606,这一点对于京津冀一带的居民来说是才最重要的,5,False,False,0.0,0.19047619047619047,1.0,0.3097713097713098,-0.239013671875,0.0,0.0,0.0,0.0,0,,这一点对于经济一带的居民来说是最重要的
606,这一点对于京津冀一带的居民来说是才最重要的,6,False,False,0.0,0.2857142857142857,1.0,0.30561330561330563,-0.239501953125,0.0,0.0,0.0,0.0,0,,这一点对于经济以来的居民来说是最重要的
606,这一点对于京津冀一带的居民来说是才最重要的,7,False,False,0.0,0.19047619047619047,1.0,0.24740124740124741,-0.246337890625,0.0,0.0,0.0,0.0,0,,这一点对于经济一代的居民来说是才最重要的
606,这一点对于京津冀一带的居民来说是才最重要的,8,False,False,0.0,0.2857142857142857,1.0,0.1288981288981289,-0.26025390625,0.0,0.0,0.0,0.0,0,,这一点对于经济以待的居民来说是最重要的
606,这一点对于京津冀一带的居民来说是才最重要的,9,False,False,0.0,0.23809523809523808,1.0,0.0,-0.275390625,0.0,0.0,0.0,0.0,0,,这一点对于精进剂一代的居民来说是最重要的
607,崇礼县发展较成熟的万龙滑雪场和云顶滑雪场,1,True,False,1.0,0.1,0.0,1.0,-0.389404296875,0.0,0.0,0.0,0.0,0,,崇离县发展较成熟的万龙滑雪场和云顶滑写场
607,崇礼县发展较成熟的万龙滑雪场和云顶滑雪场,2,False,True,1.0,0.05,0.0,0.7372881355932204,-0.39697265625,0.0,0.0,0.0,0.0,0,,崇礼县发展较成熟的万龙滑雪场和云顶滑写场
607,崇礼县发展较成熟的万龙滑雪场和云顶滑雪场,3,False,False,0.0,0.15,0.2,0.423728813559322,-0.406005859375,0.0,0.0,0.0,0.0,0,,崇离县发展较成熟的万隆滑雪场和云顶滑写场
607,崇礼县发展较成熟的万龙滑雪场和云顶滑雪场,4,False,False,1.0,0.1,0.0,0.4067796610169492,-0.406494140625,0.0,0.0,0.0,0.0,0,,崇离县发展较成熟的万龙滑雪场和云顶华雪场
607,崇礼县发展较成熟的万龙滑雪场和云顶滑雪场,5,False,False,1.0,0.1,0.0,0.3898305084745763,-0.406982421875,0.0,0.0,0.0,0.0,0,,崇离县发展较成熟的万龙滑雪场和云顶滑血场
607,崇礼县发展较成熟的万龙滑雪场和云顶滑雪场,6,False,False,1.0,0.1,0.0,0.3389830508474576,-0.408447265625,0.0,0.0,0.0,0.0,0,,崇离县发展较成熟的万龙滑雪场和云顶滚雪场
607,崇礼县发展较成熟的万龙滑雪场和云顶滑雪场,7,False,False,1.0,0.1,0.0,0.2288135593220339,-0.41162109375,0.0,0.0,0.0,0.0,0,,崇离县发展较成熟的万龙滑雪场和云顶滑水场
607,崇礼县发展较成熟的万龙滑雪场和云顶滑雪场,8,False,False,1.0,0.1,0.0,0.15254237288135594,-0.413818359375,0.0,0.0,0.0,0.0,0,,崇离县发展较成熟的万龙滑雪场和云顶划雪场
607,崇礼县发展较成熟的万龙滑雪场和云顶滑雪场,9,False,False,1.0,0.05,0.0,0.11016949152542373,-0.4150390625,0.0,0.0,0.0,0.0,0,,崇礼县发展较成熟的万龙滑雪场和云顶华雪场
607,崇礼县发展较成熟的万龙滑雪场和云顶滑雪场,10,False,False,1.0,0.05,0.0,0.0423728813559322,-0.4169921875,0.0,0.0,0.0,0.0,0,,崇礼县发展较成熟的万龙滑雪场和云顶滑血场
607,崇礼县发展较成熟的万龙滑雪场和云顶滑雪场,11,False,False,1.0,0.05,0.0,0.01694915254237288,-0.417724609375,0.0,0.0,0.0,0.0,0,,崇礼县发展较成熟的万龙滑雪场和云顶滚雪场
607,崇礼县发展较成熟的万龙滑雪场和云顶滑雪场,12,False,False,0.0,0.15,0.2,0.0,-0.418212890625,0.0,0.0,0.0,0.0,0,,崇离县发展较成熟的万隆滑雪场和云顶滑血场
608,小海坨山是位于延庆境内的海坨山主峰,1,True,True,0.3333333333333333,0.11764705882352941,0.3125,1.0,-0.397705078125,0.0,0.0,0.0,0.0,0,,小海驼山是位于延庆境内的海驼山主峰
608,小海坨山是位于延庆境内的海坨山主峰,2,False,False,0.3333333333333333,0.11764705882352941,0.3125,0.985,-0.399169921875,0.0,0.0,0.0,0.0,0,,小海驼山是位于延庆境内的海陀山主峰
608,小海坨山是位于延庆境内的海坨山主峰,3,False,False,0.3333333333333333,0.17647058823529413,0.3125,0.72,-0.425048828125,0.0,0.0,0.0,0.0,0,,小海驼山是位于盐庆境内的海驼山主峰
608,小海坨山是位于延庆境内的海坨山主峰,4,False,False,0.3333333333333333,0.11764705882352941,0.3125,0.625,-0.434326171875,0.0,0.0,0.0,0.0,0,,小海驼山是位于延庆境内的海骄山主峰
608,小海坨山是位于延庆境内的海坨山主峰,5,False,False,0.3333333333333333,0.11764705882352941,0.3125,0.2075,-0.47509765625,0.0,0.0,0.0,0.0,0,,小海驼山是位于延庆境内的海骤山主峰
608,小海坨山是位于延庆境内的海坨山主峰,6,False,False,0.3333333333333333,0.17647058823529413,0.4375,0.1775,-0.47802734375,0.0,0.0,0.0,0.0,0,,小海驼山是位于延庆境内的海�驼山主峰
608,小海坨山是位于延庆境内的海坨山主峰,7,False,False,0.3333333333333333,0.11764705882352941,0.3125,0.09,-0.486572265625,0.0,0.0,0.0,0.0,0,,小海驼山是位于延庆境内的海驴山主峰
608,小海坨山是位于延庆境内的海坨山主峰,8,False,False,0.3333333333333333,0.11764705882352941,0.3125,0.0,-0.495361328125,0.0,0.0,0.0,0.0,0,,小海驼山是位于延庆境内的海驘山主峰
609,经历过北京站和上海站2次比赛,1,True,False,0.0,0.14285714285714285,0.3333333333333333,1.0,-0.038818359375,0.0,0.0,0.0,0.0,0,,经历过北京战和上海战2次比赛
609,经历过北京站和上海站2次比赛,2,False,True,1.0,0.0,0.0,0.692787177203918,-0.123046875,0.0,0.0,0.0,0.0,0,,经历过北京站和上海站2次比赛
609,经历过北京站和上海站2次比赛,3,False,False,0.0,0.21428571428571427,0.3333333333333333,0.27025823686553874,-0.2388916015625,0.0,0.0,0.0,0.0,0,,经历过北京战与上海战2次比赛
609,经历过北京站和上海站2次比赛,4,False,False,1.0,0.07142857142857142,0.0,0.029385574354407838,-0.304931640625,0.0,0.0,0.0,0.0,0,,经历过北京站与上海站2次比赛
609,经历过北京站和上海站2次比赛,5,False,False,0.0,0.21428571428571427,0.3333333333333333,0.0,-0.31298828125,0.0,0.0,0.0,0.0,0,,经历过北京战和上海战的2次比赛
610,尤为引人瞩目的莫过于李子成,1,True,False,0.0,0.15384615384615385,0.3333333333333333,1.0,-0.1123046875,0.0,0.0,0.0,0.0,0,,尤为引人注目的莫过于李子诚
610,尤为引人瞩目的莫过于李子成,2,False,False,0.0,0.23076923076923078,0.6666666666666666,0.41022280471821754,-0.22216796875,0.0,0.0,0.0,0.0,0,,尤为引人注目的莫过于离子城
610,尤为引人瞩目的莫过于李子成,3,False,True,1.0,0.07692307692307693,0.0,0.40104849279161203,-0.223876953125,0.0,0.0,0.0,0.0,0,,尤为引人注目的莫过于李子成
610,尤为引人瞩目的莫过于李子成,4,False,False,0.0,0.15384615384615385,0.3333333333333333,0.02621231979030144,-0.293701171875,0.0,0.0,0.0,0.0,0,,尤为引人注目的莫过于李子承
610,尤为引人瞩目的莫过于李子成,5,False,False,0.0,0.23076923076923078,0.6666666666666666,0.0,-0.298583984375,0.0,0.0,0.0,0.0,0,,尤为引人注目的莫过于礼子城
611,而十公里女子组由刘庆红以三十四分十秒夺得冠军,1,True,False,0.0,0.36363636363636365,1.0,1.0,-0.1517333984375,0.0,0.0,0.0,0.0,0,,而10公里女子组由刘秀红以34分10秒夺得冠军
611,而十公里女子组由刘庆红以三十四分十秒夺得冠军,2,False,False,0.0,0.36363636363636365,1.0,0.6231155778894473,-0.160888671875,0.0,0.0,0.0,0.0,0,,而10公里女子组由刘秋红以34分10秒夺得冠军
611,而十公里女子组由刘庆红以三十四分十秒夺得冠军,3,False,True,0.0,0.2727272727272727,0.3333333333333333,0.5175879396984925,-0.1634521484375,0.0,0.0,0.0,0.0,0,,而十公里女子组由刘秀红以34分10秒夺得冠军
611,而十公里女子组由刘庆红以三十四分十秒夺得冠军,4,False,False,0.0,0.4090909090909091,1.0,0.5125628140703518,-0.16357421875,0.0,0.0,0.0,0.0,0,,而10公里女子组由刘秋虹以34分10秒夺得冠军
611,而十公里女子组由刘庆红以三十四分十秒夺得冠军,5,False,False,0.0,0.2727272727272727,0.3333333333333333,0.04020100502512563,-0.175048828125,0.0,0.0,0.0,0.0,0,,而十公里女子组由刘秋红以34分10秒夺得冠军
611,而十公里女子组由刘庆红以三十四分十秒夺得冠军,6,False,False,0.0,0.3181818181818182,0.6666666666666666,0.0,-0.176025390625,0.0,0.0,0.0,0.0,0,,而十公里女子组由刘秋虹以34分10秒夺得冠军
612,新京报报道思维发散表情与肢体语言丰富,1,True,True,1.0,0.0,0.0,1.0,-0.1160888671875,0.0,0.0,0.0,0.0,0,,新京报报道思维发散表情与肢体语言丰富
612,新京报报道思维发散表情与肢体语言丰富,2,False,False,1.0,0.05555555555555555,0.0,0.0,-0.130615234375,0.0,0.0,0.0,0.0,0,,新京报报导思维发散表情与肢体语言丰富
613,朱祖儿操刀灰色调封面,1,True,True,0.0,0.2,0.6666666666666666,1.0,-0.2890625,0.0,0.0,0.0,0.0,0,,珠索儿操刀灰色调封面
613,朱祖儿操刀灰色调封面,2,False,False,0.0,0.3,1.0,0.9663865546218487,-0.291015625,0.0,0.0,0.0,0.0,0,,诸所而操刀灰色调封面
613,朱祖儿操刀灰色调封面,3,False,False,0.0,0.3,1.0,0.8571428571428571,-0.29736328125,0.0,0.0,0.0,0.0,0,,竹锁操刀灰色调封面
613,朱祖儿操刀灰色调封面,4,False,False,0.0,0.3,1.0,0.6050420168067226,-0.31201171875,0.0,0.0,0.0,0.0,0,,诸索而操刀灰色调封面
613,朱祖儿操刀灰色调封面,5,False,False,0.0,0.2,0.6666666666666666,0.5126050420168067,-0.3173828125,0.0,0.0,0.0,0.0,0,,猪鼠儿操刀灰色调封面
613,朱祖儿操刀灰色调封面,6,False,False,0.0,0.3,1.0,0.39915966386554624,-0.323974609375,0.0,0.0,0.0,0.0,0,,珠索而操刀灰色调封面
613,朱祖儿操刀灰色调封面,7,False,False,0.0,0.3,1.0,0.0,-0.34716796875,0.0,0.0,0.0,0.0,0,,竹索而操刀灰色调封面
614,袁两半1人歌词包办,1,True,True,0.0,0.1111111111111111,0.5,1.0,-0.2467041015625,0.0,0.0,0.0,0.0,0,,原两半1人歌词包办
614,袁两半1人歌词包办,2,False,False,0.0,0.2222222222222222,0.5,0.83311199645861,-0.292724609375,0.0,0.0,0.0,0.0,0,,原两半艺人歌词包办
614,袁两半1人歌词包办,3,False,False,0.0,0.1111111111111111,0.5,0.5683930942895087,-0.36572265625,0.0,0.0,0.0,0.0,0,,圆两半1人歌词包办
614,袁两半1人歌词包办,4,False,False,0.0,0.1111111111111111,0.5,0.27976980965028775,-0.4453125,0.0,0.0,0.0,0.0,0,,元两半1人歌词包办
614,袁两半1人歌词包办,5,False,False,0.0,0.2222222222222222,0.5,0.1363435148295706,-0.48486328125,0.0,0.0,0.0,0.0,0,,原两办1人歌词包办
614,袁两半1人歌词包办,6,False,False,0.0,0.2222222222222222,0.5,0.0,-0.5224609375,0.0,0.0,0.0,0.0,0,,原两半以人歌词包办
615,好友陈妍希晒与潘玮柏搞怪合影为他庆生,1,True,False,0.0,0.2222222222222222,0.6666666666666666,1.0,-0.233642578125,0.0,0.0,0.0,0.0,0,,好友陈延熙晒与潘伟博搞怪合影为他庆生
615,好友陈妍希晒与潘玮柏搞怪合影为他庆生,2,False,False,0.0,0.3333333333333333,0.6666666666666666,0.7777777777777778,-0.250732421875,0.0,0.0,0.0,0.0,0,,好友陈延熙晒与潘伟博稿冠合影为他庆生
615,好友陈妍希晒与潘玮柏搞怪合影为他庆生,3,False,False,0.0,0.3888888888888889,0.6666666666666666,0.6095238095238096,-0.263671875,0.0,0.0,0.0,0.0,0,,好友陈延熙晒与潘伟博稿冠合营为他庆生
615,好友陈妍希晒与潘玮柏搞怪合影为他庆生,4,False,False,0.0,0.2777777777777778,0.6666666666666666,0.5111111111111111,-0.271240234375,0.0,0.0,0.0,0.0,0,,好友陈延熙善与潘伟博搞怪合影为他庆生
615,好友陈妍希晒与潘玮柏搞怪合影为他庆生,5,False,False,0.0,0.2222222222222222,0.6666666666666666,0.38095238095238093,-0.28125,0.0,0.0,0.0,0.0,0,,好友陈延熙晒与潘韦伯搞怪合影为他庆生
615,好友陈妍希晒与潘玮柏搞怪合影为他庆生,6,False,False,0.0,0.3888888888888889,0.6666666666666666,0.26031746031746034,-0.29052734375,0.0,0.0,0.0,0.0,0,,好友陈延熙善与潘伟博稿冠合影为他庆生
615,好友陈妍希晒与潘玮柏搞怪合影为他庆生,7,False,False,0.0,0.4444444444444444,0.6666666666666666,0.26031746031746034,-0.29052734375,0.0,0.0,0.0,0.0,0,,好友陈延熙善与潘伟博稿冠合营为他庆生
615,好友陈妍希晒与潘玮柏搞怪合影为他庆生,8,False,False,0.0,0.2777777777777778,0.6666666666666666,0.20317460317460317,-0.294921875,0.0,0.0,0.0,0.0,0,,好友陈延熙晒与潘伟博搞怪合影为她庆生
615,好友陈妍希晒与潘玮柏搞怪合影为他庆生,9,False,True,0.0,0.2777777777777778,0.3333333333333333,0.0,-0.310546875,0.0,0.0,0.0,0.0,0,,好友陈妍熙善与潘伟博搞怪合影为她庆生
616,27日深夜终于在云林县1家废弃空屋中救出了黄立坤,1,True,True,1.0,0.0,0.0,1.0,-0.07342529296875,0.0,0.0,0.0,0.0,0,,27日深夜终于在云林县1家废弃空屋中救出了黄立坤
616,27日深夜终于在云林县1家废弃空屋中救出了黄立坤,2,False,False,0.5,0.041666666666666664,0.16666666666666666,0.8272373540856031,-0.08697509765625,0.0,0.0,0.0,0.0,0,,27日深夜终于在云林县1家废弃空屋中救出了黄力坤
616,27日深夜终于在云林县1家废弃空屋中救出了黄立坤,3,False,False,0.5,0.041666666666666664,0.16666666666666666,0.532295719844358,-0.110107421875,0.0,0.0,0.0,0.0,0,,27日深夜终于在云宁县1家废弃空屋中救出了黄立坤
616,27日深夜终于在云林县1家废弃空屋中救出了黄立坤,4,False,False,0.0,0.08333333333333333,0.3333333333333333,0.3976653696498054,-0.12066650390625,0.0,0.0,0.0,0.0,0,,27日深夜终于在云宁县1家废弃空屋中救出了黄力坤
616,27日深夜终于在云林县1家废弃空屋中救出了黄立坤,5,False,False,0.5,0.041666666666666664,0.16666666666666666,0.23190661478599223,-0.1336669921875,0.0,0.0,0.0,0.0,0,,27日深夜终于在云林县1家废弃空屋中救出了黄厉坤
616,27日深夜终于在云林县1家废弃空屋中救出了黄立坤,6,False,False,0.5,0.041666666666666664,0.16666666666666666,0.13540856031128404,-0.1412353515625,0.0,0.0,0.0,0.0,0,,27日深夜终于在云霖县1家废弃空屋中救出了黄立坤
616,27日深夜终于在云林县1家废弃空屋中救出了黄立坤,7,False,False,0.5,0.041666666666666664,0.16666666666666666,0.023346303501945526,-0.1500244140625,0.0,0.0,0.0,0.0,0,,27日深夜终于在云林县1家废弃空屋中救出了黄利坤
616,27日深夜终于在云林县1家废弃空屋中救出了黄立坤,8,False,False,0.5,0.041666666666666664,0.16666666666666666,0.01556420233463035,-0.150634765625,0.0,0.0,0.0,0.0,0,,27日深夜终于在云林县1家废弃空屋中救出了黄丽坤
616,27日深夜终于在云林县1家废弃空屋中救出了黄立坤,9,False,False,0.5,0.041666666666666664,0.16666666666666666,0.00933852140077821,-0.151123046875,0.0,0.0,0.0,0.0,0,,27日深夜终于在云林县1家废弃空屋中救出了黄立昆
616,27日深夜终于在云林县1家废弃空屋中救出了黄立坤,10,False,False,0.0,0.08333333333333333,0.3333333333333333,0.0,-0.15185546875,0.0,0.0,0.0,0.0,0,,27日深夜终于在云霖县1家废弃空屋中救出了黄力坤
617,港报评上海迪尼士不意味着香港迪尼士的没落,1,True,False,0.0,0.25,0.3,1.0,-0.453369140625,0.0,0.0,0.0,0.0,0,,港暴平上海迪尼斯不意味着香港迪泥斯的没落
617,港报评上海迪尼士不意味着香港迪尼士的没落,2,False,False,0.0,0.25,0.3,0.9039039039039038,-0.461181640625,0.0,0.0,0.0,0.0,0,,港暴屏上海迪尼斯不意味着香港迪泥斯的没落
617,港报评上海迪尼士不意味着香港迪尼士的没落,3,False,False,0.0,0.25,0.3,0.8258258258258259,-0.467529296875,0.0,0.0,0.0,0.0,0,,港豹屏上海迪尼斯不意味着香港迪泥斯的没落
617,港报评上海迪尼士不意味着香港迪尼士的没落,4,False,False,0.0,0.25,0.3,0.48348348348348347,-0.495361328125,0.0,0.0,0.0,0.0,0,,港爆屏上海迪尼斯不意味着香港迪泥斯的没落
617,港报评上海迪尼士不意味着香港迪尼士的没落,5,False,False,0.0,0.3,0.3,0.4804804804804805,-0.49560546875,0.0,0.0,0.0,0.0,0,,感冒屏上海迪尼斯不意味着香港迪泥斯的没落
617,港报评上海迪尼士不意味着香港迪尼士的没落,6,False,True,0.0,0.15,0.3,0.3783783783783784,-0.50390625,0.0,0.0,0.0,0.0,0,,港报评上海迪尼斯不意味着香港迪泥斯的没落
617,港报评上海迪尼士不意味着香港迪尼士的没落,7,False,False,0.0,0.3,0.3,0.21021021021021022,-0.517578125,0.0,0.0,0.0,0.0,0,,港暴平上海迪尼斯不意味著香港迪泥斯的没落
617,港报评上海迪尼士不意味着香港迪尼士的没落,8,False,False,0.0,0.3,0.3,0.21021021021021022,-0.517578125,0.0,0.0,0.0,0.0,0,,港豹屏上海迪尼斯不意味著香港迪泥斯的没落
617,港报评上海迪尼士不意味着香港迪尼士的没落,9,False,False,0.0,0.3,0.3,0.16216216216216217,-0.521484375,0.0,0.0,0.0,0.0,0,,港暴屏上海迪尼斯不意味著香港迪泥斯的没落
617,港报评上海迪尼士不意味着香港迪尼士的没落,10,False,False,0.0,0.25,0.3,0.15015015015015015,-0.5224609375,0.0,0.0,0.0,0.0,0,,港报屏上海迪尼斯不意味著香港迪泥斯的没落
617,港报评上海迪尼士不意味着香港迪尼士的没落,11,False,False,0.0,0.25,0.3,0.14414414414414414,-0.52294921875,0.0,0.0,0.0,0.0,0,,港豹平上海迪尼斯不意味着香港迪泥斯的没落
617,港报评上海迪尼士不意味着香港迪尼士的没落,12,False,False,0.0,0.25,0.3,0.0,-0.53466796875,0.0,0.0,0.0,0.0,0,,港暴平上海迪尼斯不意味着香港迪迪斯的没落
618,港报内地医院仍控制处方药销售电商盼网售解禁,1,True,False,0.0,0.19047619047619047,0.3333333333333333,1.0,-0.218505859375,0.0,0.0,0.0,0.0,0,,港报内第一院仍控制出方药销售电商判网售解禁
618,港报内地医院仍控制处方药销售电商盼网售解禁,2,False,False,0.0,0.23809523809523808,0.3333333333333333,0.6453900709219859,-0.230712890625,0.0,0.0,0.0,0.0,0,,港报内第一院仍控制厨房药销售电商盘网售解禁
618,港报内地医院仍控制处方药销售电商盼网售解禁,3,False,False,0.0,0.23809523809523808,0.3333333333333333,0.3900709219858156,-0.239501953125,0.0,0.0,0.0,0.0,0,,港报内第一院仍控制厨房药销售电商判网售解禁
618,港报内地医院仍控制处方药销售电商盼网售解禁,4,False,False,0.0,0.2857142857142857,0.3333333333333333,0.30851063829787234,-0.2423095703125,0.0,0.0,0.0,0.0,0,,港报内第一院仍控制处方药效受电商盘网受解禁
618,港报内地医院仍控制处方药销售电商盼网售解禁,5,False,True,0.0,0.14285714285714285,0.3333333333333333,0.2730496453900709,-0.2435302734375,0.0,0.0,0.0,0.0,0,,港报内第一院仍控制处方药销售电商盘网售解禁
618,港报内地医院仍控制处方药销售电商盼网售解禁,6,False,False,0.0,0.23809523809523808,0.3333333333333333,0.2730496453900709,-0.2435302734375,0.0,0.0,0.0,0.0,0,,港报内第1院仍控制厨房药销售电商盘网售解禁
618,港报内地医院仍控制处方药销售电商盼网售解禁,7,False,False,0.0,0.23809523809523808,0.3333333333333333,0.23049645390070922,-0.2449951171875,0.0,0.0,0.0,0.0,0,,港报内第一院仍控制出方要销售电商盘网售解禁
618,港报内地医院仍控制处方药销售电商盼网售解禁,8,False,False,0.0,0.2857142857142857,0.3333333333333333,0.13829787234042554,-0.2481689453125,0.0,0.0,0.0,0.0,0,,港报内第一院仍控制处方药效受电商判网受解禁
618,港报内地医院仍控制处方药销售电商盼网售解禁,9,False,False,0.0,0.2857142857142857,0.3333333333333333,0.0,-0.2529296875,0.0,0.0,0.0,0.0,0,,港报内第一院仍控制厨房要销售电商盘网售解禁
619,南都讯记者王睦广发自香港今年4月初,1,True,True,0.0,0.058823529411764705,0.25,1.0,-0.1868896484375,0.0,0.0,0.0,0.0,0,,南都讯记者王牧广发自香港今年4月初
619,南都讯记者王睦广发自香港今年4月初,2,False,False,0.0,0.11764705882352941,0.5,0.8096980786825252,-0.2122802734375,0.0,0.0,0.0,0.0,0,,南都讯记者王牧华发自香港今年4月初
619,南都讯记者王睦广发自香港今年4月初,3,False,False,0.0,0.058823529411764705,0.25,0.49954254345837146,-0.253662109375,0.0,0.0,0.0,0.0,0,,南都讯记者王沐广发自香港今年4月初
619,南都讯记者王睦广发自香港今年4月初,4,False,False,0.0,0.11764705882352941,0.25,0.3787740164684355,-0.269775390625,0.0,0.0,0.0,0.0,0,,南都训记者王牧广发自香港今年4月初
619,南都讯记者王睦广发自香港今年4月初,5,False,False,0.0,0.058823529411764705,0.25,0.26349496797804206,-0.28515625,0.0,0.0,0.0,0.0,0,,南都讯记者王木广发自香港今年4月初
619,南都讯记者王睦广发自香港今年4月初,6,False,False,0.0,0.11764705882352941,0.5,0.23055809698078683,-0.28955078125,0.0,0.0,0.0,0.0,0,,南都讯记者王牧刮发自香港今年4月初
619,南都讯记者王睦广发自香港今年4月初,7,False,False,0.0,0.17647058823529413,0.5,0.21591948764867339,-0.29150390625,0.0,0.0,0.0,0.0,0,,南都训记者王牧华发自香港今年4月初
619,南都讯记者王睦广发自香港今年4月初,8,False,False,0.0,0.11764705882352941,0.75,0.18298261665141813,-0.2958984375,0.0,0.0,0.0,0.0,0,,南都讯记者王牧发自香港今年4月初
619,南都讯记者王睦广发自香港今年4月初,9,False,False,0.0,0.11764705882352941,0.5,0.08051235132662397,-0.3095703125,0.0,0.0,0.0,0.0,0,,南都讯记者王牧说发自香港今年4月初
619,南都讯记者王睦广发自香港今年4月初,10,False,False,0.0,0.11764705882352941,0.5,0.07502287282708142,-0.310302734375,0.0,0.0,0.0,0.0,0,,南都讯记者王木华发自香港今年4月初
619,南都讯记者王睦广发自香港今年4月初,11,False,False,0.0,0.11764705882352941,0.5,0.0,-0.3203125,0.0,0.0,0.0,0.0,0,,南都讯记者王牧光发自香港今年4月初
620,游客偷走雷峰塔砖块想供奉起来做药给老人喝,1,True,False,0.0,0.05,0.3333333333333333,1.0,-0.06768798828125,0.0,0.0,0.0,0.0,0,,游客偷走雷锋塔砖块想供奉起来做药给老人喝
620,游客偷走雷峰塔砖块想供奉起来做药给老人喝,2,False,True,1.0,0.0,0.0,0.6331569664902998,-0.10577392578125,0.0,0.0,0.0,0.0,0,,游客偷走雷峰塔砖块想供奉起来做药给老人喝
620,游客偷走雷峰塔砖块想供奉起来做药给老人喝,3,False,False,0.0,0.1,0.3333333333333333,0.46678424456202233,-0.123046875,0.0,0.0,0.0,0.0,0,,游客偷走雷锋塔砖块想供奉其来做药给老人喝
620,游客偷走雷峰塔砖块想供奉起来做药给老人喝,4,False,False,0.0,0.05,0.3333333333333333,0.4021164021164021,-0.1297607421875,0.0,0.0,0.0,0.0,0,,游客偷走雷封塔砖块想供奉起来做药给老人喝
620,游客偷走雷峰塔砖块想供奉起来做药给老人喝,5,False,False,0.0,0.1,0.3333333333333333,0.2986478542034098,-0.1405029296875,0.0,0.0,0.0,0.0,0,,游客偷走雷锋塔砖块想供奉祈来做药给老人喝
620,游客偷走雷峰塔砖块想供奉起来做药给老人喝,6,False,False,0.0,0.1,0.3333333333333333,0.2727807172251617,-0.1431884765625,0.0,0.0,0.0,0.0,0,,游客偷走雷锋塔砖块想供奉起来作药给老人喝
620,游客偷走雷峰塔砖块想供奉起来做药给老人喝,7,False,False,0.0,0.1,0.3333333333333333,0.1987066431510876,-0.15087890625,0.0,0.0,0.0,0.0,0,,游客偷走雷锋塔砖块想供奉旗来做药给老人喝
620,游客偷走雷峰塔砖块想供奉起来做药给老人喝,8,False,False,1.0,0.05,0.0,0.17754262198706644,-0.153076171875,0.0,0.0,0.0,0.0,0,,游客偷走雷峰塔砖块想供奉其来做药给老人喝
620,游客偷走雷峰塔砖块想供奉起来做药给老人喝,9,False,False,1.0,0.05,0.0,0.11992945326278659,-0.1590576171875,0.0,0.0,0.0,0.0,0,,游客偷走雷峰塔砖块想供奉祈来做药给老人喝
620,游客偷走雷峰塔砖块想供奉起来做药给老人喝,10,False,False,1.0,0.05,0.0,0.0,-0.1715087890625,0.0,0.0,0.0,0.0,0,,游客偷走雷峰塔砖块想供奉旗来做药给老人喝
621,南京市民张女士化姓去无锡旅游时,1,True,False,0.0,0.06666666666666667,0.3333333333333333,1.0,-0.26025390625,0.0,0.0,0.0,0.0,0,,南京市民章女士化姓去无锡旅游时
621,南京市民张女士化姓去无锡旅游时,2,False,True,1.0,0.06666666666666667,0.0,0.6358974358974359,-0.277587890625,0.0,0.0,0.0,0.0,0,,南京市民张女士化兴去无锡旅游时
621,南京市民张女士化姓去无锡旅游时,3,False,False,1.0,0.13333333333333333,0.0,0.5794871794871795,-0.2802734375,0.0,0.0,0.0,0.0,0,,南京市名张女士话姓去无锡旅游时
621,南京市民张女士化姓去无锡旅游时,4,False,False,1.0,0.06666666666666667,0.0,0.41025641025641024,-0.288330078125,0.0,0.0,0.0,0.0,0,,南京市名张女士化姓去无锡旅游时
621,南京市民张女士化姓去无锡旅游时,5,False,False,0.0,0.13333333333333333,0.3333333333333333,0.2512820512820513,-0.2958984375,0.0,0.0,0.0,0.0,0,,南京市明章女士化姓去无锡旅游时
621,南京市民张女士化姓去无锡旅游时,6,False,False,0.0,0.13333333333333333,0.3333333333333333,0.2153846153846154,-0.297607421875,0.0,0.0,0.0,0.0,0,,南京市名章女士化姓去无锡旅游时
621,南京市民张女士化姓去无锡旅游时,7,False,False,0.0,0.13333333333333333,0.3333333333333333,0.13333333333333333,-0.301513671875,0.0,0.0,0.0,0.0,0,,南京市民章女士化兴去无锡旅游时
621,南京市民张女士化姓去无锡旅游时,8,False,False,1.0,0.3333333333333333,0.0,0.02564102564102564,-0.306640625,0.0,0.0,0.0,0.0,0,,南京市闻张女士话兴趣无需旅游时
621,南京市民张女士化姓去无锡旅游时,9,False,False,1.0,0.06666666666666667,0.0,0.0,-0.307861328125,0.0,0.0,0.0,0.0,0,,南京市民张女士话姓去无锡旅游时
622,这让张女士哭笑不得,1,True,True,1.0,0.0,0.0,1.0,-0.040924072265625,0.0,0.0,0.0,0.0,0,,这让张女士哭笑不得
622,这让张女士哭笑不得,2,False,False,1.0,0.1111111111111111,0.6666666666666666,0.023827252419955324,-0.56103515625,0.0,0.0,0.0,0.0,0,,这要让张女士哭笑不得
622,这让张女士哭笑不得,3,False,False,0.0,0.1111111111111111,0.3333333333333333,0.0,-0.57373046875,0.0,0.0,0.0,0.0,0,,这让章女士哭笑不得
623,现代快报记者赵书伶,1,True,False,0.0,0.2222222222222222,0.6666666666666666,1.0,-0.1671142578125,0.0,0.0,0.0,0.0,0,,现代快报记者赵舒灵
623,现代快报记者赵书伶,2,False,False,0.0,0.2222222222222222,0.6666666666666666,0.7829573934837093,-0.219970703125,0.0,0.0,0.0,0.0,0,,现代快报记者赵舒龄
623,现代快报记者赵书伶,3,False,True,0.0,0.1111111111111111,0.3333333333333333,0.7704260651629072,-0.2230224609375,0.0,0.0,0.0,0.0,0,,现代快报记者赵书林
623,现代快报记者赵书伶,4,False,False,0.0,0.2222222222222222,0.6666666666666666,0.7639097744360902,-0.224609375,0.0,0.0,0.0,0.0,0,,现代快报记者赵树龄
623,现代快报记者赵书伶,5,False,False,0.0,0.1111111111111111,0.3333333333333333,0.7553884711779448,-0.2266845703125,0.0,0.0,0.0,0.0,0,,现代快报记者赵书龄
623,现代快报记者赵书伶,6,False,False,0.0,0.2222222222222222,0.6666666666666666,0.6005012531328321,-0.264404296875,0.0,0.0,0.0,0.0,0,,现代快报记者赵舒陵
623,现代快报记者赵书伶,7,False,False,0.0,0.2222222222222222,0.6666666666666666,0.53734335839599,-0.27978515625,0.0,0.0,0.0,0.0,0,,现代快报记者赵树林
623,现代快报记者赵书伶,8,False,False,0.0,0.2222222222222222,0.6666666666666666,0.46015037593984964,-0.298583984375,0.0,0.0,0.0,0.0,0,,现代快报记者赵舒林
623,现代快报记者赵书伶,9,False,False,0.0,0.1111111111111111,0.3333333333333333,0.38596491228070173,-0.316650390625,0.0,0.0,0.0,0.0,0,,现代快报记者赵书玲
623,现代快报记者赵书伶,10,False,False,0.0,0.2222222222222222,0.6666666666666666,0.3348370927318296,-0.3291015625,0.0,0.0,0.0,0.0,0,,现代快报记者赵舒玲
623,现代快报记者赵书伶,11,False,False,0.0,0.2222222222222222,0.6666666666666666,0.3057644110275689,-0.336181640625,0.0,0.0,0.0,0.0,0,,现代快报记者赵淑龄
623,现代快报记者赵书伶,12,False,False,0.0,0.1111111111111111,0.3333333333333333,0.2957393483709273,-0.338623046875,0.0,0.0,0.0,0.0,0,,现代快报记者赵书灵
623,现代快报记者赵书伶,13,False,False,0.0,0.2222222222222222,0.6666666666666666,0.23859649122807017,-0.3525390625,0.0,0.0,0.0,0.0,0,,现代快报记者赵淑玲
623,现代快报记者赵书伶,14,False,False,0.0,0.2222222222222222,0.6666666666666666,0.22255639097744362,-0.3564453125,0.0,0.0,0.0,0.0,0,,现代快报记者赵舒凌
623,现代快报记者赵书伶,15,False,False,0.0,0.1111111111111111,0.3333333333333333,0.1974937343358396,-0.362548828125,0.0,0.0,0.0,0.0,0,,现代快报记者赵书霖
623,现代快报记者赵书伶,16,False,False,0.0,0.2222222222222222,0.6666666666666666,0.0,-0.41064453125,0.0,0.0,0.0,0.0,0,,现代快报记者赵叔林
624,京华时报讯记者武红利与家人来京旅游,1,True,False,0.0,0.11764705882352941,0.6666666666666666,1.0,-0.1307373046875,0.0,0.0,0.0,0.0,0,,京华时报讯记者武宏丽与家人来京旅游
624,京华时报讯记者武红利与家人来京旅游,2,False,False,0.0,0.058823529411764705,0.3333333333333333,0.9962894248608535,-0.1309814453125,0.0,0.0,0.0,0.0,0,,京华时报讯记者武宏利与家人来京旅游
624,京华时报讯记者武红利与家人来京旅游,3,False,False,0.0,0.058823529411764705,0.3333333333333333,0.5695732838589982,-0.1590576171875,0.0,0.0,0.0,0.0,0,,京华时报讯记者武鸿利与家人来京旅游
624,京华时报讯记者武红利与家人来京旅游,4,False,False,0.0,0.17647058823529413,1.0,0.3821892393320965,-0.17138671875,0.0,0.0,0.0,0.0,0,,京华时报讯记者伍洪丽与家人来京旅游
624,京华时报讯记者武红利与家人来京旅游,5,False,False,0.0,0.11764705882352941,0.6666666666666666,0.313543599257885,-0.1759033203125,0.0,0.0,0.0,0.0,0,,京华时报讯记者伍红莉与家人来京旅游
624,京华时报讯记者武红利与家人来京旅游,6,False,False,0.0,0.11764705882352941,0.6666666666666666,0.20593692022263452,-0.1829833984375,0.0,0.0,0.0,0.0,0,,京华时报讯记者伍鸿利与家人来京旅游
624,京华时报讯记者武红利与家人来京旅游,7,False,False,0.0,0.11764705882352941,0.6666666666666666,0.19851576994434136,-0.1834716796875,0.0,0.0,0.0,0.0,0,,京华时报讯记者武洪丽与家人来京旅游
624,京华时报讯记者武红利与家人来京旅游,8,False,False,0.0,0.058823529411764705,0.3333333333333333,0.19480519480519481,-0.1837158203125,0.0,0.0,0.0,0.0,0,,京华时报讯记者伍红利与家人来京旅游
624,京华时报讯记者武红利与家人来京旅游,9,False,False,0.0,0.11764705882352941,0.6666666666666666,0.10204081632653061,-0.1898193359375,0.0,0.0,0.0,0.0,0,,京华时报讯记者伍宏利与家人来京旅游
624,京华时报讯记者武红利与家人来京旅游,10,False,False,0.0,0.058823529411764705,0.3333333333333333,0.061224489795918366,-0.1925048828125,0.0,0.0,0.0,0.0,0,,京华时报讯记者武红丽与家人来京旅游
624,京华时报讯记者武红利与家人来京旅游,11,False,True,1.0,0.0,0.0,0.059369202226345084,-0.192626953125,0.0,0.0,0.0,0.0,0,,京华时报讯记者武红利与家人来京旅游
624,京华时报讯记者武红利与家人来京旅游,12,False,False,0.0,0.11764705882352941,0.6666666666666666,0.027829313543599257,-0.1947021484375,0.0,0.0,0.0,0.0,0,,京华时报讯记者武鸿丽与家人来京旅游
624,京华时报讯记者武红利与家人来京旅游,13,False,False,0.0,0.11764705882352941,0.6666666666666666,0.012987012987012988,-0.1956787109375,0.0,0.0,0.0,0.0,0,,京华时报讯记者武弘丽与家人来京旅游
624,京华时报讯记者武红利与家人来京旅游,14,False,False,0.0,0.11764705882352941,0.6666666666666666,0.0074211502782931356,-0.196044921875,0.0,0.0,0.0,0.0,0,,京华时报讯记者伍红丽与家人来京旅游
624,京华时报讯记者武红利与家人来京旅游,15,False,False,0.0,0.11764705882352941,0.6666666666666666,0.0,-0.196533203125,0.0,0.0,0.0,0.0,0,,京华时报讯记者武宏立与家人来京旅游
625,中房指数研究所院长陈晟表示,1,True,False,0.0,0.15384615384615385,0.5,1.0,-0.065673828125,0.0,0.0,0.0,0.0,0,,中方指数研究所院长陈胜表示
625,中房指数研究所院长陈晟表示,2,False,True,0.0,0.07692307692307693,0.5,0.8585997794928335,-0.09698486328125,0.0,0.0,0.0,0.0,0,,中房指数研究所院长陈胜表示
625,中房指数研究所院长陈晟表示,3,False,False,0.0,0.15384615384615385,0.5,0.8070562293274531,-0.1083984375,0.0,0.0,0.0,0.0,0,,中防指数研究所院长陈胜表示
625,中房指数研究所院长陈晟表示,4,False,False,0.0,0.15384615384615385,0.5,0.015435501653803748,-0.28369140625,0.0,0.0,0.0,0.0,0,,中仿指数研究所院长陈胜表示
625,中房指数研究所院长陈晟表示,5,False,False,0.0,0.15384615384615385,0.5,0.0033076074972436605,-0.286376953125,0.0,0.0,0.0,0.0,0,,中方指数研究所院长陈盛表示
625,中房指数研究所院长陈晟表示,6,False,False,0.0,0.15384615384615385,0.5,0.0,-0.287109375,0.0,0.0,0.0,0.0,0,,中坊指数研究所院长陈胜表示
626,这样可以加深苹果和消费者之间的关系,1,True,True,1.0,0.0,0.0,1.0,-0.00492095947265625,0.0,0.0,0.0,0.0,0,,这样可以加深苹果和消费者之间的关系
626,这样可以加深苹果和消费者之间的关系,2,False,False,1.0,0.11764705882352941,1.0,0.21815891365160525,-0.326904296875,0.0,0.0,0.0,0.0,0,,可以加深苹果和消费者之间的关系
626,这样可以加深苹果和消费者之间的关系,3,False,False,1.0,0.058823529411764705,0.0,0.12567850460364216,-0.364990234375,0.0,0.0,0.0,0.0,0,,这样可以加深苹果与消费者之间的关系
626,这样可以加深苹果和消费者之间的关系,4,False,False,1.0,0.058823529411764705,1.0,0.03556938809537042,-0.402099609375,0.0,0.0,0.0,0.0,0,,这样可加深苹果和消费者之间的关系
626,这样可以加深苹果和消费者之间的关系,5,False,False,1.0,0.058823529411764705,1.0,0.0,-0.416748046875,0.0,0.0,0.0,0.0,0,,这可以加深苹果和消费者之间的关系
627,为提高苹果零售商店的服务质量,1,True,True,1.0,0.0,0.0,1.0,-0.0070343017578125,0.0,0.0,0.0,0.0,0,,为提高苹果零售商店的服务质量
627,为提高苹果零售商店的服务质量,2,False,False,1.0,0.07142857142857142,0.0,0.4032681356771478,-0.19091796875,0.0,0.0,0.0,0.0,0,,为提高苹果零售商店服务质量
627,为提高苹果零售商店的服务质量,3,False,False,1.0,0.07142857142857142,0.0,0.2507551374102501,-0.2379150390625,0.0,0.0,0.0,0.0,0,,未提高苹果零售商店的服务质量
627,为提高苹果零售商店的服务质量,4,False,False,1.0,0.07142857142857142,1.0,0.1600396137657836,-0.265869140625,0.0,0.0,0.0,0.0,0,,为了提高苹果零售商店的服务质量
627,为提高苹果零售商店的服务质量,5,False,False,1.0,0.07142857142857142,1.0,0.0,-0.315185546875,0.0,0.0,0.0,0.0,0,,提高苹果零售商店的服务质量
628,苹果将引入这样一套顾客接待系统,1,True,True,0.0,0.13333333333333333,1.0,1.0,-0.0234527587890625,0.0,0.0,0.0,0.0,0,,中国将引入这样一套顾客接待系统
628,苹果将引入这样一套顾客接待系统,2,False,False,0.0,0.2,1.0,0.30950378469301937,-0.261474609375,0.0,0.0,0.0,0.0,0,,中国将引入这一套顾客接待系统
628,苹果将引入这样一套顾客接待系统,3,False,False,0.0,0.26666666666666666,1.0,0.12535965650037625,-0.324951171875,0.0,0.0,0.0,0.0,0,,中国将引入一套顾客接待系统
628,苹果将引入这样一套顾客接待系统,4,False,False,0.0,0.2,1.0,0.018414412819264307,-0.36181640625,0.0,0.0,0.0,0.0,0,,中国将引入这样的一套顾客接待系统
628,苹果将引入这样一套顾客接待系统,5,False,False,0.0,0.4,1.0,0.0,-0.3681640625,0.0,0.0,0.0,0.0,0,,中国将引入一套这样的顾客接待系统
629,前往苹果零售店的顾客将比餐厅订餐叫号还方便,1,True,False,1.0,0.09523809523809523,0.0,1.0,-0.08831787109375,0.0,0.0,0.0,0.0,0,,前往苹果零售店的顾客将比餐厅订餐较好还方便
629,前往苹果零售店的顾客将比餐厅订餐叫号还方便,2,False,False,1.0,0.09523809523809523,0.0,0.4566010211524435,-0.1337890625,0.0,0.0,0.0,0.0,0,,前往苹果零售店的顾客将比餐厅订餐较耗还方便
629,前往苹果零售店的顾客将比餐厅订餐叫号还方便,3,False,False,1.0,0.14285714285714285,0.0,0.21444201312910285,-0.154052734375,0.0,0.0,0.0,0.0,0,,前往苹果零售店的顾客将比餐厅订餐较耗害方便
629,前往苹果零售店的顾客将比餐厅订餐叫号还方便,4,False,True,1.0,0.047619047619047616,0.0,0.19839533187454414,-0.1553955078125,0.0,0.0,0.0,0.0,0,,前往苹果零售店的顾客将于餐厅订餐叫号还方便
629,前往苹果零售店的顾客将比餐厅订餐叫号还方便,5,False,False,1.0,0.14285714285714285,0.0,0.16338439095550694,-0.1583251953125,0.0,0.0,0.0,0.0,0,,前往苹果零售店的顾客将比餐厅定餐较好还方便
629,前往苹果零售店的顾客将比餐厅订餐叫号还方便,6,False,False,1.0,0.047619047619047616,0.0,0.11524434719183078,-0.162353515625,0.0,0.0,0.0,0.0,0,,前往苹果零售店的顾客将比餐厅订餐叫好还方便
629,前往苹果零售店的顾客将比餐厅订餐叫号还方便,7,False,False,1.0,0.14285714285714285,0.0,0.08169219547775347,-0.1651611328125,0.0,0.0,0.0,0.0,0,,前往苹果零售店的顾客将比餐厅订餐较耗海方便
629,前往苹果零售店的顾客将比餐厅订餐叫号还方便,8,False,False,1.0,0.14285714285714285,0.0,0.0,-0.1719970703125,0.0,0.0,0.0,0.0,0,,前往苹果零售店的顾客将会比餐厅订餐较好还方便
630,苹果零售店实行先到先服务的原则,1,True,False,1.0,0.2,0.0,1.0,-0.0272216796875,0.0,0.0,0.0,0.0,0,,苹果零售店实行先到先服务
630,苹果零售店实行先到先服务的原则,2,False,True,1.0,0.0,0.0,0.9971747865394274,-0.0279083251953125,0.0,0.0,0.0,0.0,0,,苹果零售店实行先到先服务的原则
630,苹果零售店实行先到先服务的原则,3,False,False,1.0,0.06666666666666667,0.0,0.49522852837769965,-0.14990234375,0.0,0.0,0.0,0.0,0,,苹果零售店实行先到先服务原则
630,苹果零售店实行先到先服务的原则,4,False,False,1.0,0.06666666666666667,0.0,0.4193872425916625,-0.1683349609375,0.0,0.0,0.0,0.0,0,,苹果零售店实行先道先服务的原则
630,苹果零售店实行先到先服务的原则,5,False,False,1.0,0.06666666666666667,0.0,0.24460070316423907,-0.2108154296875,0.0,0.0,0.0,0.0,0,,苹果零售链实行先到先服务的原则
630,苹果零售店实行先到先服务的原则,6,False,False,1.0,0.06666666666666667,0.0,0.09392265193370165,-0.2474365234375,0.0,0.0,0.0,0.0,0,,苹果零售店执行先到先服务的原则
630,苹果零售店实行先到先服务的原则,7,False,False,1.0,0.2,0.0,0.0,-0.270263671875,0.0,0.0,0.0,0.0,0,,苹果零售店实行仙道仙服务的原则
631,此时客户可以选择离开苹果零售店,1,True,True,1.0,0.0,0.0,1.0,-0.0654296875,0.0,0.0,0.0,0.0,0,,此时客户可以选择离开苹果零售店
631,此时客户可以选择离开苹果零售店,2,False,False,1.0,0.06666666666666667,0.0,0.6030969845150774,-0.1248779296875,0.0,0.0,0.0,0.0,0,,此时客户可以选择离开苹果零首店
631,此时客户可以选择离开苹果零售店,3,False,False,1.0,0.13333333333333333,0.0,0.40749796251018744,-0.1541748046875,0.0,0.0,0.0,0.0,0,,此时客户可以选择离开苹果零手电
631,此时客户可以选择离开苹果零售店,4,False,False,1.0,0.06666666666666667,0.0,0.18092909535452323,-0.1881103515625,0.0,0.0,0.0,0.0,0,,此时客户可以选择离开苹果零手店
631,此时客户可以选择离开苹果零售店,5,False,False,1.0,0.06666666666666667,0.0,0.0057049714751426246,-0.21435546875,0.0,0.0,0.0,0.0,0,,此时客户可以选择离开苹果零熟店
631,此时客户可以选择离开苹果零售店,6,False,False,1.0,0.13333333333333333,0.0,0.0,-0.2152099609375,0.0,0.0,0.0,0.0,0,,此时客户可以选择离开苹果零手链
632,客户回到苹果零售店后,1,True,False,1.0,0.1,0.0,1.0,-0.006259918212890625,0.0,0.0,0.0,0.0,0,,客户回到苹果零售店
632,客户回到苹果零售店后,2,False,True,1.0,0.0,0.0,0.9988695334822819,-0.006744384765625,0.0,0.0,0.0,0.0,0,,客户回到苹果零售店后
632,客户回到苹果零售店后,3,False,False,1.0,0.1,0.0,0.28484195722029854,-0.312744140625,0.0,0.0,0.0,0.0,0,,客户回到苹果零售点后
632,客户回到苹果零售店后,4,False,False,1.0,0.1,0.0,0.2802844859047738,-0.314697265625,0.0,0.0,0.0,0.0,0,,客户回到苹果零售后
632,客户回到苹果零售店后,5,False,False,1.0,0.1,0.0,0.12533046117693136,-0.381103515625,0.0,0.0,0.0,0.0,0,,客户回到苹果零售电后
632,客户回到苹果零售店后,6,False,False,1.0,0.1,0.0,0.0,-0.434814453125,0.0,0.0,0.0,0.0,0,,客户回到苹果零售的店后
633,为提高苹果零售商店的服务质量,1,True,True,1.0,0.0,0.0,1.0,-0.005832672119140625,0.0,0.0,0.0,0.0,0,,为提高苹果零售商店的服务质量
633,为提高苹果零售商店的服务质量,2,False,False,1.0,0.07142857142857142,0.0,0.3322320158589716,-0.2332763671875,0.0,0.0,0.0,0.0,0,,为提高苹果零售商店服务质量
633,为提高苹果零售商店的服务质量,3,False,False,1.0,0.07142857142857142,1.0,0.25947786351876534,-0.258056640625,0.0,0.0,0.0,0.0,0,,提高苹果零售商店的服务质量
633,为提高苹果零售商店的服务质量,4,False,False,1.0,0.07142857142857142,0.0,0.07311254717932061,-0.321533203125,0.0,0.0,0.0,0.0,0,,未提高苹果零售商店的服务质量
633,为提高苹果零售商店的服务质量,5,False,False,1.0,0.07142857142857142,1.0,0.07311254717932061,-0.321533203125,0.0,0.0,0.0,0.0,0,,为了提高苹果零售商店的服务质量
633,为提高苹果零售商店的服务质量,6,False,False,1.0,0.14285714285714285,1.0,0.0,-0.346435546875,0.0,0.0,0.0,0.0,0,,提高苹果零售商店服务质量
634,苹果靠什么颠复移动支付市场,1,True,True,1.0,0.07692307692307693,0.0,1.0,-0.0156707763671875,0.0,0.0,0.0,0.0,0,,苹果靠什么颠覆移动支付市场
634,苹果靠什么颠复移动支付市场,2,False,False,1.0,0.15384615384615385,0.0,0.17957351290684623,-0.272216796875,0.0,0.0,0.0,0.0,0,,苹果靠什么巅峰移动支付市场
634,苹果靠什么颠复移动支付市场,3,False,False,1.0,0.15384615384615385,0.0,0.08275996681793783,-0.302490234375,0.0,0.0,0.0,0.0,0,,苹果靠什么颠覆移动支付市场呢
634,苹果靠什么颠复移动支付市场,4,False,False,1.0,0.15384615384615385,0.0,0.0,-0.328369140625,0.0,0.0,0.0,0.0,0,,苹果靠什么颠覆移动支付市场啊
635,苹果一口气召开了2次新品发布会,1,True,True,1.0,0.0,0.0,1.0,-0.07843017578125,0.0,0.0,0.0,0.0,0,,苹果一口气召开了2次新品发布会
635,苹果一口气召开了2次新品发布会,2,False,False,1.0,0.06666666666666667,0.0,0.6783449109030505,-0.1434326171875,0.0,0.0,0.0,0.0,0,,苹果一口气找开了2次新品发布会
635,苹果一口气召开了2次新品发布会,3,False,False,1.0,0.06666666666666667,0.0,0.6704922983992752,-0.14501953125,0.0,0.0,0.0,0.0,0,,苹果一口气早开了2次新品发布会
635,苹果一口气召开了2次新品发布会,4,False,False,1.0,0.06666666666666667,0.0,0.19631531259438237,-0.2408447265625,0.0,0.0,0.0,0.0,0,,苹果一口气召开了2次的新品发布会
635,苹果一口气召开了2次新品发布会,5,False,False,1.0,0.06666666666666667,0.0,0.0,-0.280517578125,0.0,0.0,0.0,0.0,0,,苹果一口气着开了2次新品发布会
637,而是统一地认为苹果开了有史以来最烂的发布会,1,True,True,1.0,0.0,0.0,1.0,-0.05328369140625,0.0,0.0,0.0,0.0,0,,而是统一地认为苹果开了有史以来最烂的发布会
637,而是统一地认为苹果开了有史以来最烂的发布会,2,False,False,1.0,0.047619047619047616,0.0,0.6784347086346235,-0.09942626953125,0.0,0.0,0.0,0.0,0,,而是统一的认为苹果开了有史以来最烂的发布会
637,而是统一地认为苹果开了有史以来最烂的发布会,3,False,False,1.0,0.09523809523809523,0.0,0.0,-0.19677734375,0.0,0.0,0.0,0.0,0,,而是统一地认为苹果开了由始以来最烂的发布会
638,但这些口水式的讨伐并没有影响苹果前进的脚步,1,True,True,1.0,0.0,0.0,1.0,-0.0273284912109375,0.0,0.0,0.0,0.0,0,,但这些口水式的讨伐并没有影响苹果前进的脚步
638,但这些口水式的讨伐并没有影响苹果前进的脚步,2,False,False,1.0,0.047619047619047616,0.0,0.1865382799962239,-0.1588134765625,0.0,0.0,0.0,0.0,0,,但这些口吹式的讨伐并没有影响苹果前进的脚步
638,但这些口水式的讨伐并没有影响苹果前进的脚步,3,False,False,1.0,0.047619047619047616,0.0,0.18276220145379024,-0.159423828125,0.0,0.0,0.0,0.0,0,,但这些口水似的讨伐并没有影响苹果前进的脚步
638,但这些口水式的讨伐并没有影响苹果前进的脚步,4,False,False,1.0,0.047619047619047616,1.0,0.12310016048333805,-0.1690673828125,0.0,0.0,0.0,0.0,0,,但这些口水式讨伐并没有影响苹果前进的脚步
638,但这些口水式的讨伐并没有影响苹果前进的脚步,5,False,False,1.0,0.047619047619047616,0.0,0.09213631643538185,-0.174072265625,0.0,0.0,0.0,0.0,0,,但这些口吮式的讨伐并没有影响苹果前进的脚步
638,但这些口水式的讨伐并没有影响苹果前进的脚步,6,False,False,1.0,0.047619047619047616,0.0,0.0,-0.18896484375,0.0,0.0,0.0,0.0,0,,但这些口水式的讨发并没有影响苹果前进的脚步
639,已获任美的部品事业部的总裁,1,True,False,0.0,0.3076923076923077,0.2857142857142857,1.0,-0.28125,0.0,0.0,0.0,0.0,0,,已获认美的布匹事业部总裁
639,已获任美的部品事业部的总裁,2,False,False,0.0,0.23076923076923078,0.2857142857142857,0.8286713286713286,-0.293212890625,0.0,0.0,0.0,0.0,0,,已获任美的布匹事业部总裁
639,已获任美的部品事业部的总裁,3,False,False,0.0,0.23076923076923078,0.2857142857142857,0.7937062937062938,-0.295654296875,0.0,0.0,0.0,0.0,0,,已获认美的布匹事业部的总裁
639,已获任美的部品事业部的总裁,4,False,True,1.0,0.0,0.0,0.6643356643356644,-0.3046875,0.0,0.0,0.0,0.0,0,,已获任美的部品事业部的总裁
639,已获任美的部品事业部的总裁,5,False,False,0.0,0.15384615384615385,0.2857142857142857,0.6643356643356644,-0.3046875,0.0,0.0,0.0,0.0,0,,已获任美的布匹事业部的总裁
639,已获任美的部品事业部的总裁,6,False,False,0.0,0.15384615384615385,0.14285714285714285,0.5314685314685315,-0.31396484375,0.0,0.0,0.0,0.0,0,,已获认美的布品事业部的总裁
639,已获任美的部品事业部的总裁,7,False,False,0.0,0.23076923076923078,0.14285714285714285,0.493006993006993,-0.316650390625,0.0,0.0,0.0,0.0,0,,已获认美的布品事业部总裁
639,已获任美的部品事业部的总裁,8,False,False,1.0,0.15384615384615385,0.0,0.44405594405594406,-0.320068359375,0.0,0.0,0.0,0.0,0,,以或任美的部品事业部的总裁
639,已获任美的部品事业部的总裁,9,False,False,0.0,0.3076923076923077,0.2857142857142857,0.3111888111888112,-0.329345703125,0.0,0.0,0.0,0.0,0,,以或任美的布匹事业部的总裁
639,已获任美的部品事业部的总裁,10,False,False,1.0,0.07692307692307693,0.0,0.3076923076923077,-0.32958984375,0.0,0.0,0.0,0.0,0,,已获任美的部品事业部总裁
639,已获任美的部品事业部的总裁,11,False,False,0.0,0.15384615384615385,0.14285714285714285,0.18181818181818182,-0.33837890625,0.0,0.0,0.0,0.0,0,,已获任美的布品事业部总裁
639,已获任美的部品事业部的总裁,12,False,False,0.0,0.23076923076923078,0.14285714285714285,0.13636363636363635,-0.341552734375,0.0,0.0,0.0,0.0,0,,以或任美的布品事业部的总裁
639,已获任美的部品事业部的总裁,13,False,False,0.0,0.38461538461538464,0.2857142857142857,0.09090909090909091,-0.3447265625,0.0,0.0,0.0,0.0,0,,以或任美的布匹事业部总裁
639,已获任美的部品事业部的总裁,14,False,False,0.0,0.15384615384615385,0.2857142857142857,0.0,-0.35107421875,0.0,0.0,0.0,0.0,0,,已获任美部品事业部总裁
640,而威灵电器7月9日下午也公告透露,1,True,False,0.0,0.125,0.6666666666666666,1.0,-0.0389404296875,0.0,0.0,0.0,0.0,0,,而微零电器7月9日下午也公告透露
640,而威灵电器7月9日下午也公告透露,2,False,True,1.0,0.0,0.0,0.7323062108810785,-0.1068115234375,0.0,0.0,0.0,0.0,0,,而威灵电器7月9日下午也公告透露
640,而威灵电器7月9日下午也公告透露,3,False,False,0.0,0.125,0.6666666666666666,0.43187289359653347,-0.1829833984375,0.0,0.0,0.0,0.0,0,,而V零电器7月9日下午也公告透露
640,而威灵电器7月9日下午也公告透露,4,False,False,0.0,0.125,0.6666666666666666,0.40442946557534903,-0.18994140625,0.0,0.0,0.0,0.0,0,,而V0电器7月9日下午也公告透露
640,而威灵电器7月9日下午也公告透露,5,False,False,0.0,0.0625,0.3333333333333333,0.3466538276360135,-0.20458984375,0.0,0.0,0.0,0.0,0,,而微灵电器7月9日下午也公告透露
640,而威灵电器7月9日下午也公告透露,6,False,False,0.0,0.0625,0.3333333333333333,0.1791044776119403,-0.2470703125,0.0,0.0,0.0,0.0,0,,而威霖电器7月9日下午也公告透露
640,而威灵电器7月9日下午也公告透露,7,False,False,0.0,0.1875,0.8333333333333334,0.15792007703418393,-0.25244140625,0.0,0.0,0.0,0.0,0,,而微零电气7月9日下午也公告透露
640,而威灵电器7月9日下午也公告透露,8,False,False,0.0,0.0625,0.3333333333333333,0.02407318247472316,-0.286376953125,0.0,0.0,0.0,0.0,0,,而威林电器7月9日下午也公告透露
640,而威灵电器7月9日下午也公告透露,9,False,False,0.0,0.1875,0.6666666666666666,-0.7840828117477131,-0.232666015625,0.0,0.0,0.0,0.0,0,,LV零电器7月9日下午也公告透露
640,而威灵电器7月9日下午也公告透露,10,False,False,0.0,0.1875,0.6666666666666666,-1.02,-0.29248046875,0.0,0.0,0.0,0.0,0,,RV零电器7月9日下午也公告透露
641,于1991年加盟美的集团,1,True,False,0.0,0.08333333333333333,0.25,1.0,-0.056488037109375,0.0,0.0,0.0,0.0,0,,于1991年加盟美利集团
641,于1991年加盟美的集团,2,False,False,0.0,0.08333333333333333,0.25,0.737710051142887,-0.1331787109375,0.0,0.0,0.0,0.0,0,,于1991年加盟美丽集团
641,于1991年加盟美的集团,3,False,False,0.0,0.16666666666666666,0.25,0.2864001669971819,-0.26513671875,0.0,0.0,0.0,0.0,0,,与1991年加盟美利集团
641,于1991年加盟美的集团,4,False,True,1.0,0.0,0.0,0.27220540653376474,-0.269287109375,0.0,0.0,0.0,0.0,0,,于1991年加盟美的集团
641,于1991年加盟美的集团,5,False,False,0.0,0.08333333333333333,0.25,0.2296211251435132,-0.28173828125,0.0,0.0,0.0,0.0,0,,于1991年加盟美帝集团
641,于1991年加盟美的集团,6,False,False,0.0,0.08333333333333333,0.25,0.22711616741467489,-0.282470703125,0.0,0.0,0.0,0.0,0,,于1991年加盟美力集团
641,于1991年加盟美的集团,7,False,False,0.0,0.16666666666666666,0.25,0.1528024214591379,-0.30419921875,0.0,0.0,0.0,0.0,0,,与1991年加盟美丽集团
641,于1991年加盟美的集团,8,False,False,0.0,0.08333333333333333,0.25,0.09602337960546915,-0.32080078125,0.0,0.0,0.0,0.0,0,,于1991年加盟美地集团
641,于1991年加盟美的集团,9,False,False,0.0,0.08333333333333333,0.25,0.0,-0.348876953125,0.0,0.0,0.0,0.0,0,,于1991年加盟美蒂集团
642,美芝压缩机已是全球最大空调压缩机企业,1,True,False,1.0,0.05555555555555555,0.0,1.0,-0.55908203125,0.0,0.0,0.0,0.0,0,,美芝压缩机已是全球最大空调压塑机企业
642,美芝压缩机已是全球最大空调压缩机企业,2,False,False,1.0,0.05555555555555555,0.0,0.9496402877697842,-0.5625,0.0,0.0,0.0,0.0,0,,美芝压缩机已是全球最大空调压梭机企业
642,美芝压缩机已是全球最大空调压缩机企业,3,False,False,1.0,0.05555555555555555,0.0,0.8273381294964028,-0.57080078125,0.0,0.0,0.0,0.0,0,,美芝压缩机已是全球最大空调压索机企业
642,美芝压缩机已是全球最大空调压缩机企业,4,False,True,1.0,0.0,0.0,0.6762589928057554,-0.5810546875,0.0,0.0,0.0,0.0,0,,美芝压缩机已是全球最大空调压缩机企业
642,美芝压缩机已是全球最大空调压缩机企业,5,False,False,1.0,0.05555555555555555,0.0,0.539568345323741,-0.59033203125,0.0,0.0,0.0,0.0,0,,美芝压缩机已是全球最大空调压锁机企业
642,美芝压缩机已是全球最大空调压缩机企业,6,False,False,0.0,0.1111111111111111,0.5,0.31654676258992803,-0.60546875,0.0,0.0,0.0,0.0,0,,美枝压缩机已是全球最大空调压塑机企业
642,美芝压缩机已是全球最大空调压缩机企业,7,False,False,0.0,0.1111111111111111,0.5,0.2158273381294964,-0.6123046875,0.0,0.0,0.0,0.0,0,,美之压缩机已是全球最大空调压塑机企业
642,美芝压缩机已是全球最大空调压缩机企业,8,False,False,0.0,0.1111111111111111,0.5,0.17266187050359713,-0.615234375,0.0,0.0,0.0,0.0,0,,美之压缩机已是全球最大空调压索机企业
642,美芝压缩机已是全球最大空调压缩机企业,9,False,False,0.0,0.1111111111111111,0.5,0.15827338129496402,-0.6162109375,0.0,0.0,0.0,0.0,0,,美之压缩机已是全球最大空调压梭机企业
642,美芝压缩机已是全球最大空调压缩机企业,10,False,False,0.0,0.05555555555555555,0.5,0.050359712230215826,-0.62353515625,0.0,0.0,0.0,0.0,0,,美之压缩机已是全球最大空调压缩机企业
642,美芝压缩机已是全球最大空调压缩机企业,11,False,False,0.0,0.16666666666666666,1.0,0.014388489208633094,-0.6259765625,0.0,0.0,0.0,0.0,0,,每只压缩机已是全球最大空调压梭机企业
642,美芝压缩机已是全球最大空调压缩机企业,12,False,False,0.0,0.16666666666666666,1.0,0.0,-0.626953125,0.0,0.0,0.0,0.0,0,,每只压缩机已是全球最大空调压塑机企业
643,美的将美芝压缩机威灵电机合并,1,True,False,0.0,0.2857142857142857,0.625,1.0,-0.14501953125,0.0,0.0,0.0,0.0,0,,美帝将美制压缩机V0电机合并
643,美的将美芝压缩机威灵电机合并,2,False,False,0.5,0.14285714285714285,0.125,0.8635394456289979,-0.16064453125,0.0,0.0,0.0,0.0,0,,美帝将美制压缩机威灵电机合并
643,美的将美芝压缩机威灵电机合并,3,False,False,0.5,0.14285714285714285,0.125,0.6183368869936035,-0.188720703125,0.0,0.0,0.0,0.0,0,,美帝将美之压缩机威灵电机合并
643,美的将美芝压缩机威灵电机合并,4,False,False,0.0,0.42857142857142855,0.75,0.5682302771855011,-0.1944580078125,0.0,0.0,0.0,0.0,0,,每地将每只压缩机微零电机合并
643,美的将美芝压缩机威灵电机合并,5,False,False,0.0,0.42857142857142855,0.75,0.47121535181236673,-0.20556640625,0.0,0.0,0.0,0.0,0,,每地将每只压缩机V0电机合并
643,美的将美芝压缩机威灵电机合并,6,False,False,0.0,0.2857142857142857,0.625,0.43283582089552236,-0.2099609375,0.0,0.0,0.0,0.0,0,,美帝将美制压缩机微零电机合并
643,美的将美芝压缩机威灵电机合并,7,False,False,0.0,0.35714285714285715,0.75,0.3997867803837953,-0.2137451171875,0.0,0.0,0.0,0.0,0,,美帝将每只压缩机V0电机合并
643,美的将美芝压缩机威灵电机合并,8,False,False,0.0,0.2857142857142857,0.625,0.3603411513859275,-0.21826171875,0.0,0.0,0.0,0.0,0,,美帝将美之压缩机V0电机合并
643,美的将美芝压缩机威灵电机合并,9,False,False,0.0,0.35714285714285715,0.75,0.22707889125799574,-0.2335205078125,0.0,0.0,0.0,0.0,0,,美帝将每只压缩机微零电机合并
643,美的将美芝压缩机威灵电机合并,10,False,False,0.0,0.42857142857142855,0.75,0.10874200426439233,-0.2470703125,0.0,0.0,0.0,0.0,0,,每地将每支压缩机V0电机合并
643,美的将美芝压缩机威灵电机合并,11,False,False,0.0,0.2857142857142857,0.625,0.10341151385927505,-0.2476806640625,0.0,0.0,0.0,0.0,0,,美地将美制压缩机V0电机合并
643,美的将美芝压缩机威灵电机合并,12,False,True,0.5,0.07142857142857142,0.125,0.053304904051172705,-0.25341796875,0.0,0.0,0.0,0.0,0,,美的将美之压缩机威灵电机合并
643,美的将美芝压缩机威灵电机合并,13,False,False,0.0,0.42857142857142855,0.75,0.0,-0.259521484375,0.0,0.0,0.0,0.0,0,,每地将每支压缩机微零电机合并
644,美的部品事业部建立后,1,True,False,0.0,0.1,0.14285714285714285,1.0,-0.1407470703125,0.0,0.0,0.0,0.0,0,,美的布品事业部建立后
644,美的部品事业部建立后,2,False,True,1.0,0.0,0.0,0.6815406294034758,-0.2235107421875,0.0,0.0,0.0,0.0,0,,美的部品事业部建立后
644,美的部品事业部建立后,3,False,False,0.0,0.1,0.14285714285714285,0.5298262094880225,-0.262939453125,0.0,0.0,0.0,0.0,0,,美的补品事业部建立后
644,美的部品事业部建立后,4,False,False,0.0,0.1,0.14285714285714285,0.47252231094410524,-0.27783203125,0.0,0.0,0.0,0.0,0,,美帝部品事业部建立后
644,美的部品事业部建立后,5,False,False,0.0,0.2,0.2857142857142857,0.24236730859558478,-0.337646484375,0.0,0.0,0.0,0.0,0,,美帝布品事业部建立后
644,美的部品事业部建立后,6,False,False,0.0,0.1,0.14285714285714285,0.18130577736026304,-0.353515625,0.0,0.0,0.0,0.0,0,,美的物品事业部建立后
644,美的部品事业部建立后,7,False,False,0.0,0.1,0.14285714285714285,0.1249412869891968,-0.3681640625,0.0,0.0,0.0,0.0,0,,美的不品事业部建立后
644,美的部品事业部建立后,8,False,False,0.0,0.2,0.2857142857142857,0.07045561296383279,-0.38232421875,0.0,0.0,0.0,0.0,0,,美的布瓶事业部建立后
644,美的部品事业部建立后,9,False,False,0.0,0.1,0.14285714285714285,0.05636449037106623,-0.385986328125,0.0,0.0,0.0,0.0,0,,美地部品事业部建立后
644,美的部品事业部建立后,10,False,False,0.0,0.3,0.42857142857142855,0.03945514325974636,-0.390380859375,0.0,0.0,0.0,0.0,0,,美帝布瓶事业部建立后
644,美的部品事业部建立后,11,False,False,0.0,0.2,0.2857142857142857,0.0,-0.400634765625,0.0,0.0,0.0,0.0,0,,美地布品事业部建立后
645,美的集团公关部的相关人士告诉第一财经日报记者,1,True,True,1.0,0.0,0.0,1.0,-0.0401611328125,0.0,0.0,0.0,0.0,0,,美的集团公关部的相关人士告诉第一财经日报记者
645,美的集团公关部的相关人士告诉第一财经日报记者,2,False,False,0.0,0.045454545454545456,0.25,0.774206672091131,-0.07403564453125,0.0,0.0,0.0,0.0,0,,美帝集团公关部的相关人士告诉第一财经日报记者
645,美的集团公关部的相关人士告诉第一财经日报记者,3,False,False,0.0,0.045454545454545456,0.25,0.37672904800650936,-0.1336669921875,0.0,0.0,0.0,0.0,0,,美地集团公关部的相关人士告诉第一财经日报记者
645,美的集团公关部的相关人士告诉第一财经日报记者,4,False,False,0.0,0.045454545454545456,0.25,0.23840520748576077,-0.1544189453125,0.0,0.0,0.0,0.0,0,,美利集团公关部的相关人士告诉第一财经日报记者
645,美的集团公关部的相关人士告诉第一财经日报记者,5,False,False,0.0,0.045454545454545456,0.25,0.2229454841334418,-0.15673828125,0.0,0.0,0.0,0.0,0,,美第集团公关部的相关人士告诉第一财经日报记者
645,美的集团公关部的相关人士告诉第一财经日报记者,6,False,False,0.0,0.045454545454545456,0.25,0.20097640358014646,-0.1600341796875,0.0,0.0,0.0,0.0,0,,美丽集团公关部的相关人士告诉第一财经日报记者
645,美的集团公关部的相关人士告诉第一财经日报记者,7,False,False,0.0,0.045454545454545456,0.25,0.0,-0.190185546875,0.0,0.0,0.0,0.0,0,,美蒂集团公关部的相关人士告诉第一财经日报记者
646,目前美芝与威灵的合并,1,True,False,0.5,0.2,0.5,1.0,-0.1749267578125,0.0,0.0,0.0,0.0,0,,目前未知与威灵的合并
646,目前美芝与威灵的合并,2,False,False,0.0,0.3,0.75,0.6193507320178231,-0.2479248046875,0.0,0.0,0.0,0.0,0,,目前未知与魏灵的合并
646,目前美芝与威灵的合并,3,False,False,0.0,0.4,1.0,0.39847231063017186,-0.290283203125,0.0,0.0,0.0,0.0,0,,目前未知与微零的合并
646,目前美芝与威灵的合并,4,False,False,0.0,0.4,1.0,0.3717377466581795,-0.29541015625,0.0,0.0,0.0,0.0,0,,目前未知与魏凌的合并
646,目前美芝与威灵的合并,5,False,True,1.0,0.0,0.0,0.3628262253341821,-0.297119140625,0.0,0.0,0.0,0.0,0,,目前美芝与威灵的合并
646,目前美芝与威灵的合并,6,False,False,0.0,0.3,0.75,0.35009548058561424,-0.299560546875,0.0,0.0,0.0,0.0,0,,目前未知与微灵的合并
646,目前美芝与威灵的合并,7,False,False,0.5,0.2,0.5,0.16295353278166771,-0.33544921875,0.0,0.0,0.0,0.0,0,,目前每只与威灵的合并
646,目前美芝与威灵的合并,8,False,False,0.0,0.3,0.75,0.14385741565881605,-0.339111328125,0.0,0.0,0.0,0.0,0,,目前未知与未灵的合并
646,目前美芝与威灵的合并,9,False,False,0.0,0.4,1.0,0.12858052196053468,-0.342041015625,0.0,0.0,0.0,0.0,0,,目前未知与魏陵的合并
646,目前美芝与威灵的合并,10,False,False,0.0,0.4,1.0,0.11966900063653724,-0.34375,0.0,0.0,0.0,0.0,0,,目前未知与魏玲的合并
646,目前美芝与威灵的合并,11,False,False,0.5,0.1,0.25,0.06874602164226608,-0.353515625,0.0,0.0,0.0,0.0,0,,目前美枝与威灵的合并
646,目前美芝与威灵的合并,12,False,False,0.5,0.1,0.25,0.03819223424570337,-0.359375,0.0,0.0,0.0,0.0,0,,目前美知与威灵的合并
646,目前美芝与威灵的合并,13,False,False,0.5,0.2,0.5,0.002546148949713558,-0.3662109375,0.0,0.0,0.0,0.0,0,,目前为之与威灵的合并
646,目前美芝与威灵的合并,14,False,False,0.0,0.4,1.0,0.0,-0.36669921875,0.0,0.0,0.0,0.0,0,,目前未知与薇菱的合并
647,仅处于美的集团内部管理架构调整的阶段,1,True,True,1.0,0.0,0.0,1.0,-0.041595458984375,0.0,0.0,0.0,0.0,0,,仅处于美的集团内部管理架构调整的阶段
647,仅处于美的集团内部管理架构调整的阶段,2,False,False,0.0,0.05555555555555555,0.25,0.7735205616850551,-0.0760498046875,0.0,0.0,0.0,0.0,0,,仅处于美帝集团内部管理架构调整的阶段
647,仅处于美的集团内部管理架构调整的阶段,3,False,False,0.0,0.05555555555555555,0.25,0.320160481444333,-0.14501953125,0.0,0.0,0.0,0.0,0,,仅处于美地集团内部管理架构调整的阶段
647,仅处于美的集团内部管理架构调整的阶段,4,False,False,0.0,0.05555555555555555,0.25,0.11795386158475427,-0.17578125,0.0,0.0,0.0,0.0,0,,仅处于美D集团内部管理架构调整的阶段
647,仅处于美的集团内部管理架构调整的阶段,5,False,False,0.0,0.05555555555555555,0.25,0.0,-0.1937255859375,0.0,0.0,0.0,0.0,0,,仅处于美第集团内部管理架构调整的阶段
648,还没体现在香港上市公司威灵电器的业务层面,1,True,True,1.0,0.0,0.0,1.0,-0.07843017578125,0.0,0.0,0.0,0.0,0,,还没体现在香港上市公司威灵电器的业务层面
648,还没体现在香港上市公司威灵电器的业务层面,2,False,False,0.0,0.1,0.6666666666666666,0.939667458432304,-0.086181640625,0.0,0.0,0.0,0.0,0,,还没体现在香港上市公司微零电器的业务层面
648,还没体现在香港上市公司威灵电器的业务层面,3,False,False,0.0,0.05,0.3333333333333333,0.4190023752969121,-0.153076171875,0.0,0.0,0.0,0.0,0,,还没体现在香港上市公司威霖电器的业务层面
648,还没体现在香港上市公司威灵电器的业务层面,4,False,False,0.0,0.05,0.3333333333333333,0.19002375296912113,-0.1824951171875,0.0,0.0,0.0,0.0,0,,还没体现在香港上市公司威林电器的业务层面
648,还没体现在香港上市公司威灵电器的业务层面,5,False,False,1.0,0.05,0.0,0.12636579572446555,-0.190673828125,0.0,0.0,0.0,0.0,0,,还没体现在香港上市公司威灵电器的业务场面
648,还没体现在香港上市公司威灵电器的业务层面,6,False,False,0.0,0.15,0.6666666666666666,0.12066508313539193,-0.19140625,0.0,0.0,0.0,0.0,0,,还没体现在香港上市公司微零电器的业务场面
648,还没体现在香港上市公司威灵电器的业务层面,7,False,False,0.0,0.05,0.16666666666666666,0.10261282660332542,-0.1937255859375,0.0,0.0,0.0,0.0,0,,还没体现在香港上市公司威灵电气的业务层面
648,还没体现在香港上市公司威灵电器的业务层面,8,False,False,0.0,0.15,0.8333333333333334,0.0,-0.2069091796875,0.0,0.0,0.0,0.0,0,,还没体现在香港上市公司微零电池的业务层面
649,由于向为民已获任威灵电机的董事会主席,1,True,False,1.0,0.1111111111111111,0.0,1.0,-0.1683349609375,0.0,0.0,0.0,0.0,0,,由于向魏民以获任威灵电机的董事会主席
649,由于向为民已获任威灵电机的董事会主席,2,False,False,1.0,0.16666666666666666,0.0,0.8392434988179669,-0.1766357421875,0.0,0.0,0.0,0.0,0,,由于向魏民以或任威灵电机的董事会主席
649,由于向为民已获任威灵电机的董事会主席,3,False,False,1.0,0.16666666666666666,0.0,0.6903073286052009,-0.184326171875,0.0,0.0,0.0,0.0,0,,由于向卫民以或任威灵电机的董事会主席
649,由于向为民已获任威灵电机的董事会主席,4,False,False,0.0,0.2777777777777778,0.3333333333333333,0.6737588652482269,-0.1851806640625,0.0,0.0,0.0,0.0,0,,由于向魏民以或任威灵殿基的董事会主席
649,由于向为民已获任威灵电机的董事会主席,5,False,True,1.0,0.05555555555555555,0.0,0.6737588652482269,-0.1851806640625,0.0,0.0,0.0,0.0,0,,由于向卫民已获任威灵电机的董事会主席
649,由于向为民已获任威灵电机的董事会主席,6,False,False,1.0,0.1111111111111111,0.0,0.4799054373522459,-0.1951904296875,0.0,0.0,0.0,0.0,0,,由于向卫民议获任威灵电机的董事会主席
649,由于向为民已获任威灵电机的董事会主席,7,False,False,0.0,0.2777777777777778,0.3333333333333333,0.41134751773049644,-0.19873046875,0.0,0.0,0.0,0.0,0,,由于向魏民以或任威灵奠基的董事会主席
649,由于向为民已获任威灵电机的董事会主席,8,False,False,1.0,0.1111111111111111,0.0,0.35697399527186763,-0.2015380859375,0.0,0.0,0.0,0.0,0,,由于向卫民以获任威灵电机的董事会主席
649,由于向为民已获任威灵电机的董事会主席,9,False,False,1.0,0.05555555555555555,0.0,0.1016548463356974,-0.2147216796875,0.0,0.0,0.0,0.0,0,,由于向魏民已获任威灵电机的董事会主席
649,由于向为民已获任威灵电机的董事会主席,10,False,False,0.0,0.2777777777777778,0.6666666666666666,0.0,-0.219970703125,0.0,0.0,0.0,0.0,0,,由于向卫民以或任微零电机的董事会主席
650,威灵电机今后兼并美芝压缩机,1,True,False,0.0,0.6153846153846154,0.875,1.0,-0.1602783203125,0.0,0.0,0.0,0.0,0,,为零电积金后煎饼每只压缩机
650,威灵电机今后兼并美芝压缩机,2,False,True,0.0,0.5384615384615384,0.75,0.8920392584514721,-0.17236328125,0.0,0.0,0.0,0.0,0,,为零电机间后煎饼每只压缩机
650,威灵电机今后兼并美芝压缩机,3,False,False,0.0,0.6923076923076923,0.875,0.5267175572519084,-0.2132568359375,0.0,0.0,0.0,0.0,0,,为零电积金厚煎饼每只压缩机
650,威灵电机今后兼并美芝压缩机,4,False,False,0.0,0.5384615384615384,0.75,0.44820065430752454,-0.2220458984375,0.0,0.0,0.0,0.0,0,,为零电机间后肩柄每只压缩机
650,威灵电机今后兼并美芝压缩机,5,False,False,0.0,0.6153846153846154,0.75,0.42748091603053434,-0.224365234375,0.0,0.0,0.0,0.0,0,,为零电机坚厚煎饼每只压缩机
650,威灵电机今后兼并美芝压缩机,6,False,False,0.0,0.5384615384615384,0.75,0.3435114503816794,-0.2337646484375,0.0,0.0,0.0,0.0,0,,未淋电机间后煎饼每只压缩机
650,威灵电机今后兼并美芝压缩机,7,False,False,0.0,0.5384615384615384,0.75,0.33587786259541985,-0.234619140625,0.0,0.0,0.0,0.0,0,,未淋电机煎后煎饼每只压缩机
650,威灵电机今后兼并美芝压缩机,8,False,False,0.0,0.5384615384615384,0.75,0.22246455834242093,-0.247314453125,0.0,0.0,0.0,0.0,0,,为零电机煎后煎饼每只压缩机
650,威灵电机今后兼并美芝压缩机,9,False,False,0.0,0.5384615384615384,0.75,0.14830970556161396,-0.255615234375,0.0,0.0,0.0,0.0,0,,为零电机间后间饼每只压缩机
650,威灵电机今后兼并美芝压缩机,10,False,False,0.0,0.5384615384615384,0.75,0.14394765539803708,-0.256103515625,0.0,0.0,0.0,0.0,0,,未零电机间后煎饼每只压缩机
650,威灵电机今后兼并美芝压缩机,11,False,False,0.0,0.5384615384615384,0.75,0.128680479825518,-0.2578125,0.0,0.0,0.0,0.0,0,,微零电机间后煎饼每只压缩机
650,威灵电机今后兼并美芝压缩机,12,False,False,0.0,0.5384615384615384,0.75,0.05888767720828789,-0.265625,0.0,0.0,0.0,0.0,0,,为零电机肩后肩柄每只压缩机
650,威灵电机今后兼并美芝压缩机,13,False,False,0.0,0.5384615384615384,0.75,0.026172300981461286,-0.269287109375,0.0,0.0,0.0,0.0,0,,为零电机间后间柄每只压缩机
650,威灵电机今后兼并美芝压缩机,14,False,False,0.0,0.5384615384615384,0.75,0.0,-0.272216796875,0.0,0.0,0.0,0.0,0,,位零电机间后煎饼每只压缩机
651,美芝压缩机是隶属于美的集团旗下的业务,1,True,False,0.5,0.1111111111111111,0.3333333333333333,1.0,-0.07501220703125,0.0,0.0,0.0,0.0,0,,每只压缩机是隶属于美的集团旗下的业务
651,美芝压缩机是隶属于美的集团旗下的业务,2,False,False,0.5,0.1111111111111111,0.3333333333333333,0.7261039686975964,-0.10491943359375,0.0,0.0,0.0,0.0,0,,每支压缩机是隶属于美的集团旗下的业务
651,美芝压缩机是隶属于美的集团旗下的业务,3,False,False,0.0,0.16666666666666666,0.5,0.5992174399105645,-0.1187744140625,0.0,0.0,0.0,0.0,0,,每只压缩机是隶属于美帝集团旗下的业务
651,美芝压缩机是隶属于美的集团旗下的业务,4,False,True,0.5,0.05555555555555555,0.16666666666666666,0.4326439351593069,-0.136962890625,0.0,0.0,0.0,0.0,0,,美之压缩机是隶属于美的集团旗下的业务
651,美芝压缩机是隶属于美的集团旗下的业务,5,False,False,0.0,0.16666666666666666,0.5,0.3555058692006708,-0.1453857421875,0.0,0.0,0.0,0.0,0,,每支压缩机是隶属于美帝集团旗下的业务
651,美芝压缩机是隶属于美的集团旗下的业务,6,False,False,0.0,0.1111111111111111,0.3333333333333333,0.2504192286193404,-0.1568603515625,0.0,0.0,0.0,0.0,0,,美之压缩机是隶属于美帝集团旗下的业务
651,美芝压缩机是隶属于美的集团旗下的业务,7,False,False,0.0,0.16666666666666666,0.5,0.0,-0.1842041015625,0.0,0.0,0.0,0.0,0,,每只压缩机是隶属于美D集团旗下的业务
652,由于美的集团本身就是威灵电机的大股东,1,True,True,1.0,0.0,0.0,1.0,-0.068359375,0.0,0.0,0.0,0.0,0,,由于美的集团本身就是威灵电机的大股东
652,由于美的集团本身就是威灵电机的大股东,2,False,False,0.5,0.05555555555555555,0.1,0.845732184808144,-0.0924072265625,0.0,0.0,0.0,0.0,0,,由于美帝集团本身就是威灵电机的大股东
652,由于美的集团本身就是威灵电机的大股东,3,False,False,0.5,0.1111111111111111,0.4,0.6679718089271731,-0.1201171875,0.0,0.0,0.0,0.0,0,,由于美的集团本身就是微零电机的大股东
652,由于美的集团本身就是威灵电机的大股东,4,False,False,0.0,0.16666666666666666,0.5,0.3970242756460454,-0.162353515625,0.0,0.0,0.0,0.0,0,,由于美帝集团本身就是微零电机的大股东
652,由于美的集团本身就是威灵电机的大股东,5,False,False,0.5,0.05555555555555555,0.2,0.35395458104933436,-0.1690673828125,0.0,0.0,0.0,0.0,0,,由于美的集团本身就是威霖电机的大股东
652,由于美的集团本身就是威灵电机的大股东,6,False,False,0.5,0.05555555555555555,0.1,0.34064212999216914,-0.171142578125,0.0,0.0,0.0,0.0,0,,由于美蒂集团本身就是威灵电机的大股东
652,由于美的集团本身就是威灵电机的大股东,7,False,False,0.5,0.05555555555555555,0.1,0.33672670321064996,-0.1717529296875,0.0,0.0,0.0,0.0,0,,由于美D集团本身就是威灵电机的大股东
652,由于美的集团本身就是威灵电机的大股东,8,False,False,0.5,0.05555555555555555,0.1,0.27564604541895066,-0.1812744140625,0.0,0.0,0.0,0.0,0,,由于美地集团本身就是威灵电机的大股东
652,由于美的集团本身就是威灵电机的大股东,9,False,False,0.5,0.05555555555555555,0.1,0.2153484729835552,-0.190673828125,0.0,0.0,0.0,0.0,0,,由于美第集团本身就是威灵电机的大股东
652,由于美的集团本身就是威灵电机的大股东,10,False,False,0.0,0.1111111111111111,0.3,0.17384494909945183,-0.1971435546875,0.0,0.0,0.0,0.0,0,,由于美帝集团本身就是威霖电机的大股东
652,由于美的集团本身就是威灵电机的大股东,11,False,False,0.5,0.05555555555555555,0.2,0.17149569303054032,-0.197509765625,0.0,0.0,0.0,0.0,0,,由于美的集团本身就是威林电机的大股东
652,由于美的集团本身就是威灵电机的大股东,12,False,False,0.0,0.1111111111111111,0.3,0.09005481597494126,-0.210205078125,0.0,0.0,0.0,0.0,0,,由于美帝集团本身就是威林电机的大股东
652,由于美的集团本身就是威灵电机的大股东,13,False,False,0.0,0.16666666666666666,0.5,0.0,-0.2242431640625,0.0,0.0,0.0,0.0,0,,由于美D集团本身就是微零电机的大股东
653,即使今后美芝压缩机被威灵电器兼并,1,True,False,0.0,0.25,0.75,1.0,-0.1470947265625,0.0,0.0,0.0,0.0,0,,即使今后每只压缩机被微零电器兼并
653,即使今后美芝压缩机被威灵电器兼并,2,False,False,0.0,0.375,0.875,0.8166189111747851,-0.1705322265625,0.0,0.0,0.0,0.0,0,,即使今后每只压缩机被微零电起间并
653,即使今后美芝压缩机被威灵电器兼并,3,False,False,0.0,0.4375,0.875,0.7679083094555874,-0.1767578125,0.0,0.0,0.0,0.0,0,,即使今后每只压缩机被微零电起见病
653,即使今后美芝压缩机被威灵电器兼并,4,False,False,0.0,0.4375,0.875,0.7220630372492837,-0.1826171875,0.0,0.0,0.0,0.0,0,,即使今后每只压缩机被微零电起箭柄
653,即使今后美芝压缩机被威灵电器兼并,5,False,False,0.0,0.3125,0.75,0.5386819484240688,-0.2060546875,0.0,0.0,0.0,0.0,0,,即使今后每只压缩机被微零电器肩并
653,即使今后美芝压缩机被威灵电器兼并,6,False,False,0.0,0.375,0.875,0.5205348615090736,-0.2083740234375,0.0,0.0,0.0,0.0,0,,即使今后每只压缩机被微零电起箭并
653,即使今后美芝压缩机被威灵电器兼并,7,False,False,0.0,0.4375,0.875,0.4699140401146132,-0.21484375,0.0,0.0,0.0,0.0,0,,即使今后每只压缩机被微零电起歼病
653,即使今后美芝压缩机被威灵电器兼并,8,False,False,0.0,0.4375,0.875,0.39159503342884433,-0.224853515625,0.0,0.0,0.0,0.0,0,,即使今后每只压缩机被微零电起间屏
653,即使今后美芝压缩机被威灵电器兼并,9,False,True,0.5,0.125,0.25,0.34765998089780326,-0.23046875,0.0,0.0,0.0,0.0,0,,即使今后每只压缩机被威灵电器兼并
653,即使今后美芝压缩机被威灵电器兼并,10,False,False,0.0,0.375,0.875,0.1279847182425979,-0.258544921875,0.0,0.0,0.0,0.0,0,,即使今后每只压缩机被微零电起歼并
653,即使今后美芝压缩机被威灵电器兼并,11,False,False,0.0,0.4375,0.875,0.030563514804202482,-0.27099609375,0.0,0.0,0.0,0.0,0,,即使今后每只压缩机被微零电起尖病
653,即使今后美芝压缩机被威灵电器兼并,12,False,False,0.0,0.4375,0.875,0.0,-0.27490234375,0.0,0.0,0.0,0.0,0,,即使今后每只压缩机被微零电气间屏
654,也对美的集团的总体业绩影响不大,1,True,True,1.0,0.0,0.0,1.0,-0.0294952392578125,0.0,0.0,0.0,0.0,0,,也对美的集团的总体业绩影响不大
654,也对美的集团的总体业绩影响不大,2,False,False,0.0,0.06666666666666667,0.25,0.5475306479859895,-0.1280517578125,0.0,0.0,0.0,0.0,0,,也对美帝集团的总体业绩影响不大
654,也对美的集团的总体业绩影响不大,3,False,False,0.0,0.06666666666666667,0.25,0.45842381786339753,-0.1474609375,0.0,0.0,0.0,0.0,0,,也对美D集团的总体业绩影响不大
654,也对美的集团的总体业绩影响不大,4,False,False,0.0,0.06666666666666667,0.25,0.2421015761821366,-0.194580078125,0.0,0.0,0.0,0.0,0,,也对美地集团的总体业绩影响不大
654,也对美的集团的总体业绩影响不大,5,False,False,0.0,0.06666666666666667,0.25,0.16084063047285463,-0.2122802734375,0.0,0.0,0.0,0.0,0,,也对美蒂集团的总体业绩影响不大
654,也对美的集团的总体业绩影响不大,6,False,False,0.0,0.06666666666666667,0.25,0.09527145359019265,-0.2265625,0.0,0.0,0.0,0.0,0,,也对美第集团的总体业绩影响不大
654,也对美的集团的总体业绩影响不大,7,False,False,0.0,0.13333333333333333,0.5,0.0028021015761821367,-0.2467041015625,0.0,0.0,0.0,0.0,0,,也对每地集团的总体业绩影响不大
654,也对美的集团的总体业绩影响不大,8,False,False,0.0,0.06666666666666667,0.25,0.0,-0.247314453125,0.0,0.0,0.0,0.0,0,,也对美丽集团的总体业绩影响不大
655,而威灵电器2014年的营业额约九十二点300000000港元,1,True,False,0.0,0.23333333333333334,0.6666666666666666,1.0,-0.08038330078125,0.0,0.0,0.0,0.0,0,,而微零电器2014年的营业额约927300000000美元
655,而威灵电器2014年的营业额约九十二点300000000港元,2,False,False,0.0,0.2,0.3333333333333333,0.7490596453519613,-0.10888671875,0.0,0.0,0.0,0.0,0,,而威林电器2014年的营业额约927300000000美元
655,而威灵电器2014年的营业额约九十二点300000000港元,3,False,False,1.0,0.16666666666666666,0.0,0.7001612036539495,-0.11444091796875,0.0,0.0,0.0,0.0,0,,而威灵电器2014年的营业额约927300000000美元
655,而威灵电器2014年的营业额约九十二点300000000港元,4,False,False,0.0,0.2,0.3333333333333333,0.43954862976894143,-0.14404296875,0.0,0.0,0.0,0.0,0,,而威霖电器2014年的营业额约927300000000美元
655,而威灵电器2014年的营业额约九十二点300000000港元,5,False,False,0.0,0.2,0.6666666666666666,0.415905427189683,-0.146728515625,0.0,0.0,0.0,0.0,0,,而微零电器2014年的营业额约927300000000港元
655,而威灵电器2014年的营业额约九十二点300000000港元,6,False,False,0.0,0.16666666666666666,0.3333333333333333,0.2525523911875336,-0.165283203125,0.0,0.0,0.0,0.0,0,,而威林电器2014年的营业额约927300000000港元
655,而威灵电器2014年的营业额约九十二点300000000港元,7,False,False,0.0,0.23333333333333334,0.5,0.246104245029554,-0.166015625,0.0,0.0,0.0,0.0,0,,而威林电气2014年的营业额约927300000000美元
655,而威灵电器2014年的营业额约九十二点300000000港元,8,False,True,1.0,0.13333333333333333,0.0,0.2138635142396561,-0.169677734375,0.0,0.0,0.0,0.0,0,,而威灵电器2014年的营业额约927300000000港元
655,而威灵电器2014年的营业额约九十二点300000000港元,9,False,False,0.0,0.23333333333333334,0.6666666666666666,0.18054809242342826,-0.1734619140625,0.0,0.0,0.0,0.0,0,,而微零电器2014年的营业额约927300000000元
655,而威灵电器2014年的营业额约九十二点300000000港元,10,False,False,0.0,0.26666666666666666,0.8333333333333334,0.11069317571198281,-0.181396484375,0.0,0.0,0.0,0.0,0,,而微零电气2014年的营业额约927300000000美元
655,而威灵电器2014年的营业额约九十二点300000000港元,11,False,False,0.0,0.5333333333333333,0.6666666666666666,0.0,-0.1939697265625,0.0,0.0,0.0,0.0,0,,而微零电器2014年的营业额约9273亿高原
656,如果威灵电器兼并美芝压缩机,1,True,False,0.0,0.3076923076923077,0.75,1.0,-0.231689453125,0.0,0.0,0.0,0.0,0,,如果微零电器兼并位置压缩机
656,如果威灵电器兼并美芝压缩机,2,False,False,0.0,0.3076923076923077,0.75,0.8233830845771144,-0.2490234375,0.0,0.0,0.0,0.0,0,,如果未淋电器兼并未支压缩机
656,如果威灵电器兼并美芝压缩机,3,False,False,0.0,0.3076923076923077,0.75,0.7487562189054726,-0.25634765625,0.0,0.0,0.0,0.0,0,,如果未淋电器兼并位置压缩机
656,如果威灵电器兼并美芝压缩机,4,False,True,0.0,0.23076923076923078,0.625,0.7213930348258707,-0.259033203125,0.0,0.0,0.0,0.0,0,,如果未淋电器兼并美制压缩机
656,如果威灵电器兼并美芝压缩机,5,False,False,0.0,0.3076923076923077,0.75,0.6467661691542289,-0.266357421875,0.0,0.0,0.0,0.0,0,,如果未淋电器兼并没支压缩机
656,如果威灵电器兼并美芝压缩机,6,False,False,0.0,0.3076923076923077,0.75,0.6144278606965174,-0.26953125,0.0,0.0,0.0,0.0,0,,如果位零电器兼并位置压缩机
656,如果威灵电器兼并美芝压缩机,7,False,False,0.0,0.23076923076923078,0.625,0.6144278606965174,-0.26953125,0.0,0.0,0.0,0.0,0,,如果微零电器兼并美制压缩机
656,如果威灵电器兼并美芝压缩机,8,False,False,0.0,0.38461538461538464,0.875,0.44776119402985076,-0.285888671875,0.0,0.0,0.0,0.0,0,,如果微零电气兼并位置压缩机
656,如果威灵电器兼并美芝压缩机,9,False,False,0.0,0.23076923076923078,0.625,0.3308457711442786,-0.29736328125,0.0,0.0,0.0,0.0,0,,如果未淋电器兼并美之压缩机
656,如果威灵电器兼并美芝压缩机,10,False,False,0.0,0.23076923076923078,0.625,0.23383084577114427,-0.306884765625,0.0,0.0,0.0,0.0,0,,如果微零电器兼并美之压缩机
656,如果威灵电器兼并美芝压缩机,11,False,False,0.0,0.3076923076923077,0.75,0.20149253731343283,-0.31005859375,0.0,0.0,0.0,0.0,0,,如果为零电器兼并位置压缩机
656,如果威灵电器兼并美芝压缩机,12,False,False,0.0,0.3076923076923077,0.75,0.0,-0.329833984375,0.0,0.0,0.0,0.0,0,,如果未淋电器兼并每只压缩机
657,将有利于增加威灵电器的收入和利润,1,True,False,0.0,0.125,0.6666666666666666,1.0,-0.07501220703125,0.0,0.0,0.0,0.0,0,,将有利于增加未零电器的收入和利润
657,将有利于增加威灵电器的收入和利润,2,False,False,0.0,0.125,0.6666666666666666,0.27816411682892905,-0.1700439453125,0.0,0.0,0.0,0.0,0,,将有利于增加微零电器的收入和利润
657,将有利于增加威灵电器的收入和利润,3,False,False,0.0,0.125,0.6666666666666666,0.18915159944367177,-0.1817626953125,0.0,0.0,0.0,0.0,0,,将有利于增加位零电器的收入和利润
657,将有利于增加威灵电器的收入和利润,4,False,False,0.0,0.125,0.6666666666666666,0.1808066759388039,-0.182861328125,0.0,0.0,0.0,0.0,0,,将有利于增加为零电器的收入和利润
657,将有利于增加威灵电器的收入和利润,5,False,True,1.0,0.0,0.0,0.09735744089012517,-0.19384765625,0.0,0.0,0.0,0.0,0,,将有利于增加威灵电器的收入和利润
657,将有利于增加威灵电器的收入和利润,6,False,False,0.0,0.1875,0.8333333333333334,0.05192396847473343,-0.1998291015625,0.0,0.0,0.0,0.0,0,,将有利于增加未零电池的收入和利润
657,将有利于增加威灵电器的收入和利润,7,False,False,0.0,0.0625,0.3333333333333333,0.0296708391284191,-0.2027587890625,0.0,0.0,0.0,0.0,0,,将有利于增加未灵电器的收入和利润
657,将有利于增加威灵电器的收入和利润,8,False,False,0.0,0.0625,0.3333333333333333,0.0296708391284191,-0.2027587890625,0.0,0.0,0.0,0.0,0,,将有利于增加卫灵电器的收入和利润
657,将有利于增加威灵电器的收入和利润,9,False,False,0.0,0.125,0.6666666666666666,0.0,-0.2066650390625,0.0,0.0,0.0,0.0,0,,将有利于增加卫林电器的收入和利润
658,除了威灵电器与美芝压缩机合并成为美的部品事业部之外,1,True,False,0.0,0.16,0.4,1.0,-0.10870361328125,0.0,0.0,0.0,0.0,0,,除了微零电器与美制压缩机合并成为美的布品事业部之外
658,除了威灵电器与美芝压缩机合并成为美的部品事业部之外,2,False,False,0.0,0.2,0.5333333333333333,0.6736441484300666,-0.129638671875,0.0,0.0,0.0,0.0,0,,除了微零电器与美制压缩机合并成为美的布物品事业部之外
658,除了威灵电器与美芝压缩机合并成为美的部品事业部之外,3,False,False,0.0,0.2,0.4666666666666667,0.6298763082778306,-0.1324462890625,0.0,0.0,0.0,0.0,0,,除了微零电器与美制压缩机合并成为美的布品事业布之外
658,除了威灵电器与美芝压缩机合并成为美的部品事业部之外,4,False,False,0.0,0.2,0.4666666666666667,0.31779257849666986,-0.1524658203125,0.0,0.0,0.0,0.0,0,,除了微零电器与美制压缩机合并成为美地布品事业部之外
658,除了威灵电器与美芝压缩机合并成为美的部品事业部之外,5,False,False,0.3333333333333333,0.12,0.3333333333333333,0.30256898192197906,-0.1534423828125,0.0,0.0,0.0,0.0,0,,除了微零电器与美制压缩机合并成为美的部品事业部之外
658,除了威灵电器与美芝压缩机合并成为美的部品事业部之外,6,False,False,0.0,0.2,0.4,0.2588011417697431,-0.15625,0.0,0.0,0.0,0.0,0,,除了微零电器与美之家缩机合并成为美的布品事业部之外
658,除了威灵电器与美芝压缩机合并成为美的部品事业部之外,7,False,True,0.3333333333333333,0.08,0.13333333333333333,0.16936251189343482,-0.1619873046875,0.0,0.0,0.0,0.0,0,,除了威灵电器与美制压缩机合并成为美的布品事业部之外
658,除了威灵电器与美芝压缩机合并成为美的部品事业部之外,8,False,False,0.0,0.2,0.4,0.11798287345385347,-0.165283203125,0.0,0.0,0.0,0.0,0,,除了微零电器与美之鸭缩机合并成为美的布品事业部之外
658,除了威灵电器与美芝压缩机合并成为美的部品事业部之外,9,False,False,0.0,0.24,0.5333333333333333,0.09514747859181731,-0.166748046875,0.0,0.0,0.0,0.0,0,,除了微零电器与美制压缩机合并成为美的布物品事业布之外
658,除了威灵电器与美芝压缩机合并成为美的部品事业部之外,10,False,False,0.0,0.24,0.6,0.07040913415794481,-0.1683349609375,0.0,0.0,0.0,0.0,0,,除了微零电器与美制压缩机合并成为美地布物品事业部之外
658,除了威灵电器与美芝压缩机合并成为美的部品事业部之外,11,False,False,0.0,0.16,0.4,0.05708848715509039,-0.169189453125,0.0,0.0,0.0,0.0,0,,除了微零电器与美职压缩机合并成为美的布品事业部之外
658,除了威灵电器与美芝压缩机合并成为美的部品事业部之外,12,False,False,0.0,0.2,0.4666666666666667,0.0,-0.1728515625,0.0,0.0,0.0,0.0,0,,除了微零电气与美制压缩机合并成为美的布品事业部之外
659,美丽的丁香湖公园成为跑步爱好者的狂欢圣地,1,True,False,1.0,0.1,0.4,1.0,-0.06939697265625,0.0,0.0,0.0,0.0,0,,美的丁香湖公园成为跑步爱好者的狂欢胜地
659,美丽的丁香湖公园成为跑步爱好者的狂欢圣地,2,False,False,1.0,0.1,0.0,0.7338663620788121,-0.09783935546875,0.0,0.0,0.0,0.0,0,,美地的丁香湖公园成为跑步爱好者的狂欢胜地
659,美丽的丁香湖公园成为跑步爱好者的狂欢圣地,3,False,False,1.0,0.1,0.0,0.7201599086236437,-0.09930419921875,0.0,0.0,0.0,0.0,0,,美帝的丁香湖公园成为跑步爱好者的狂欢胜地
659,美丽的丁香湖公园成为跑步爱好者的狂欢圣地,4,False,False,1.0,0.1,0.4,0.6150770988006853,-0.11053466796875,0.0,0.0,0.0,0.0,0,,美的丁香湖公园成为跑步爱好者的狂欢盛地
659,美丽的丁香湖公园成为跑步爱好者的狂欢圣地,5,False,False,1.0,0.1,0.0,0.5505425471159338,-0.117431640625,0.0,0.0,0.0,0.0,0,,美帝的丁香湖公园成为跑步爱好者的狂欢盛地
659,美丽的丁香湖公园成为跑步爱好者的狂欢圣地,6,False,False,1.0,0.1,0.0,0.49628783552255856,-0.12322998046875,0.0,0.0,0.0,0.0,0,,美地的丁香湖公园成为跑步爱好者的狂欢盛地
659,美丽的丁香湖公园成为跑步爱好者的狂欢圣地,7,False,False,1.0,0.05,0.4,0.355225585379783,-0.1383056640625,0.0,0.0,0.0,0.0,0,,美的丁香湖公园成为跑步爱好者的狂欢圣地
659,美丽的丁香湖公园成为跑步爱好者的狂欢圣地,8,False,True,1.0,0.05,0.0,0.33238149628783553,-0.1407470703125,0.0,0.0,0.0,0.0,0,,美帝的丁香湖公园成为跑步爱好者的狂欢圣地
659,美丽的丁香湖公园成为跑步爱好者的狂欢圣地,9,False,False,1.0,0.05,0.0,0.21359223300970873,-0.1534423828125,0.0,0.0,0.0,0.0,0,,美丽的丁香湖公园成为跑步爱好者的狂欢胜地
659,美丽的丁香湖公园成为跑步爱好者的狂欢圣地,10,False,False,1.0,0.05,0.0,0.16790405482581383,-0.1583251953125,0.0,0.0,0.0,0.0,0,,美地的丁香湖公园成为跑步爱好者的狂欢圣地
659,美丽的丁香湖公园成为跑步爱好者的狂欢圣地,11,False,False,0.0,0.15,0.6,0.019417475728155338,-0.1741943359375,0.0,0.0,0.0,0.0,0,,美的丁香虎公园成为跑步爱好者的狂欢胜地
659,美丽的丁香湖公园成为跑步爱好者的狂欢圣地,12,False,False,1.0,0.1,0.0,0.006853226727584237,-0.175537109375,0.0,0.0,0.0,0.0,0,,美蒂的丁香湖公园成为跑步爱好者的狂欢胜地
659,美丽的丁香湖公园成为跑步爱好者的狂欢圣地,13,False,False,0.0,0.15,0.6,0.0,-0.17626953125,0.0,0.0,0.0,0.0,0,,美的丁湘湖公园成为跑步爱好者的狂欢胜地
660,中新网成都9月15日电付敬懿15日,1,True,True,0.0,0.17647058823529413,0.6666666666666666,1.0,-0.234130859375,0.0,0.0,0.0,0.0,0,,中心网成都9月15日电付静义15日
660,中新网成都9月15日电付敬懿15日,2,False,False,0.0,0.29411764705882354,1.0,0.593103448275862,-0.262939453125,0.0,0.0,0.0,0.0,0,,中心网成都9月15日店铺静义15日
660,中新网成都9月15日电付敬懿15日,3,False,False,0.0,0.29411764705882354,1.0,0.5137931034482759,-0.2685546875,0.0,0.0,0.0,0.0,0,,中心网成都9月15日店铺静逸15日
660,中新网成都9月15日电付敬懿15日,4,False,False,0.0,0.17647058823529413,0.6666666666666666,0.4241379310344828,-0.27490234375,0.0,0.0,0.0,0.0,0,,中心网成都9月15日电付静谊15日
660,中新网成都9月15日电付敬懿15日,5,False,False,0.0,0.17647058823529413,0.6666666666666666,0.3448275862068966,-0.280517578125,0.0,0.0,0.0,0.0,0,,中心网成都9月15日电付静怡15日
660,中新网成都9月15日电付敬懿15日,6,False,False,0.0,0.29411764705882354,1.0,0.23793103448275862,-0.2880859375,0.0,0.0,0.0,0.0,0,,中心网成都9月15日店铺静怡15日
660,中新网成都9月15日电付敬懿15日,7,False,False,0.0,0.17647058823529413,0.6666666666666666,0.22413793103448276,-0.2890625,0.0,0.0,0.0,0.0,0,,中心网成都9月15日电付静逸15日
660,中新网成都9月15日电付敬懿15日,8,False,False,0.0,0.29411764705882354,1.0,0.0,-0.304931640625,0.0,0.0,0.0,0.0,0,,中心网成都9月15日店铺静谊15日
661,而排名第3位的李尚洙,1,True,True,0.0,0.1,0.3333333333333333,1.0,-0.09429931640625,0.0,0.0,0.0,0.0,0,,而排名第3位的李尚珠
661,而排名第3位的李尚洙,2,False,False,0.0,0.2,0.6666666666666666,0.9724256114659604,-0.1051025390625,0.0,0.0,0.0,0.0,0,,而排名第3位的李胜珠
661,而排名第3位的李尚洙,3,False,False,0.0,0.2,0.6666666666666666,0.4897959183673469,-0.294189453125,0.0,0.0,0.0,0.0,0,,而排名第3位的李胜朱
661,而排名第3位的李尚洙,4,False,False,0.0,0.2,0.6666666666666666,0.3632964636236174,-0.34375,0.0,0.0,0.0,0.0,0,,而排名第3位的李上珠
661,而排名第3位的李尚洙,5,False,False,0.0,0.2,0.6666666666666666,0.2118710079451628,-0.403076171875,0.0,0.0,0.0,0.0,0,,而排名第3位的李盛珠
661,而排名第3位的李尚洙,6,False,False,0.0,0.2,0.6666666666666666,0.0361427013553513,-0.471923828125,0.0,0.0,0.0,0.0,0,,而排名第3位的李胜术
661,而排名第3位的李尚洙,7,False,False,0.0,0.2,0.6666666666666666,0.0,-0.486083984375,0.0,0.0,0.0,0.0,0,,而排名第3位的李圣珠
662,本报讯记者李晖经过两天转场,1,True,False,0.0,0.23076923076923078,0.5,1.0,-0.05938720703125,0.0,0.0,0.0,0.0,0,,本报讯记者李辉经过两天专查
662,本报讯记者李晖经过两天转场,2,False,True,0.0,0.15384615384615385,0.5,0.668967348022299,-0.135498046875,0.0,0.0,0.0,0.0,0,,本报讯记者李辉经过两天专场
662,本报讯记者李晖经过两天转场,3,False,False,0.0,0.23076923076923078,0.5,0.6625962304220866,-0.136962890625,0.0,0.0,0.0,0.0,0,,本报讯记者李辉经过两天专长
662,本报讯记者李晖经过两天转场,4,False,False,0.0,0.3076923076923077,0.5,0.40138040881337933,-0.197021484375,0.0,0.0,0.0,0.0,0,,本报信记者李辉经过两天专查
662,本报讯记者李晖经过两天转场,5,False,False,0.0,0.3076923076923077,0.5,0.34616405627820546,-0.209716796875,0.0,0.0,0.0,0.0,0,,本报寻记者李辉经过两天专查
662,本报讯记者李晖经过两天转场,6,False,False,0.0,0.3076923076923077,0.5,0.18741704273958057,-0.2462158203125,0.0,0.0,0.0,0.0,0,,本报宣记者李辉经过两天专查
662,本报讯记者李晖经过两天转场,7,False,False,0.0,0.23076923076923078,0.5,0.031855588001061856,-0.281982421875,0.0,0.0,0.0,0.0,0,,本报信记者李辉经过两天专场
662,本报讯记者李晖经过两天转场,8,False,False,0.0,0.23076923076923078,0.5,0.00637111760021237,-0.287841796875,0.0,0.0,0.0,0.0,0,,本报寻记者李辉经过两天专场
662,本报讯记者李晖经过两天转场,9,False,False,0.0,0.3076923076923077,0.5,0.0,-0.289306640625,0.0,0.0,0.0,0.0,0,,本报寻记者李辉经过两天专长
662,本报讯记者李晖经过两天转场,10,False,False,0.0,0.3076923076923077,0.5,0.0,-0.289306640625,0.0,0.0,0.0,0.0,0,,本报信记者李辉经过两天专长
663,与陈妍希分别看向对方,1,True,False,0.0,0.2,0.6666666666666666,1.0,-0.06060791015625,0.0,0.0,0.0,0.0,0,,与陈彦熙分别看向对方
663,与陈妍希分别看向对方,2,False,False,0.0,0.2,0.6666666666666666,0.7125399511186313,-0.1539306640625,0.0,0.0,0.0,0.0,0,,与陈延熙分别看向对方
663,与陈妍希分别看向对方,3,False,False,0.0,0.2,0.6666666666666666,0.2090618537319045,-0.3173828125,0.0,0.0,0.0,0.0,0,,与陈彦熹分别看向对方
663,与陈妍希分别看向对方,4,False,False,0.0,0.2,0.6666666666666666,0.1165632637713856,-0.347412109375,0.0,0.0,0.0,0.0,0,,与陈言熙分别看向对方
663,与陈妍希分别看向对方,5,False,False,0.0,0.2,0.6666666666666666,0.09851475841323556,-0.353271484375,0.0,0.0,0.0,0.0,0,,与陈燕西分别看向对方
663,与陈妍希分别看向对方,6,False,True,0.0,0.1,0.3333333333333333,0.09325061101710848,-0.35498046875,0.0,0.0,0.0,0.0,0,,与陈妍熙分别看向对方
663,与陈妍希分别看向对方,7,False,False,0.0,0.2,0.6666666666666666,0.0,-0.38525390625,0.0,0.0,0.0,0.0,0,,与陈彦西分别看向对方
664,陈妍希今天5月2日下午出席公益活动,1,True,True,0.0,0.11764705882352941,0.6666666666666666,1.0,-0.1190185546875,0.0,0.0,0.0,0.0,0,,陈延熙今天5月2日下午出席公益活动
664,陈妍希今天5月2日下午出席公益活动,2,False,False,0.0,0.11764705882352941,0.6666666666666666,0.7836663770634231,-0.1494140625,0.0,0.0,0.0,0.0,0,,陈彦熙今天5月2日下午出席公益活动
664,陈妍希今天5月2日下午出席公益活动,3,False,False,0.0,0.11764705882352941,0.6666666666666666,0.14856646394439618,-0.2386474609375,0.0,0.0,0.0,0.0,0,,陈言熙今天5月2日下午出席公益活动
664,陈妍希今天5月2日下午出席公益活动,4,False,False,0.0,0.11764705882352941,0.6666666666666666,0.0,-0.259521484375,0.0,0.0,0.0,0.0,0,,陈彦西今天5月2日下午出席公益活动
665,陈妍希一直努力让自己的脸圆圆脸变瘦,1,True,False,0.0,0.29411764705882354,0.6666666666666666,1.0,-0.095458984375,0.0,0.0,0.0,0.0,0,,陈延熙一直努力让自己的远远脸变瘦
665,陈妍希一直努力让自己的脸圆圆脸变瘦,2,False,False,0.0,0.29411764705882354,0.6666666666666666,0.7455795677799607,-0.1270751953125,0.0,0.0,0.0,0.0,0,,陈彦熙一直努力让自己的远远脸变瘦
665,陈妍希一直努力让自己的脸圆圆脸变瘦,3,False,False,0.0,0.17647058823529413,0.6666666666666666,0.6385068762278978,-0.140380859375,0.0,0.0,0.0,0.0,0,,陈延熙一直努力让自己的圆圆脸变瘦
665,陈妍希一直努力让自己的脸圆圆脸变瘦,4,False,False,0.0,0.17647058823529413,0.6666666666666666,0.4037328094302554,-0.1695556640625,0.0,0.0,0.0,0.0,0,,陈彦熙一直努力让自己的圆圆脸变瘦
665,陈妍希一直努力让自己的脸圆圆脸变瘦,5,False,False,0.0,0.29411764705882354,0.6666666666666666,0.2554027504911591,-0.18798828125,0.0,0.0,0.0,0.0,0,,陈言熙一直努力让自己的远远脸变瘦
665,陈妍希一直努力让自己的脸圆圆脸变瘦,6,False,False,0.0,0.17647058823529413,0.6666666666666666,0.1994106090373281,-0.1949462890625,0.0,0.0,0.0,0.0,0,,陈颜曦一直努力让自己的圆圆脸变瘦
665,陈妍希一直努力让自己的脸圆圆脸变瘦,7,False,False,0.0,0.11764705882352941,0.3333333333333333,0.15029469548133595,-0.2010498046875,0.0,0.0,0.0,0.0,0,,陈妍熙一直努力让自己的圆圆脸变瘦
665,陈妍希一直努力让自己的脸圆圆脸变瘦,8,False,False,0.0,0.11764705882352941,0.6666666666666666,0.08055009823182711,-0.209716796875,0.0,0.0,0.0,0.0,0,,陈延熙一直努力让自己的脸圆圆脸变瘦
665,陈妍希一直努力让自己的脸圆圆脸变瘦,9,False,True,1.0,0.17647058823529413,0.0,0.043222003929273084,-0.21435546875,0.0,0.0,0.0,0.0,0,,陈妍希一直努力让自己的远远脸变瘦
665,陈妍希一直努力让自己的脸圆圆脸变瘦,10,False,False,0.0,0.29411764705882354,0.6666666666666666,0.004911591355599214,-0.2191162109375,0.0,0.0,0.0,0.0,0,,陈岩熙一直努力让自己的远远脸变瘦
665,陈妍希一直努力让自己的脸圆圆脸变瘦,11,False,False,0.0,0.23529411764705882,0.3333333333333333,0.0,-0.2197265625,0.0,0.0,0.0,0.0,0,,陈妍熙一直努力让自己的远远脸变瘦
666,曝出陈妍希拍戏时突然干呕,1,True,False,0.0,0.3333333333333333,0.6666666666666666,1.0,-0.12646484375,0.0,0.0,0.0,0.0,0,,爆出陈彦熙拍戏时突然干我
666,曝出陈妍希拍戏时突然干呕,2,False,False,0.0,0.4166666666666667,0.6666666666666666,0.6650366748166259,-0.193359375,0.0,0.0,0.0,0.0,0,,爆出陈彦熙一拍戏时突然干我
666,曝出陈妍希拍戏时突然干呕,3,False,False,0.0,0.3333333333333333,0.6666666666666666,0.5220048899755502,-0.221923828125,0.0,0.0,0.0,0.0,0,,爆出陈延熙拍戏时突然干我
666,曝出陈妍希拍戏时突然干呕,4,False,False,0.0,0.25,0.6666666666666666,0.293398533007335,-0.267578125,0.0,0.0,0.0,0.0,0,,曝出陈彦熙拍戏时突然干我
666,曝出陈妍希拍戏时突然干呕,5,False,False,0.0,0.4166666666666667,0.6666666666666666,0.2530562347188264,-0.275634765625,0.0,0.0,0.0,0.0,0,,爆出陈延熙一拍戏时突然干我
666,曝出陈妍希拍戏时突然干呕,6,False,False,0.0,0.3333333333333333,0.6666666666666666,0.12102689486552567,-0.302001953125,0.0,0.0,0.0,0.0,0,,爆出陈彦熙拍戏时突然干偶
666,曝出陈妍希拍戏时突然干呕,7,False,False,0.0,0.4166666666666667,0.6666666666666666,0.11858190709046455,-0.302490234375,0.0,0.0,0.0,0.0,0,,抱住陈彦熙拍戏时突然干我
666,曝出陈妍希拍戏时突然干呕,8,False,False,0.0,0.25,0.6666666666666666,0.0488997555012225,-0.31640625,0.0,0.0,0.0,0.0,0,,爆出陈彦熙拍戏时突然干呕
666,曝出陈妍希拍戏时突然干呕,9,False,True,0.0,0.25,0.3333333333333333,0.007334963325183374,-0.32470703125,0.0,0.0,0.0,0.0,0,,爆出陈彦希拍戏时突然干我
666,曝出陈妍希拍戏时突然干呕,10,False,False,0.0,0.3333333333333333,0.6666666666666666,0.0,-0.326171875,0.0,0.0,0.0,0.0,0,,爆出陈彦熹拍戏时突然干我
667,陈妍希公司官方账号发表微博辟谣,1,True,True,0.0,0.13333333333333333,0.6666666666666666,1.0,-0.11138916015625,0.0,0.0,0.0,0.0,0,,陈彦熙公司官方账号发表微博辟谣
667,陈妍希公司官方账号发表微博辟谣,2,False,False,0.0,0.2,0.6666666666666666,0.7220475976650202,-0.149169921875,0.0,0.0,0.0,0.0,0,,陈彦熙公司的官方账号发表微博辟谣
667,陈妍希公司官方账号发表微博辟谣,3,False,False,0.0,0.26666666666666666,0.6666666666666666,0.6448136506511002,-0.15966796875,0.0,0.0,0.0,0.0,0,,陈彦熙公司官方账号发表微博批调
667,陈妍希公司官方账号发表微博辟谣,4,False,False,0.0,0.13333333333333333,0.6666666666666666,0.6430175123484508,-0.159912109375,0.0,0.0,0.0,0.0,0,,陈延熙公司官方账号发表微博辟谣
667,陈妍希公司官方账号发表微博辟谣,5,False,False,0.0,0.2,0.6666666666666666,0.3816793893129771,-0.1954345703125,0.0,0.0,0.0,0.0,0,,陈延熙公司的官方账号发表微博辟谣
667,陈妍希公司官方账号发表微博辟谣,6,False,False,0.0,0.3333333333333333,0.6666666666666666,0.28378985181859,-0.208740234375,0.0,0.0,0.0,0.0,0,,陈彦熙公司的官方账号发表微博批调
667,陈妍希公司官方账号发表微博辟谣,7,False,False,0.0,0.26666666666666666,0.6666666666666666,0.2613381230354737,-0.2117919921875,0.0,0.0,0.0,0.0,0,,陈延熙公司官方账号发表微博批调
667,陈妍希公司官方账号发表微博辟谣,8,False,False,0.0,0.13333333333333333,0.6666666666666666,0.24068253255500674,-0.214599609375,0.0,0.0,0.0,0.0,0,,陈言熙公司官方账号发表微博辟谣
667,陈妍希公司官方账号发表微博辟谣,9,False,False,0.0,0.13333333333333333,0.6666666666666666,0.04400538841490795,-0.2413330078125,0.0,0.0,0.0,0.0,0,,陈贤熙公司官方账号发表微博辟谣
667,陈妍希公司官方账号发表微博辟谣,10,False,False,0.0,0.26666666666666666,0.6666666666666666,0.0,-0.247314453125,0.0,0.0,0.0,0.0,0,,陈彦熙公司官方账号发表微博披药
668,否认了陈妍希疑似怀孕的传闻,1,True,False,0.0,0.38461538461538464,0.6666666666666666,1.0,-0.06439208984375,0.0,0.0,0.0,0.0,0,,否认了陈延熙疑似怀孕的陈文文
668,否认了陈妍希疑似怀孕的传闻,2,False,False,0.0,0.38461538461538464,0.6666666666666666,0.9079754601226994,-0.078125,0.0,0.0,0.0,0.0,0,,否认了陈彦熙疑似怀孕的陈文文
668,否认了陈妍希疑似怀孕的传闻,3,False,False,0.0,0.3076923076923077,0.3333333333333333,0.5758691206543968,-0.127685546875,0.0,0.0,0.0,0.0,0,,否认了陈妍熙疑似怀孕的陈文文
668,否认了陈妍希疑似怀孕的传闻,4,False,True,1.0,0.23076923076923078,0.0,0.5226993865030675,-0.1356201171875,0.0,0.0,0.0,0.0,0,,否认了陈妍希疑似怀孕的陈文文
668,否认了陈妍希疑似怀孕的传闻,5,False,False,0.0,0.38461538461538464,0.6666666666666666,0.3361963190184049,-0.1634521484375,0.0,0.0,0.0,0.0,0,,否认了陈言熙疑似怀孕的陈文文
668,否认了陈妍希疑似怀孕的传闻,6,False,False,0.0,0.38461538461538464,0.6666666666666666,0.18895705521472392,-0.1854248046875,0.0,0.0,0.0,0.0,0,,否认了陈严熙疑似怀孕的陈文文
668,否认了陈妍希疑似怀孕的传闻,7,False,False,0.0,0.3076923076923077,0.3333333333333333,0.1537832310838446,-0.190673828125,0.0,0.0,0.0,0.0,0,,否认了陈言希疑似怀孕的陈文文
668,否认了陈妍希疑似怀孕的传闻,8,False,False,0.0,0.38461538461538464,0.6666666666666666,0.15132924335378323,-0.1910400390625,0.0,0.0,0.0,0.0,0,,否认了陈彦西疑似怀孕的陈文文
668,否认了陈妍希疑似怀孕的传闻,9,False,False,0.0,0.3076923076923077,0.3333333333333333,0.023721881390593048,-0.2100830078125,0.0,0.0,0.0,0.0,0,,否认了陈延希疑似怀孕的陈文文
668,否认了陈妍希疑似怀孕的传闻,10,False,False,0.0,0.3076923076923077,0.3333333333333333,0.0,-0.213623046875,0.0,0.0,0.0,0.0,0,,否认了陈彦希疑似怀孕的陈文文
669,称陈妍希目前还在剧组拍戏,1,True,False,0.0,0.16666666666666666,0.6666666666666666,1.0,-0.06982421875,0.0,0.0,0.0,0.0,0,,称陈彦熙目前还在剧组拍戏
669,称陈妍希目前还在剧组拍戏,2,False,False,0.0,0.16666666666666666,0.6666666666666666,0.9330985915492958,-0.083740234375,0.0,0.0,0.0,0.0,0,,称陈延熙目前还在剧组拍戏
669,称陈妍希目前还在剧组拍戏,3,False,False,0.0,0.16666666666666666,0.6666666666666666,0.4647887323943662,-0.18115234375,0.0,0.0,0.0,0.0,0,,称陈彦西目前还在剧组拍戏
669,称陈妍希目前还在剧组拍戏,4,False,True,1.0,0.0,0.0,0.3515258215962441,-0.2047119140625,0.0,0.0,0.0,0.0,0,,称陈妍希目前还在剧组拍戏
669,称陈妍希目前还在剧组拍戏,5,False,False,0.0,0.08333333333333333,0.3333333333333333,0.3034037558685446,-0.2147216796875,0.0,0.0,0.0,0.0,0,,称陈彦希目前还在剧组拍戏
669,称陈妍希目前还在剧组拍戏,6,False,False,0.0,0.16666666666666666,0.6666666666666666,0.24471830985915494,-0.2269287109375,0.0,0.0,0.0,0.0,0,,称陈言熙目前还在剧组拍戏
669,称陈妍希目前还在剧组拍戏,7,False,False,0.0,0.08333333333333333,0.3333333333333333,0.2007042253521127,-0.236083984375,0.0,0.0,0.0,0.0,0,,称陈妍熙目前还在剧组拍戏
669,称陈妍希目前还在剧组拍戏,8,False,False,0.0,0.16666666666666666,0.6666666666666666,0.1965962441314554,-0.2369384765625,0.0,0.0,0.0,0.0,0,,称陈彦熹目前还在剧组拍戏
669,称陈妍希目前还在剧组拍戏,9,False,False,0.0,0.16666666666666666,0.6666666666666666,0.10093896713615023,-0.2568359375,0.0,0.0,0.0,0.0,0,,称陈严熙目前还在剧组拍戏
669,称陈妍希目前还在剧组拍戏,10,False,False,0.0,0.16666666666666666,0.6666666666666666,0.008215962441314555,-0.276123046875,0.0,0.0,0.0,0.0,0,,称陈燕西目前还在剧组拍戏
669,称陈妍希目前还在剧组拍戏,11,False,False,0.0,0.16666666666666666,0.6666666666666666,0.0,-0.27783203125,0.0,0.0,0.0,0.0,0,,称陈岩熙目前还在剧组拍戏
670,并感谢了各界对于陈妍希公开与陈晓恋情的祝福,1,True,False,0.0,0.09523809523809523,0.6666666666666666,1.0,-0.06195068359375,0.0,0.0,0.0,0.0,0,,并感谢了各界对于陈延熙公开与陈晓恋情的祝福
670,并感谢了各界对于陈妍希公开与陈晓恋情的祝福,2,False,False,0.0,0.09523809523809523,0.6666666666666666,0.7846153846153846,-0.07989501953125,0.0,0.0,0.0,0.0,0,,并感谢了各界对于陈彦熙公开与陈晓恋情的祝福
670,并感谢了各界对于陈妍希公开与陈晓恋情的祝福,3,False,True,1.0,0.0,0.0,0.7120879120879121,-0.0859375,0.0,0.0,0.0,0.0,0,,并感谢了各界对于陈妍希公开与陈晓恋情的祝福
670,并感谢了各界对于陈妍希公开与陈晓恋情的祝福,4,False,False,0.0,0.047619047619047616,0.3333333333333333,0.512087912087912,-0.10260009765625,0.0,0.0,0.0,0.0,0,,并感谢了各界对于陈妍熙公开与陈晓恋情的祝福
670,并感谢了各界对于陈妍希公开与陈晓恋情的祝福,5,False,False,0.0,0.09523809523809523,0.6666666666666666,0.4673992673992674,-0.1063232421875,0.0,0.0,0.0,0.0,0,,并感谢了各界对于陈言熙公开与陈晓恋情的祝福
670,并感谢了各界对于陈妍希公开与陈晓恋情的祝福,6,False,False,0.0,0.09523809523809523,0.6666666666666666,0.326007326007326,-0.11810302734375,0.0,0.0,0.0,0.0,0,,并感谢了各界对于陈岩熙公开与陈晓恋情的祝福
670,并感谢了各界对于陈妍希公开与陈晓恋情的祝福,7,False,False,0.0,0.047619047619047616,0.3333333333333333,0.31575091575091574,-0.11895751953125,0.0,0.0,0.0,0.0,0,,并感谢了各界对于陈言希公开与陈晓恋情的祝福
670,并感谢了各界对于陈妍希公开与陈晓恋情的祝福,8,False,False,0.0,0.09523809523809523,0.6666666666666666,0.09230769230769231,-0.1375732421875,0.0,0.0,0.0,0.0,0,,并感谢了各界对于陈炎熙公开与陈晓恋情的祝福
670,并感谢了各界对于陈妍希公开与陈晓恋情的祝福,9,False,False,0.0,0.09523809523809523,0.6666666666666666,0.0,-0.145263671875,0.0,0.0,0.0,0.0,0,,并感谢了各界对于陈严熙公开与陈晓恋情的祝福
671,陈妍希在微博发布跳绳视频,1,True,False,0.0,0.16666666666666666,0.6666666666666666,1.0,-0.0650634765625,0.0,0.0,0.0,0.0,0,,陈延熙在微博发布跳绳视频
671,陈妍希在微博发布跳绳视频,2,False,False,0.0,0.16666666666666666,0.6666666666666666,0.6180395766221813,-0.1663818359375,0.0,0.0,0.0,0.0,0,,陈彦熙在微博发布跳绳视频
671,陈妍希在微博发布跳绳视频,3,False,False,0.0,0.16666666666666666,0.6666666666666666,0.47353888633225955,-0.2047119140625,0.0,0.0,0.0,0.0,0,,陈言熙在微博发布跳绳视频
671,陈妍希在微博发布跳绳视频,4,False,False,0.0,0.16666666666666666,0.6666666666666666,0.3529682466635987,-0.2366943359375,0.0,0.0,0.0,0.0,0,,陈岩熙在微博发布跳绳视频
671,陈妍希在微博发布跳绳视频,5,False,False,0.0,0.08333333333333333,0.3333333333333333,0.300966405890474,-0.25048828125,0.0,0.0,0.0,0.0,0,,陈言希在微博发布跳绳视频
671,陈妍希在微博发布跳绳视频,6,False,False,0.0,0.16666666666666666,0.6666666666666666,0.2218131615278417,-0.271484375,0.0,0.0,0.0,0.0,0,,陈岩西在微博发布跳绳视频
671,陈妍希在微博发布跳绳视频,7,False,True,1.0,0.0,0.0,0.1573861021629084,-0.28857421875,0.0,0.0,0.0,0.0,0,,陈妍希在微博发布跳绳视频
671,陈妍希在微博发布跳绳视频,8,False,False,0.0,0.16666666666666666,0.6666666666666666,0.14910262310170272,-0.290771484375,0.0,0.0,0.0,0.0,0,,陈严熙在微博发布跳绳视频
671,陈妍希在微博发布跳绳视频,9,False,False,0.0,0.08333333333333333,0.3333333333333333,0.140819144040497,-0.29296875,0.0,0.0,0.0,0.0,0,,陈延希在微博发布跳绳视频
671,陈妍希在微博发布跳绳视频,10,False,False,0.0,0.25,1.0,0.1325356649792913,-0.295166015625,0.0,0.0,0.0,0.0,0,,趁延熙在微博发布跳绳视频
671,陈妍希在微博发布跳绳视频,11,False,False,0.0,0.16666666666666666,0.6666666666666666,0.054302807179015186,-0.31591796875,0.0,0.0,0.0,0.0,0,,陈颜熙在微博发布跳绳视频
671,陈妍希在微博发布跳绳视频,12,False,False,0.0,0.16666666666666666,0.6666666666666666,0.0,-0.330322265625,0.0,0.0,0.0,0.0,0,,陈言曦在微博发布跳绳视频
672,京汇佳律师事务所律师邱宝昌表示,1,True,False,0.5,0.2,0.2727272727272727,1.0,-0.5712890625,0.0,0.0,0.0,0.0,0,,揭绘家律师事务所律师邱宝昌表示
672,京汇佳律师事务所律师邱宝昌表示,2,False,False,0.5,0.2,0.2727272727272727,0.7931034482758621,-0.5947265625,0.0,0.0,0.0,0.0,0,,经会家律师事务所律师邱宝昌表示
672,京汇佳律师事务所律师邱宝昌表示,3,False,False,0.5,0.2,0.2727272727272727,0.6896551724137931,-0.6064453125,0.0,0.0,0.0,0.0,0,,街会家律师事务所律师邱宝昌表示
672,京汇佳律师事务所律师邱宝昌表示,4,False,False,0.5,0.2,0.2727272727272727,0.34913793103448276,-0.64501953125,0.0,0.0,0.0,0.0,0,,经绘家律师事务所律师邱宝昌表示
672,京汇佳律师事务所律师邱宝昌表示,5,False,True,0.5,0.13333333333333333,0.18181818181818182,0.3448275862068966,-0.6455078125,0.0,0.0,0.0,0.0,0,,金汇嘉律师事务所律师邱宝昌表示
672,京汇佳律师事务所律师邱宝昌表示,6,False,False,0.5,0.2,0.2727272727272727,0.23275862068965517,-0.658203125,0.0,0.0,0.0,0.0,0,,菁惠嘉律师事务所律师邱宝昌表示
672,京汇佳律师事务所律师邱宝昌表示,7,False,False,0.5,0.2,0.2727272727272727,0.2025862068965517,-0.66162109375,0.0,0.0,0.0,0.0,0,,江惠嘉律师事务所律师邱宝昌表示
672,京汇佳律师事务所律师邱宝昌表示,8,False,False,0.5,0.2,0.2727272727272727,0.0,-0.6845703125,0.0,0.0,0.0,0.0,0,,监会加律师事务所律师邱宝昌表示
673,园中园收费超景区大门票,1,True,False,0.0,0.18181818181818182,0.6666666666666666,1.0,-0.1556396484375,0.0,0.0,0.0,0.0,0,,原中原收费超景区大门票
673,园中园收费超景区大门票,2,False,False,0.0,0.18181818181818182,0.6666666666666666,0.708554125662377,-0.20263671875,0.0,0.0,0.0,0.0,0,,圆中圆收费超景区大门票
673,园中园收费超景区大门票,3,False,False,0.0,0.2727272727272727,1.0,0.5866767600302801,-0.2222900390625,0.0,0.0,0.0,0.0,0,,袁忠元收费超景区大门票
673,园中园收费超景区大门票,4,False,False,0.0,0.18181818181818182,0.6666666666666666,0.4405753217259652,-0.245849609375,0.0,0.0,0.0,0.0,0,,圆中原收费超景区大门票
673,园中园收费超景区大门票,5,False,True,0.0,0.09090909090909091,0.3333333333333333,0.4299772899318698,-0.24755859375,0.0,0.0,0.0,0.0,0,,圆中园收费超景区大门票
673,园中园收费超景区大门票,6,False,False,0.0,0.36363636363636365,1.0,0.42089326267978805,-0.2490234375,0.0,0.0,0.0,0.0,0,,袁忠元收费抄景区大门票
673,园中园收费超景区大门票,7,False,False,0.0,0.18181818181818182,0.6666666666666666,0.38152914458743376,-0.25537109375,0.0,0.0,0.0,0.0,0,,元中原收费超景区大门票
673,园中园收费超景区大门票,8,False,False,0.0,0.2727272727272727,0.6666666666666666,0.33459500378501134,-0.262939453125,0.0,0.0,0.0,0.0,0,,原中原收费超景区大轮票
673,园中园收费超景区大门票,9,False,False,0.0,0.2727272727272727,0.6666666666666666,0.2028766086298259,-0.2841796875,0.0,0.0,0.0,0.0,0,,圆中圆收费超景区大轮票
673,园中园收费超景区大门票,10,False,False,0.0,0.2727272727272727,1.0,0.19227857683573052,-0.285888671875,0.0,0.0,0.0,0.0,0,,元忠元收费超景区大门票
673,园中园收费超景区大门票,11,False,False,0.0,0.18181818181818182,0.6666666666666666,0.13171839515518546,-0.295654296875,0.0,0.0,0.0,0.0,0,,圆中元收费超景区大门票
673,园中园收费超景区大门票,12,False,False,0.0,0.18181818181818182,0.6666666666666666,0.056018168054504165,-0.307861328125,0.0,0.0,0.0,0.0,0,,元中元收费超景区大门票
673,园中园收费超景区大门票,13,False,False,0.0,0.2727272727272727,1.0,0.0,-0.31689453125,0.0,0.0,0.0,0.0,0,,袁忠源收费超景区大门票
674,信息时报讯记者周伟龙8月10日下午,1,True,True,1.0,0.0,0.0,1.0,-0.0286865234375,0.0,0.0,0.0,0.0,0,,信息时报讯记者周伟龙8月10日下午
674,信息时报讯记者周伟龙8月10日下午,2,False,False,0.0,0.058823529411764705,0.2,0.46308724832214765,-0.1556396484375,0.0,0.0,0.0,0.0,0,,信息时报训记者周伟龙8月10日下午
674,信息时报讯记者周伟龙8月10日下午,3,False,False,1.0,0.058823529411764705,0.0,0.3546721734641198,-0.1812744140625,0.0,0.0,0.0,0.0,0,,信息时报讯记者周伟龙8月1日0日下午
674,信息时报讯记者周伟龙8月10日下午,4,False,False,1.0,0.058823529411764705,0.0,0.28859060402684567,-0.1968994140625,0.0,0.0,0.0,0.0,0,,信息时报讯记者周伟龙8月1日下午
674,信息时报讯记者周伟龙8月10日下午,5,False,False,1.0,0.11764705882352941,0.0,0.12183789364997419,-0.236328125,0.0,0.0,0.0,0.0,0,,信息时报讯记者周伟龙8月1日凌日下午
674,信息时报讯记者周伟龙8月10日下午,6,False,False,1.0,0.058823529411764705,0.0,0.0,-0.26513671875,0.0,0.0,0.0,0.0,0,,信息时报讯记者周伟龙8月20日下午
675,6名游客在海珠湖公园凉亭内躲雨,1,True,True,1.0,0.0,0.0,1.0,-0.0787353515625,0.0,0.0,0.0,0.0,0,,6名游客在海珠湖公园凉亭内躲雨
675,6名游客在海珠湖公园凉亭内躲雨,2,False,False,1.0,0.06666666666666667,0.0,0.0,-0.143310546875,0.0,0.0,0.0,0.0,0,,6名游客在海珠湖公园凉亭内躲遇
676,记者回访海珠湖公园发现,1,True,True,0.0,0.18181818181818182,0.4,1.0,-0.1077880859375,0.0,0.0,0.0,0.0,0,,记者回访珠海湖公园发现
676,记者回访海珠湖公园发现,2,False,False,0.0,0.36363636363636365,0.4,0.8838465694219341,-0.134033203125,0.0,0.0,0.0,0.0,0,,汽车回访珠海湖公园发现
676,记者回访海珠湖公园发现,3,False,False,0.0,0.18181818181818182,0.6,0.671528903295516,-0.1820068359375,0.0,0.0,0.0,0.0,0,,记者回访了珠海湖公园发现
676,记者回访海珠湖公园发现,4,False,False,0.0,0.36363636363636365,0.6,0.6066990815775256,-0.1966552734375,0.0,0.0,0.0,0.0,0,,汽车回访了珠海湖公园发现
676,记者回访海珠湖公园发现,5,False,False,0.0,0.18181818181818182,0.4,0.16963803349540788,-0.29541015625,0.0,0.0,0.0,0.0,0,,记者回访诸海湖公园发现
676,记者回访海珠湖公园发现,6,False,False,0.0,0.36363636363636365,0.4,0.022690437601296597,-0.32861328125,0.0,0.0,0.0,0.0,0,,汽车回访朱海湖公园发现
676,记者回访海珠湖公园发现,7,False,False,0.0,0.36363636363636365,0.4,0.01728795245813074,-0.329833984375,0.0,0.0,0.0,0.0,0,,汽车回访中海湖公园发现
676,记者回访海珠湖公园发现,8,False,False,0.0,0.18181818181818182,0.4,0.0,-0.333740234375,0.0,0.0,0.0,0.0,0,,记者回访中海湖公园发现
677,夏先生带太太跟团去新马泰旅游,1,True,False,0.0,0.07142857142857142,0.3333333333333333,1.0,-0.194091796875,0.0,0.0,0.0,0.0,0,,夏先生带太太跟团去新马太旅游
677,夏先生带太太跟团去新马泰旅游,2,False,False,0.0,0.14285714285714285,0.6666666666666666,0.5582089552238806,-0.230224609375,0.0,0.0,0.0,0.0,0,,夏先生带太太跟团人去新马太旅游
677,夏先生带太太跟团去新马泰旅游,3,False,False,0.0,0.14285714285714285,0.6666666666666666,0.5253731343283582,-0.23291015625,0.0,0.0,0.0,0.0,0,,夏先生带着太太跟团去新马太旅游
677,夏先生带太太跟团去新马泰旅游,4,False,True,1.0,0.0,0.0,0.4626865671641791,-0.238037109375,0.0,0.0,0.0,0.0,0,,夏先生带太太跟团去新马泰旅游
677,夏先生带太太跟团去新马泰旅游,5,False,False,0.0,0.21428571428571427,1.0,0.28059701492537314,-0.2529296875,0.0,0.0,0.0,0.0,0,,夏先生带着太太跟团人去新马太旅游
677,夏先生带太太跟团去新马泰旅游,6,False,False,0.0,0.14285714285714285,0.6666666666666666,0.16716417910447762,-0.26220703125,0.0,0.0,0.0,0.0,0,,夏先生带他太太跟团去新马太旅游
677,夏先生带太太跟团去新马泰旅游,7,False,False,1.0,0.07142857142857142,0.6666666666666666,0.11044776119402985,-0.266845703125,0.0,0.0,0.0,0.0,0,,夏先生带着太太跟团去新马泰旅游
677,夏先生带太太跟团去新马泰旅游,8,False,False,1.0,0.07142857142857142,0.6666666666666666,0.04477611940298507,-0.272216796875,0.0,0.0,0.0,0.0,0,,夏先生带太太跟团人去新马泰旅游
677,夏先生带太太跟团去新马泰旅游,9,False,False,0.0,0.07142857142857142,0.3333333333333333,0.0,-0.27587890625,0.0,0.0,0.0,0.0,0,,夏先生带太太跟团去新马台旅游
678,河南籍游客张某某手部受伤及表皮损伤,1,True,True,1.0,0.0,0.0,1.0,-0.0638427734375,0.0,0.0,0.0,0.0,0,,河南籍游客张某某手部受伤及表皮损伤
678,河南籍游客张某某手部受伤及表皮损伤,2,False,False,0.0,0.058823529411764705,0.3333333333333333,0.5065359477124183,-0.1375732421875,0.0,0.0,0.0,0.0,0,,河南籍游客章某某手部受伤及表皮损伤
678,河南籍游客张某某手部受伤及表皮损伤,3,False,False,1.0,0.058823529411764705,0.0,0.0,-0.2132568359375,0.0,0.0,0.0,0.0,0,,河南籍游客张某某首部受伤及表皮损伤
679,游客在济南景区水池许愿观赏莲被砸成马蜂窝,1,True,True,1.0,0.05,0.0,1.0,-0.03912353515625,0.0,0.0,0.0,0.0,0,,游客在济南景区水池许愿观赏连被砸成马蜂窝
679,游客在济南景区水池许愿观赏莲被砸成马蜂窝,2,False,False,1.0,0.05,0.0,0.5257790368271955,-0.0902099609375,0.0,0.0,0.0,0.0,0,,游客在济南景区水池许愿观赏帘被砸成马蜂窝
679,游客在济南景区水池许愿观赏莲被砸成马蜂窝,3,False,False,1.0,0.05,0.0,0.0,-0.1468505859375,0.0,0.0,0.0,0.0,0,,游客在济南景区水池许愿观赏链被砸成马蜂窝
680,华商报讯记者杨德合买了2个肉夹馍,1,True,False,0.5,0.0625,0.14285714285714285,1.0,-0.0784912109375,0.0,0.0,0.0,0.0,0,,华商报讯记者杨德贺买了2个肉夹馍
680,华商报讯记者杨德合买了2个肉夹馍,2,False,True,1.0,0.0,0.0,0.5232323232323233,-0.1361083984375,0.0,0.0,0.0,0.0,0,,华商报讯记者杨德合买了2个肉夹馍
680,华商报讯记者杨德合买了2个肉夹馍,3,False,False,0.5,0.125,0.14285714285714285,0.34040404040404043,-0.158203125,0.0,0.0,0.0,0.0,0,,华商报讯记者杨德贺买了2个肉夹模
680,华商报讯记者杨德合买了2个肉夹馍,4,False,False,0.5,0.0625,0.14285714285714285,0.25252525252525254,-0.1688232421875,0.0,0.0,0.0,0.0,0,,华商报讯记者杨德和买了2个肉夹馍
680,华商报讯记者杨德合买了2个肉夹馍,5,False,False,0.5,0.0625,0.14285714285714285,0.11818181818181818,-0.18505859375,0.0,0.0,0.0,0.0,0,,华商报讯记者杨德喝买了2个肉夹馍
680,华商报讯记者杨德合买了2个肉夹馍,6,False,False,0.0,0.1875,0.42857142857142855,0.06262626262626263,-0.1917724609375,0.0,0.0,0.0,0.0,0,,华商暴汛记者杨德贺买了2个肉夹馍
680,华商报讯记者杨德合买了2个肉夹馍,7,False,False,0.5,0.0625,0.14285714285714285,0.012121212121212121,-0.1978759765625,0.0,0.0,0.0,0.0,0,,华商报讯记者杨德荷买了2个肉夹馍
680,华商报讯记者杨德合买了2个肉夹馍,8,False,False,0.5,0.0625,0.14285714285714285,0.0,-0.1993408203125,0.0,0.0,0.0,0.0,0,,华商报讯记者杨德盒买了2个肉夹馍
681,但这也让首次来到陕西游玩的孙女士感到憋屈,1,True,True,1.0,0.0,0.0,1.0,-0.01983642578125,0.0,0.0,0.0,0.0,0,,但这也让首次来到陕西游玩的孙女士感到憋屈
681,但这也让首次来到陕西游玩的孙女士感到憋屈,2,False,False,1.0,0.1,1.0,0.2632039684855559,-0.1739501953125,0.0,0.0,0.0,0.0,0,,但这也让来到陕西游玩的孙女士感到憋屈
681,但这也让首次来到陕西游玩的孙女士感到憋屈,3,False,False,1.0,0.05,1.0,0.21943390720747008,-0.18310546875,0.0,0.0,0.0,0.0,0,,这也让首次来到陕西游玩的孙女士感到憋屈
681,但这也让首次来到陕西游玩的孙女士感到憋屈,4,False,False,1.0,0.05,1.0,0.04668806536329151,-0.21923828125,0.0,0.0,0.0,0.0,0,,但是这也让首次来到陕西游玩的孙女士感到憋屈
681,但这也让首次来到陕西游玩的孙女士感到憋屈,5,False,False,1.0,0.05,1.0,0.015757222060110883,-0.2257080078125,0.0,0.0,0.0,0.0,0,,但这也让首次来陕西游玩的孙女士感到憋屈
681,但这也让首次来到陕西游玩的孙女士感到憋屈,6,False,False,1.0,0.05,1.0,0.0,-0.22900390625,0.0,0.0,0.0,0.0,0,,但这让首次来到陕西游玩的孙女士感到憋屈
682,游客大铜缸刻字警察喊话故宫刻字者请自首,1,True,False,1.0,0.21052631578947367,0.0,1.0,-0.24267578125,0.0,0.0,0.0,0.0,0,,游客大同岗客字警察喊话故宫客字者请自首
682,游客大铜缸刻字警察喊话故宫刻字者请自首,2,False,False,1.0,0.3157894736842105,0.0,0.7360406091370558,-0.25537109375,0.0,0.0,0.0,0.0,0,,游客大同岗客自警察喊话故宫客自者请自首
682,游客大铜缸刻字警察喊话故宫刻字者请自首,3,False,False,1.0,0.21052631578947367,0.0,0.6751269035532995,-0.25830078125,0.0,0.0,0.0,0.0,0,,游客大同纲客字警察喊话故宫客字者请自首
682,游客大铜缸刻字警察喊话故宫刻字者请自首,4,False,False,1.0,0.3157894736842105,0.0,0.6446700507614214,-0.259765625,0.0,0.0,0.0,0.0,0,,游客大同纲客自警察喊话故宫客自者请自首
682,游客大铜缸刻字警察喊话故宫刻字者请自首,5,False,False,1.0,0.15789473684210525,0.0,0.4517766497461929,-0.26904296875,0.0,0.0,0.0,0.0,0,,游客大同缸客字警察喊话故宫客字者请自首
682,游客大铜缸刻字警察喊话故宫刻字者请自首,6,False,False,0.0,0.2631578947368421,0.5,0.4416243654822335,-0.26953125,0.0,0.0,0.0,0.0,0,,游客大同岗客字警察喊话故供客字者请自首
682,游客大铜缸刻字警察喊话故宫刻字者请自首,7,False,False,0.0,0.3684210526315789,0.5,0.3248730964467005,-0.275146484375,0.0,0.0,0.0,0.0,0,,游客大同纲客自警察喊话故供客自者请自首
682,游客大铜缸刻字警察喊话故宫刻字者请自首,8,False,False,0.0,0.2631578947368421,0.5,0.3096446700507614,-0.27587890625,0.0,0.0,0.0,0.0,0,,游客大同纲客字警察喊话故供客字者请自首
682,游客大铜缸刻字警察喊话故宫刻字者请自首,9,False,False,0.0,0.3684210526315789,0.5,0.24873096446700507,-0.27880859375,0.0,0.0,0.0,0.0,0,,游客大同岗客自警察喊话故供客自者请自首
682,游客大铜缸刻字警察喊话故宫刻字者请自首,10,False,True,1.0,0.10526315789473684,0.0,0.23857868020304568,-0.279296875,0.0,0.0,0.0,0.0,0,,游客大同纲刻字警察喊话故宫刻字者请自首
682,游客大铜缸刻字警察喊话故宫刻字者请自首,11,False,False,1.0,0.10526315789473684,0.0,0.20304568527918782,-0.281005859375,0.0,0.0,0.0,0.0,0,,游客大同岗刻字警察喊话故宫刻字者请自首
682,游客大铜缸刻字警察喊话故宫刻字者请自首,12,False,False,1.0,0.2631578947368421,0.0,0.17258883248730963,-0.282470703125,0.0,0.0,0.0,0.0,0,,有客大同纲客字警察喊话故宫客字者请自首
682,游客大铜缸刻字警察喊话故宫刻字者请自首,13,False,False,0.0,0.3157894736842105,0.5,0.0,-0.290771484375,0.0,0.0,0.0,0.0,0,,有客大同纲客字警察喊话故供客字者请自首
683,图片由胡先生提供本报讯记者喻莉出门旅游,1,True,False,0.0,0.3157894736842105,1.0,1.0,-0.023162841796875,0.0,0.0,0.0,0.0,0,,图片由胡先生提供本报讯记者
683,图片由胡先生提供本报讯记者喻莉出门旅游,2,False,True,0.0,0.10526315789473684,1.0,0.41979336595976074,-0.120849609375,0.0,0.0,0.0,0.0,0,,图片由胡先生提供本报讯记者玉丽出门旅游
683,图片由胡先生提供本报讯记者喻莉出门旅游,3,False,False,0.0,0.10526315789473684,1.0,0.27261192677179624,-0.1456298828125,0.0,0.0,0.0,0.0,0,,图片由胡先生提供本报讯记者预例出门旅游
683,图片由胡先生提供本报讯记者喻莉出门旅游,4,False,False,0.0,0.10526315789473684,1.0,0.18705818379554107,-0.1600341796875,0.0,0.0,0.0,0.0,0,,图片由胡先生提供本报讯记者履历出门旅游
683,图片由胡先生提供本报讯记者喻莉出门旅游,5,False,False,0.0,0.10526315789473684,1.0,0.17038245423237267,-0.162841796875,0.0,0.0,0.0,0.0,0,,图片由胡先生提供本报讯记者预历出门旅游
683,图片由胡先生提供本报讯记者喻莉出门旅游,6,False,False,0.0,0.10526315789473684,1.0,0.0,-0.1915283203125,0.0,0.0,0.0,0.0,0,,图片由胡先生提供本报讯记者遇历出门旅游
684,武汉网友胡琦的一条短信微博引起众人关注,1,True,False,0.0,0.05263157894736842,0.5,1.0,-0.0526123046875,0.0,0.0,0.0,0.0,0,,武汉网友胡奇的一条短信微博引起众人关注
684,武汉网友胡琦的一条短信微博引起众人关注,2,False,False,0.0,0.10526315789473684,1.0,0.610726643598616,-0.12127685546875,0.0,0.0,0.0,0.0,0,,武汉网友呼启的一条短信微博引起众人关注
684,武汉网友胡琦的一条短信微博引起众人关注,3,False,False,0.0,0.15789473684210525,1.0,0.4823529411764706,-0.1439208984375,0.0,0.0,0.0,0.0,0,,武汉网友呼启了一条短信微博引起众人关注
684,武汉网友胡琦的一条短信微博引起众人关注,4,False,False,0.0,0.05263157894736842,0.5,0.4782006920415225,-0.1446533203125,0.0,0.0,0.0,0.0,0,,武汉网友胡琪的一条短信微博引起众人关注
684,武汉网友胡琦的一条短信微博引起众人关注,5,False,False,0.0,1.0526315789473684,1.0,0.4083044982698962,-0.156982421875,0.0,0.0,0.0,0.0,0,,请不吝点赞订阅转发打赏支持明镜与点点栏目
684,武汉网友胡琦的一条短信微博引起众人关注,6,False,False,0.0,0.10526315789473684,1.0,0.3743944636678201,-0.1629638671875,0.0,0.0,0.0,0.0,0,,武汉网友呼吁的一条短信微博引起众人关注
684,武汉网友胡琦的一条短信微博引起众人关注,7,False,True,1.0,0.0,0.0,0.32110726643598614,-0.17236328125,0.0,0.0,0.0,0.0,0,,武汉网友胡琦的一条短信微博引起众人关注
684,武汉网友胡琦的一条短信微博引起众人关注,8,False,False,0.0,0.05263157894736842,0.5,0.3044982698961938,-0.17529296875,0.0,0.0,0.0,0.0,0,,武汉网友胡齐的一条短信微博引起众人关注
684,武汉网友胡琦的一条短信微博引起众人关注,9,False,False,0.0,0.10526315789473684,1.0,0.17647058823529413,-0.1978759765625,0.0,0.0,0.0,0.0,0,,武汉网友呼起的一条短信微博引起众人关注
684,武汉网友胡琦的一条短信微博引起众人关注,10,False,False,0.0,0.15789473684210525,1.0,0.12664359861591695,-0.2066650390625,0.0,0.0,0.0,0.0,0,,武汉网友呼起了一条短信微博引起众人关注
684,武汉网友胡琦的一条短信微博引起众人关注,11,False,False,0.0,0.05263157894736842,0.5,0.11764705882352941,-0.208251953125,0.0,0.0,0.0,0.0,0,,武汉网友胡启的一条短信微博引起众人关注
684,武汉网友胡琦的一条短信微博引起众人关注,12,False,False,0.0,0.10526315789473684,0.5,0.08235294117647059,-0.2144775390625,0.0,0.0,0.0,0.0,0,,武汉网友胡奇的一条短息微博引起众人关注
684,武汉网友胡琦的一条短信微博引起众人关注,13,False,False,0.0,0.05263157894736842,0.5,0.0,-0.22900390625,0.0,0.0,0.0,0.0,0,,武汉网友胡起的一条短信微博引起众人关注
685,中国房地产学会副会长陈国强也认为,1,True,True,1.0,0.0,0.0,1.0,-0.0626220703125,0.0,0.0,0.0,0.0,0,,中国房地产学会副会长陈国强也认为
685,中国房地产学会副会长陈国强也认为,2,False,False,1.0,0.0625,0.0,0.6641065028161802,-0.1427001953125,0.0,0.0,0.0,0.0,0,,中国房地产协会副会长陈国强也认为
685,中国房地产学会副会长陈国强也认为,3,False,False,1.0,0.0625,0.0,0.35995903737839224,-0.2152099609375,0.0,0.0,0.0,0.0,0,,中国房地厂学会副会长陈国强也认为
685,中国房地产学会副会长陈国强也认为,4,False,False,1.0,0.125,0.0,0.0,-0.301025390625,0.0,0.0,0.0,0.0,0,,中国访地厂学会副会长陈国强也认为
686,将其纳入旧城改造和新城建设规划,1,True,True,1.0,0.0,0.0,1.0,-0.031951904296875,0.0,0.0,0.0,0.0,0,,将其纳入旧城改造和新城建设规划
686,将其纳入旧城改造和新城建设规划,2,False,False,0.0,0.06666666666666667,0.5,0.049223987510331524,-0.347900390625,0.0,0.0,0.0,0.0,0,,将其纳入旧城改造和新成建设规划
686,将其纳入旧城改造和新城建设规划,3,False,False,1.0,0.06666666666666667,0.0,0.007346863807512169,-0.36181640625,0.0,0.0,0.0,0.0,0,,将其纳入就城改造和新城建设规划
686,将其纳入旧城改造和新城建设规划,4,False,False,1.0,0.06666666666666667,0.0,0.0,-0.3642578125,0.0,0.0,0.0,0.0,0,,将其纳入救城改造和新城建设规划
687,而且这也可以看作是苹果利用硬件优势,1,True,True,1.0,0.0,0.0,1.0,-0.074951171875,0.0,0.0,0.0,0.0,0,,而且这也可以看作是苹果利用硬件优势
687,而且这也可以看作是苹果利用硬件优势,2,False,False,1.0,0.058823529411764705,0.0,0.13431786216596342,-0.2252197265625,0.0,0.0,0.0,0.0,0,,而且这也可以看做是苹果利用硬件优势
687,而且这也可以看作是苹果利用硬件优势,3,False,False,1.0,0.058823529411764705,0.0,0.04430379746835443,-0.2408447265625,0.0,0.0,0.0,0.0,0,,而且这也可以看作是苹果利用硬体优势
687,而且这也可以看作是苹果利用硬件优势,4,False,False,1.0,0.058823529411764705,0.0,0.0,-0.24853515625,0.0,0.0,0.0,0.0,0,,而且这也可以看作是苹果利用硬件的优势
688,苹果靠什么颠复移动支付,1,True,True,1.0,0.09090909090909091,0.0,1.0,-0.06829833984375,0.0,0.0,0.0,0.0,0,,苹果靠什么颠覆移动支付
688,苹果靠什么颠复移动支付,2,False,False,1.0,0.2727272727272727,0.0,0.3383903317048084,-0.225341796875,0.0,0.0,0.0,0.0,0,,苹果靠什么颠覆移动之夫
688,苹果靠什么颠复移动支付,3,False,False,1.0,0.2727272727272727,0.0,0.0,-0.3056640625,0.0,0.0,0.0,0.0,0,,苹果靠什么颠覆移动致富
690,这种状态是苹果颠复现有市场格局的根基,1,True,True,1.0,0.05555555555555555,0.0,1.0,-0.038909912109375,0.0,0.0,0.0,0.0,0,,这种状态是苹果颠覆现有市场格局的根基
690,这种状态是苹果颠复现有市场格局的根基,2,False,False,1.0,0.1111111111111111,0.0,0.0,-0.1298828125,0.0,0.0,0.0,0.0,0,,这种状态使苹果颠覆现有市场格局的根基
691,苹果积累了海量的绑定信息卡用户,1,True,False,1.0,0.06666666666666667,0.0,1.0,-0.11492919921875,0.0,0.0,0.0,0.0,0,,苹果积累了很量的绑定信息卡用户
691,苹果积累了海量的绑定信息卡用户,2,False,False,1.0,0.06666666666666667,0.0,0.9142053445850914,-0.1260986328125,0.0,0.0,0.0,0.0,0,,苹果积累了含量的绑定信息卡用户
691,苹果积累了海量的绑定信息卡用户,3,False,True,1.0,0.0,0.0,0.770745428973277,-0.144775390625,0.0,0.0,0.0,0.0,0,,苹果积累了海量的绑定信息卡用户
691,苹果积累了海量的绑定信息卡用户,4,False,False,1.0,0.13333333333333333,0.0,0.3881856540084388,-0.194580078125,0.0,0.0,0.0,0.0,0,,苹果积累了很大量的绑定信息卡用户
691,苹果积累了海量的绑定信息卡用户,5,False,False,1.0,0.13333333333333333,0.0,0.3197374589779653,-0.2034912109375,0.0,0.0,0.0,0.0,0,,苹果积累了很大的绑定信息卡用户
691,苹果积累了海量的绑定信息卡用户,6,False,False,1.0,0.13333333333333333,0.0,0.030004688232536336,-0.2412109375,0.0,0.0,0.0,0.0,0,,苹果积累了很亮的绑定信息卡用户
691,苹果积累了海量的绑定信息卡用户,7,False,False,1.0,0.06666666666666667,0.0,0.0,-0.2451171875,0.0,0.0,0.0,0.0,0,,苹果积累了大量的绑定信息卡用户
692,而且苹果最早一批的用户积累,1,True,True,1.0,0.0,0.0,1.0,-0.08380126953125,0.0,0.0,0.0,0.0,0,,而且苹果最早一批的用户积累
692,而且苹果最早一批的用户积累,2,False,False,1.0,0.07692307692307693,0.0,0.0,-0.10650634765625,0.0,0.0,0.0,0.0,0,,而且苹果最少一批的用户积累
693,柯振东入狱期间的囚服都能在淘宝上热卖,1,True,True,0.0,0.05555555555555555,0.3333333333333333,1.0,-0.0775146484375,0.0,0.0,0.0,0.0,0,,柯震东入狱期间的囚服都能在淘宝上热卖
693,柯振东入狱期间的囚服都能在淘宝上热卖,2,False,False,0.0,0.16666666666666666,0.3333333333333333,0.5673175745118191,-0.12890625,0.0,0.0,0.0,0.0,0,,柯震东入狱期间的求福都能在淘宝上热卖
693,柯振东入狱期间的囚服都能在淘宝上热卖,3,False,False,0.0,0.16666666666666666,0.3333333333333333,0.5354573484069887,-0.1326904296875,0.0,0.0,0.0,0.0,0,,柯震东入狱期间的裘福都能在淘宝上热卖
693,柯振东入狱期间的囚服都能在淘宝上热卖,4,False,False,0.0,0.16666666666666666,0.3333333333333333,0.4624871531346352,-0.141357421875,0.0,0.0,0.0,0.0,0,,柯震东入狱期间的裘扶都能在淘宝上热卖
693,柯振东入狱期间的囚服都能在淘宝上热卖,5,False,False,0.0,0.05555555555555555,0.3333333333333333,0.27132579650565264,-0.1640625,0.0,0.0,0.0,0.0,0,,科振东入狱期间的囚服都能在淘宝上热卖
693,柯振东入狱期间的囚服都能在淘宝上热卖,6,False,False,0.0,0.1111111111111111,0.3333333333333333,0.15724563206577596,-0.1776123046875,0.0,0.0,0.0,0.0,0,,柯震东入狱期间的囚符都能在淘宝上热卖
693,柯振东入狱期间的囚服都能在淘宝上热卖,7,False,False,0.0,0.1111111111111111,0.3333333333333333,0.065775950668037,-0.1884765625,0.0,0.0,0.0,0.0,0,,柯震东入狱期间的囚俘都能在淘宝上热卖
693,柯振东入狱期间的囚服都能在淘宝上热卖,8,False,False,0.0,0.1111111111111111,0.6666666666666666,0.05447070914696814,-0.1898193359375,0.0,0.0,0.0,0.0,0,,科震东入狱期间的囚服都能在淘宝上热卖
693,柯振东入狱期间的囚服都能在淘宝上热卖,9,False,False,0.0,0.16666666666666666,1.0,0.0,-0.1962890625,0.0,0.0,0.0,0.0,0,,客镇中入狱期间的囚服都能在淘宝上热卖
694,苹果就公布了合作伙伴,1,True,True,1.0,0.0,0.0,1.0,-0.05926513671875,0.0,0.0,0.0,0.0,0,,苹果就公布了合作伙伴
694,苹果就公布了合作伙伴,2,False,False,1.0,0.1,0.0,0.9236996559400931,-0.082275390625,0.0,0.0,0.0,0.0,0,,苹果又公布了合作伙伴
694,苹果就公布了合作伙伴,3,False,False,1.0,0.1,0.0,0.32867840518113745,-0.26171875,0.0,0.0,0.0,0.0,0,,苹果公布了合作伙伴
694,苹果就公布了合作伙伴,4,False,False,1.0,0.1,0.0,0.0,-0.36083984375,0.0,0.0,0.0,0.0,0,,苹果就公布了合作伙伴了
695,美的家用空调事业部制造副总裁乌守保对记者表示,1,True,False,0.0,0.22727272727272727,1.0,1.0,-0.1494140625,0.0,0.0,0.0,0.0,0,,美的佳音空调事业部制造副总裁吴首宝对记者表示
695,美的家用空调事业部制造副总裁乌守保对记者表示,2,False,False,0.0,0.18181818181818182,0.6666666666666666,0.9373134328358209,-0.1519775390625,0.0,0.0,0.0,0.0,0,,美的佳音空调事业部制造副总裁乌首宝对记者表示
695,美的家用空调事业部制造副总裁乌守保对记者表示,3,False,False,0.0,0.22727272727272727,0.6666666666666666,0.9373134328358209,-0.1519775390625,0.0,0.0,0.0,0.0,0,,美帝加英空调事业部制造副总裁乌首宝对记者表示
695,美的家用空调事业部制造副总裁乌守保对记者表示,4,False,False,0.0,0.18181818181818182,0.6666666666666666,0.8149253731343283,-0.156982421875,0.0,0.0,0.0,0.0,0,,美的加英空调事业部制造副总裁乌首宝对记者表示
695,美的家用空调事业部制造副总裁乌守保对记者表示,5,False,True,0.0,0.09090909090909091,0.6666666666666666,0.7014925373134329,-0.16162109375,0.0,0.0,0.0,0.0,0,,美的家用空调事业部制造副总裁乌首宝对记者表示
695,美的家用空调事业部制造副总裁乌守保对记者表示,6,False,False,0.0,0.13636363636363635,1.0,0.6179104477611941,-0.1650390625,0.0,0.0,0.0,0.0,0,,美的家用空调事业部制造副总裁吴首宝对记者表示
695,美的家用空调事业部制造副总裁乌守保对记者表示,7,False,False,0.0,0.22727272727272727,0.6666666666666666,0.4955223880597015,-0.1700439453125,0.0,0.0,0.0,0.0,0,,美帝加恩空调事业部制造副总裁乌首宝对记者表示
695,美的家用空调事业部制造副总裁乌守保对记者表示,8,False,False,0.0,0.22727272727272727,0.6666666666666666,0.4925373134328358,-0.170166015625,0.0,0.0,0.0,0.0,0,,美帝加盟空调事业部制造副总裁乌首宝对记者表示
695,美的家用空调事业部制造副总裁乌守保对记者表示,9,False,False,0.0,0.18181818181818182,0.6666666666666666,0.3850746268656716,-0.174560546875,0.0,0.0,0.0,0.0,0,,美的加盐空调事业部制造副总裁乌首宝对记者表示
695,美的家用空调事业部制造副总裁乌守保对记者表示,10,False,False,0.0,0.22727272727272727,1.0,0.19701492537313434,-0.1822509765625,0.0,0.0,0.0,0.0,0,,美的加英空调事业部制造副总裁吴首宝对记者表示
695,美的家用空调事业部制造副总裁乌守保对记者表示,11,False,False,0.0,0.22727272727272727,1.0,0.1791044776119403,-0.1829833984375,0.0,0.0,0.0,0.0,0,,美的加盐空调事业部制造副总裁吴首宝对记者表示
695,美的家用空调事业部制造副总裁乌守保对记者表示,12,False,False,0.0,0.2727272727272727,1.0,0.1373134328358209,-0.1846923828125,0.0,0.0,0.0,0.0,0,,美帝加英空调事业部制造副总裁吴首宝对记者表示
695,美的家用空调事业部制造副总裁乌守保对记者表示,13,False,False,0.0,0.2727272727272727,1.0,0.04477611940298507,-0.1884765625,0.0,0.0,0.0,0.0,0,,美帝加盟空调事业部制造副总裁吴首宝对记者表示
695,美的家用空调事业部制造副总裁乌守保对记者表示,14,False,False,0.0,0.18181818181818182,0.6666666666666666,0.023880597014925373,-0.1893310546875,0.0,0.0,0.0,0.0,0,,美的加盟空调事业部制造副总裁乌首宝对记者表示
695,美的家用空调事业部制造副总裁乌守保对记者表示,15,False,False,0.0,0.2727272727272727,1.0,0.0,-0.1903076171875,0.0,0.0,0.0,0.0,0,,美帝加恩空调事业部制造副总裁吴首宝对记者表示
696,中国女排昨天下午在松本迎战韩国队,1,True,True,1.0,0.0,0.0,1.0,-0.04986572265625,0.0,0.0,0.0,0.0,0,,中国女排昨天下午在松本迎战韩国队
696,中国女排昨天下午在松本迎战韩国队,2,False,False,0.5,0.0625,0.2,0.5353625783348255,-0.1448974609375,0.0,0.0,0.0,0.0,0,,中国女排昨天下午在松本迎战韩国堆
696,中国女排昨天下午在松本迎战韩国队,3,False,False,1.0,0.125,0.0,0.1886004177857356,-0.2158203125,0.0,0.0,0.0,0.0,0,,中国女排昨天下午在松本营占韩国队
696,中国女排昨天下午在松本迎战韩国队,4,False,False,1.0,0.0625,0.0,0.14204715010444643,-0.225341796875,0.0,0.0,0.0,0.0,0,,中国女排昨天下午在松本营战韩国队
696,中国女排昨天下午在松本迎战韩国队,5,False,False,0.5,0.125,0.2,0.0,-0.25439453125,0.0,0.0,0.0,0.0,0,,中国女排昨天下午在松本营战韩国堆
697,最终中国队以三比一力战韩国队全取三分,1,True,False,1.0,0.16666666666666666,0.0,1.0,-0.12030029296875,0.0,0.0,0.0,0.0,0,,最终中国队以3比1力战韩国队全取3分
697,最终中国队以三比一力战韩国队全取三分,2,False,False,1.0,0.1111111111111111,0.0,0.7533843437316068,-0.1458740234375,0.0,0.0,0.0,0.0,0,,最终中国队以3比1力战韩国队全取三分
697,最终中国队以三比一力战韩国队全取三分,3,False,True,1.0,0.0,0.0,0.6356680400235433,-0.1580810546875,0.0,0.0,0.0,0.0,0,,最终中国队以三比一力战韩国队全取三分
697,最终中国队以三比一力战韩国队全取三分,4,False,False,1.0,0.2222222222222222,0.0,0.4849911712772219,-0.1737060546875,0.0,0.0,0.0,0.0,0,,最终中国队以3比1历战韩国队全取3分
697,最终中国队以三比一力战韩国队全取三分,5,False,False,1.0,0.16666666666666666,0.0,0.23896409652736905,-0.19921875,0.0,0.0,0.0,0.0,0,,最终中国队以3比1历战韩国队全取三分
697,最终中国队以三比一力战韩国队全取三分,6,False,False,1.0,0.2222222222222222,0.0,0.2107121836374338,-0.2021484375,0.0,0.0,0.0,0.0,0,,最终中国队以3比1力占韩国队全取3分
697,最终中国队以三比一力战韩国队全取三分,7,False,False,1.0,0.2222222222222222,0.0,0.1718658034137728,-0.2061767578125,0.0,0.0,0.0,0.0,0,,最终中国队以3比1厉战韩国队全取3分
697,最终中国队以三比一力战韩国队全取三分,8,False,False,1.0,0.05555555555555555,0.0,0.07769276044732196,-0.2159423828125,0.0,0.0,0.0,0.0,0,,最终中国队以三比一历战韩国队全取三分
697,最终中国队以三比一力战韩国队全取三分,9,False,False,1.0,0.2222222222222222,0.0,0.0,-0.2239990234375,0.0,0.0,0.0,0.0,0,,最终中国队以3比1力战韩国队全局3分
698,二传丁霞和主攻刘晏含取代了沈静思和张常宁的位置,1,True,False,0.0,0.2608695652173913,0.6666666666666666,1.0,-0.176025390625,0.0,0.0,0.0,0.0,0,,二船丁翔和主公刘燕衡取代了沈静思和张长宁的位置
698,二传丁霞和主攻刘晏含取代了沈静思和张常宁的位置,2,False,False,0.0,0.2608695652173913,0.6666666666666666,0.9148936170212766,-0.178955078125,0.0,0.0,0.0,0.0,0,,二船丁祥和主公刘燕衡取代了沈静思和张长宁的位置
698,二传丁霞和主攻刘晏含取代了沈静思和张常宁的位置,3,False,False,0.0,0.2608695652173913,0.6666666666666666,0.7198581560283688,-0.1856689453125,0.0,0.0,0.0,0.0,0,,二船丁翔和主公刘彦衡取代了沈静思和张长宁的位置
698,二传丁霞和主攻刘晏含取代了沈静思和张常宁的位置,4,False,False,0.0,0.2608695652173913,0.6666666666666666,0.6099290780141844,-0.189453125,0.0,0.0,0.0,0.0,0,,二船丁祥和主公刘彦衡取代了沈静思和张长宁的位置
698,二传丁霞和主攻刘晏含取代了沈静思和张常宁的位置,5,False,True,0.0,0.21739130434782608,0.6666666666666666,0.3617021276595745,-0.197998046875,0.0,0.0,0.0,0.0,0,,二船丁翔和主公刘燕衡取代了沈静思和张常宁的位置
698,二传丁霞和主攻刘晏含取代了沈静思和张常宁的位置,6,False,False,0.0,0.21739130434782608,0.6666666666666666,0.3546099290780142,-0.1982421875,0.0,0.0,0.0,0.0,0,,二船丁祥和主公刘燕衡取代了沈静思和张常宁的位置
698,二传丁霞和主攻刘晏含取代了沈静思和张常宁的位置,7,False,False,0.0,0.21739130434782608,0.6666666666666666,0.1879432624113475,-0.2039794921875,0.0,0.0,0.0,0.0,0,,二船丁翔和主公刘彦衡取代了沈静思和张常宁的位置
698,二传丁霞和主攻刘晏含取代了沈静思和张常宁的位置,8,False,False,0.0,0.21739130434782608,0.6666666666666666,0.13829787234042554,-0.2056884765625,0.0,0.0,0.0,0.0,0,,二船丁祥和主公刘彦衡取代了沈静思和张常宁的位置
698,二传丁霞和主攻刘晏含取代了沈静思和张常宁的位置,9,False,False,0.0,0.30434782608695654,0.6666666666666666,0.1347517730496454,-0.205810546875,0.0,0.0,0.0,0.0,0,,二船丁祥和主公刘燕衡取代了沈敬思和张长宁的位置
698,二传丁霞和主攻刘晏含取代了沈静思和张常宁的位置,10,False,False,0.0,0.30434782608695654,0.6666666666666666,0.0,-0.21044921875,0.0,0.0,0.0,0.0,0,,二船丁翔和主公刘燕衡取代了沈敬思和张长宁的位置
699,而看到了希望的韩国队也趁机拼命反击,1,True,True,1.0,0.0,0.0,1.0,-0.0404052734375,0.0,0.0,0.0,0.0,0,,而看到了希望的韩国队也趁机拼命反击
699,而看到了希望的韩国队也趁机拼命反击,2,False,False,1.0,0.058823529411764705,0.0,0.8084931506849315,-0.08306884765625,0.0,0.0,0.0,0.0,0,,而看到了希望的韩国队也趁机拚命反击
699,而看到了希望的韩国队也趁机拼命反击,3,False,False,1.0,0.058823529411764705,0.6666666666666666,0.0,-0.26318359375,0.0,0.0,0.0,0.0,0,,看到了希望的韩国队也趁机拼命反击
700,见此情景韩国队的信心受到了打击,1,True,True,1.0,0.0,0.0,1.0,-0.12371826171875,0.0,0.0,0.0,0.0,0,,见此情景韩国队的信心受到了打击
700,见此情景韩国队的信心受到了打击,2,False,False,1.0,0.2,0.0,0.807920792079208,-0.1533203125,0.0,0.0,0.0,0.0,0,,借此请领韩国队的信心受到了打击
700,见此情景韩国队的信心受到了打击,3,False,False,1.0,0.06666666666666667,0.0,0.6407920792079208,-0.1790771484375,0.0,0.0,0.0,0.0,0,,鉴此情景韩国队的信心受到了打击
700,见此情景韩国队的信心受到了打击,4,False,False,1.0,0.06666666666666667,0.0,0.08396039603960397,-0.264892578125,0.0,0.0,0.0,0.0,0,,渐此情景韩国队的信心受到了打击
700,见此情景韩国队的信心受到了打击,5,False,False,1.0,0.06666666666666667,0.0,0.0,-0.27783203125,0.0,0.0,0.0,0.0,0,,借此情景韩国队的信心受到了打击
701,本赛季调进张常宁就是郎平为朱婷解压的1个表现,1,True,False,1.0,0.13636363636363635,0.0,1.0,-0.08355712890625,0.0,0.0,0.0,0.0,0,,本赛季条件张成宁就是郎平为朱婷解压的1个表现
701,本赛季调进张常宁就是郎平为朱婷解压的1个表现,2,False,False,1.0,0.13636363636363635,0.0,0.9317784256559767,-0.0906982421875,0.0,0.0,0.0,0.0,0,,本赛季条件张承宁就是郎平为朱婷解压的1个表现
701,本赛季调进张常宁就是郎平为朱婷解压的1个表现,3,False,True,1.0,0.045454545454545456,0.0,0.8122448979591836,-0.10321044921875,0.0,0.0,0.0,0.0,0,,本赛季调进张成宁就是郎平为朱婷解压的1个表现
701,本赛季调进张常宁就是郎平为朱婷解压的1个表现,4,False,False,1.0,0.13636363636363635,0.0,0.6524781341107871,-0.11993408203125,0.0,0.0,0.0,0.0,0,,本赛季条件张诚宁就是郎平为朱婷解压的1个表现
701,本赛季调进张常宁就是郎平为朱婷解压的1个表现,5,False,False,1.0,0.045454545454545456,0.0,0.5306122448979592,-0.1326904296875,0.0,0.0,0.0,0.0,0,,本赛季调进张承宁就是郎平为朱婷解压的1个表现
701,本赛季调进张常宁就是郎平为朱婷解压的1个表现,6,False,False,1.0,0.045454545454545456,0.0,0.34285714285714286,-0.15234375,0.0,0.0,0.0,0.0,0,,本赛季调进张诚宁就是郎平为朱婷解压的1个表现
701,本赛季调进张常宁就是郎平为朱婷解压的1个表现,7,False,False,1.0,0.13636363636363635,0.0,0.1935860058309038,-0.16796875,0.0,0.0,0.0,0.0,0,,本赛季条件张澄宁就是郎平为朱婷解压的1个表现
701,本赛季调进张常宁就是郎平为朱婷解压的1个表现,8,False,False,1.0,0.13636363636363635,0.0,0.08979591836734693,-0.1788330078125,0.0,0.0,0.0,0.0,0,,本赛季条件张晨宁就是郎平为朱婷解压的1个表现
701,本赛季调进张常宁就是郎平为朱婷解压的1个表现,9,False,False,1.0,0.045454545454545456,0.0,0.0,-0.188232421875,0.0,0.0,0.0,0.0,0,,本赛季调进张澄宁就是郎平为朱婷解压的1个表现
702,加上惠若琪因伤缺席本届世界杯,1,True,False,0.0,0.35714285714285715,1.0,1.0,-0.265380859375,0.0,0.0,0.0,0.0,0,,加上贿赂其殷商缺席本届世界杯
702,加上惠若琪因伤缺席本届世界杯,2,False,True,0.0,0.07142857142857142,0.3333333333333333,0.07567567567567568,-0.30712890625,0.0,0.0,0.0,0.0,0,,加上贿若琪因伤缺席本届世界杯
702,加上惠若琪因伤缺席本届世界杯,3,False,False,0.0,0.2857142857142857,1.0,0.06486486486486487,-0.3076171875,0.0,0.0,0.0,0.0,0,,加上贿赂其因商缺席本届世界杯
702,加上惠若琪因伤缺席本届世界杯,4,False,False,0.0,0.21428571428571427,1.0,0.04864864864864865,-0.308349609375,0.0,0.0,0.0,0.0,0,,加上贿赂其因伤缺席本届世界杯
702,加上惠若琪因伤缺席本届世界杯,5,False,False,0.0,0.42857142857142855,1.0,0.0,-0.310546875,0.0,0.0,0.0,0.0,0,,加上贿赂其殷商缺席本期世界杯
703,郎平也认为这样去打世界高水平的球队是不够的,1,True,True,1.0,0.0,0.0,1.0,-0.0236663818359375,0.0,0.0,0.0,0.0,0,,郎平也认为这样去打世界高水平的球队是不够的
703,郎平也认为这样去打世界高水平的球队是不够的,2,False,False,0.0,0.047619047619047616,0.5,0.40589970501474926,-0.1312255859375,0.0,0.0,0.0,0.0,0,,狼平也认为这样去打世界高水平的球队是不够的
703,郎平也认为这样去打世界高水平的球队是不够的,3,False,False,0.0,0.047619047619047616,0.5,0.12203961230509904,-0.1826171875,0.0,0.0,0.0,0.0,0,,朗平也认为这样去打世界高水平的球队是不够的
703,郎平也认为这样去打世界高水平的球队是不够的,4,False,False,1.0,0.09523809523809523,0.0,0.09709228824273072,-0.1871337890625,0.0,0.0,0.0,0.0,0,,郎平也认为这样去打事件高水平的球队是不够的
703,郎平也认为这样去打世界高水平的球队是不够的,5,False,False,1.0,0.047619047619047616,0.0,0.0876527602191319,-0.1888427734375,0.0,0.0,0.0,0.0,0,,郎平也认为这样去打世界高水准的球队是不够的
703,郎平也认为这样去打世界高水平的球队是不够的,6,False,False,1.0,0.09523809523809523,0.0,0.05798567214496418,-0.1942138671875,0.0,0.0,0.0,0.0,0,,郎平也认为这样去打是件高水平的球队是不够的
703,郎平也认为这样去打世界高水平的球队是不够的,7,False,False,0.0,0.09523809523809523,1.0,0.0,-0.2047119140625,0.0,0.0,0.0,0.0,0,,狼瓶也认为这样去打世界高水平的球队是不够的
704,在队长惠若琪缺阵的情况下,1,True,True,0.0,0.4166666666666667,1.0,1.0,-0.2442626953125,0.0,0.0,0.0,0.0,0,,在队长贿赂其确认的情况下
704,在队长惠若琪缺阵的情况下,2,False,False,0.0,0.4166666666666667,1.0,0.702851885924563,-0.28369140625,0.0,0.0,0.0,0.0,0,,在队长会逻辑确认的情况下
704,在队长惠若琪缺阵的情况下,3,False,False,0.0,0.4166666666666667,1.0,0.5225390984360626,-0.3076171875,0.0,0.0,0.0,0.0,0,,在队长贿赂期确认的情况下
704,在队长惠若琪缺阵的情况下,4,False,False,0.0,0.5833333333333334,1.0,0.45078196872125115,-0.317138671875,0.0,0.0,0.0,0.0,0,,在对上会逻辑确认的情况下
704,在队长惠若琪缺阵的情况下,5,False,False,0.0,0.4166666666666667,1.0,0.1968721251149954,-0.350830078125,0.0,0.0,0.0,0.0,0,,在队长挥露其确认的情况下
704,在队长惠若琪缺阵的情况下,6,False,False,0.0,0.5833333333333334,1.0,0.1545538178472861,-0.3564453125,0.0,0.0,0.0,0.0,0,,在对人会逻辑确认的情况下
704,在队长惠若琪缺阵的情况下,7,False,False,0.0,0.4166666666666667,1.0,0.08647654093836246,-0.365478515625,0.0,0.0,0.0,0.0,0,,在队长会落其确认的情况下
704,在队长惠若琪缺阵的情况下,8,False,False,0.0,0.4166666666666667,1.0,0.0018399264029438822,-0.376708984375,0.0,0.0,0.0,0.0,0,,在队长会有其确认的情况下
704,在队长惠若琪缺阵的情况下,9,False,False,0.0,0.4166666666666667,1.0,0.0,-0.376953125,0.0,0.0,0.0,0.0,0,,在队长贿赂局确认的情况下
705,陈妍希晒出一组攀岩照,1,True,False,0.0,0.4,0.6666666666666666,1.0,-0.30810546875,0.0,0.0,0.0,0.0,0,,陈延熙晒出一足攀岩杖
705,陈妍希晒出一组攀岩照,2,False,False,0.0,0.4,0.6666666666666666,0.6125,-0.330810546875,0.0,0.0,0.0,0.0,0,,陈延熙晒出一族攀岩障
705,陈妍希晒出一组攀岩照,3,False,False,0.0,0.4,0.6666666666666666,0.475,-0.3388671875,0.0,0.0,0.0,0.0,0,,陈延熙晒出一族攀岩杖
705,陈妍希晒出一组攀岩照,4,False,False,0.0,0.4,0.6666666666666666,0.375,-0.3447265625,0.0,0.0,0.0,0.0,0,,陈延熙晒出一族攀岩涨
705,陈妍希晒出一组攀岩照,5,False,False,0.0,0.4,0.6666666666666666,0.35,-0.34619140625,0.0,0.0,0.0,0.0,0,,陈延熙晒出一组盘岩帐
705,陈妍希晒出一组攀岩照,6,False,True,0.0,0.3,0.6666666666666666,0.3458333333333333,-0.346435546875,0.0,0.0,0.0,0.0,0,,陈延熙晒出一组攀岩杖
705,陈妍希晒出一组攀岩照,7,False,False,0.0,0.3,0.6666666666666666,0.31666666666666665,-0.34814453125,0.0,0.0,0.0,0.0,0,,陈延熙晒出一组攀岩帐
705,陈妍希晒出一组攀岩照,8,False,False,0.0,0.4,0.6666666666666666,0.025,-0.365234375,0.0,0.0,0.0,0.0,0,,陈颜曦晒出一族攀岩杖
705,陈妍希晒出一组攀岩照,9,False,False,0.0,0.4,0.6666666666666666,0.0,-0.36669921875,0.0,0.0,0.0,0.0,0,,陈颜曦晒出一族攀岩涨
706,希饭快来接住我,1,True,False,0.0,0.5714285714285714,1.0,1.0,-0.358154296875,0.0,0.0,0.0,0.0,0,,西方快来接督
706,希饭快来接住我,2,False,False,0.0,0.42857142857142855,0.5,0.944969905417025,-0.373779296875,0.0,0.0,0.0,0.0,0,,希望快来接触
706,希饭快来接住我,3,False,True,0.0,0.2857142857142857,0.5,0.6809974204643164,-0.44873046875,0.0,0.0,0.0,0.0,0,,希望快来接触我
706,希饭快来接住我,4,False,False,0.0,0.5714285714285714,1.0,0.6182287188306105,-0.466552734375,0.0,0.0,0.0,0.0,0,,西方快来接触
706,希饭快来接住我,5,False,False,0.0,0.7142857142857143,1.0,0.5958727429062769,-0.472900390625,0.0,0.0,0.0,0.0,0,,西方快来解读
706,希饭快来接住我,6,False,False,0.0,0.5714285714285714,0.5,0.5511607910576096,-0.485595703125,0.0,0.0,0.0,0.0,0,,希望快来解读
706,希饭快来接住我,7,False,False,0.0,0.5714285714285714,1.0,0.472914875322442,-0.5078125,0.0,0.0,0.0,0.0,0,,西方快来接渡
706,希饭快来接住我,8,False,False,0.0,0.42857142857142855,0.5,0.43852106620808257,-0.517578125,0.0,0.0,0.0,0.0,0,,希望快来接督
706,希饭快来接住我,9,False,False,0.0,0.42857142857142855,1.0,0.3301805674978504,-0.54833984375,0.0,0.0,0.0,0.0,0,,西方快来接督我
706,希饭快来接住我,10,False,False,0.0,0.2857142857142857,0.5,0.23903697334479793,-0.57421875,0.0,0.0,0.0,0.0,0,,希望快来接督我
706,希饭快来接住我,11,False,False,0.0,0.42857142857142855,1.0,0.2115219260533104,-0.58203125,0.0,0.0,0.0,0.0,0,,西方快来接触我
706,希饭快来接住我,12,False,False,0.0,0.5714285714285714,1.0,0.0,-0.64208984375,0.0,0.0,0.0,0.0,0,,西方快来接度
707,陈妍希穿着粉色上衣,1,True,False,0.0,0.2222222222222222,0.6666666666666666,1.0,-0.07196044921875,0.0,0.0,0.0,0.0,0,,陈彦熙穿着粉色上衣
707,陈妍希穿着粉色上衣,2,False,False,0.0,0.2222222222222222,0.6666666666666666,0.8692079433919196,-0.10693359375,0.0,0.0,0.0,0.0,0,,陈延熙穿着粉色上衣
707,陈妍希穿着粉色上衣,3,False,False,0.0,0.2222222222222222,0.6666666666666666,0.1661721068249258,-0.294921875,0.0,0.0,0.0,0.0,0,,陈岩熙穿着粉色上衣
707,陈妍希穿着粉色上衣,4,False,False,0.0,0.2222222222222222,0.6666666666666666,0.1351289659895001,-0.30322265625,0.0,0.0,0.0,0.0,0,,陈言熙穿着粉色上衣
707,陈妍希穿着粉色上衣,5,False,False,0.0,0.1111111111111111,0.3333333333333333,0.07578178498059804,-0.319091796875,0.0,0.0,0.0,0.0,0,,陈彦希穿着粉色上衣
707,陈妍希穿着粉色上衣,6,False,False,0.0,0.1111111111111111,0.3333333333333333,0.07030358365669938,-0.320556640625,0.0,0.0,0.0,0.0,0,,陈妍熙穿着粉色上衣
707,陈妍希穿着粉色上衣,7,False,True,1.0,0.0,0.0,0.06299931522483451,-0.322509765625,0.0,0.0,0.0,0.0,0,,陈妍希穿着粉色上衣
707,陈妍希穿着粉色上衣,8,False,False,0.0,0.2222222222222222,0.6666666666666666,0.05478201323898653,-0.32470703125,0.0,0.0,0.0,0.0,0,,陈彦西穿着粉色上衣
707,陈妍希穿着粉色上衣,9,False,False,0.0,0.2222222222222222,0.6666666666666666,0.052042912577037206,-0.325439453125,0.0,0.0,0.0,0.0,0,,陈彦熹穿着粉色上衣
707,陈妍希穿着粉色上衣,10,False,False,0.0,0.2222222222222222,0.6666666666666666,0.03652134215932436,-0.32958984375,0.0,0.0,0.0,0.0,0,,陈燕西穿着粉色上衣
707,陈妍希穿着粉色上衣,11,False,False,0.0,0.2222222222222222,0.6666666666666666,0.029217073727459485,-0.33154296875,0.0,0.0,0.0,0.0,0,,陈颜熙穿着粉色上衣
707,陈妍希穿着粉色上衣,12,False,False,0.0,0.3333333333333333,0.6666666666666666,0.0,-0.33935546875,0.0,0.0,0.0,0.0,0,,陈彦熙穿着粉色衫衣
708,搜狐娱乐讯近日频频传出陈晓向陈妍希求婚成功的消息,1,True,False,0.0,0.125,0.6666666666666666,1.0,-0.07843017578125,0.0,0.0,0.0,0.0,0,,搜狐娱乐讯近日频频传出陈小向陈延熙求婚成功的消息
708,搜狐娱乐讯近日频频传出陈晓向陈妍希求婚成功的消息,2,False,True,0.0,0.08333333333333333,0.6666666666666666,0.3977401129943503,-0.1109619140625,0.0,0.0,0.0,0.0,0,,搜狐娱乐讯近日频频传出陈晓向陈延熙求婚成功的消息
708,搜狐娱乐讯近日频频传出陈晓向陈妍希求婚成功的消息,3,False,False,0.0,0.125,0.6666666666666666,0.28700564971751413,-0.116943359375,0.0,0.0,0.0,0.0,0,,搜狐娱乐讯近日频频传出陈小向陈彦熙求婚成功的消息
708,搜狐娱乐讯近日频频传出陈晓向陈妍希求婚成功的消息,4,False,False,0.0,0.16666666666666666,0.6666666666666666,0.0,-0.1324462890625,0.0,0.0,0.0,0.0,0,,搜狐娱乐讯近日频频传出陈小象陈延熙求婚成功的消息
709,陈妍希回应现在真的很享受快乐恋爱的喜悦,1,True,False,0.0,0.10526315789473684,0.6666666666666666,1.0,-0.0831298828125,0.0,0.0,0.0,0.0,0,,陈延熙回应现在真的很享受快乐恋爱的喜悦
709,陈妍希回应现在真的很享受快乐恋爱的喜悦,2,False,False,0.0,0.10526315789473684,0.6666666666666666,0.9016903914590747,-0.09661865234375,0.0,0.0,0.0,0.0,0,,陈彦熙回应现在真的很享受快乐恋爱的喜悦
709,陈妍希回应现在真的很享受快乐恋爱的喜悦,3,False,True,1.0,0.0,0.0,0.5649466192170819,-0.142822265625,0.0,0.0,0.0,0.0,0,,陈妍希回应现在真的很享受快乐恋爱的喜悦
709,陈妍希回应现在真的很享受快乐恋爱的喜悦,4,False,False,0.0,0.10526315789473684,0.6666666666666666,0.21352313167259787,-0.1910400390625,0.0,0.0,0.0,0.0,0,,陈言熙回应现在真的很享受快乐恋爱的喜悦
709,陈妍希回应现在真的很享受快乐恋爱的喜悦,5,False,False,0.0,0.05263157894736842,0.3333333333333333,0.1806049822064057,-0.195556640625,0.0,0.0,0.0,0.0,0,,陈妍熙回应现在真的很享受快乐恋爱的喜悦
709,陈妍希回应现在真的很享受快乐恋爱的喜悦,6,False,False,0.0,0.10526315789473684,0.6666666666666666,0.11387900355871886,-0.2047119140625,0.0,0.0,0.0,0.0,0,,陈彦西回应现在真的很享受快乐恋爱的喜悦
709,陈妍希回应现在真的很享受快乐恋爱的喜悦,7,False,False,0.0,0.10526315789473684,0.6666666666666666,0.07562277580071175,-0.2099609375,0.0,0.0,0.0,0.0,0,,陈严熙回应现在真的很享受快乐恋爱的喜悦
709,陈妍希回应现在真的很享受快乐恋爱的喜悦,8,False,False,0.0,0.05263157894736842,0.3333333333333333,0.07295373665480427,-0.2103271484375,0.0,0.0,0.0,0.0,0,,陈言希回应现在真的很享受快乐恋爱的喜悦
709,陈妍希回应现在真的很享受快乐恋爱的喜悦,9,False,False,0.0,0.05263157894736842,0.3333333333333333,0.06583629893238434,-0.2113037109375,0.0,0.0,0.0,0.0,0,,陈彦希回应现在真的很享受快乐恋爱的喜悦
709,陈妍希回应现在真的很享受快乐恋爱的喜悦,10,False,False,0.0,0.10526315789473684,0.6666666666666666,0.018683274021352312,-0.2177734375,0.0,0.0,0.0,0.0,0,,陈岩熙回应现在真的很享受快乐恋爱的喜悦
709,陈妍希回应现在真的很享受快乐恋爱的喜悦,11,False,False,0.0,0.05263157894736842,0.3333333333333333,0.0,-0.2203369140625,0.0,0.0,0.0,0.0,0,,陈延希回应现在真的很享受快乐恋爱的喜悦
710,陈妍希曾在新版神雕侠侣中演小龙女,1,True,True,0.0,0.125,0.6666666666666666,1.0,-0.1722412109375,0.0,0.0,0.0,0.0,0,,陈彦熙曾在新版神雕侠侣中演小龙女
710,陈妍希曾在新版神雕侠侣中演小龙女,2,False,False,0.0,0.125,0.6666666666666666,0.12967032967032968,-0.2205810546875,0.0,0.0,0.0,0.0,0,,陈延熙曾在新版神雕侠侣中演小龙女
710,陈妍希曾在新版神雕侠侣中演小龙女,3,False,False,0.0,0.1875,0.6666666666666666,0.0,-0.227783203125,0.0,0.0,0.0,0.0,0,,陈彦熙曾在新版神雕侠旅中演小龙女
711,京华时报讯记者卫张宁昨天上午,1,True,True,0.0,0.07142857142857142,0.3333333333333333,1.0,-0.13720703125,0.0,0.0,0.0,0.0,0,,京华时报讯记者魏张宁昨天上午
711,京华时报讯记者卫张宁昨天上午,2,False,False,0.0,0.14285714285714285,0.3333333333333333,0.8432017543859649,-0.1546630859375,0.0,0.0,0.0,0.0,0,,金华时报讯记者魏张宁昨天上午
711,京华时报讯记者卫张宁昨天上午,3,False,False,0.0,0.21428571428571427,0.3333333333333333,0.7116228070175439,-0.1693115234375,0.0,0.0,0.0,0.0,0,,金华石报讯记者魏张宁昨天上午
711,京华时报讯记者卫张宁昨天上午,4,False,False,0.0,0.14285714285714285,0.6666666666666666,0.6907894736842105,-0.171630859375,0.0,0.0,0.0,0.0,0,,京华时报讯记者魏章宁昨天上午
711,京华时报讯记者卫张宁昨天上午,5,False,False,0.0,0.21428571428571427,0.6666666666666666,0.49890350877192985,-0.1929931640625,0.0,0.0,0.0,0.0,0,,金华时报讯记者魏章宁昨天上午
711,京华时报讯记者卫张宁昨天上午,6,False,False,0.0,0.14285714285714285,0.3333333333333333,0.4166666666666667,-0.2021484375,0.0,0.0,0.0,0.0,0,,经华时报讯记者魏张宁昨天上午
711,京华时报讯记者卫张宁昨天上午,7,False,False,0.0,0.2857142857142857,0.6666666666666666,0.3541666666666667,-0.2091064453125,0.0,0.0,0.0,0.0,0,,金华石报讯记者魏章宁昨天上午
711,京华时报讯记者卫张宁昨天上午,8,False,False,0.0,0.14285714285714285,0.3333333333333333,0.18530701754385964,-0.2279052734375,0.0,0.0,0.0,0.0,0,,精华时报讯记者魏张宁昨天上午
711,京华时报讯记者卫张宁昨天上午,9,False,False,0.0,0.21428571428571427,0.6666666666666666,0.14583333333333334,-0.2322998046875,0.0,0.0,0.0,0.0,0,,经华时报讯记者魏章宁昨天上午
711,京华时报讯记者卫张宁昨天上午,10,False,False,0.0,0.14285714285714285,0.6666666666666666,0.08881578947368421,-0.2386474609375,0.0,0.0,0.0,0.0,0,,京华时报讯记者魏璋宁昨天上午
711,京华时报讯记者卫张宁昨天上午,11,False,False,0.0,0.21428571428571427,0.6666666666666666,0.0,-0.24853515625,0.0,0.0,0.0,0.0,0,,精华时报讯记者魏章宁昨天上午
712,游客晋吉岛乘船颠骨折诉旅社索赔二零馀万元,1,True,False,0.0,0.65,1.0,1.0,-0.321533203125,0.0,0.0,0.0,0.0,0,,游客经济到城窗丁古哲速旅社所赔20余万元
712,游客晋吉岛乘船颠骨折诉旅社索赔二零馀万元,2,False,False,0.0,0.55,1.0,0.7428571428571429,-0.328125,0.0,0.0,0.0,0.0,0,,游客经济到城窗定古着速旅社所赔二零余万元
712,游客晋吉岛乘船颠骨折诉旅社索赔二零馀万元,3,False,False,0.0,0.6,0.6666666666666666,0.7047619047619048,-0.3291015625,0.0,0.0,0.0,0.0,0,,游客经济岛城庄丁古哲速旅社所赔20余万元
712,游客晋吉岛乘船颠骨折诉旅社索赔二零馀万元,4,False,False,0.0,0.6,0.6666666666666666,0.638095238095238,-0.330810546875,0.0,0.0,0.0,0.0,0,,游客经济岛城床丁古哲速旅社所赔20余万元
712,游客晋吉岛乘船颠骨折诉旅社索赔二零馀万元,5,False,False,0.0,0.65,1.0,0.638095238095238,-0.330810546875,0.0,0.0,0.0,0.0,0,,游客经济到城庄丁古哲速旅社所赔20余万元
712,游客晋吉岛乘船颠骨折诉旅社索赔二零馀万元,6,False,False,0.0,0.65,1.0,0.5047619047619047,-0.334228515625,0.0,0.0,0.0,0.0,0,,游客经济到城床丁古哲速旅社所赔20余万元
712,游客晋吉岛乘船颠骨折诉旅社索赔二零馀万元,7,False,False,0.0,0.65,1.0,0.3523809523809524,-0.338134765625,0.0,0.0,0.0,0.0,0,,游客经济到城窗定古着速旅社所赔20余万元
712,游客晋吉岛乘船颠骨折诉旅社索赔二零馀万元,8,False,False,0.0,0.55,1.0,0.1523809523809524,-0.34326171875,0.0,0.0,0.0,0.0,0,,游客经济到城床丁古哲速旅社所赔二零余万元
712,游客晋吉岛乘船颠骨折诉旅社索赔二零馀万元,9,False,False,0.0,0.65,1.0,0.10476190476190476,-0.344482421875,0.0,0.0,0.0,0.0,0,,游客经济到城床丁古哲宿旅社所赔20余万元
712,游客晋吉岛乘船颠骨折诉旅社索赔二零馀万元,10,False,True,0.0,0.5,0.6666666666666666,0.08571428571428572,-0.344970703125,0.0,0.0,0.0,0.0,0,,游客经济岛城庄丁古哲速旅社所赔二零余万元
712,游客晋吉岛乘船颠骨折诉旅社索赔二零馀万元,11,False,False,0.0,0.65,1.0,0.0,-0.34716796875,0.0,0.0,0.0,0.0,0,,游客经济到城床定古着速旅社所赔20余万元
713,崔先生带家人随团前往泰国晋吉岛游玩,1,True,False,0.0,0.29411764705882354,1.0,1.0,-0.1485595703125,0.0,0.0,0.0,0.0,0,,崔先生带家人随团前往泰国经济的勇往
713,崔先生带家人随团前往泰国晋吉岛游玩,2,False,False,0.0,0.17647058823529413,1.0,0.7404202719406675,-0.1741943359375,0.0,0.0,0.0,0.0,0,,崔先生带家人随团前往泰国经济的游玩
713,崔先生带家人随团前往泰国晋吉岛游玩,3,False,False,0.0,0.29411764705882354,1.0,0.3720642768850433,-0.2105712890625,0.0,0.0,0.0,0.0,0,,崔先生带家人随团前往泰国经济有望
713,崔先生带家人随团前往泰国晋吉岛游玩,4,False,False,0.0,0.23529411764705882,1.0,0.22373300370828184,-0.2252197265625,0.0,0.0,0.0,0.0,0,,崔先生带家人随团前往泰国经济的游往
713,崔先生带家人随团前往泰国晋吉岛游玩,5,False,False,0.0,0.17647058823529413,1.0,0.1619283065512979,-0.2313232421875,0.0,0.0,0.0,0.0,0,,崔先生带家人随团前往泰国经济到游玩
713,崔先生带家人随团前往泰国晋吉岛游玩,6,False,True,0.0,0.11764705882352941,0.6666666666666666,0.1273176761433869,-0.2347412109375,0.0,0.0,0.0,0.0,0,,崔先生带家人随团前往泰国荆棘岛游玩
713,崔先生带家人随团前往泰国晋吉岛游玩,7,False,False,0.0,0.29411764705882354,1.0,0.06180469715698393,-0.2412109375,0.0,0.0,0.0,0.0,0,,崔先生带家人随团前往泰国经济的欲望
713,崔先生带家人随团前往泰国晋吉岛游玩,8,False,False,0.0,0.29411764705882354,1.0,0.007416563658838072,-0.24658203125,0.0,0.0,0.0,0.0,0,,崔先生带家人随团前往泰国惊起了欲望
713,崔先生带家人随团前往泰国晋吉岛游玩,9,False,False,0.0,0.23529411764705882,1.0,0.0,-0.247314453125,0.0,0.0,0.0,0.0,0,,崔先生带家人随团前往泰国经济到游啊
714,滕女士在云南购买的石斛,1,True,False,1.0,0.09090909090909091,0.0,1.0,-0.1837158203125,0.0,0.0,0.0,0.0,0,,滕女士在云南购买的石壶
714,滕女士在云南购买的石斛,2,False,False,0.0,0.2727272727272727,0.6666666666666666,0.8484187568157033,-0.20068359375,0.0,0.0,0.0,0.0,0,,藤女是在云南购买的石壶
714,滕女士在云南购买的石斛,3,False,False,0.0,0.18181818181818182,0.6666666666666666,0.8462377317339149,-0.200927734375,0.0,0.0,0.0,0.0,0,,藤女是在云南购买的石斛
714,滕女士在云南购买的石斛,4,False,False,0.0,0.36363636363636365,0.6666666666666666,0.608505997818975,-0.2275390625,0.0,0.0,0.0,0.0,0,,藤女是在云南购买的诗壶
714,滕女士在云南购买的石斛,5,False,False,0.0,0.2727272727272727,0.6666666666666666,0.5310796074154853,-0.2362060546875,0.0,0.0,0.0,0.0,0,,藤女是在云南购买的石湖
714,滕女士在云南购买的石斛,6,False,False,0.0,0.36363636363636365,0.6666666666666666,0.4961832061068702,-0.2401123046875,0.0,0.0,0.0,0.0,0,,藤女是在云南购买的诗湖
714,滕女士在云南购买的石斛,7,False,False,0.0,0.2727272727272727,0.6666666666666666,0.48745910577971646,-0.2410888671875,0.0,0.0,0.0,0.0,0,,藤女是在云南购买的石虎
714,滕女士在云南购买的石斛,8,False,True,1.0,0.0,0.0,0.4340239912758997,-0.2470703125,0.0,0.0,0.0,0.0,0,,滕女士在云南购买的石斛
714,滕女士在云南购买的石斛,9,False,False,0.0,0.18181818181818182,0.3333333333333333,0.3816793893129771,-0.2529296875,0.0,0.0,0.0,0.0,0,,腾女士在云南购买的石壶
714,滕女士在云南购买的石斛,10,False,False,0.0,0.18181818181818182,0.3333333333333333,0.2900763358778626,-0.26318359375,0.0,0.0,0.0,0.0,0,,藤女士在云南购买的石壶
714,滕女士在云南购买的石斛,11,False,False,0.0,0.36363636363636365,0.6666666666666666,0.2617230098146129,-0.266357421875,0.0,0.0,0.0,0.0,0,,藤女是在云南购买的诗狐
714,滕女士在云南购买的石斛,12,False,False,0.0,0.36363636363636365,0.6666666666666666,0.22900763358778625,-0.27001953125,0.0,0.0,0.0,0.0,0,,藤女是在云南购买的食壶
714,滕女士在云南购买的石斛,13,False,False,1.0,0.18181818181818182,0.0,0.14394765539803708,-0.279541015625,0.0,0.0,0.0,0.0,0,,滕女士在云南购买的诗壶
714,滕女士在云南购买的石斛,14,False,False,0.0,0.2727272727272727,0.6666666666666666,0.11777535441657579,-0.282470703125,0.0,0.0,0.0,0.0,0,,藤女是在云南购买的石狐
714,滕女士在云南购买的石斛,15,False,False,0.0,0.2727272727272727,0.6666666666666666,0.06543075245365322,-0.288330078125,0.0,0.0,0.0,0.0,0,,腾女是在云南购买的石壶
714,滕女士在云南购买的石斛,16,False,False,0.0,0.2727272727272727,0.6666666666666666,0.0,-0.295654296875,0.0,0.0,0.0,0.0,0,,藤女是在云南购买的石糊
715,新京报讯记者林斐然近日,1,True,True,0.5,0.18181818181818182,0.3333333333333333,1.0,-0.407958984375,0.0,0.0,0.0,0.0,0,,新京报讯记者林文竟然近日
715,新京报讯记者林斐然近日,2,False,False,0.5,0.2727272727272727,0.3333333333333333,0.5791962174940898,-0.451416015625,0.0,0.0,0.0,0.0,0,,新京报训记者林文竟然近日
715,新京报讯记者林斐然近日,3,False,False,0.5,0.18181818181818182,0.3333333333333333,0.5130023640661938,-0.458251953125,0.0,0.0,0.0,0.0,0,,新京报讯记者林云竟然近日
715,新京报讯记者林斐然近日,4,False,False,0.5,0.2727272727272727,0.3333333333333333,0.3215130023640662,-0.47802734375,0.0,0.0,0.0,0.0,0,,新京报训记者林云竟然近日
715,新京报讯记者林斐然近日,5,False,False,0.5,0.2727272727272727,0.3333333333333333,0.20094562647754138,-0.490478515625,0.0,0.0,0.0,0.0,0,,新京报训记者林文健然近日
715,新京报讯记者林斐然近日,6,False,False,0.5,0.2727272727272727,0.3333333333333333,0.1938534278959811,-0.4912109375,0.0,0.0,0.0,0.0,0,,新京报讯息者林文竟然近日
715,新京报讯记者林斐然近日,7,False,False,0.5,0.2727272727272727,0.3333333333333333,0.17966903073286053,-0.49267578125,0.0,0.0,0.0,0.0,0,,新京报信记者林文竟然近日
715,新京报讯记者林斐然近日,8,False,False,0.5,0.18181818181818182,0.3333333333333333,0.0,-0.51123046875,0.0,0.0,0.0,0.0,0,,新京报讯记者林文健然近日
716,游客突破80000人限流大关故宫首次提前禁止售票,1,True,False,0.0,0.2916666666666667,1.0,1.0,-0.2059326171875,0.0,0.0,0.0,0.0,0,,游客突破8万人现留大公故宫首次提前禁止售票
716,游客突破80000人限流大关故宫首次提前禁止售票,2,False,False,1.0,0.20833333333333334,1.0,0.8066528066528067,-0.21728515625,0.0,0.0,0.0,0.0,0,,游客突破8万人限流大公故宫首次提前禁止售票
716,游客突破80000人限流大关故宫首次提前禁止售票,3,False,False,0.0,0.25,1.0,0.7713097713097713,-0.2193603515625,0.0,0.0,0.0,0.0,0,,游客突破8万人限留大公故宫首次提前禁止售票
716,游客突破80000人限流大关故宫首次提前禁止售票,4,False,False,0.0,0.125,0.0,0.6964656964656964,-0.2237548828125,0.0,0.0,0.0,0.0,0,,游客突破80000人现留大公故宫首次提前禁止售票
716,游客突破80000人限流大关故宫首次提前禁止售票,5,False,False,0.0,0.25,1.0,0.4760914760914761,-0.2366943359375,0.0,0.0,0.0,0.0,0,,游客突破8万人限留大广故宫首次提前禁止售票
716,游客突破80000人限流大关故宫首次提前禁止售票,6,False,False,0.0,0.08333333333333333,0.0,0.46361746361746364,-0.2374267578125,0.0,0.0,0.0,0.0,0,,游客突破80000人限留大公故宫首次提前禁止售票
716,游客突破80000人限流大关故宫首次提前禁止售票,7,False,False,0.0,0.25,1.0,0.43243243243243246,-0.2392578125,0.0,0.0,0.0,0.0,0,,游客突破8万人限留大观故宫首次提前禁止售票
716,游客突破80000人限流大关故宫首次提前禁止售票,8,False,True,1.0,0.041666666666666664,0.0,0.4178794178794179,-0.2401123046875,0.0,0.0,0.0,0.0,0,,游客突破80000人限流大公故宫首次提前禁止售票
716,游客突破80000人限流大关故宫首次提前禁止售票,9,False,False,0.0,0.2916666666666667,1.0,0.27442827442827444,-0.24853515625,0.0,0.0,0.0,0.0,0,,游客突破8万人现留大观故宫首次提前禁止售票
716,游客突破80000人限流大关故宫首次提前禁止售票,10,False,False,1.0,0.25,1.0,0.13305613305613306,-0.2568359375,0.0,0.0,0.0,0.0,0,,游客突破8万人现流大公故宫首次提前禁止售票
716,游客突破80000人限流大关故宫首次提前禁止售票,11,False,False,0.0,0.2916666666666667,1.0,0.062370062370062374,-0.260986328125,0.0,0.0,0.0,0.0,0,,游客突破8万人县留大公故宫首次提前禁止售票
716,游客突破80000人限流大关故宫首次提前禁止售票,12,False,False,1.0,0.25,1.0,0.029106029106029108,-0.262939453125,0.0,0.0,0.0,0.0,0,,游客突破8万人县流大公故宫首次提前禁止售票
716,游客突破80000人限流大关故宫首次提前禁止售票,13,False,False,0.0,0.3333333333333333,1.0,0.0,-0.2646484375,0.0,0.0,0.0,0.0,0,,游客突破8万人现留大公故宫首次提前禁止收票
717,新京报讯记者黄颖自7月6日进入暑期以来,1,True,True,1.0,0.15789473684210525,0.0,1.0,-0.08917236328125,0.0,0.0,0.0,0.0,0,,新京报讯记者黄颖自7月6日记录书期以来
717,新京报讯记者黄颖自7月6日进入暑期以来,2,False,False,0.0,0.2631578947368421,0.6666666666666666,0.3194508009153318,-0.179931640625,0.0,0.0,0.0,0.0,0,,心经报讯记者黄颖自7月6日记录书期以来
717,新京报讯记者黄颖自7月6日进入暑期以来,3,False,False,1.0,0.21052631578947367,0.0,0.27093821510297483,-0.1864013671875,0.0,0.0,0.0,0.0,0,,新京报讯记者黄颖自7月6日记录书籍以来
717,新京报讯记者黄颖自7月6日进入暑期以来,4,False,False,0.0,0.2631578947368421,0.3333333333333333,0.056750572082379866,-0.2149658203125,0.0,0.0,0.0,0.0,0,,新京暴殉记者黄颖自7月6日记录书期以来
717,新京报讯记者黄颖自7月6日进入暑期以来,5,False,False,1.0,0.21052631578947367,0.0,0.021967963386727688,-0.2196044921875,0.0,0.0,0.0,0.0,0,,新京报讯记者黄莹自7月6日记录书期以来
717,新京报讯记者黄颖自7月6日进入暑期以来,6,False,False,0.0,0.2631578947368421,0.3333333333333333,0.0,-0.2225341796875,0.0,0.0,0.0,0.0,0,,新京暴汛记者黄颖自7月6日记录书期以来
717,新京报讯记者黄颖自7月6日进入暑期以来,7,False,False,1.0,0.21052631578947367,0.0,0.0,-0.2225341796875,0.0,0.0,0.0,0.0,0,,新京报讯记者黄颖自7月6日记录熟悉以来
718,故宫博物院接待的观众量也日益攀升,1,True,True,1.0,0.0,0.0,1.0,-0.053375244140625,0.0,0.0,0.0,0.0,0,,故宫博物院接待的观众量也日益攀升
718,故宫博物院接待的观众量也日益攀升,2,False,False,1.0,0.1875,0.0,0.6986085210156362,-0.11749267578125,0.0,0.0,0.0,0.0,0,,故宫博物院接待的关中亮也日益攀升
718,故宫博物院接待的观众量也日益攀升,3,False,False,0.0,0.0625,0.5,0.4533065557308851,-0.169677734375,0.0,0.0,0.0,0.0,0,,故公博物院接待的观众量也日益攀升
718,故宫博物院接待的观众量也日益攀升,4,False,False,1.0,0.1875,0.0,0.350595323483001,-0.1915283203125,0.0,0.0,0.0,0.0,0,,故宫博物院接待的关东亮也日益攀升
718,故宫博物院接待的观众量也日益攀升,5,False,False,1.0,0.1875,0.0,0.2272270836321905,-0.2177734375,0.0,0.0,0.0,0.0,0,,故宫博物院接待的管仲亮也日益攀升
718,故宫博物院接待的观众量也日益攀升,6,False,False,1.0,0.1875,0.0,0.20886529909625592,-0.2216796875,0.0,0.0,0.0,0.0,0,,故宫博物院接待的关忠亮也日益攀升
718,故宫博物院接待的观众量也日益攀升,7,False,False,0.0,0.125,1.0,0.19796298952804475,-0.2239990234375,0.0,0.0,0.0,0.0,0,,顾公博物院接待的观众量也日益攀升
718,故宫博物院接待的观众量也日益攀升,8,False,False,0.0,0.25,0.5,0.15664897432219194,-0.2327880859375,0.0,0.0,0.0,0.0,0,,故公博物院接待的关中亮也日益攀升
718,故宫博物院接待的观众量也日益攀升,9,False,False,1.0,0.0625,0.0,0.05852818820829149,-0.253662109375,0.0,0.0,0.0,0.0,0,,故宫博物馆接待的观众量也日益攀升
718,故宫博物院接待的观众量也日益攀升,10,False,False,1.0,0.125,0.0,0.0,-0.26611328125,0.0,0.0,0.0,0.0,0,,故宫博物院接待的关中量也日益攀升
719,故宫首次启动了起流起票限流措施,1,True,False,1.0,0.13333333333333333,0.0,1.0,-0.06982421875,0.0,0.0,0.0,0.0,0,,故宫首次启动了起票限流措施
719,故宫首次启动了起流起票限流措施,2,False,False,1.0,0.2,0.0,0.412117903930131,-0.2012939453125,0.0,0.0,0.0,0.0,0,,故宫首次启动了起飘限流措施
719,故宫首次启动了起流起票限流措施,3,False,False,1.0,0.2,0.0,0.25054585152838427,-0.2374267578125,0.0,0.0,0.0,0.0,0,,故宫首次启动起票限流措施
719,故宫首次启动了起流起票限流措施,4,False,False,1.0,0.2,0.0,0.2183406113537118,-0.24462890625,0.0,0.0,0.0,0.0,0,,故宫首次启动了启票限流措施
719,故宫首次启动了起流起票限流措施,5,False,False,1.0,0.2,0.0,0.10152838427947598,-0.270751953125,0.0,0.0,0.0,0.0,0,,故宫首次启动了起标限流措施
719,故宫首次启动了起流起票限流措施,6,False,False,1.0,0.26666666666666666,0.0,0.0851528384279476,-0.2744140625,0.0,0.0,0.0,0.0,0,,故宫首次启动起飘限流措施
719,故宫首次启动了起流起票限流措施,7,False,True,1.0,0.0,0.0,0.0,-0.29345703125,0.0,0.0,0.0,0.0,0,,故宫首次启动了起流起票限流措施
720,崂山景区勒令该农家宴停止停止营业,1,True,True,0.0,0.25,0.25,1.0,-0.129638671875,0.0,0.0,0.0,0.0,0,,楼山景区勒令该农家院停止营业
720,崂山景区勒令该农家宴停止停止营业,2,False,False,0.0,0.25,0.25,0.7084006462035541,-0.1737060546875,0.0,0.0,0.0,0.0,0,,劳山景区勒令该农家院停止营业
720,崂山景区勒令该农家宴停止停止营业,3,False,False,0.0,0.3125,0.5,0.6252019386106623,-0.186279296875,0.0,0.0,0.0,0.0,0,,楼上景区勒令该农家院停止营业
720,崂山景区勒令该农家宴停止停止营业,4,False,False,0.0,0.25,0.25,0.36106623586429726,-0.2261962890625,0.0,0.0,0.0,0.0,0,,老山景区勒令该农家院停止营业
720,崂山景区勒令该农家宴停止停止营业,5,False,False,0.0,0.375,1.0,0.13570274636510501,-0.26025390625,0.0,0.0,0.0,0.0,0,,洛杉矶景区勒令该农家院停止营业
720,崂山景区勒令该农家宴停止停止营业,6,False,False,0.0,0.3125,0.5,0.051696284329563816,-0.27294921875,0.0,0.0,0.0,0.0,0,,劳燃景区勒令该农家院停止营业
720,崂山景区勒令该农家宴停止停止营业,7,False,False,0.0,0.375,0.75,0.0,-0.28076171875,0.0,0.0,0.0,0.0,0,,楼上警区勒令该农家院停止营业
721,游客西安遭天价玛卡商家4000元一价合理,1,True,True,0.0,0.15,0.75,1.0,-0.07818603515625,0.0,0.0,0.0,0.0,0,,游客吸烟遭天价马卡商家4000元一价合理
721,游客西安遭天价玛卡商家4000元一价合理,2,False,False,0.0,0.2,0.75,0.5274906986357999,-0.14794921875,0.0,0.0,0.0,0.0,0,,游客吸引招天价马卡商家4000元一价合理
721,游客西安遭天价玛卡商家4000元一价合理,3,False,False,0.0,0.15,0.75,0.4803637866887143,-0.1549072265625,0.0,0.0,0.0,0.0,0,,游客吸引遭天价马卡商家4000元一价合理
721,游客西安遭天价玛卡商家4000元一价合理,4,False,False,0.0,0.2,0.75,0.3100454733360893,-0.1800537109375,0.0,0.0,0.0,0.0,0,,游客吸烟招天价马卡商家4000元一价合理
721,游客西安遭天价玛卡商家4000元一价合理,5,False,False,0.0,0.15,0.75,0.13559322033898305,-0.205810546875,0.0,0.0,0.0,0.0,0,,游客吸盐遭天价马卡商家4000元一价合理
721,游客西安遭天价玛卡商家4000元一价合理,6,False,False,0.0,0.2,0.75,0.11161637040099215,-0.2093505859375,0.0,0.0,0.0,0.0,0,,游客吸烟遭天价马卡商家4000元一价和理
721,游客西安遭天价玛卡商家4000元一价合理,7,False,False,0.0,0.15,0.75,0.059528730880529145,-0.217041015625,0.0,0.0,0.0,0.0,0,,游客喜宴遭天价马卡商家4000元一价合理
721,游客西安遭天价玛卡商家4000元一价合理,8,False,False,0.0,0.2,0.75,0.02232327408019843,-0.2225341796875,0.0,0.0,0.0,0.0,0,,游客吸烟遭天价马卡商家400元一价合理
721,游客西安遭天价玛卡商家4000元一价合理,9,False,False,0.0,0.2,0.75,0.0008267879288962381,-0.2257080078125,0.0,0.0,0.0,0.0,0,,游客吸烟遭天价马卡商家40000元一价合理
721,游客西安遭天价玛卡商家4000元一价合理,10,False,False,0.0,0.2,0.75,0.0,-0.225830078125,0.0,0.0,0.0,0.0,0,,游客喜宴招天价马卡商家4000元一价合理
722,张先生购买的400元玛卡,1,True,True,0.0,0.08333333333333333,0.5,1.0,-0.09368896484375,0.0,0.0,0.0,0.0,0,,张先生购买的400元马卡
722,张先生购买的400元玛卡,2,False,False,0.0,0.16666666666666666,1.0,0.8655646285600478,-0.1348876953125,0.0,0.0,0.0,0.0,0,,张先生购买的400元马克
722,张先生购买的400元玛卡,3,False,False,0.0,0.16666666666666666,1.0,0.5022903804023103,-0.2462158203125,0.0,0.0,0.0,0.0,0,,张先生购买的4000元马卡
722,张先生购买的400元玛卡,4,False,False,0.0,0.25,1.0,0.3664608643696475,-0.287841796875,0.0,0.0,0.0,0.0,0,,张先生购买的4000元马克
722,张先生购买的400元玛卡,5,False,False,0.0,0.16666666666666666,0.5,0.18163712407886876,-0.344482421875,0.0,0.0,0.0,0.0,0,,章先生购买的400元马卡
722,张先生购买的400元玛卡,6,False,False,0.0,0.25,1.0,0.09958175662218681,-0.36962890625,0.0,0.0,0.0,0.0,0,,张先生购买的400元马克尔
722,张先生购买的400元玛卡,7,False,False,0.0,0.25,1.0,0.04142601075482971,-0.387451171875,0.0,0.0,0.0,0.0,0,,章先生购买的400元马克
722,张先生购买的400元玛卡,8,False,False,0.0,0.4166666666666667,0.5,0.0,-0.400146484375,0.0,0.0,0.0,0.0,0,,张先生购买的四零零圆马卡
723,这一斤玛卡其实价格只有一零零多元,1,True,False,0.0,0.25,0.5,1.0,-0.1226806640625,0.0,0.0,0.0,0.0,0,,这一斤马卡其实价格只有100多元
723,这一斤玛卡其实价格只有一零零多元,2,False,True,0.0,0.0625,0.5,0.45851917930419267,-0.19677734375,0.0,0.0,0.0,0.0,0,,这一斤马卡其实价格只有一零零多元
723,这一斤玛卡其实价格只有一零零多元,3,False,False,0.0,0.3125,0.5,0.0,-0.259521484375,0.0,0.0,0.0,0.0,0,,这一金马卡其实价格只有100多元
724,一捧玛卡磨成粉景区商家要4000元,1,True,False,0.0,0.11764705882352941,0.3333333333333333,1.0,-0.2406005859375,0.0,0.0,0.0,0.0,0,,一捧马卡磨成粉景景区商家要4000元
724,一捧玛卡磨成粉景区商家要4000元,2,False,False,0.0,0.17647058823529413,0.4444444444444444,0.5152542372881356,-0.29296875,0.0,0.0,0.0,0.0,0,,一捧马卡磨成坟景景区商家要4000元
724,一捧玛卡磨成粉景区商家要4000元,3,False,False,0.0,0.17647058823529413,0.5555555555555556,0.4180790960451977,-0.303466796875,0.0,0.0,0.0,0.0,0,,一捧马卡磨成坟井景区商家要4000元
724,一捧玛卡磨成粉景区商家要4000元,4,False,False,0.0,0.11764705882352941,0.3333333333333333,0.4067796610169492,-0.3046875,0.0,0.0,0.0,0.0,0,,一捧马卡磨成粉警区商家要4000元
724,一捧玛卡磨成粉景区商家要4000元,5,False,True,0.5,0.058823529411764705,0.2222222222222222,0.2327683615819209,-0.323486328125,0.0,0.0,0.0,0.0,0,,一捧马卡磨成粉景区商家要4000元
724,一捧玛卡磨成粉景区商家要4000元,6,False,False,0.0,0.17647058823529413,0.4444444444444444,0.09717514124293786,-0.338134765625,0.0,0.0,0.0,0.0,0,,一捧马卡磨成粉紧警区商家要4000元
724,一捧玛卡磨成粉景区商家要4000元,7,False,False,0.0,0.17647058823529413,0.4444444444444444,0.07909604519774012,-0.340087890625,0.0,0.0,0.0,0.0,0,,一捧马卡磨成粉颈警区商家要4000元
724,一捧玛卡磨成粉景区商家要4000元,8,False,False,0.0,0.17647058823529413,0.3333333333333333,0.0,-0.3486328125,0.0,0.0,0.0,0.0,0,,一捧马卡磨成粉景景区商家要400元
725,兰州市中心城区的一些楼盘,1,True,True,1.0,0.0,0.0,1.0,-0.04461669921875,0.0,0.0,0.0,0.0,0,,兰州市中心城区的一些楼盘
725,兰州市中心城区的一些楼盘,2,False,False,0.0,0.08333333333333333,0.3333333333333333,0.566894423627948,-0.16455078125,0.0,0.0,0.0,0.0,0,,兰州是中心城区的一些楼盘
725,兰州市中心城区的一些楼盘,3,False,False,1.0,0.08333333333333333,0.0,0.42098302843288515,-0.2049560546875,0.0,0.0,0.0,0.0,0,,兰州市中兴城区的一些楼盘
725,兰州市中心城区的一些楼盘,4,False,False,0.0,0.16666666666666666,0.3333333333333333,0.13929909631915363,-0.282958984375,0.0,0.0,0.0,0.0,0,,兰州是中兴城区的一些楼盘
725,兰州市中心城区的一些楼盘,5,False,False,1.0,0.08333333333333333,0.0,0.034383954154727794,-0.31201171875,0.0,0.0,0.0,0.0,0,,兰州市中新城区的一些楼盘
725,兰州市中心城区的一些楼盘,6,False,False,0.0,0.08333333333333333,0.3333333333333333,0.0,-0.321533203125,0.0,0.0,0.0,0.0,0,,蓝州市中心城区的一些楼盘
726,而在兰州市新开楼盘集中的城郊区域,1,True,False,1.0,0.0625,0.0,1.0,-0.0704345703125,0.0,0.0,0.0,0.0,0,,而在兰州市新开楼盘集中的城郊区
726,而在兰州市新开楼盘集中的城郊区域,2,False,True,1.0,0.0,0.0,0.9579759862778731,-0.076416015625,0.0,0.0,0.0,0.0,0,,而在兰州市新开楼盘集中的城郊区域
726,而在兰州市新开楼盘集中的城郊区域,3,False,False,1.0,0.1875,0.0,0.8743567753001715,-0.08831787109375,0.0,0.0,0.0,0.0,0,,而在兰州市新开楼盘集中的成交区
726,而在兰州市新开楼盘集中的城郊区域,4,False,False,1.0,0.125,0.0,0.7937392795883362,-0.09979248046875,0.0,0.0,0.0,0.0,0,,而在兰州市新开楼盘集中的成交区域
726,而在兰州市新开楼盘集中的城郊区域,5,False,False,1.0,0.0625,0.0,0.24871355060034306,-0.1773681640625,0.0,0.0,0.0,0.0,0,,而在兰州市新开楼盘集中的撑郊区域
726,而在兰州市新开楼盘集中的城郊区域,6,False,False,1.0,0.125,0.0,0.2195540308747856,-0.1815185546875,0.0,0.0,0.0,0.0,0,,而在兰州市新开楼盘集中的撑椒区域
726,而在兰州市新开楼盘集中的城郊区域,7,False,False,1.0,0.125,0.0,0.17409948542024015,-0.18798828125,0.0,0.0,0.0,0.0,0,,而在兰州市新开楼盘集中的称交区域
726,而在兰州市新开楼盘集中的城郊区域,8,False,False,1.0,0.125,0.0,0.12864493996569468,-0.1944580078125,0.0,0.0,0.0,0.0,0,,而在兰州市新开楼盘集中的称教区域
726,而在兰州市新开楼盘集中的城郊区域,9,False,False,1.0,0.125,0.0,0.11149228130360206,-0.1968994140625,0.0,0.0,0.0,0.0,0,,而在兰州市新开楼盘集中的撑胶区域
726,而在兰州市新开楼盘集中的城郊区域,10,False,False,1.0,0.125,0.0,0.05917667238421955,-0.204345703125,0.0,0.0,0.0,0.0,0,,而在兰州市新开楼盘集中的撑礁区域
726,而在兰州市新开楼盘集中的城郊区域,11,False,False,1.0,0.125,0.0,0.030017152658662092,-0.20849609375,0.0,0.0,0.0,0.0,0,,而在兰州市新开楼盘集中的撑交区域
726,而在兰州市新开楼盘集中的城郊区域,12,False,False,1.0,0.0625,0.0,0.0,-0.2127685546875,0.0,0.0,0.0,0.0,0,,而在兰州市兴开楼盘集中的城郊区域
727,在兰州市北岸由广东房企开发的1个大型楼盘里,1,True,False,1.0,0.047619047619047616,0.0,1.0,-0.06591796875,0.0,0.0,0.0,0.0,0,,在兰州市北岸由广东房企开发的1个大型楼盘
727,在兰州市北岸由广东房企开发的1个大型楼盘里,2,False,True,1.0,0.0,0.0,0.9773913043478261,-0.069091796875,0.0,0.0,0.0,0.0,0,,在兰州市北岸由广东房企开发的1个大型楼盘里
727,在兰州市北岸由广东房企开发的1个大型楼盘里,3,False,False,1.0,0.09523809523809523,0.0,0.931304347826087,-0.0755615234375,0.0,0.0,0.0,0.0,0,,在兰州市北岸有广东房企开发的1个大型楼盘
727,在兰州市北岸由广东房企开发的1个大型楼盘里,4,False,False,1.0,0.047619047619047616,0.0,0.9104347826086957,-0.0784912109375,0.0,0.0,0.0,0.0,0,,在兰州市北岸有广东房企开发的1个大型楼盘里
727,在兰州市北岸由广东房企开发的1个大型楼盘里,5,False,False,1.0,0.14285714285714285,0.0,0.4008695652173913,-0.1500244140625,0.0,0.0,0.0,0.0,0,,在兰州市北岸由广东房企开发的大型楼盘
727,在兰州市北岸由广东房企开发的1个大型楼盘里,6,False,False,1.0,0.047619047619047616,0.4,0.3591304347826087,-0.1558837890625,0.0,0.0,0.0,0.0,0,,在兰州市北岸广东房企开发的1个大型楼盘里
727,在兰州市北岸由广东房企开发的1个大型楼盘里,7,False,False,1.0,0.19047619047619047,0.0,0.3234782608695652,-0.160888671875,0.0,0.0,0.0,0.0,0,,在兰州市北岸有广东房企开发的大型楼盘
727,在兰州市北岸由广东房企开发的1个大型楼盘里,8,False,False,1.0,0.09523809523809523,0.0,0.29739130434782607,-0.16455078125,0.0,0.0,0.0,0.0,0,,在兰州市北岸由广东房企开发的大型楼盘里
727,在兰州市北岸由广东房企开发的1个大型楼盘里,9,False,False,1.0,0.14285714285714285,0.0,0.22434782608695653,-0.1748046875,0.0,0.0,0.0,0.0,0,,在兰州市北岸有广东房企开发的大型楼盘里
727,在兰州市北岸由广东房企开发的1个大型楼盘里,10,False,False,1.0,0.047619047619047616,0.0,0.0,-0.206298828125,0.0,0.0,0.0,0.0,0,,在兰州市北岸由广东房起开发的1个大型楼盘里
728,今兰州市商品房销售面积同比上涨超过30,1,True,False,1.0,0.05263157894736842,0.0,1.0,-0.037933349609375,0.0,0.0,0.0,0.0,0,,金兰州市商品房销售面积同比上涨超过30
728,今兰州市商品房销售面积同比上涨超过30,2,False,True,1.0,0.0,0.0,0.33197942052531815,-0.11322021484375,0.0,0.0,0.0,0.0,0,,今兰州市商品房销售面积同比上涨超过30
728,今兰州市商品房销售面积同比上涨超过30,3,False,False,1.0,0.10526315789473684,0.0,0.07690224749526131,-0.1419677734375,0.0,0.0,0.0,0.0,0,,金兰州市商品房销售面积通比上涨超过30
728,今兰州市商品房销售面积同比上涨超过30,4,False,False,1.0,0.05263157894736842,0.0,0.07581911724884917,-0.14208984375,0.0,0.0,0.0,0.0,0,,近兰州市商品房销售面积同比上涨超过30
728,今兰州市商品房销售面积同比上涨超过30,5,False,False,1.0,0.05263157894736842,0.0,0.05523964256701868,-0.1444091796875,0.0,0.0,0.0,0.0,0,,京兰州市商品房销售面积同比上涨超过30
728,今兰州市商品房销售面积同比上涨超过30,6,False,False,0.0,0.10526315789473684,0.3333333333333333,0.0,-0.150634765625,0.0,0.0,0.0,0.0,0,,金兰洲市商品房销售面积同比上涨超过30
729,吴显亭称将加强和证监会等相关部门的配合和协作,1,True,True,0.0,0.045454545454545456,0.3333333333333333,1.0,-0.159423828125,0.0,0.0,0.0,0.0,0,,吴显廷称将加强和证监会等相关部门的配合和协作
729,吴显亭称将加强和证监会等相关部门的配合和协作,2,False,False,0.0,0.09090909090909091,0.3333333333333333,0.7073170731707317,-0.168212890625,0.0,0.0,0.0,0.0,0,,吴显廷称将加强和政监会等相关部门的配合和协作
729,吴显亭称将加强和证监会等相关部门的配合和协作,3,False,False,0.0,0.09090909090909091,0.6666666666666666,0.6016260162601627,-0.17138671875,0.0,0.0,0.0,0.0,0,,沐显廷称将加强和证监会等相关部门的配合和协作
729,吴显亭称将加强和证监会等相关部门的配合和协作,4,False,False,0.0,0.09090909090909091,0.6666666666666666,0.2886178861788618,-0.1807861328125,0.0,0.0,0.0,0.0,0,,物显厅称将加强和证监会等相关部门的配合和协作
729,吴显亭称将加强和证监会等相关部门的配合和协作,5,False,False,0.0,0.13636363636363635,0.6666666666666666,0.26422764227642276,-0.1815185546875,0.0,0.0,0.0,0.0,0,,沐显廷称将加强和政监会等相关部门的配合和协作
729,吴显亭称将加强和证监会等相关部门的配合和协作,6,False,False,0.0,0.09090909090909091,0.3333333333333333,0.21544715447154472,-0.1829833984375,0.0,0.0,0.0,0.0,0,,吴显霆称将加强和政监会等相关部门的配合和协作
729,吴显亭称将加强和证监会等相关部门的配合和协作,7,False,False,0.0,0.045454545454545456,0.3333333333333333,0.10569105691056911,-0.186279296875,0.0,0.0,0.0,0.0,0,,吴显霆称将加强和证监会等相关部门的配合和协作
729,吴显亭称将加强和证监会等相关部门的配合和协作,8,False,False,0.0,0.13636363636363635,0.6666666666666666,0.0,-0.189453125,0.0,0.0,0.0,0.0,0,,物显厅称将加强和政监会等相关部门的配合和协作
730,而针对浙江广东民间借贷丰沛的特点,1,True,True,1.0,0.0,0.0,1.0,-0.036163330078125,0.0,0.0,0.0,0.0,0,,而针对浙江广东民间借贷丰沛的特点
730,而针对浙江广东民间借贷丰沛的特点,2,False,False,1.0,0.0625,0.0,0.6126126126126126,-0.105712890625,0.0,0.0,0.0,0.0,0,,而针对浙江广东民间借贷丰佩的特点
730,而针对浙江广东民间借贷丰沛的特点,3,False,False,1.0,0.0625,0.0,0.25225225225225223,-0.17041015625,0.0,0.0,0.0,0.0,0,,而针对浙江广东民间借贷丰配的特点
730,而针对浙江广东民间借贷丰沛的特点,4,False,False,1.0,0.0625,0.0,0.0815910249872514,-0.2010498046875,0.0,0.0,0.0,0.0,0,,而针对浙江广东民间借贷丰沛特点
730,而针对浙江广东民间借贷丰沛的特点,5,False,False,1.0,0.0625,0.0,0.044195138534761175,-0.207763671875,0.0,0.0,0.0,0.0,0,,而针对浙江广东民间借贷丰培的特点
730,而针对浙江广东民间借贷丰沛的特点,6,False,False,1.0,0.125,0.0,0.0,-0.2156982421875,0.0,0.0,0.0,0.0,0,,而针对浙江广东民间借贷封配的特点
731,或许是受好莱坞艳照门的影响,1,True,False,1.0,0.15384615384615385,0.0,1.0,-0.158447265625,0.0,0.0,0.0,0.0,0,,或许是受好莱坞验证门的影响
731,或许是受好莱坞艳照门的影响,2,False,False,1.0,0.07692307692307693,0.0,0.9396751740139211,-0.164794921875,0.0,0.0,0.0,0.0,0,,或许是受好莱坞验照门的影响
731,或许是受好莱坞艳照门的影响,3,False,False,1.0,0.15384615384615385,0.0,0.8480278422273781,-0.1744384765625,0.0,0.0,0.0,0.0,0,,或许是受好莱坞建造门的影响
731,或许是受好莱坞艳照门的影响,4,False,True,1.0,0.0,0.0,0.7633410672853829,-0.183349609375,0.0,0.0,0.0,0.0,0,,或许是受好莱坞艳照门的影响
731,或许是受好莱坞艳照门的影响,5,False,False,1.0,0.15384615384615385,0.0,0.6531322505800464,-0.1949462890625,0.0,0.0,0.0,0.0,0,,或许是受好莱坞眼罩门的影响
731,或许是受好莱坞艳照门的影响,6,False,False,1.0,0.15384615384615385,0.0,0.4709976798143852,-0.214111328125,0.0,0.0,0.0,0.0,0,,或许是受好莱坞宴召门的影响
731,或许是受好莱坞艳照门的影响,7,False,False,1.0,0.15384615384615385,0.0,0.18213457076566125,-0.2445068359375,0.0,0.0,0.0,0.0,0,,或许是受好莱坞燕兆门的影响
731,或许是受好莱坞艳照门的影响,8,False,False,1.0,0.15384615384615385,0.0,0.17633410672853828,-0.2451171875,0.0,0.0,0.0,0.0,0,,或许是受好莱坞验账门的影响
731,或许是受好莱坞艳照门的影响,9,False,False,1.0,0.15384615384615385,0.0,0.12296983758700696,-0.250732421875,0.0,0.0,0.0,0.0,0,,或许是受好莱坞验诏门的影响
731,或许是受好莱坞艳照门的影响,10,False,False,1.0,0.23076923076923078,0.0,0.037122969837587005,-0.259765625,0.0,0.0,0.0,0.0,0,,或许是受好莱坞建造们的影响
731,或许是受好莱坞艳照门的影响,11,False,False,1.0,0.07692307692307693,0.0,0.0,-0.263671875,0.0,0.0,0.0,0.0,0,,或许是受好莱坞映照门的影响
732,就让业界讨论它会带给中国移动支付市场怎样的影响,1,True,False,1.0,0.043478260869565216,0.0,1.0,-0.050628662109375,0.0,0.0,0.0,0.0,0,,就让业界讨论他会带给中国移动支付市场怎样的影响
732,就让业界讨论它会带给中国移动支付市场怎样的影响,2,False,True,1.0,0.0,0.0,0.0,-0.052398681640625,0.0,0.0,0.0,0.0,0,,就让业界讨论它会带给中国移动支付市场怎样的影响
733,苹果要想在中国本土化,1,True,True,1.0,0.0,0.0,1.0,-0.04449462890625,0.0,0.0,0.0,0.0,0,,苹果要想在中国本土化
733,苹果要想在中国本土化,2,False,False,1.0,0.1,0.0,0.6961238259028972,-0.1846923828125,0.0,0.0,0.0,0.0,0,,苹果药想在中国本土化
733,苹果要想在中国本土化,3,False,False,1.0,0.2,0.0,0.23759756581558408,-0.396240234375,0.0,0.0,0.0,0.0,0,,苹果药厢在中国本土化
733,苹果要想在中国本土化,4,False,False,1.0,0.2,0.0,0.0,-0.505859375,0.0,0.0,0.0,0.0,0,,苹果药厂在中国本土化
734,这对于苹果来说不是件容易的事儿,1,True,False,1.0,0.06666666666666667,0.0,1.0,-0.08929443359375,0.0,0.0,0.0,0.0,0,,这对于苹果来说不是件容易的事
734,这对于苹果来说不是件容易的事儿,2,False,True,1.0,0.0,0.0,0.6926257753273605,-0.11651611328125,0.0,0.0,0.0,0.0,0,,这对于苹果来说不是件容易的事儿
734,这对于苹果来说不是件容易的事儿,3,False,False,1.0,0.13333333333333333,1.0,0.3404548587181254,-0.147705078125,0.0,0.0,0.0,0.0,0,,这对苹果来说不是件容易的事
734,这对于苹果来说不是件容易的事儿,4,False,False,1.0,0.06666666666666667,1.0,0.0,-0.1778564453125,0.0,0.0,0.0,0.0,0,,这对苹果来说不是件容易的事儿
735,最终促使苹果成为主流标准但中国市场有其特殊性,1,True,True,1.0,0.0,0.0,1.0,-0.051605224609375,0.0,0.0,0.0,0.0,0,,最终促使苹果成为主流标准但中国市场有其特殊性
735,最终促使苹果成为主流标准但中国市场有其特殊性,2,False,False,1.0,0.09090909090909091,0.0,0.3585639149325406,-0.13720703125,0.0,0.0,0.0,0.0,0,,最终促使苹果成为主流标准但中国时常有其特殊性
735,最终促使苹果成为主流标准但中国市场有其特殊性,3,False,False,1.0,0.09090909090909091,0.0,0.11891150240109764,-0.169189453125,0.0,0.0,0.0,0.0,0,,最终促使苹果成为主流标准但中国时尚有其特殊性
735,最终促使苹果成为主流标准但中国市场有其特殊性,4,False,False,1.0,0.045454545454545456,0.0,0.1143379830779785,-0.1697998046875,0.0,0.0,0.0,0.0,0,,最终促使苹果称为主流标准但中国市场有其特殊性
735,最终促使苹果成为主流标准但中国市场有其特殊性,5,False,False,1.0,0.09090909090909091,0.0,0.0,-0.18505859375,0.0,0.0,0.0,0.0,0,,最终促使苹果成为主流标准但中国时长有其特殊性
736,首先银联和苹果的合作谈判不会顺利,1,True,True,0.5,0.125,0.25,1.0,-0.061737060546875,0.0,0.0,0.0,0.0,0,,首先以联合苹果的合作谈判不会顺利
736,首先银联和苹果的合作谈判不会顺利,2,False,False,0.5,0.125,0.25,0.5042174320524836,-0.11016845703125,0.0,0.0,0.0,0.0,0,,首先一联合苹果的合作谈判不会顺利
736,首先银联和苹果的合作谈判不会顺利,3,False,False,0.5,0.125,0.25,0.2611683848797251,-0.1339111328125,0.0,0.0,0.0,0.0,0,,首先因联合苹果的合作谈判不会顺利
736,首先银联和苹果的合作谈判不会顺利,4,False,False,0.5,0.125,0.25,0.0,-0.159423828125,0.0,0.0,0.0,0.0,0,,首先与联合苹果的合作谈判不会顺利
737,这个在美的空调的南沙工厂武汉工厂已全面试点,1,True,False,1.0,0.09523809523809523,0.0,1.0,-0.377197265625,0.0,0.0,0.0,0.0,0,,这个在美的空调的南沙工厂武汉工场一全面试点
737,这个在美的空调的南沙工厂武汉工厂已全面试点,2,False,True,1.0,0.047619047619047616,0.0,0.9757009345794393,-0.38037109375,0.0,0.0,0.0,0.0,0,,这个在美的空调的南沙工厂武汉工场已全面试点
737,这个在美的空调的南沙工厂武汉工厂已全面试点,3,False,False,1.0,0.14285714285714285,0.0,0.708411214953271,-0.415283203125,0.0,0.0,0.0,0.0,0,,这个在美的空调的南沙工厂武汉工场一圈面试点
737,这个在美的空调的南沙工厂武汉工厂已全面试点,4,False,False,0.0,0.19047619047619047,1.0,0.5794392523364486,-0.43212890625,0.0,0.0,0.0,0.0,0,,这个在美的空调的燃烧工厂武汉工场一全面试点
737,这个在美的空调的南沙工厂武汉工厂已全面试点,5,False,False,0.0,0.14285714285714285,1.0,0.5644859813084112,-0.43408203125,0.0,0.0,0.0,0.0,0,,这个在美的空调的燃烧工厂武汉工场已全面试点
737,这个在美的空调的南沙工厂武汉工厂已全面试点,6,False,False,0.0,0.23809523809523808,1.0,0.29158878504672897,-0.4697265625,0.0,0.0,0.0,0.0,0,,这个在美的空调的燃烧工厂武汉工场一圈面试点
737,这个在美的空调的南沙工厂武汉工厂已全面试点,7,False,False,0.0,0.19047619047619047,1.0,0.2261682242990654,-0.478271484375,0.0,0.0,0.0,0.0,0,,这个在美的空调的燃烧工厂武汉工场以全面试点
737,这个在美的空调的南沙工厂武汉工厂已全面试点,8,False,False,1.0,0.14285714285714285,0.0,0.12897196261682242,-0.490966796875,0.0,0.0,0.0,0.0,0,,这个在美的空调的南沙工厂武汉工场一全面试店
737,这个在美的空调的南沙工厂武汉工厂已全面试点,9,False,False,1.0,0.09523809523809523,0.0,0.0,-0.5078125,0.0,0.0,0.0,0.0,0,,这个在美的空调的南沙工厂武汉工场以全面试点
738,广东东莞顺德等城市已经掀起大量机器换人计划,1,True,True,1.0,0.047619047619047616,0.0,1.0,-0.10894775390625,0.0,0.0,0.0,0.0,0,,广东东湾顺德等城市已经掀起大量机器换人计划
738,广东东莞顺德等城市已经掀起大量机器换人计划,2,False,False,1.0,0.09523809523809523,0.0,0.28819695872556117,-0.1689453125,0.0,0.0,0.0,0.0,0,,广东东湾顺德等城市已经掀起大量机器坏人计划
738,广东东莞顺德等城市已经掀起大量机器换人计划,3,False,False,1.0,0.047619047619047616,0.0,0.27371469949312094,-0.170166015625,0.0,0.0,0.0,0.0,0,,广东东万顺德等城市已经掀起大量机器换人计划
738,广东东莞顺德等城市已经掀起大量机器换人计划,4,False,False,1.0,0.09523809523809523,0.0,0.14337436640115858,-0.18115234375,0.0,0.0,0.0,0.0,0,,广东东湾顺德等城市已经掀起大量机器患人计划
738,广东东莞顺德等城市已经掀起大量机器换人计划,5,False,False,1.0,0.047619047619047616,0.0,0.0,-0.1932373046875,0.0,0.0,0.0,0.0,0,,广东东外顺德等城市已经掀起大量机器换人计划
739,美的集团对项目在一定年限内有投入产出的规定,1,True,False,1.0,0.047619047619047616,0.0,1.0,-0.1092529296875,0.0,0.0,0.0,0.0,0,,美的集团队项目在一定年限内有投入产出的规定
739,美的集团对项目在一定年限内有投入产出的规定,2,False,True,1.0,0.0,0.0,0.4627720504009164,-0.16650390625,0.0,0.0,0.0,0.0,0,,美的集团对项目在一定年限内有投入产出的规定
739,美的集团对项目在一定年限内有投入产出的规定,3,False,False,0.0,0.047619047619047616,0.25,0.11683848797250859,-0.203369140625,0.0,0.0,0.0,0.0,0,,美籍集团对项目在一定年限内有投入产出的规定
739,美的集团对项目在一定年限内有投入产出的规定,4,False,False,1.0,0.09523809523809523,0.0,0.053837342497136315,-0.2100830078125,0.0,0.0,0.0,0.0,0,,美的集团队项目在一定年限内有投入谈出的规定
739,美的集团对项目在一定年限内有投入产出的规定,5,False,False,0.0,0.09523809523809523,0.25,0.033218785796105384,-0.2122802734375,0.0,0.0,0.0,0.0,0,,美籍集团队项目在一定年限内有投入产出的规定
739,美的集团对项目在一定年限内有投入产出的规定,6,False,False,1.0,0.14285714285714285,0.0,0.0,-0.2158203125,0.0,0.0,0.0,0.0,0,,美的集团队项目在一定年限内有投入铲除的规定
740,高工机器人董事长张小飞表示,1,True,False,0.0,0.3076923076923077,0.3333333333333333,1.0,-0.135498046875,0.0,0.0,0.0,0.0,0,,高宫机器人总市长张晓飞表示
740,高工机器人董事长张小飞表示,2,False,False,0.0,0.15384615384615385,0.3333333333333333,0.8462783171521036,-0.15869140625,0.0,0.0,0.0,0.0,0,,高宫机器人董事长张晓飞表示
740,高工机器人董事长张小飞表示,3,False,False,0.0,0.38461538461538464,0.6666666666666666,0.5647249190938511,-0.201171875,0.0,0.0,0.0,0.0,0,,高宫机器人总市长张晓菲表示
740,高工机器人董事长张小飞表示,4,False,False,0.0,0.23076923076923078,0.6666666666666666,0.4959546925566343,-0.2115478515625,0.0,0.0,0.0,0.0,0,,高宫机器人董事长张晓菲表示
740,高工机器人董事长张小飞表示,5,False,False,0.0,0.23076923076923078,0.3333333333333333,0.4797734627831715,-0.2139892578125,0.0,0.0,0.0,0.0,0,,高工机器人总市长张晓飞表示
740,高工机器人董事长张小飞表示,6,False,True,0.0,0.07692307692307693,0.3333333333333333,0.39805825242718446,-0.226318359375,0.0,0.0,0.0,0.0,0,,高工机器人董事长张晓飞表示
740,高工机器人董事长张小飞表示,7,False,False,0.0,0.3076923076923077,0.3333333333333333,0.22330097087378642,-0.252685546875,0.0,0.0,0.0,0.0,0,,高空机器人总市长张晓飞表示
740,高工机器人董事长张小飞表示,8,False,False,0.0,0.15384615384615385,0.3333333333333333,0.0,-0.286376953125,0.0,0.0,0.0,0.0,0,,高空机器人董事长张晓飞表示
741,在队长惠若琪因为身体原因无缘世界杯的情况下,1,True,False,0.0,0.09523809523809523,0.3333333333333333,1.0,-0.12152099609375,0.0,0.0,0.0,0.0,0,,在队长贿若琪因为身体原因无冤世界杯的情况下
741,在队长惠若琪因为身体原因无缘世界杯的情况下,2,False,False,0.0,0.14285714285714285,0.6666666666666666,0.5933446136491822,-0.16552734375,0.0,0.0,0.0,0.0,0,,在队长贿若琦因为身体原因无冤世界杯的情况下
741,在队长惠若琪因为身体原因无缘世界杯的情况下,3,False,False,0.0,0.23809523809523808,0.3333333333333333,0.5617597292724196,-0.1689453125,0.0,0.0,0.0,0.0,0,,在队长贿若琪因为身体原因无冤是戒备的情况下
741,在队长惠若琪因为身体原因无缘世界杯的情况下,4,False,False,0.0,0.19047619047619047,0.3333333333333333,0.4906937394247039,-0.1766357421875,0.0,0.0,0.0,0.0,0,,在队长贿若琪因为身体缘无冤世界杯的情况下
741,在队长惠若琪因为身体原因无缘世界杯的情况下,5,False,False,0.0,0.19047619047619047,0.3333333333333333,0.3643542019176537,-0.1903076171875,0.0,0.0,0.0,0.0,0,,在队长贿若琪因为身体原因无冤是戒杯的情况下
741,在队长惠若琪因为身体原因无缘世界杯的情况下,6,False,True,0.0,0.047619047619047616,0.3333333333333333,0.24929498025944727,-0.2027587890625,0.0,0.0,0.0,0.0,0,,在队长贿若琪因为身体原因无缘世界杯的情况下
741,在队长惠若琪因为身体原因无缘世界杯的情况下,7,False,False,0.0,0.14285714285714285,0.6666666666666666,0.23914269599548788,-0.203857421875,0.0,0.0,0.0,0.0,0,,在队长贿若奇因为身体原因无冤世界杯的情况下
741,在队长惠若琪因为身体原因无缘世界杯的情况下,8,False,False,0.0,0.2857142857142857,0.6666666666666666,0.2131979695431472,-0.2066650390625,0.0,0.0,0.0,0.0,0,,在队长贿若琦因为身体原因无冤是戒备的情况下
741,在队长惠若琪因为身体原因无缘世界杯的情况下,9,False,False,0.0,0.23809523809523808,0.6666666666666666,0.12859560067681894,-0.2158203125,0.0,0.0,0.0,0.0,0,,在队长贿若琦因为身体缘无冤世界杯的情况下
741,在队长惠若琪因为身体原因无缘世界杯的情况下,10,False,False,0.0,0.14285714285714285,0.6666666666666666,0.07219402143260012,-0.221923828125,0.0,0.0,0.0,0.0,0,,在队长会若其因为身体原因无冤世界杯的情况下
741,在队长惠若琪因为身体原因无缘世界杯的情况下,11,False,False,0.0,0.23809523809523808,0.6666666666666666,0.0022560631697687537,-0.2294921875,0.0,0.0,0.0,0.0,0,,在队长贿若琦因为身体原因无冤是戒杯的情况下
741,在队长惠若琪因为身体原因无缘世界杯的情况下,12,False,False,0.0,0.3333333333333333,0.3333333333333333,0.0,-0.229736328125,0.0,0.0,0.0,0.0,0,,在队长贿若琪因为身体缘无冤是戒备的情况下
742,徐建德统领的中国青年队八战全胜夺得冠军,1,True,True,1.0,0.0,0.0,1.0,-0.1680908203125,0.0,0.0,0.0,0.0,0,,徐建德统领的中国青年队八战全胜夺得冠军
742,徐建德统领的中国青年队八战全胜夺得冠军,2,False,False,1.0,0.05263157894736842,0.0,0.9379562043795621,-0.170166015625,0.0,0.0,0.0,0.0,0,,徐建德通领的中国青年队八战全胜夺得冠军
742,徐建德统领的中国青年队八战全胜夺得冠军,3,False,False,0.0,0.05263157894736842,0.3333333333333333,0.46715328467153283,-0.1859130859375,0.0,0.0,0.0,0.0,0,,许建德统领的中国青年队八战全胜夺得冠军
742,徐建德统领的中国青年队八战全胜夺得冠军,4,False,False,1.0,0.05263157894736842,0.0,0.4416058394160584,-0.186767578125,0.0,0.0,0.0,0.0,0,,徐建德统领的中国青年队八战全胜多得冠军
742,徐建德统领的中国青年队八战全胜夺得冠军,5,False,False,1.0,0.10526315789473684,0.0,0.35036496350364965,-0.1898193359375,0.0,0.0,0.0,0.0,0,,徐建德通领的中国青年队八战全胜多得冠军
742,徐建德统领的中国青年队八战全胜夺得冠军,6,False,False,1.0,0.10526315789473684,0.0,0.26277372262773724,-0.1927490234375,0.0,0.0,0.0,0.0,0,,徐建德统领的中国青年队八战全胜多德冠军
742,徐建德统领的中国青年队八战全胜夺得冠军,7,False,False,1.0,0.15789473684210525,0.0,0.0,-0.2015380859375,0.0,0.0,0.0,0.0,0,,徐建德通领的中国青年队八战全胜多德冠军
743,还与巴西队的加比一起入选最佳主攻,1,True,True,1.0,0.0,0.0,1.0,-0.03265380859375,0.0,0.0,0.0,0.0,0,,还与巴西队的加比一起入选最佳主攻
743,还与巴西队的加比一起入选最佳主攻,2,False,False,1.0,0.0625,0.0,0.7187569863626202,-0.10943603515625,0.0,0.0,0.0,0.0,0,,还有巴西队的加比一起入选最佳主攻
743,还与巴西队的加比一起入选最佳主攻,3,False,False,1.0,0.0625,0.0,0.3313212608987257,-0.2152099609375,0.0,0.0,0.0,0.0,0,,还与巴西队的嘉比一起入选最佳主攻
743,还与巴西队的加比一起入选最佳主攻,4,False,False,1.0,0.0625,0.0,0.274536105522021,-0.230712890625,0.0,0.0,0.0,0.0,0,,还与巴西队的伽比一起入选最佳主攻
743,还与巴西队的加比一起入选最佳主攻,5,False,False,1.0,0.0625,0.0,0.2012072434607646,-0.250732421875,0.0,0.0,0.0,0.0,0,,还与巴西队的加比一起入选最佳主公
743,还与巴西队的加比一起入选最佳主攻,6,False,False,1.0,0.0625,0.0,0.1672255756762799,-0.260009765625,0.0,0.0,0.0,0.0,0,,还与巴西队的佳比一起入选最佳主攻
743,还与巴西队的加比一起入选最佳主攻,7,False,False,1.0,0.0625,0.0,0.14576346970713167,-0.265869140625,0.0,0.0,0.0,0.0,0,,还与巴西队的迦比一起入选最佳主攻
743,还与巴西队的加比一起入选最佳主攻,8,False,False,1.0,0.0625,0.0,0.13145539906103287,-0.269775390625,0.0,0.0,0.0,0.0,0,,还与巴西队加比一起入选最佳主攻
743,还与巴西队的加比一起入选最佳主攻,9,False,False,1.0,0.125,0.6666666666666666,0.081377151799687,-0.283447265625,0.0,0.0,0.0,0.0,0,,和巴西队的加比一起入选最佳主攻
743,还与巴西队的加比一起入选最佳主攻,10,False,False,1.0,0.0625,0.0,0.007154035323049408,-0.3037109375,0.0,0.0,0.0,0.0,0,,还与巴西队的夹比一起入选最佳主攻
743,还与巴西队的加比一起入选最佳主攻,11,False,False,1.0,0.0625,0.0,0.006259780907668232,-0.303955078125,0.0,0.0,0.0,0.0,0,,还与巴西队的家比一起入选最佳主攻
743,还与巴西队的加比一起入选最佳主攻,12,False,False,1.0,0.125,0.0,0.0,-0.3056640625,0.0,0.0,0.0,0.0,0,,还有巴西队的嘉比一起入选最佳主攻
744,去年6月下旬举行的中国国际精英赛北仑站,1,True,False,0.0,0.15789473684210525,1.0,1.0,-0.032928466796875,0.0,0.0,0.0,0.0,0,,去年6月下旬举行的中国国际精英赛
744,去年6月下旬举行的中国国际精英赛北仑站,2,False,False,0.0,0.10526315789473684,0.6666666666666666,0.8423160353746038,-0.061767578125,0.0,0.0,0.0,0.0,0,,去年6月下旬举行的中国国际精英赛北轮战
744,去年6月下旬举行的中国国际精英赛北仑站,3,False,True,0.0,0.05263157894736842,0.3333333333333333,0.48590021691973967,-0.126953125,0.0,0.0,0.0,0.0,0,,去年6月下旬举行的中国国际精英赛北轮站
744,去年6月下旬举行的中国国际精英赛北仑站,4,False,False,0.0,0.10526315789473684,0.6666666666666666,0.3677623894543634,-0.1485595703125,0.0,0.0,0.0,0.0,0,,去年6月下旬举行的中国国际精英赛北伦战
744,去年6月下旬举行的中国国际精英赛北仑站,5,False,False,0.0,0.21052631578947367,0.6666666666666666,0.34173202069080594,-0.1533203125,0.0,0.0,0.0,0.0,0,,去年6月下旬举行的中国国际经营赛北轮战
744,去年6月下旬举行的中国国际精英赛北仑站,6,False,False,0.0,0.05263157894736842,0.3333333333333333,0.2396128816953112,-0.1719970703125,0.0,0.0,0.0,0.0,0,,去年6月下旬举行的中国国际精英赛北伦站
744,去年6月下旬举行的中国国际精英赛北仑站,7,False,False,0.0,0.21052631578947367,0.6666666666666666,0.12147505422993492,-0.193603515625,0.0,0.0,0.0,0.0,0,,去年6月下旬举行的中国国际竞赢赛北轮战
744,去年6月下旬举行的中国国际精英赛北仑站,8,False,False,0.0,0.15789473684210525,0.3333333333333333,0.06340730852661439,-0.2042236328125,0.0,0.0,0.0,0.0,0,,去年6月下旬举行的中国国际经营赛北轮站
744,去年6月下旬举行的中国国际精英赛北仑站,9,False,False,0.0,0.05263157894736842,0.3333333333333333,0.0,-0.2158203125,0.0,0.0,0.0,0.0,0,,去年6月下旬举行的中国国际精英赛北仑战
745,当时郎平率队三战全胜名列第一,1,True,True,1.0,0.07142857142857142,0.0,1.0,-0.1451416015625,0.0,0.0,0.0,0.0,0,,当时郎平略队三战全胜名列第一
745,当时郎平率队三战全胜名列第一,2,False,False,1.0,0.07142857142857142,0.0,0.6324607329842932,-0.18798828125,0.0,0.0,0.0,0.0,0,,当时郎平掠队三战全胜名列第一
745,当时郎平率队三战全胜名列第一,3,False,False,1.0,0.07142857142857142,0.0,0.39057591623036647,-0.2161865234375,0.0,0.0,0.0,0.0,0,,当时郎平列队三战全胜名列第一
745,当时郎平率队三战全胜名列第一,4,False,False,0.0,0.21428571428571427,1.0,0.3193717277486911,-0.2244873046875,0.0,0.0,0.0,0.0,0,,当时狼瓶掠队三战全胜名列第一
745,当时郎平率队三战全胜名列第一,5,False,False,0.0,0.21428571428571427,1.0,0.11099476439790576,-0.248779296875,0.0,0.0,0.0,0.0,0,,当时狼屏掠队三战全胜名列第一
745,当时郎平率队三战全胜名列第一,6,False,False,0.0,0.14285714285714285,0.5,0.05445026178010471,-0.25537109375,0.0,0.0,0.0,0.0,0,,当时狼平略队三战全胜名列第一
745,当时郎平率队三战全胜名列第一,7,False,False,0.0,0.14285714285714285,0.5,0.050261780104712044,-0.255859375,0.0,0.0,0.0,0.0,0,,当时朗平略队三战全胜名列第一
745,当时郎平率队三战全胜名列第一,8,False,False,0.0,0.21428571428571427,1.0,0.041884816753926704,-0.2568359375,0.0,0.0,0.0,0.0,0,,当时狼屏略队三战全胜名列第一
745,当时郎平率队三战全胜名列第一,9,False,False,0.0,0.14285714285714285,0.5,0.0,-0.26171875,0.0,0.0,0.0,0.0,0,,当时狼平掠队三战全胜名列第一
746,中国队三比二力克美国队收获分站赛九连胜,1,True,False,0.0,0.3157894736842105,0.5,1.0,-0.10552978515625,0.0,0.0,0.0,0.0,0,,中国队3比2立刻美国队收获分战赛9连胜
746,中国队三比二力克美国队收获分站赛九连胜,2,False,False,0.0,0.2631578947368421,0.5,0.6143977191732003,-0.1385498046875,0.0,0.0,0.0,0.0,0,,中国队3比2立刻美国队收获分站赛9连胜
746,中国队三比二力克美国队收获分站赛九连胜,3,False,False,0.0,0.2631578947368421,0.5,0.4091233071988596,-0.1561279296875,0.0,0.0,0.0,0.0,0,,中国队3比2立刻美国队收获分战赛九连胜
746,中国队三比二力克美国队收获分站赛九连胜,4,False,False,0.0,0.3157894736842105,0.5,0.40484675694939415,-0.156494140625,0.0,0.0,0.0,0.0,0,,中国队3比2立刻美国队收获分赛赛9连胜
746,中国队三比二力克美国队收获分站赛九连胜,5,False,False,0.0,0.3684210526315789,0.75,0.1767640769779045,-0.176025390625,0.0,0.0,0.0,0.0,0,,中国队32立刻美国队收获分战赛9连胜
746,中国队三比二力克美国队收获分站赛九连胜,6,False,False,0.0,0.3157894736842105,0.5,0.12116892373485388,-0.1807861328125,0.0,0.0,0.0,0.0,0,,中国队3比2立刻美国队收获分寸赛9连胜
746,中国队三比二力克美国队收获分站赛九连胜,7,False,True,0.0,0.21052631578947367,0.5,0.0,-0.191162109375,0.0,0.0,0.0,0.0,0,,中国队3比2立刻美国队收获分站赛九连胜
747,赛后主攻朱婷获最有价值球员和最受欢迎球员,1,True,False,1.0,0.2,0.0,1.0,-0.295166015625,0.0,0.0,0.0,0.0,0,,赛后主攻朱廷霍最有价值球员和最受欢迎的
747,赛后主攻朱婷获最有价值球员和最受欢迎球员,2,False,False,1.0,0.15,0.0,0.9612856099342586,-0.30810546875,0.0,0.0,0.0,0.0,0,,赛后主攻朱婷霍最有价值球员和最受欢迎的
747,赛后主攻朱婷获最有价值球员和最受欢迎球员,3,False,False,1.0,0.1,0.0,0.29802775748721694,-0.52978515625,0.0,0.0,0.0,0.0,0,,赛后主攻朱廷霍最有价值球员和最受欢迎球员
747,赛后主攻朱婷获最有价值球员和最受欢迎球员,4,False,True,1.0,0.05,0.0,0.26004382761139516,-0.54248046875,0.0,0.0,0.0,0.0,0,,赛后主攻朱婷霍最有价值球员和最受欢迎球员
747,赛后主攻朱婷获最有价值球员和最受欢迎球员,5,False,False,1.0,0.25,0.0,0.08473338203067933,-0.60107421875,0.0,0.0,0.0,0.0,0,,赛后主攻朱廷霍最有价值球员和最受欢迎的投赛员
747,赛后主攻朱婷获最有价值球员和最受欢迎球员,6,False,False,1.0,0.15,0.0,0.07450693937180423,-0.6044921875,0.0,0.0,0.0,0.0,0,,赛后主攻朱廷霍最有价值球员和最受欢迎的球员
747,赛后主攻朱婷获最有价值球员和最受欢迎球员,7,False,False,1.0,0.25,0.0,0.06866325785244703,-0.6064453125,0.0,0.0,0.0,0.0,0,,赛后主攻朱廷霍最有价值球员和最受欢迎的投手
747,赛后主攻朱婷获最有价值球员和最受欢迎球员,8,False,False,1.0,0.2,0.0,0.06720233747260775,-0.60693359375,0.0,0.0,0.0,0.0,0,,赛后主攻朱婷霍最有价值球员和最受欢迎的投赛员
747,赛后主攻朱婷获最有价值球员和最受欢迎球员,9,False,False,1.0,0.2,0.0,0.06281957633308985,-0.6083984375,0.0,0.0,0.0,0.0,0,,赛后主攻朱廷霍最有价值球员和最受欢迎的球运
747,赛后主攻朱婷获最有价值球员和最受欢迎球员,10,False,False,1.0,0.3,0.0,0.0,-0.62939453125,0.0,0.0,0.0,0.0,0,,赛后主攻朱廷霍最有价值球员和最受欢迎的投资者
748,主教练郎平获得最佳教练,1,True,True,0.0,0.09090909090909091,0.5,1.0,-0.39990234375,0.0,0.0,0.0,0.0,0,,主教练朗平获得最佳教练
748,主教练郎平获得最佳教练,2,False,False,0.0,0.2727272727272727,1.0,0.0550122249388753,-0.77734375,0.0,0.0,0.0,0.0,0,,主教练朗评获得最佳教炼
748,主教练郎平获得最佳教练,3,False,False,0.0,0.2727272727272727,1.0,0.05378973105134474,-0.77783203125,0.0,0.0,0.0,0.0,0,,主教练朗评获得最佳教链
748,主教练郎平获得最佳教练,4,False,False,0.0,0.2727272727272727,1.0,0.04645476772616137,-0.78076171875,0.0,0.0,0.0,0.0,0,,主教练朗屏获得最佳教链
748,主教练郎平获得最佳教练,5,False,False,0.0,0.18181818181818182,1.0,0.028117359413202935,-0.7880859375,0.0,0.0,0.0,0.0,0,,主教练朗屏获得最佳教练
748,主教练郎平获得最佳教练,6,False,False,0.0,0.2727272727272727,1.0,0.022004889975550123,-0.79052734375,0.0,0.0,0.0,0.0,0,,主教练朗屏获得最佳教炼
748,主教练郎平获得最佳教练,7,False,False,0.0,0.18181818181818182,1.0,0.0,-0.79931640625,0.0,0.0,0.0,0.0,0,,主教练朗评获得最佳教练
749,由郎平挂帅的中国女排在名古屋赛区,1,True,False,0.5,0.1875,0.4,1.0,-0.16650390625,0.0,0.0,0.0,0.0,0,,有朗评挂帅的中国女排在名古屋赛区
749,由郎平挂帅的中国女排在名古屋赛区,2,False,False,0.0,0.3125,0.8,0.8268251273344652,-0.178955078125,0.0,0.0,0.0,0.0,0,,有朗评挂帅的中国女排在明姑屋赛区
749,由郎平挂帅的中国女排在名古屋赛区,3,False,True,0.5,0.125,0.4,0.5195246179966044,-0.2010498046875,0.0,0.0,0.0,0.0,0,,由朗评挂帅的中国女排在名古屋赛区
749,由郎平挂帅的中国女排在名古屋赛区,4,False,False,0.0,0.3125,0.8,0.3395585738539898,-0.2139892578125,0.0,0.0,0.0,0.0,0,,有朗评挂帅的中国女排在云姑屋赛区
749,由郎平挂帅的中国女排在名古屋赛区,5,False,False,0.0,0.25,0.8,0.33446519524617996,-0.21435546875,0.0,0.0,0.0,0.0,0,,由朗评挂帅的中国女排在明姑屋赛区
749,由郎平挂帅的中国女排在名古屋赛区,6,False,False,0.5,0.25,0.4,0.30560271646859083,-0.2164306640625,0.0,0.0,0.0,0.0,0,,有朗屏跨帅的中国女排在名古屋赛区
749,由郎平挂帅的中国女排在名古屋赛区,7,False,False,0.5,0.25,0.4,0.26825127334465193,-0.2191162109375,0.0,0.0,0.0,0.0,0,,有朗评跨帅的中国女排在名古屋赛区
749,由郎平挂帅的中国女排在名古屋赛区,8,False,False,0.0,0.375,0.8,0.2071307300509338,-0.2235107421875,0.0,0.0,0.0,0.0,0,,有朗屏跨帅的中国女排在明姑屋赛区
749,由郎平挂帅的中国女排在名古屋赛区,9,False,False,0.0,0.25,0.6,0.19015280135823429,-0.2247314453125,0.0,0.0,0.0,0.0,0,,有朗评挂帅的中国女排在名姑屋赛区
749,由郎平挂帅的中国女排在名古屋赛区,10,False,False,0.5,0.1875,0.4,0.17487266553480477,-0.225830078125,0.0,0.0,0.0,0.0,0,,有朗屏挂帅的中国女排在名古屋赛区
749,由郎平挂帅的中国女排在名古屋赛区,11,False,False,0.0,0.3125,0.8,0.0831918505942275,-0.232421875,0.0,0.0,0.0,0.0,0,,有朗屏挂帅的中国女排在明姑屋赛区
749,由郎平挂帅的中国女排在名古屋赛区,12,False,False,0.0,0.375,0.8,0.07809847198641766,-0.2327880859375,0.0,0.0,0.0,0.0,0,,有朗评跨帅的中国女排在明姑屋赛区
749,由郎平挂帅的中国女排在名古屋赛区,13,False,False,0.5,0.125,0.4,0.07130730050933787,-0.2332763671875,0.0,0.0,0.0,0.0,0,,由朗屏挂帅的中国女排在名古屋赛区
749,由郎平挂帅的中国女排在名古屋赛区,14,False,False,0.0,0.25,0.8,0.0,-0.2384033203125,0.0,0.0,0.0,0.0,0,,由朗屏挂帅的中国女排在明姑屋赛区
750,搜狐娱乐讯陈妍希传出和陈晓的恋情之后,1,True,False,0.0,0.2222222222222222,0.6666666666666666,1.0,-0.2080078125,0.0,0.0,0.0,0.0,0,,搜虎娱乐训陈延熙传出和陈晓的恋情之后
750,搜狐娱乐讯陈妍希传出和陈晓的恋情之后,2,False,False,0.0,0.16666666666666666,0.6666666666666666,0.8916256157635468,-0.21875,0.0,0.0,0.0,0.0,0,,搜狐娱乐训陈延熙传出和陈晓的恋情之后
750,搜狐娱乐讯陈妍希传出和陈晓的恋情之后,3,False,False,0.0,0.16666666666666666,0.6666666666666666,0.6293103448275862,-0.2447509765625,0.0,0.0,0.0,0.0,0,,搜虎娱乐讯陈延熙传出和陈晓的恋情之后
750,搜狐娱乐讯陈妍希传出和陈晓的恋情之后,4,False,False,0.0,0.1111111111111111,0.6666666666666666,0.6108374384236454,-0.24658203125,0.0,0.0,0.0,0.0,0,,搜狐娱乐讯陈延熙传出和陈晓的恋情之后
750,搜狐娱乐讯陈妍希传出和陈晓的恋情之后,5,False,False,0.0,0.2777777777777778,0.6666666666666666,0.5147783251231527,-0.256103515625,0.0,0.0,0.0,0.0,0,,素虎娱乐训陈延熙传出和陈晓的恋情之后
750,搜狐娱乐讯陈妍希传出和陈晓的恋情之后,6,False,False,0.0,0.2222222222222222,0.6666666666666666,0.1625615763546798,-0.291015625,0.0,0.0,0.0,0.0,0,,搜虎娱乐训陈言熙传出和陈晓的恋情之后
750,搜狐娱乐讯陈妍希传出和陈晓的恋情之后,7,False,True,0.0,0.16666666666666666,0.3333333333333333,0.0049261083743842365,-0.306640625,0.0,0.0,0.0,0.0,0,,搜虎娱乐训陈言希传出和陈晓的恋情之后
750,搜狐娱乐讯陈妍希传出和陈晓的恋情之后,8,False,False,0.0,0.2777777777777778,1.0,0.0,-0.30712890625,0.0,0.0,0.0,0.0,0,,搜虎娱乐训辰延熙传出和陈晓的恋情之后
751,陈妍希回到台北代言悠游卡,1,True,True,0.0,0.16666666666666666,0.6666666666666666,1.0,-0.1700439453125,0.0,0.0,0.0,0.0,0,,陈延熙回到台北代言悠游卡
751,陈妍希回到台北代言悠游卡,2,False,False,0.0,0.3333333333333333,0.6666666666666666,0.4506041222459133,-0.264404296875,0.0,0.0,0.0,0.0,0,,陈延熙回到台北代言优优卡
751,陈妍希回到台北代言悠游卡,3,False,False,0.0,0.25,0.6666666666666666,0.34399431414356785,-0.28271484375,0.0,0.0,0.0,0.0,0,,陈延熙回到台北代言悠悠卡
751,陈妍希回到台北代言悠游卡,4,False,False,0.0,0.3333333333333333,0.6666666666666666,0.24022743425728502,-0.300537109375,0.0,0.0,0.0,0.0,0,,陈延熙回到台北黛安悠游卡
751,陈妍希回到台北代言悠游卡,5,False,False,0.0,0.3333333333333333,0.6666666666666666,0.2046908315565032,-0.306640625,0.0,0.0,0.0,0.0,0,,陈延熙回到台北戴燕悠游卡
751,陈妍希回到台北代言悠游卡,6,False,False,0.0,0.16666666666666666,0.6666666666666666,0.17484008528784648,-0.311767578125,0.0,0.0,0.0,0.0,0,,陈岩熙回到台北代言悠游卡
751,陈妍希回到台北代言悠游卡,7,False,False,0.0,0.16666666666666666,0.6666666666666666,0.14925373134328357,-0.316162109375,0.0,0.0,0.0,0.0,0,,陈彦熙回到台北代言悠游卡
751,陈妍希回到台北代言悠游卡,8,False,False,0.0,0.3333333333333333,0.6666666666666666,0.08813077469793888,-0.32666015625,0.0,0.0,0.0,0.0,0,,陈延熙回到台北带烟悠游卡
751,陈妍希回到台北代言悠游卡,9,False,False,0.0,0.25,0.6666666666666666,0.0412224591329069,-0.334716796875,0.0,0.0,0.0,0.0,0,,陈延熙回到台北代言悠游咖
751,陈妍希回到台北代言悠游卡,10,False,False,0.0,0.3333333333333333,0.6666666666666666,0.0,-0.341796875,0.0,0.0,0.0,0.0,0,,陈延熙回到台北戴延悠游卡
752,但陈妍希在出席活动时,1,True,False,0.0,0.2,0.6666666666666666,1.0,-0.0830078125,0.0,0.0,0.0,0.0,0,,但陈延熙在出席活动时
752,但陈妍希在出席活动时,2,False,False,0.0,0.2,0.6666666666666666,0.4978050921861282,-0.22265625,0.0,0.0,0.0,0.0,0,,但陈彦熙在出席活动时
752,但陈妍希在出席活动时,3,False,False,0.0,0.2,0.6666666666666666,0.4942932396839333,-0.2236328125,0.0,0.0,0.0,0.0,0,,但陈岩熙在出席活动时
752,但陈妍希在出席活动时,4,False,False,0.0,0.2,0.6666666666666666,0.3107989464442493,-0.274658203125,0.0,0.0,0.0,0.0,0,,但陈言熙在出席活动时
752,但陈妍希在出席活动时,5,False,False,0.0,0.2,0.6666666666666666,0.1431079894644425,-0.3212890625,0.0,0.0,0.0,0.0,0,,但陈颜曦在出席活动时
752,但陈妍希在出席活动时,6,False,False,0.0,0.2,0.6666666666666666,0.1334503950834065,-0.323974609375,0.0,0.0,0.0,0.0,0,,但陈岩西在出席活动时
752,但陈妍希在出席活动时,7,False,False,0.0,0.2,0.6666666666666666,0.10008779631255488,-0.333251953125,0.0,0.0,0.0,0.0,0,,但陈颜熙在出席活动时
752,但陈妍希在出席活动时,8,False,False,0.0,0.4,0.6666666666666666,0.0684811237928007,-0.342041015625,0.0,0.0,0.0,0.0,0,,但陈延熙在除夕活动时
752,但陈妍希在出席活动时,9,False,True,0.0,0.1,0.3333333333333333,0.0,-0.361083984375,0.0,0.0,0.0,0.0,0,,但陈延希在出席活动时
753,贵州都市报十月29日报道据台湾媒体报道艺人陈妍希认爱小4岁的大陆小生陈晓,1,True,False,0.0,0.1111111111111111,1.0,1.0,-0.08026123046875,0.0,0.0,0.0,0.0,0,,贵州都市报10月29日报道据台湾媒体报道艺人陈延熙认爱小4岁的大陆小生陈晓
753,贵州都市报十月29日报道据台湾媒体报道艺人陈妍希认爱小4岁的大陆小生陈晓,2,False,True,1.0,0.05555555555555555,0.6666666666666666,0.5861581920903954,-0.09814453125,0.0,0.0,0.0,0.0,0,,贵州都市报10月29日报道据台湾媒体报道艺人陈妍希认爱小4岁的大陆小生陈晓
753,贵州都市报十月29日报道据台湾媒体报道艺人陈妍希认爱小4岁的大陆小生陈晓,3,False,False,0.0,0.1388888888888889,1.0,0.53954802259887,-0.10015869140625,0.0,0.0,0.0,0.0,0,,贵州都市报10月29日报道据台湾媒体报道艺人陈延熙仍爱小4岁的大陆小生陈晓
753,贵州都市报十月29日报道据台湾媒体报道艺人陈妍希认爱小4岁的大陆小生陈晓,4,False,False,0.0,0.1111111111111111,1.0,0.5240112994350282,-0.100830078125,0.0,0.0,0.0,0.0,0,,贵州都市报10月29日报道据台湾媒体报道艺人陈岩熙认爱小4岁的大陆小生陈晓
753,贵州都市报十月29日报道据台湾媒体报道艺人陈妍希认爱小4岁的大陆小生陈晓,5,False,False,0.0,0.08333333333333333,0.6666666666666666,0.4689265536723164,-0.10321044921875,0.0,0.0,0.0,0.0,0,,贵州都市报10月29日报道据台湾媒体报道艺人陈妍熙认爱小4岁的大陆小生陈晓
753,贵州都市报十月29日报道据台湾媒体报道艺人陈妍希认爱小4岁的大陆小生陈晓,6,False,False,0.0,0.1388888888888889,1.0,0.4265536723163842,-0.10504150390625,0.0,0.0,0.0,0.0,0,,贵州都市报10月29日报道据台湾媒体报道艺人陈延熙认为爱小4岁的大陆小生陈晓
753,贵州都市报十月29日报道据台湾媒体报道艺人陈妍希认爱小4岁的大陆小生陈晓,7,False,False,0.0,0.1388888888888889,1.0,0.3474576271186441,-0.10845947265625,0.0,0.0,0.0,0.0,0,,贵州都市报10月29日报道据台湾媒体报道艺人陈延熙任爱小4岁的大陆小生陈晓
753,贵州都市报十月29日报道据台湾媒体报道艺人陈妍希认爱小4岁的大陆小生陈晓,8,False,False,0.0,0.1388888888888889,1.0,0.14548022598870056,-0.1171875,0.0,0.0,0.0,0.0,0,,贵州都市报10月29日报道据台湾媒体报道艺人陈延熙热爱小4岁的大陆小生陈晓
753,贵州都市报十月29日报道据台湾媒体报道艺人陈妍希认爱小4岁的大陆小生陈晓,9,False,False,0.0,0.1111111111111111,1.0,0.1440677966101695,-0.11724853515625,0.0,0.0,0.0,0.0,0,,贵州都市报10月29日报道据台湾媒体报道艺人陈岩西认爱小4岁的大陆小生陈晓
753,贵州都市报十月29日报道据台湾媒体报道艺人陈妍希认爱小4岁的大陆小生陈晓,10,False,False,0.0,0.1388888888888889,1.0,0.10310734463276836,-0.1190185546875,0.0,0.0,0.0,0.0,0,,贵州都市报10月29日报道据台湾媒体报道1人陈延熙认爱小4岁的大陆小生陈晓
753,贵州都市报十月29日报道据台湾媒体报道艺人陈妍希认爱小4岁的大陆小生陈晓,11,False,False,0.0,0.16666666666666666,1.0,0.02401129943502825,-0.1224365234375,0.0,0.0,0.0,0.0,0,,贵州都市报10月29日报道据台湾媒体报道1人陈延熙任爱小4岁的大陆小生陈晓
753,贵州都市报十月29日报道据台湾媒体报道艺人陈妍希认爱小4岁的大陆小生陈晓,12,False,False,0.0,0.1111111111111111,1.0,0.0,-0.12347412109375,0.0,0.0,0.0,0.0,0,,贵州都市报10月29日报道据台湾媒体报道艺人陈言熙认爱小4岁的大陆小生陈晓
754,游客踩敦煌千年古城遗址拍照反问踩了会掉吗,1,True,False,1.0,0.05,0.0,1.0,-0.1781005859375,0.0,0.0,0.0,0.0,0,,游客踩敦煌千年古城遗址拍照反问踩了会掉码
754,游客踩敦煌千年古城遗址拍照反问踩了会掉吗,2,False,False,1.0,0.3,0.0,0.6879120879120879,-0.1954345703125,0.0,0.0,0.0,0.0,0,,游客猜敦煌千年古城遗址拍照访问彩乐会调码
754,游客踩敦煌千年古城遗址拍照反问踩了会掉吗,3,False,False,1.0,0.05,0.0,0.5318681318681319,-0.2041015625,0.0,0.0,0.0,0.0,0,,游客踩敦煌千年古城遗址拍照反问踩了会钓吗
754,游客踩敦煌千年古城遗址拍照反问踩了会掉吗,4,False,False,1.0,0.1,0.0,0.4835164835164835,-0.206787109375,0.0,0.0,0.0,0.0,0,,游客踩敦煌千年古城遗址拍照反问踩了会吊马
754,游客踩敦煌千年古城遗址拍照反问踩了会掉吗,5,False,False,1.0,0.25,0.0,0.47692307692307695,-0.2071533203125,0.0,0.0,0.0,0.0,0,,游客踩敦煌千年古城遗址拍照访问彩乐会吊马
754,游客踩敦煌千年古城遗址拍照反问踩了会掉吗,6,False,False,1.0,0.25,0.0,0.4703296703296703,-0.20751953125,0.0,0.0,0.0,0.0,0,,游客踩敦煌千年古城遗址拍照访问彩乐会调码
754,游客踩敦煌千年古城遗址拍照反问踩了会掉吗,7,False,False,1.0,0.1,0.0,0.44395604395604393,-0.208984375,0.0,0.0,0.0,0.0,0,,游客猜敦煌千年古城遗址拍照反问踩了会掉码
754,游客踩敦煌千年古城遗址拍照反问踩了会掉吗,8,False,False,1.0,0.1,0.0,0.3230769230769231,-0.2156982421875,0.0,0.0,0.0,0.0,0,,游客踩敦煌千年古城遗址拍照反问踩了会调码
754,游客踩敦煌千年古城遗址拍照反问踩了会掉吗,9,False,False,1.0,0.3,0.0,0.15164835164835164,-0.2252197265625,0.0,0.0,0.0,0.0,0,,游客猜敦煌千年古城遗址拍照访问彩乐会钓马
754,游客踩敦煌千年古城遗址拍照反问踩了会掉吗,10,False,True,1.0,0.0,0.0,0.10989010989010989,-0.2275390625,0.0,0.0,0.0,0.0,0,,游客踩敦煌千年古城遗址拍照反问踩了会掉吗
754,游客踩敦煌千年古城遗址拍照反问踩了会掉吗,11,False,False,1.0,0.1,0.0,0.09230769230769231,-0.228515625,0.0,0.0,0.0,0.0,0,,游客猜敦煌千年古城遗址拍照反问踩了会钓吗
754,游客踩敦煌千年古城遗址拍照反问踩了会掉吗,12,False,False,1.0,0.3,0.0,0.0,-0.233642578125,0.0,0.0,0.0,0.0,0,,游客猜敦煌千年古城遗址拍照访问彩乐会钓码
755,在甘肃敦煌大方盘城遗址,1,True,False,0.5,0.2727272727272727,0.25,1.0,-0.22119140625,0.0,0.0,0.0,0.0,0,,在甘肃郭煌大方攀登遗址
755,在甘肃敦煌大方盘城遗址,2,False,False,0.5,0.2727272727272727,0.25,0.9614457831325302,-0.22509765625,0.0,0.0,0.0,0.0,0,,在甘肃郭煌大方拍摄遗址
755,在甘肃敦煌大方盘城遗址,3,False,False,0.5,0.36363636363636365,0.5,0.763855421686747,-0.2451171875,0.0,0.0,0.0,0.0,0,,在甘肃郭皇大方攀登遗址
755,在甘肃敦煌大方盘城遗址,4,False,False,0.5,0.36363636363636365,0.5,0.5180722891566265,-0.27001953125,0.0,0.0,0.0,0.0,0,,在甘肃郭皇大方拍摄遗址
755,在甘肃敦煌大方盘城遗址,5,False,False,0.5,0.2727272727272727,0.25,0.43614457831325304,-0.2783203125,0.0,0.0,0.0,0.0,0,,在甘肃郭煌大方攀称遗址
755,在甘肃敦煌大方盘城遗址,6,False,False,0.5,0.2727272727272727,0.25,0.30120481927710846,-0.2919921875,0.0,0.0,0.0,0.0,0,,在甘肃郭煌大方攀程遗址
755,在甘肃敦煌大方盘城遗址,7,False,True,0.5,0.18181818181818182,0.25,0.30120481927710846,-0.2919921875,0.0,0.0,0.0,0.0,0,,在甘肃郭煌大方潘城遗址
755,在甘肃敦煌大方盘城遗址,8,False,False,0.5,0.2727272727272727,0.25,0.22409638554216868,-0.2998046875,0.0,0.0,0.0,0.0,0,,在甘肃郭煌大方派程遗址
755,在甘肃敦煌大方盘城遗址,9,False,False,0.5,0.18181818181818182,0.25,0.21204819277108433,-0.301025390625,0.0,0.0,0.0,0.0,0,,在甘肃郭煌大方攀城遗址
755,在甘肃敦煌大方盘城遗址,10,False,False,0.5,0.2727272727272727,0.5,0.1927710843373494,-0.302978515625,0.0,0.0,0.0,0.0,0,,在甘肃郭皇大方潘城遗址
755,在甘肃敦煌大方盘城遗址,11,False,False,0.5,0.2727272727272727,0.25,0.18795180722891566,-0.303466796875,0.0,0.0,0.0,0.0,0,,在甘肃郭煌大方攀乘遗址
755,在甘肃敦煌大方盘城遗址,12,False,False,0.5,0.2727272727272727,0.25,0.13012048192771083,-0.309326171875,0.0,0.0,0.0,0.0,0,,在甘肃郭煌大方攀升遗址
755,在甘肃敦煌大方盘城遗址,13,False,False,0.5,0.36363636363636365,0.5,0.007228915662650603,-0.32177734375,0.0,0.0,0.0,0.0,0,,在甘肃郭皇大方攀程遗址
755,在甘肃敦煌大方盘城遗址,14,False,False,0.5,0.2727272727272727,0.25,0.0,-0.322509765625,0.0,0.0,0.0,0.0,0,,在甘肃郭煌大方拍成遗址
756,游客铜缸刻字秀恩爱故宫已报警,1,True,False,1.0,0.5,0.0,1.0,-0.297119140625,0.0,0.0,0.0,0.0,0,,尤可同纲客自秀恩来故宫已报警
756,游客铜缸刻字秀恩爱故宫已报警,2,False,False,1.0,0.35714285714285715,0.0,0.8496732026143791,-0.308349609375,0.0,0.0,0.0,0.0,0,,游客同纲客自秀恩来故宫已报警
756,游客铜缸刻字秀恩爱故宫已报警,3,False,True,1.0,0.2857142857142857,0.0,0.7777777777777778,-0.313720703125,0.0,0.0,0.0,0.0,0,,游客同缸客自秀恩来故宫已报警
756,游客铜缸刻字秀恩爱故宫已报警,4,False,False,1.0,0.5,0.0,0.6209150326797386,-0.325439453125,0.0,0.0,0.0,0.0,0,,有可同纲客自秀恩来故宫已报警
756,游客铜缸刻字秀恩爱故宫已报警,5,False,False,1.0,0.42857142857142855,0.0,0.6045751633986928,-0.32666015625,0.0,0.0,0.0,0.0,0,,游客同纲客自休恩来故宫已报警
756,游客铜缸刻字秀恩爱故宫已报警,6,False,False,1.0,0.5714285714285714,0.0,0.5196078431372549,-0.3330078125,0.0,0.0,0.0,0.0,0,,尤可同纲客自休恩来故宫已报警
756,游客铜缸刻字秀恩爱故宫已报警,7,False,False,1.0,0.35714285714285715,0.0,0.16666666666666666,-0.359375,0.0,0.0,0.0,0.0,0,,游客同缸客自休恩来故宫已报警
756,游客铜缸刻字秀恩爱故宫已报警,8,False,False,1.0,0.35714285714285715,0.0,0.10130718954248366,-0.3642578125,0.0,0.0,0.0,0.0,0,,游客同缸客自修恩来故宫已报警
756,游客铜缸刻字秀恩爱故宫已报警,9,False,False,1.0,0.42857142857142855,0.0,0.029411764705882353,-0.36962890625,0.0,0.0,0.0,0.0,0,,游客同纲客自修恩来故宫已报警
756,游客铜缸刻字秀恩爱故宫已报警,10,False,False,1.0,0.5714285714285714,0.0,0.0,-0.371826171875,0.0,0.0,0.0,0.0,0,,尤可同纲客自修恩来故宫已报警
757,法制晚报讯记者李洁今天傍晚,1,True,False,0.0,0.3076923076923077,0.5,1.0,-0.1453857421875,0.0,0.0,0.0,0.0,0,,法事完报信记者李杰今天傍晚
757,法制晚报讯记者李洁今天傍晚,2,False,False,0.0,0.23076923076923078,0.5,0.7906819716407832,-0.1832275390625,0.0,0.0,0.0,0.0,0,,法治晚报信记者李杰今天傍晚
757,法制晚报讯记者李洁今天傍晚,3,False,False,0.0,0.23076923076923078,0.5,0.6299797434166104,-0.2122802734375,0.0,0.0,0.0,0.0,0,,法事晚报信记者李杰今天傍晚
757,法制晚报讯记者李洁今天傍晚,4,False,False,0.0,0.3076923076923077,0.5,0.5793382849426063,-0.221435546875,0.0,0.0,0.0,0.0,0,,法治完报信记者李杰今天傍晚
757,法制晚报讯记者李洁今天傍晚,5,False,False,0.0,0.23076923076923078,0.5,0.27954085077650237,-0.275634765625,0.0,0.0,0.0,0.0,0,,法式晚报信记者李杰今天傍晚
757,法制晚报讯记者李洁今天傍晚,6,False,False,1.0,0.23076923076923078,0.0,0.21471978392977717,-0.287353515625,0.0,0.0,0.0,0.0,0,,法事完报信记者李洁今天傍晚
757,法制晚报讯记者李洁今天傍晚,7,False,False,0.0,0.38461538461538464,1.0,0.20796758946657665,-0.28857421875,0.0,0.0,0.0,0.0,0,,法事完报信记者礼节今天傍晚
757,法制晚报讯记者李洁今天傍晚,8,False,False,0.0,0.38461538461538464,0.5,0.2025658338960162,-0.28955078125,0.0,0.0,0.0,0.0,0,,法式玩爆信记者李杰今天傍晚
757,法制晚报讯记者李洁今天傍晚,9,False,False,0.0,0.38461538461538464,0.5,0.17420661715057395,-0.294677734375,0.0,0.0,0.0,0.0,0,,法事玩爆信记者李杰今天傍晚
757,法制晚报讯记者李洁今天傍晚,10,False,False,0.0,0.38461538461538464,0.5,0.12018906144496962,-0.304443359375,0.0,0.0,0.0,0.0,0,,法治玩爆信记者李杰今天傍晚
757,法制晚报讯记者李洁今天傍晚,11,False,False,0.0,0.3076923076923077,0.5,0.10938555030384875,-0.306396484375,0.0,0.0,0.0,0.0,0,,法式完报信记者李杰今天傍晚
757,法制晚报讯记者李洁今天傍晚,12,False,False,0.0,0.38461538461538464,0.5,0.022957461174881837,-0.322021484375,0.0,0.0,0.0,0.0,0,,法治完暴信记者李杰今天傍晚
757,法制晚报讯记者李洁今天傍晚,13,False,False,0.0,0.3076923076923077,1.0,0.00675219446320054,-0.324951171875,0.0,0.0,0.0,0.0,0,,法治晚报信记者礼节今天傍晚
757,法制晚报讯记者李洁今天傍晚,14,False,True,1.0,0.15384615384615385,0.0,0.0,-0.326171875,0.0,0.0,0.0,0.0,0,,法治晚报信记者李洁今天傍晚
758,并称故宫博物院已就此事件向公安机关报案,1,True,True,1.0,0.0,0.0,1.0,-0.052490234375,0.0,0.0,0.0,0.0,0,,并称故宫博物院已就此事件向公安机关报案
758,并称故宫博物院已就此事件向公安机关报案,2,False,False,1.0,0.05263157894736842,0.0,0.5503169572107766,-0.12176513671875,0.0,0.0,0.0,0.0,0,,并称故宫博物院以就此事件向公安机关报案
758,并称故宫博物院已就此事件向公安机关报案,3,False,False,1.0,0.05263157894736842,0.0,0.22900158478605387,-0.1712646484375,0.0,0.0,0.0,0.0,0,,并称故宫博物馆已就此事件向公安机关报案
758,并称故宫博物院已就此事件向公安机关报案,4,False,False,1.0,0.05263157894736842,0.0,0.19413629160063392,-0.1766357421875,0.0,0.0,0.0,0.0,0,,并称故宫博物院也就此事件向公安机关报案
758,并称故宫博物院已就此事件向公安机关报案,5,False,False,1.0,0.05263157894736842,0.0,0.1133122028526149,-0.1890869140625,0.0,0.0,0.0,0.0,0,,病称故宫博物院已就此事件向公安机关报案
758,并称故宫博物院已就此事件向公安机关报案,6,False,False,0.0,0.10526315789473684,1.0,0.0,-0.20654296875,0.0,0.0,0.0,0.0,0,,并称雇工博物院已就此事件向公安机关报案
759,游客骑着明孝陵驮碑龟趺拍照市民大煞风景,1,True,True,0.0,0.3684210526315789,0.8333333333333334,1.0,-0.265625,0.0,0.0,0.0,0.0,0,,游客骑着名校铃拖杯龟贴拍照市民大厦风景
759,游客骑着明孝陵驮碑龟趺拍照市民大煞风景,2,False,False,0.0,0.42105263157894735,1.0,0.9239130434782609,-0.267333984375,0.0,0.0,0.0,0.0,0,,游客骑着名校铃托杯归贴拍照市民大厦风景
759,游客骑着明孝陵驮碑龟趺拍照市民大煞风景,3,False,False,0.0,0.3684210526315789,0.8333333333333334,0.8260869565217391,-0.26953125,0.0,0.0,0.0,0.0,0,,游客骑着名校灵拖杯龟贴拍照市民大厦风景
759,游客骑着明孝陵驮碑龟趺拍照市民大煞风景,4,False,False,0.0,0.42105263157894735,1.0,0.717391304347826,-0.27197265625,0.0,0.0,0.0,0.0,0,,游客骑着名校铃拖杯硅贴拍照市民大厦风景
759,游客骑着明孝陵驮碑龟趺拍照市民大煞风景,5,False,False,0.0,0.42105263157894735,1.0,0.358695652173913,-0.280029296875,0.0,0.0,0.0,0.0,0,,游客骑着名校铃托杯归拍照市民大厦风景
759,游客骑着明孝陵驮碑龟趺拍照市民大煞风景,6,False,False,0.0,0.3684210526315789,0.8333333333333334,0.22826086956521738,-0.282958984375,0.0,0.0,0.0,0.0,0,,游客骑着名校领拖杯龟贴拍照市民大厦风景
759,游客骑着明孝陵驮碑龟趺拍照市民大煞风景,7,False,False,0.0,0.3684210526315789,0.8333333333333334,0.0,-0.2880859375,0.0,0.0,0.0,0.0,0,,游客骑着名校菱拖杯龟贴拍照市民大厦风景
760,游客骑在龟趺身上报料人供图,1,True,False,0.0,0.5384615384615384,1.0,1.0,-0.39990234375,0.0,0.0,0.0,0.0,0,,尤克尔骑在龟铁身上抱了人共图
760,游客骑在龟趺身上报料人供图,2,False,False,0.0,0.6153846153846154,1.0,0.7923497267759563,-0.4091796875,0.0,0.0,0.0,0.0,0,,尤克尔骑在跪帖身上抱了人共图
760,游客骑在龟趺身上报料人供图,3,False,False,0.0,0.6153846153846154,1.0,0.6830601092896175,-0.4140625,0.0,0.0,0.0,0.0,0,,尤克耳其在龟铁身上抱了人共图
760,游客骑在龟趺身上报料人供图,4,False,False,0.0,0.6153846153846154,1.0,0.6120218579234973,-0.417236328125,0.0,0.0,0.0,0.0,0,,尤克尔骑在龟铁身上抱了人共徒
760,游客骑在龟趺身上报料人供图,5,False,False,0.0,0.46153846153846156,0.5,0.4918032786885246,-0.422607421875,0.0,0.0,0.0,0.0,0,,尤可骑在龟铁身上抱了人共图
760,游客骑在龟趺身上报料人供图,6,False,True,0.0,0.3076923076923077,0.5,0.4262295081967213,-0.425537109375,0.0,0.0,0.0,0.0,0,,游客骑在龟铁身上抱了人共图
760,游客骑在龟趺身上报料人供图,7,False,False,0.0,0.46153846153846156,1.0,0.2677595628415301,-0.4326171875,0.0,0.0,0.0,0.0,0,,尤克尔骑在龟铁身上爆料人共图
760,游客骑在龟趺身上报料人供图,8,False,False,0.0,0.6153846153846154,1.0,0.0,-0.444580078125,0.0,0.0,0.0,0.0,0,,尤克尔骑在龟铁身上抱了人共途
761,贵港民警追凶未言弃嫌犯15年后落法网,1,True,False,0.0,0.2222222222222222,0.5,1.0,-0.2012939453125,0.0,0.0,0.0,0.0,0,,贵州民警追凶魏延弃嫌犯15年后落罚网
761,贵港民警追凶未言弃嫌犯15年后落法网,2,False,False,0.0,0.2222222222222222,0.5,0.22565320665083136,-0.2410888671875,0.0,0.0,0.0,0.0,0,,贵州民警追凶魏延弃嫌犯15年后落伐网
761,贵港民警追凶未言弃嫌犯15年后落法网,3,False,False,0.0,0.2777777777777778,0.5,0.19002375296912113,-0.242919921875,0.0,0.0,0.0,0.0,0,,贵州民警追凶魏延气嫌犯15年后落罚网
761,贵港民警追凶未言弃嫌犯15年后落法网,4,False,False,0.0,0.2777777777777778,0.5,0.17814726840855108,-0.2435302734375,0.0,0.0,0.0,0.0,0,,贵州民警追凶魏延起嫌犯15年后落罚网
761,贵港民警追凶未言弃嫌犯15年后落法网,5,False,True,0.0,0.16666666666666666,0.5,0.0,-0.252685546875,0.0,0.0,0.0,0.0,0,,贵州民警追凶未延弃嫌犯15年后落罚网
762,信息时报讯记者周伟龙天上不会掉馅饼,1,True,False,0.0,1.1764705882352942,1.0,1.0,-0.1422119140625,0.0,0.0,0.0,0.0,0,,请不吝点赞订阅转发打赏支持明镜与点点栏目
762,信息时报讯记者周伟龙天上不会掉馅饼,2,False,True,0.0,0.11764705882352941,0.2,0.8662983425414365,-0.156982421875,0.0,0.0,0.0,0.0,0,,信息时报先记着周伟龙天上不会掉馅饼
762,信息时报讯记者周伟龙天上不会掉馅饼,3,False,False,0.0,0.17647058823529413,0.2,0.6574585635359116,-0.1800537109375,0.0,0.0,0.0,0.0,0,,信息时报先记着周伟龙天上不会掉线饼
762,信息时报讯记者周伟龙天上不会掉馅饼,4,False,False,0.0,0.23529411764705882,0.2,0.4011049723756906,-0.2083740234375,0.0,0.0,0.0,0.0,0,,信息时报先记着周伟龙天上不会掉线兵
762,信息时报讯记者周伟龙天上不会掉馅饼,5,False,False,0.0,0.23529411764705882,0.2,0.3104972375690608,-0.2183837890625,0.0,0.0,0.0,0.0,0,,信息时报先记着周伟龙天上不会掉线柄
762,信息时报讯记者周伟龙天上不会掉馅饼,6,False,False,0.0,0.17647058823529413,0.2,0.23756906077348067,-0.2264404296875,0.0,0.0,0.0,0.0,0,,信息时报先记着周围龙天上不会掉馅饼
762,信息时报讯记者周伟龙天上不会掉馅饼,7,False,False,0.0,0.17647058823529413,0.2,0.061878453038674036,-0.245849609375,0.0,0.0,0.0,0.0,0,,信息时报先记着周伟龙天上不会掉鲜饼
762,信息时报讯记者周伟龙天上不会掉馅饼,8,False,False,0.0,0.23529411764705882,0.2,0.05966850828729282,-0.24609375,0.0,0.0,0.0,0.0,0,,信息时报先记着周伟龙天上不会掉仙柄
762,信息时报讯记者周伟龙天上不会掉馅饼,9,False,False,0.0,0.23529411764705882,0.2,0.0,-0.252685546875,0.0,0.0,0.0,0.0,0,,信息时报先记着周围龙天上不会掉线饼
763,凶手被抓捕归案钟欣摄,1,True,False,0.0,0.3,1.0,1.0,-0.10308837890625,0.0,0.0,0.0,0.0,0,,凶手被抓捕归案中心社
763,凶手被抓捕归案钟欣摄,2,False,False,0.0,0.3,1.0,0.4795380366557871,-0.2296142578125,0.0,0.0,0.0,0.0,0,,凶手被抓捕归案中心射
763,凶手被抓捕归案钟欣摄,3,False,False,0.0,0.3,1.0,0.3856389656038162,-0.25244140625,0.0,0.0,0.0,0.0,0,,凶手被抓捕归案中心设
763,凶手被抓捕归案钟欣摄,4,False,False,0.0,0.3,1.0,0.003012804418779814,-0.345458984375,0.0,0.0,0.0,0.0,0,,凶手被抓捕归案重新设
763,凶手被抓捕归案钟欣摄,5,False,True,0.0,0.2,1.0,0.0,-0.34619140625,0.0,0.0,0.0,0.0,0,,凶手被抓捕归案中心摄
764,记者昨日第一时间从江苏省交通运输厅获悉,1,True,True,1.0,0.0,0.0,1.0,-0.02984619140625,0.0,0.0,0.0,0.0,0,,记者昨日第一时间从江苏省交通运输厅获悉
764,记者昨日第一时间从江苏省交通运输厅获悉,2,False,False,1.0,0.05263157894736842,0.0,0.4458149779735683,-0.14501953125,0.0,0.0,0.0,0.0,0,,记者昨天第一时间从江苏省交通运输厅获悉
764,记者昨日第一时间从江苏省交通运输厅获悉,3,False,False,1.0,0.05263157894736842,0.0,0.20851688693098386,-0.1943359375,0.0,0.0,0.0,0.0,0,,记者昨日第一时间从江苏省交通运输厅获袭
764,记者昨日第一时间从江苏省交通运输厅获悉,4,False,False,1.0,0.05263157894736842,0.0,0.17973568281938326,-0.2003173828125,0.0,0.0,0.0,0.0,0,,记者昨日第一时间从江苏省交通运输厅获席
764,记者昨日第一时间从江苏省交通运输厅获悉,5,False,False,1.0,0.05263157894736842,0.0,0.17797356828193833,-0.20068359375,0.0,0.0,0.0,0.0,0,,记者昨日第一时间从江苏省交通运输厅获习
764,记者昨日第一时间从江苏省交通运输厅获悉,6,False,False,1.0,0.05263157894736842,0.0,0.020558002936857563,-0.2333984375,0.0,0.0,0.0,0.0,0,,记者昨日第1时间从江苏省交通运输厅获悉
764,记者昨日第一时间从江苏省交通运输厅获悉,7,False,False,0.0,0.05263157894736842,0.125,0.0,-0.2376708984375,0.0,0.0,0.0,0.0,0,,记者昨日第一时间从江苏省交通运输亭获悉
765,本报记者蔡宗琦中国证券报记者获悉,1,True,False,1.0,0.1875,0.0,1.0,-0.5,0.0,0.0,0.0,0.0,0,,本报记者蔡宗祺中国证券报记者霍希
765,本报记者蔡宗琦中国证券报记者获悉,2,False,False,1.0,0.1875,0.0,0.6233183856502242,-0.541015625,0.0,0.0,0.0,0.0,0,,本报记者蔡宗琪中国证券报记者霍希
765,本报记者蔡宗琦中国证券报记者获悉,3,False,False,1.0,0.25,0.0,0.4170403587443946,-0.5634765625,0.0,0.0,0.0,0.0,0,,本报记者蔡宗祺中国证券报纪者霍希
765,本报记者蔡宗琦中国证券报记者获悉,4,False,False,1.0,0.1875,0.0,0.34080717488789236,-0.57177734375,0.0,0.0,0.0,0.0,0,,本报记者蔡宗祺中国证券报记者霍西
765,本报记者蔡宗琦中国证券报记者获悉,5,False,True,1.0,0.125,0.0,0.32286995515695066,-0.57373046875,0.0,0.0,0.0,0.0,0,,本报记者蔡宗琪中国证券报记着获悉
765,本报记者蔡宗琦中国证券报记者获悉,6,False,False,1.0,0.125,0.0,0.2914798206278027,-0.5771484375,0.0,0.0,0.0,0.0,0,,本报记者蔡宗祺中国证券报记着获悉
765,本报记者蔡宗琦中国证券报记者获悉,7,False,False,1.0,0.125,0.0,0.28699551569506726,-0.57763671875,0.0,0.0,0.0,0.0,0,,本报记者蔡宗琦中国证券报记者霍希
765,本报记者蔡宗琦中国证券报记者获悉,8,False,False,1.0,0.1875,0.0,0.0,-0.60888671875,0.0,0.0,0.0,0.0,0,,本报记者蔡宗祺中国证券报记者霍熙
766,作风向来无耻加强势苹果也因强势出名,1,True,False,1.0,0.11764705882352941,0.0,1.0,-0.16259765625,0.0,0.0,0.0,0.0,0,,作风向来无耻家强是苹果也因强势出名
766,作风向来无耻加强势苹果也因强势出名,2,False,True,1.0,0.058823529411764705,0.0,0.934322033898305,-0.1663818359375,0.0,0.0,0.0,0.0,0,,作风向来无耻加强式苹果也因强势出名
766,作风向来无耻加强势苹果也因强势出名,3,False,False,1.0,0.11764705882352941,0.0,0.0,-0.22021484375,0.0,0.0,0.0,0.0,0,,作风向来无耻家强式苹果也因强势出名
767,可参照中国移动和苹果的合作传闻中,1,True,True,1.0,0.0,0.0,1.0,-0.01461029052734375,0.0,0.0,0.0,0.0,0,,可参照中国移动和苹果的合作传闻中
767,可参照中国移动和苹果的合作传闻中,2,False,False,0.5,0.0625,0.16666666666666666,0.0036963238903808945,-0.27783203125,0.0,0.0,0.0,0.0,0,,可参照中国一动和苹果的合作传闻中
767,可参照中国移动和苹果的合作传闻中,3,False,False,0.5,0.125,0.3333333333333333,0.0,-0.27880859375,0.0,0.0,0.0,0.0,0,,可参照中国一栋和苹果的合作传闻中
768,但却鲜有人会像苹果的服务付费,1,True,False,1.0,0.14285714285714285,0.0,1.0,-0.0162200927734375,0.0,0.0,0.0,0.0,0,,但却嫌有人会向苹果的服务付费
768,但却鲜有人会像苹果的服务付费,2,False,False,1.0,0.14285714285714285,0.0,0.30999536331721533,-0.1751708984375,0.0,0.0,0.0,0.0,0,,但却显有人会向苹果的服务付费
768,但却鲜有人会像苹果的服务付费,3,False,True,1.0,0.07142857142857142,0.0,0.2787308736835133,-0.182373046875,0.0,0.0,0.0,0.0,0,,但却鲜有人会向苹果的服务付费
768,但却鲜有人会像苹果的服务付费,4,False,False,1.0,0.21428571428571427,0.0,0.2511757302775386,-0.188720703125,0.0,0.0,0.0,0.0,0,,但却嫌有人会向苹果服务付费
768,但却鲜有人会像苹果的服务付费,5,False,False,1.0,0.14285714285714285,0.0,0.0,-0.24658203125,0.0,0.0,0.0,0.0,0,,但却闲有人会向苹果的服务付费
769,慈禧太后就因乔致庸创办了票号,1,True,False,0.0,0.07142857142857142,0.3333333333333333,1.0,-0.046966552734375,0.0,0.0,0.0,0.0,0,,慈禧太后就因乔治庸创办了票号
769,慈禧太后就因乔致庸创办了票号,2,False,False,0.0,0.07142857142857142,0.3333333333333333,0.7627381792519408,-0.0982666015625,0.0,0.0,0.0,0.0,0,,慈禧太后就因乔志庸创办了票号
769,慈禧太后就因乔致庸创办了票号,3,False,False,0.0,0.14285714285714285,0.6666666666666666,0.6204657727593508,-0.1290283203125,0.0,0.0,0.0,0.0,0,,慈禧太后就因乔志雍创办了票号
769,慈禧太后就因乔致庸创办了票号,4,False,False,0.0,0.07142857142857142,0.3333333333333333,0.597318278052223,-0.134033203125,0.0,0.0,0.0,0.0,0,,慈禧太后就因乔智庸创办了票号
769,慈禧太后就因乔致庸创办了票号,5,False,False,0.0,0.14285714285714285,0.6666666666666666,0.39294283697953425,-0.17822265625,0.0,0.0,0.0,0.0,0,,慈禧太后就因乔志勇创办了票号
769,慈禧太后就因乔致庸创办了票号,6,False,False,0.0,0.14285714285714285,0.6666666666666666,0.27325335215243474,-0.2041015625,0.0,0.0,0.0,0.0,0,,慈禧太后就因乔智雍创办了票号
769,慈禧太后就因乔致庸创办了票号,7,False,False,0.0,0.14285714285714285,0.6666666666666666,0.16824276640790403,-0.226806640625,0.0,0.0,0.0,0.0,0,,慈禧太后就因乔治雍创办了票号
769,慈禧太后就因乔致庸创办了票号,8,False,True,1.0,0.0,0.0,0.07791107974594214,-0.246337890625,0.0,0.0,0.0,0.0,0,,慈禧太后就因乔致庸创办了票号
769,慈禧太后就因乔致庸创办了票号,9,False,False,0.0,0.14285714285714285,0.6666666666666666,0.0,-0.26318359375,0.0,0.0,0.0,0.0,0,,慈禧太后就因乔智翁创办了票号
770,何况是1个来自美帝的小苹果呢,1,True,True,1.0,0.0,0.0,1.0,-0.135986328125,0.0,0.0,0.0,0.0,0,,何况是1个来自美帝的小苹果呢
770,何况是1个来自美帝的小苹果呢,2,False,False,1.0,0.07142857142857142,1.0,1.0,-0.135986328125,0.0,0.0,0.0,0.0,0,,何况是1个来自美的小苹果呢
770,何况是1个来自美帝的小苹果呢,3,False,False,1.0,0.07142857142857142,0.0,0.7345309381237525,-0.1522216796875,0.0,0.0,0.0,0.0,0,,何况是1个来自美的的小苹果呢
770,何况是1个来自美帝的小苹果呢,4,False,False,1.0,0.07142857142857142,0.0,0.0,-0.1971435546875,0.0,0.0,0.0,0.0,0,,何况是1个来自美地的小苹果呢
771,苹果一口气召开了2次新品发布会,1,True,True,1.0,0.0,0.0,1.0,-0.0034332275390625,0.0,0.0,0.0,0.0,0,,苹果一口气召开了2次新品发布会
771,苹果一口气召开了2次新品发布会,2,False,False,1.0,0.06666666666666667,0.0,0.09921563796148002,-0.338134765625,0.0,0.0,0.0,0.0,0,,苹果一口气召开2次新品发布会
771,苹果一口气召开了2次新品发布会,3,False,False,1.0,0.06666666666666667,0.0,0.0,-0.375,0.0,0.0,0.0,0.0,0,,苹果一口气招开了2次新品发布会
772,艾维表示尽管苹果智能手表拥有诸多功能,1,True,True,1.0,0.0,0.0,1.0,-0.083984375,0.0,0.0,0.0,0.0,0,,艾维表示尽管苹果智能手表拥有诸多功能
772,艾维表示尽管苹果智能手表拥有诸多功能,2,False,False,1.0,0.05555555555555555,0.0,0.1894093686354379,-0.132568359375,0.0,0.0,0.0,0.0,0,,艾韦表示尽管苹果智能手表拥有诸多功能
772,艾维表示尽管苹果智能手表拥有诸多功能,3,False,False,1.0,0.05555555555555555,0.0,0.15885947046843177,-0.1343994140625,0.0,0.0,0.0,0.0,0,,艾唯表示尽管苹果智能手表拥有诸多功能
772,艾维表示尽管苹果智能手表拥有诸多功能,4,False,False,1.0,0.05555555555555555,0.0,0.04073319755600815,-0.1414794921875,0.0,0.0,0.0,0.0,0,,艾伟表示尽管苹果智能手表拥有诸多功能
772,艾维表示尽管苹果智能手表拥有诸多功能,5,False,False,1.0,0.05555555555555555,0.0,0.0,-0.1439208984375,0.0,0.0,0.0,0.0,0,,艾薇表示尽管苹果智能手表拥有诸多功能
773,艾维现为苹果主管设计业务的高级副总裁,1,True,False,1.0,0.05555555555555555,0.0,1.0,-0.058837890625,0.0,0.0,0.0,0.0,0,,艾为现为苹果主管设计业务的高级副总裁
773,艾维现为苹果主管设计业务的高级副总裁,2,False,False,1.0,0.05555555555555555,0.0,0.8694933920704846,-0.07330322265625,0.0,0.0,0.0,0.0,0,,艾唯现为苹果主管设计业务的高级副总裁
773,艾维现为苹果主管设计业务的高级副总裁,3,False,True,1.0,0.0,0.0,0.7533039647577092,-0.086181640625,0.0,0.0,0.0,0.0,0,,艾维现为苹果主管设计业务的高级副总裁
773,艾维现为苹果主管设计业务的高级副总裁,4,False,False,1.0,0.05555555555555555,0.0,0.6194933920704846,-0.10101318359375,0.0,0.0,0.0,0.0,0,,艾薇现为苹果主管设计业务的高级副总裁
773,艾维现为苹果主管设计业务的高级副总裁,5,False,False,1.0,0.05555555555555555,0.0,0.4922907488986784,-0.1151123046875,0.0,0.0,0.0,0.0,0,,艾伟现为苹果主管设计业务的高级副总裁
773,艾维现为苹果主管设计业务的高级副总裁,6,False,False,1.0,0.05555555555555555,0.0,0.11233480176211454,-0.1572265625,0.0,0.0,0.0,0.0,0,,艾微现为苹果主管设计业务的高级副总裁
773,艾维现为苹果主管设计业务的高级副总裁,7,False,False,1.0,0.1111111111111111,0.0,0.02643171806167401,-0.166748046875,0.0,0.0,0.0,0.0,0,,爱为现为苹果主管设计业务的高级副总裁
773,艾维现为苹果主管设计业务的高级副总裁,8,False,False,1.0,0.05555555555555555,0.0,0.0,-0.169677734375,0.0,0.0,0.0,0.0,0,,艾未现为苹果主管设计业务的高级副总裁
774,帮助设计了苹果多项产品的外观和用户体验,1,True,True,1.0,0.0,0.0,1.0,-0.00452423095703125,0.0,0.0,0.0,0.0,0,,帮助设计了苹果多项产品的外观和用户体验
774,帮助设计了苹果多项产品的外观和用户体验,2,False,False,1.0,0.05263157894736842,0.0,0.5736890407924301,-0.1072998046875,0.0,0.0,0.0,0.0,0,,帮主设计了苹果多项产品的外观和用户体验
774,帮助设计了苹果多项产品的外观和用户体验,3,False,False,1.0,0.05263157894736842,1.0,0.11342131080097471,-0.21826171875,0.0,0.0,0.0,0.0,0,,帮助设计苹果多项产品的外观和用户体验
774,帮助设计了苹果多项产品的外观和用户体验,4,False,False,1.0,0.10526315789473684,0.0,0.08354694768821798,-0.2254638671875,0.0,0.0,0.0,0.0,0,,帮助涉及了苹果多项产品的外观和用户体验
774,帮助设计了苹果多项产品的外观和用户体验,5,False,False,1.0,0.05263157894736842,0.0,0.06734390328807874,-0.2293701171875,0.0,0.0,0.0,0.0,0,,帮助设计了苹果多项产品外观和用户体验
774,帮助设计了苹果多项产品的外观和用户体验,6,False,False,1.0,0.10526315789473684,0.0,0.0,-0.24560546875,0.0,0.0,0.0,0.0,0,,邦主设计了苹果多项产品的外观和用户体验
775,苹果计划于明年初开始销售其智能手表,1,True,True,1.0,0.0,0.0,1.0,-0.02349853515625,0.0,0.0,0.0,0.0,0,,苹果计划于明年初开始销售其智能手表
775,苹果计划于明年初开始销售其智能手表,2,False,False,1.0,1.1764705882352942,0.0,0.443035107587769,-0.173583984375,0.0,0.0,0.0,0.0,0,,苹果计划于明年初开始销售其智能手表请不吝点赞订阅转发打赏支持明镜与点点栏目
775,苹果计划于明年初开始销售其智能手表,3,False,False,1.0,2.0588235294117645,0.0,0.22242355605889014,-0.2330322265625,0.0,0.0,0.0,0.0,0,,苹果计划于明年初开始销售其智能手表优优独播剧场YoYoTelevisionSeriesExclusive
775,苹果计划于明年初开始销售其智能手表,4,False,False,1.0,0.058823529411764705,0.0,0.14677236693091733,-0.25341796875,0.0,0.0,0.0,0.0,0,,苹果计画于明年初开始销售其智能手表
775,苹果计划于明年初开始销售其智能手表,5,False,False,1.0,0.6470588235294118,0.0,0.015402038505096263,-0.288818359375,0.0,0.0,0.0,0.0,0,,苹果计划于明年初开始销售其智能手表未经许可不得翻唱或使用
775,苹果计划于明年初开始销售其智能手表,6,False,False,1.0,0.058823529411764705,0.0,0.0,-0.29296875,0.0,0.0,0.0,0.0,0,,苹果计划于明年初开始销售其智能手标
776,苹果没有透露更昂贵智能手表的具体售价,1,True,True,1.0,0.0,0.0,1.0,-0.01401519775390625,0.0,0.0,0.0,0.0,0,,苹果没有透露更昂贵智能手表的具体售价
776,苹果没有透露更昂贵智能手表的具体售价,2,False,False,1.0,0.05555555555555555,0.0,0.09998884053119071,-0.1986083984375,0.0,0.0,0.0,0.0,0,,苹果没有透露更昂贵智慧手表的具体售价
776,苹果没有透露更昂贵智能手表的具体售价,3,False,False,1.0,0.05555555555555555,0.0,0.03273444184056839,-0.21240234375,0.0,0.0,0.0,0.0,0,,苹果没透露更昂贵智能手表的具体售价
776,苹果没有透露更昂贵智能手表的具体售价,4,False,False,1.0,0.05555555555555555,0.0,0.0,-0.2191162109375,0.0,0.0,0.0,0.0,0,,苹果没有透漏更昂贵智能手表的具体售价
777,美的家用空调事业部总裁吴文新表示,1,True,True,1.0,0.0,0.0,1.0,-0.052459716796875,0.0,0.0,0.0,0.0,0,,美的家用空调事业部总裁吴文新表示
777,美的家用空调事业部总裁吴文新表示,2,False,False,1.0,0.125,0.0,0.2953020134228188,-0.183837890625,0.0,0.0,0.0,0.0,0,,美的佳永空调事业部总裁吴文新表示
777,美的家用空调事业部总裁吴文新表示,3,False,False,1.0,0.0625,0.0,0.27042069078408904,-0.1884765625,0.0,0.0,0.0,0.0,0,,美帝家用空调事业部总裁吴文新表示
777,美的家用空调事业部总裁吴文新表示,4,False,False,1.0,0.0625,0.0,0.24357505320019643,-0.1934814453125,0.0,0.0,0.0,0.0,0,,美的佳用空调事业部总裁吴文新表示
777,美的家用空调事业部总裁吴文新表示,5,False,False,0.0,0.0625,0.3333333333333333,0.23506302177115732,-0.195068359375,0.0,0.0,0.0,0.0,0,,美的家用空调事业部总裁吴文心表示
777,美的家用空调事业部总裁吴文新表示,6,False,False,0.0,0.0625,0.3333333333333333,0.22851530528728106,-0.1962890625,0.0,0.0,0.0,0.0,0,,美的家用空调事业部总裁吴文鑫表示
777,美的家用空调事业部总裁吴文新表示,7,False,False,0.0,0.0625,0.3333333333333333,0.031429039122605994,-0.2330322265625,0.0,0.0,0.0,0.0,0,,美的家用空调事业部总裁吴文欣表示
777,美的家用空调事业部总裁吴文新表示,8,False,False,1.0,0.0625,0.0,0.0,-0.2388916015625,0.0,0.0,0.0,0.0,0,,美地家用空调事业部总裁吴文新表示
778,美的家用空调事业部制造副总裁乌守保对记者,1,True,False,0.0,0.1,0.6666666666666666,1.0,-0.09759521484375,0.0,0.0,0.0,0.0,0,,美的家用空调事业部制造副总裁乌首宝对记者
778,美的家用空调事业部制造副总裁乌守保对记者,2,False,False,0.0,0.15,0.6666666666666666,0.9946200403496974,-0.09808349609375,0.0,0.0,0.0,0.0,0,,美帝家用空调事业部制造副总裁乌首宝对记者
778,美的家用空调事业部制造副总裁乌守保对记者,3,False,False,0.0,0.1,0.3333333333333333,0.4855413584398117,-0.144287109375,0.0,0.0,0.0,0.0,0,,美帝家用空调事业部制造副总裁乌首保对记者
778,美的家用空调事业部制造副总裁乌守保对记者,4,False,True,0.0,0.05,0.3333333333333333,0.39273705447209145,-0.1527099609375,0.0,0.0,0.0,0.0,0,,美的家用空调事业部制造副总裁乌首保对记者
778,美的家用空调事业部制造副总裁乌守保对记者,5,False,False,0.0,0.1,0.3333333333333333,0.1936785474108944,-0.1707763671875,0.0,0.0,0.0,0.0,0,,美帝家用空调事业部制造副总裁乌守宝对记者
778,美的家用空调事业部制造副总裁乌守保对记者,6,False,False,0.0,0.05,0.3333333333333333,0.18426361802286484,-0.171630859375,0.0,0.0,0.0,0.0,0,,美的家用空调事业部制造副总裁乌守宝对记者
778,美的家用空调事业部制造副总裁乌守保对记者,7,False,False,0.0,0.15,0.6666666666666666,0.15736381977135172,-0.174072265625,0.0,0.0,0.0,0.0,0,,美地家用空调事业部制造副总裁乌首宝对记者
778,美的家用空调事业部制造副总裁乌守保对记者,8,False,False,0.0,0.05,0.3333333333333333,0.07800941492938802,-0.1812744140625,0.0,0.0,0.0,0.0,0,,美的家用空调事业部制造副总裁吴守保对记者
778,美的家用空调事业部制造副总裁乌守保对记者,9,False,False,0.0,0.25,0.6666666666666666,0.06724949562878278,-0.1822509765625,0.0,0.0,0.0,0.0,0,,美帝家用空调事业部执照副总裁乌首宝对记者
778,美的家用空调事业部制造副总裁乌守保对记者,10,False,False,0.0,0.15,1.0,0.05379959650302623,-0.1834716796875,0.0,0.0,0.0,0.0,0,,美的家用空调事业部制造副总裁吴首宝对记者
778,美的家用空调事业部制造副总裁乌守保对记者,11,False,False,0.0,0.1,0.6666666666666666,0.03093476798924008,-0.185546875,0.0,0.0,0.0,0.0,0,,美的家用空调事业部制造副总裁吴守宝对记者
778,美的家用空调事业部制造副总裁乌守保对记者,12,False,False,0.0,0.1,0.3333333333333333,0.017484868863483525,-0.186767578125,0.0,0.0,0.0,0.0,0,,美帝家用空调事业部制造副总裁吴守保对记者
778,美的家用空调事业部制造副总裁乌守保对记者,13,False,False,0.0,0.2,0.6666666666666666,0.0,-0.1883544921875,0.0,0.0,0.0,0.0,0,,美的佳永空调事业部制造副总裁乌首宝对记者
779,多年来保持奇高市占率的老板电器,1,True,False,0.0,0.26666666666666666,0.6666666666666666,1.0,-0.127685546875,0.0,0.0,0.0,0.0,0,,多年来保持其高势战略的老板电器
779,多年来保持奇高市占率的老板电器,2,False,False,0.0,0.3333333333333333,0.6666666666666666,0.48293691830403307,-0.188720703125,0.0,0.0,0.0,0.0,0,,多年来保持其高势战略的老版电器
779,多年来保持奇高市占率的老板电器,3,False,False,0.0,0.4,0.6666666666666666,0.4560496380558428,-0.19189453125,0.0,0.0,0.0,0.0,0,,多年来保持其高势战略的老板奠齐
779,多年来保持奇高市占率的老板电器,4,False,False,0.0,0.4,0.6666666666666666,0.4343329886246122,-0.1944580078125,0.0,0.0,0.0,0.0,0,,多年来保持其高势战略的老板奠其
779,多年来保持奇高市占率的老板电器,5,False,True,0.0,0.2,0.3333333333333333,0.33505687693898656,-0.2061767578125,0.0,0.0,0.0,0.0,0,,多年来保持齐高市战略的老板电器
779,多年来保持奇高市占率的老板电器,6,False,False,0.0,0.4,0.6666666666666666,0.3154084798345398,-0.20849609375,0.0,0.0,0.0,0.0,0,,多年来保持其高势战略的老板奠基
779,多年来保持奇高市占率的老板电器,7,False,False,0.0,0.2,0.3333333333333333,0.2450879007238883,-0.216796875,0.0,0.0,0.0,0.0,0,,多年来保持其高市战略的老板电器
779,多年来保持奇高市占率的老板电器,8,False,False,0.0,0.4,0.6666666666666666,0.24095139607032057,-0.21728515625,0.0,0.0,0.0,0.0,0,,多年来保持其高势战略的老板惦记
779,多年来保持奇高市占率的老板电器,9,False,False,0.0,0.3333333333333333,0.3333333333333333,0.0,-0.2457275390625,0.0,0.0,0.0,0.0,0,,多年来保持齐高市战略的老板奠齐
780,赵继宏老板电器做厨电已经三十多年了,1,True,False,0.0,0.23529411764705882,0.3333333333333333,1.0,-0.08587646484375,0.0,0.0,0.0,0.0,0,,赵继红老板电器做储电已经30多年了
780,赵继宏老板电器做厨电已经三十多年了,2,False,False,0.0,0.11764705882352941,0.3333333333333333,0.8043564356435644,-0.11602783203125,0.0,0.0,0.0,0.0,0,,赵继红老板电器做储电已经三十多年了
780,赵继宏老板电器做厨电已经三十多年了,3,False,False,1.0,0.17647058823529413,0.0,0.6954455445544554,-0.1328125,0.0,0.0,0.0,0.0,0,,赵继宏老板电器做储电已经30多年了
780,赵继宏老板电器做厨电已经三十多年了,4,False,True,1.0,0.058823529411764705,0.0,0.5306930693069307,-0.158203125,0.0,0.0,0.0,0.0,0,,赵继宏老板电器做储电已经三十多年了
780,赵继宏老板电器做厨电已经三十多年了,5,False,False,0.0,0.29411764705882354,0.3333333333333333,0.5045544554455446,-0.1622314453125,0.0,0.0,0.0,0.0,0,,赵继红老版电器做储电已经30多年了
780,赵继宏老板电器做厨电已经三十多年了,6,False,False,0.0,0.17647058823529413,0.3333333333333333,0.3445544554455445,-0.1868896484375,0.0,0.0,0.0,0.0,0,,赵继红老版电器做储电已经三十多年了
780,赵继宏老板电器做厨电已经三十多年了,7,False,False,0.0,0.23529411764705882,0.3333333333333333,0.23287128712871288,-0.2041015625,0.0,0.0,0.0,0.0,0,,赵继鸿老板电器做储电已经30多年了
780,赵继宏老板电器做厨电已经三十多年了,8,False,False,1.0,0.23529411764705882,0.0,0.14178217821782177,-0.2181396484375,0.0,0.0,0.0,0.0,0,,赵继宏老版电器做储电已经30多年了
780,赵继宏老板电器做厨电已经三十多年了,9,False,False,0.0,0.23529411764705882,0.3333333333333333,0.13623762376237625,-0.218994140625,0.0,0.0,0.0,0.0,0,,赵继洪老板电器做储电已经30多年了
780,赵继宏老板电器做厨电已经三十多年了,10,False,False,0.0,0.17647058823529413,0.3333333333333333,0.12831683168316832,-0.22021484375,0.0,0.0,0.0,0.0,0,,赵继红老板电器做厨电已经30多年了
780,赵继宏老板电器做厨电已经三十多年了,11,False,False,0.0,0.23529411764705882,0.3333333333333333,0.12039603960396039,-0.221435546875,0.0,0.0,0.0,0.0,0,,赵继红老板电器做雏电已经30多年了
780,赵继宏老板电器做厨电已经三十多年了,12,False,False,0.0,0.11764705882352941,0.3333333333333333,0.10297029702970296,-0.22412109375,0.0,0.0,0.0,0.0,0,,赵继鸿老板电器做储电已经三十多年了
780,赵继宏老板电器做厨电已经三十多年了,13,False,False,1.0,0.11764705882352941,0.0,0.006336633663366337,-0.239013671875,0.0,0.0,0.0,0.0,0,,赵继宏老版电器做储电已经三十多年了
780,赵继宏老板电器做厨电已经三十多年了,14,False,False,0.0,0.23529411764705882,0.3333333333333333,0.005544554455445544,-0.2391357421875,0.0,0.0,0.0,0.0,0,,赵继虹老板电器做储电已经30多年了
780,赵继宏老板电器做厨电已经三十多年了,15,False,False,0.0,0.11764705882352941,0.3333333333333333,0.0,-0.239990234375,0.0,0.0,0.0,0.0,0,,赵继红老板电器做雏电已经三十多年了
781,赛后主攻手朱婷对记者说,1,True,False,1.0,0.09090909090909091,0.0,1.0,-0.11273193359375,0.0,0.0,0.0,0.0,0,,赛后主攻守朱婷对记者说
781,赛后主攻手朱婷对记者说,2,False,True,1.0,0.0,0.0,0.8478980891719745,-0.149169921875,0.0,0.0,0.0,0.0,0,,赛后主攻手朱婷对记者说
781,赛后主攻手朱婷对记者说,3,False,False,1.0,0.18181818181818182,0.0,0.7205095541401274,-0.1796875,0.0,0.0,0.0,0.0,0,,赛后主攻守朱庭对记者说
781,赛后主攻手朱婷对记者说,4,False,False,1.0,0.18181818181818182,0.0,0.6552866242038217,-0.1953125,0.0,0.0,0.0,0.0,0,,赛后主攻守朱廷对记者说
781,赛后主攻手朱婷对记者说,5,False,False,1.0,0.09090909090909091,0.0,0.5854777070063695,-0.2120361328125,0.0,0.0,0.0,0.0,0,,赛后主攻手朱庭对记者说
781,赛后主攻手朱婷对记者说,6,False,False,1.0,0.09090909090909091,0.0,0.4229299363057325,-0.2509765625,0.0,0.0,0.0,0.0,0,,赛后主攻手朱廷对记者说
781,赛后主攻手朱婷对记者说,7,False,False,1.0,0.18181818181818182,0.0,0.187515923566879,-0.307373046875,0.0,0.0,0.0,0.0,0,,赛后主攻守朱挺对记者说
781,赛后主攻手朱婷对记者说,8,False,False,1.0,0.18181818181818182,0.0,0.02038216560509554,-0.347412109375,0.0,0.0,0.0,0.0,0,,赛后主攻守朱亭对记者说
781,赛后主攻手朱婷对记者说,9,False,False,1.0,0.09090909090909091,0.0,0.0,-0.352294921875,0.0,0.0,0.0,0.0,0,,赛后主攻手朱挺对记者说
782,在第四轮与韩国队的比赛中,1,True,True,1.0,0.0,0.0,1.0,-0.038299560546875,0.0,0.0,0.0,0.0,0,,在第四轮与韩国队的比赛中
782,在第四轮与韩国队的比赛中,2,False,False,1.0,0.08333333333333333,0.0,0.6516016886019369,-0.166748046875,0.0,0.0,0.0,0.0,0,,在第4轮与韩国队的比赛中
782,在第四轮与韩国队的比赛中,3,False,False,1.0,0.08333333333333333,0.0,0.19601026405098915,-0.334716796875,0.0,0.0,0.0,0.0,0,,在第四轮与韩国队比赛中
782,在第四轮与韩国队的比赛中,4,False,False,1.0,0.08333333333333333,0.6666666666666666,0.0867477857793229,-0.375,0.0,0.0,0.0,0.0,0,,第四轮与韩国队的比赛中
782,在第四轮与韩国队的比赛中,5,False,False,1.0,0.08333333333333333,0.6666666666666666,0.018541511464282758,-0.400146484375,0.0,0.0,0.0,0.0,0,,在第四轮韩国队的比赛中
782,在第四轮与韩国队的比赛中,6,False,False,1.0,0.08333333333333333,0.0,0.0,-0.406982421875,0.0,0.0,0.0,0.0,0,,在第四轮于韩国队的比赛中
783,在赛后发布会上颜妮对记者说,1,True,False,0.0,0.15384615384615385,1.0,1.0,-0.142578125,0.0,0.0,0.0,0.0,0,,在赛后发布会上严尼对记者说
783,在赛后发布会上颜妮对记者说,2,False,True,0.0,0.07692307692307693,0.5,0.5694716242661448,-0.1962890625,0.0,0.0,0.0,0.0,0,,在赛后发布会上闫妮对记者说
783,在赛后发布会上颜妮对记者说,3,False,False,0.0,0.15384615384615385,1.0,0.4383561643835616,-0.212646484375,0.0,0.0,0.0,0.0,0,,在赛后发布会上闫尼对记者说
783,在赛后发布会上颜妮对记者说,4,False,False,0.0,0.15384615384615385,1.0,0.0,-0.267333984375,0.0,0.0,0.0,0.0,0,,在赛后发布会上言尼对记者说
784,颜妮坦言今天俄罗斯表现很好,1,True,False,0.0,0.15384615384615385,1.0,1.0,-0.137939453125,0.0,0.0,0.0,0.0,0,,严尼坦言今天俄罗斯表现很好
784,颜妮坦言今天俄罗斯表现很好,2,False,False,0.0,0.15384615384615385,1.0,0.8582402234636871,-0.1627197265625,0.0,0.0,0.0,0.0,0,,言你坦言今天俄罗斯表现很好
784,颜妮坦言今天俄罗斯表现很好,3,False,False,0.0,0.15384615384615385,1.0,0.49511173184357543,-0.2261962890625,0.0,0.0,0.0,0.0,0,,言里坦言今天俄罗斯表现很好
784,颜妮坦言今天俄罗斯表现很好,4,False,False,0.0,0.15384615384615385,1.0,0.4713687150837989,-0.2303466796875,0.0,0.0,0.0,0.0,0,,闫尼坦言今天俄罗斯表现很好
784,颜妮坦言今天俄罗斯表现很好,5,False,False,0.0,0.15384615384615385,1.0,0.4329608938547486,-0.237060546875,0.0,0.0,0.0,0.0,0,,言尼坦言今天俄罗斯表现很好
784,颜妮坦言今天俄罗斯表现很好,6,False,True,0.0,0.07692307692307693,0.5,0.2988826815642458,-0.260498046875,0.0,0.0,0.0,0.0,0,,严妮坦言今天俄罗斯表现很好
784,颜妮坦言今天俄罗斯表现很好,7,False,False,0.0,0.15384615384615385,1.0,0.23184357541899442,-0.272216796875,0.0,0.0,0.0,0.0,0,,研拟坦言今天俄罗斯表现很好
784,颜妮坦言今天俄罗斯表现很好,8,False,False,0.0,0.07692307692307693,0.5,0.22625698324022347,-0.273193359375,0.0,0.0,0.0,0.0,0,,闫妮坦言今天俄罗斯表现很好
784,颜妮坦言今天俄罗斯表现很好,9,False,False,0.0,0.15384615384615385,1.0,0.0,-0.312744140625,0.0,0.0,0.0,0.0,0,,研理坦言今天俄罗斯表现很好
785,颜妮坦言自己的发挥也不是特别稳定,1,True,False,0.0,0.125,1.0,1.0,-0.07867431640625,0.0,0.0,0.0,0.0,0,,言你坦言自己的发挥也不是特别稳定
785,颜妮坦言自己的发挥也不是特别稳定,2,False,False,0.0,0.125,1.0,0.7334793720335889,-0.12322998046875,0.0,0.0,0.0,0.0,0,,严尼坦言自己的发挥也不是特别稳定
785,颜妮坦言自己的发挥也不是特别稳定,3,False,True,0.0,0.0625,0.5,0.502373128879153,-0.161865234375,0.0,0.0,0.0,0.0,0,,严妮坦言自己的发挥也不是特别稳定
785,颜妮坦言自己的发挥也不是特别稳定,4,False,False,0.0,0.125,1.0,0.40963855421686746,-0.1773681640625,0.0,0.0,0.0,0.0,0,,研拟坦言自己的发挥也不是特别稳定
785,颜妮坦言自己的发挥也不是特别稳定,5,False,False,0.0,0.125,1.0,0.28258488499452356,-0.1986083984375,0.0,0.0,0.0,0.0,0,,言里坦言自己的发挥也不是特别稳定
785,颜妮坦言自己的发挥也不是特别稳定,6,False,False,0.0,0.125,1.0,0.21029572836801752,-0.210693359375,0.0,0.0,0.0,0.0,0,,盐泥坦言自己的发挥也不是特别稳定
785,颜妮坦言自己的发挥也不是特别稳定,7,False,False,0.0,0.125,1.0,0.0014603870025556773,-0.24560546875,0.0,0.0,0.0,0.0,0,,眼泥坦言自己的发挥也不是特别稳定
785,颜妮坦言自己的发挥也不是特别稳定,8,False,False,0.0,0.0625,0.5,0.0,-0.245849609375,0.0,0.0,0.0,0.0,0,,闫妮坦言自己的发挥也不是特别稳定
786,其中郎平主教练最为辛苦,1,True,True,1.0,0.0,0.0,1.0,-0.0631103515625,0.0,0.0,0.0,0.0,0,,其中郎平主教练最为辛苦
786,其中郎平主教练最为辛苦,2,False,False,0.0,0.09090909090909091,0.5,0.4167064439140811,-0.2122802734375,0.0,0.0,0.0,0.0,0,,其中狼平主教练最为辛苦
786,其中郎平主教练最为辛苦,3,False,False,0.0,0.09090909090909091,0.5,0.2262529832935561,-0.260986328125,0.0,0.0,0.0,0.0,0,,其中朗平主教练最为辛苦
786,其中郎平主教练最为辛苦,4,False,False,0.0,0.18181818181818182,1.0,0.2252983293556086,-0.26123046875,0.0,0.0,0.0,0.0,0,,其中狼屏主教练最为辛苦
786,其中郎平主教练最为辛苦,5,False,False,0.0,0.18181818181818182,1.0,0.2100238663484487,-0.26513671875,0.0,0.0,0.0,0.0,0,,其中狼瓶主教练最为辛苦
786,其中郎平主教练最为辛苦,6,False,False,0.0,0.18181818181818182,1.0,0.0,-0.31884765625,0.0,0.0,0.0,0.0,0,,其中狼萍主教练最为辛苦
787,但我觉得郎导是最苦的,1,True,False,0.0,0.2,1.0,1.0,-0.12042236328125,0.0,0.0,0.0,0.0,0,,但我觉得朗岛是最苦的
787,但我觉得郎导是最苦的,2,False,False,0.0,0.2,1.0,0.4114324833133664,-0.330322265625,0.0,0.0,0.0,0.0,0,,但我觉得廊倒是最苦的
787,但我觉得郎导是最苦的,3,False,True,0.0,0.1,0.5,0.2854697929145987,-0.375244140625,0.0,0.0,0.0,0.0,0,,但我觉得郎岛是最苦的
787,但我觉得郎导是最苦的,4,False,False,0.0,0.2,1.0,0.2738319356494951,-0.37939453125,0.0,0.0,0.0,0.0,0,,但我觉得廊岛是最苦的
787,但我觉得郎导是最苦的,5,False,False,0.0,0.2,1.0,0.24302584288892692,-0.390380859375,0.0,0.0,0.0,0.0,0,,但我觉得狼岛是最苦的
787,但我觉得郎导是最苦的,6,False,False,0.0,0.2,1.0,0.0,-0.47705078125,0.0,0.0,0.0,0.0,0,,但我觉得榔岛是最苦的
788,在8月26日中国队和韩国队的比赛中,1,True,True,1.0,0.0,0.0,1.0,-0.022979736328125,0.0,0.0,0.0,0.0,0,,在8月26日中国队和韩国队的比赛中
788,在8月26日中国队和韩国队的比赛中,2,False,False,0.0,0.058823529411764705,0.0,0.0,-0.27734375,0.0,0.0,0.0,0.0,0,,在8月26日中国队和韩国队比赛中
789,主教练郎平都没有派她出场,1,True,False,1.0,0.08333333333333333,0.0,1.0,-0.020538330078125,0.0,0.0,0.0,0.0,0,,主教练郎平都没有派他出场
789,主教练郎平都没有派她出场,2,False,False,0.0,0.16666666666666666,0.5,0.4335626842998838,-0.2139892578125,0.0,0.0,0.0,0.0,0,,主教练狼平都没有派他出场
789,主教练郎平都没有派她出场,3,False,False,0.0,0.16666666666666666,0.5,0.40461084800285946,-0.223876953125,0.0,0.0,0.0,0.0,0,,主教练朗平都没有派他出场
789,主教练郎平都没有派她出场,4,False,True,1.0,0.0,0.0,0.36922527030649627,-0.2359619140625,0.0,0.0,0.0,0.0,0,,主教练郎平都没有派她出场
789,主教练郎平都没有派她出场,5,False,False,0.0,0.25,1.0,0.315968188723081,-0.254150390625,0.0,0.0,0.0,0.0,0,,主教练狼屏都没有派他出场
789,主教练郎平都没有派她出场,6,False,False,0.0,0.25,1.0,0.1644178357608793,-0.305908203125,0.0,0.0,0.0,0.0,0,,主教练狼瓶都没有派他出场
789,主教练郎平都没有派她出场,7,False,False,0.0,0.25,1.0,0.12081136627647217,-0.32080078125,0.0,0.0,0.0,0.0,0,,主教练狼萍都没有派他出场
789,主教练郎平都没有派她出场,8,False,False,0.0,0.16666666666666666,0.5,0.0,-0.362060546875,0.0,0.0,0.0,0.0,0,,主教练郎萍都没有派他出场
790,在冈山的桃太郎体育馆,1,True,False,0.0,0.2,0.3333333333333333,1.0,-0.134033203125,0.0,0.0,0.0,0.0,0,,在岗山的陶太郎体育馆
790,在冈山的桃太郎体育馆,2,False,False,1.0,0.1,0.0,0.9542857142857143,-0.139892578125,0.0,0.0,0.0,0.0,0,,在岗山的桃太郎体育馆
790,在冈山的桃太郎体育馆,3,False,True,1.0,0.0,0.0,0.9085714285714286,-0.145751953125,0.0,0.0,0.0,0.0,0,,在冈山的桃太郎体育馆
790,在冈山的桃太郎体育馆,4,False,False,0.0,0.1,0.3333333333333333,0.8371428571428572,-0.1549072265625,0.0,0.0,0.0,0.0,0,,在冈山的陶太郎体育馆
790,在冈山的桃太郎体育馆,5,False,False,0.0,0.3,0.6666666666666666,0.44857142857142857,-0.2047119140625,0.0,0.0,0.0,0.0,0,,在岗山的陶泰郎体育馆
790,在冈山的桃太郎体育馆,6,False,False,0.0,0.2,0.6666666666666666,0.3047619047619048,-0.22314453125,0.0,0.0,0.0,0.0,0,,在冈山的陶泰郎体育馆
790,在冈山的桃太郎体育馆,7,False,False,0.0,0.1,0.3333333333333333,0.013333333333333334,-0.260498046875,0.0,0.0,0.0,0.0,0,,在冈山的淘太郎体育馆
790,在冈山的桃太郎体育馆,8,False,False,0.0,0.2,0.3333333333333333,0.0,-0.26220703125,0.0,0.0,0.0,0.0,0,,在岗山的淘太郎体育馆
791,与奥斯卡影帝本金斯利同时出现在海报中央,1,True,True,1.0,0.0,0.0,1.0,-0.046783447265625,0.0,0.0,0.0,0.0,0,,与奥斯卡影帝本金斯利同时出现在海报中央
791,与奥斯卡影帝本金斯利同时出现在海报中央,2,False,False,1.0,0.05263157894736842,0.0,0.690323760746296,-0.09844970703125,0.0,0.0,0.0,0.0,0,,与奥斯卡影帝本金斯利同时出现在海豹中央
791,与奥斯卡影帝本金斯利同时出现在海报中央,3,False,False,0.0,0.05263157894736842,0.5,0.36290470093287,-0.153076171875,0.0,0.0,0.0,0.0,0,,与奥斯卡影帝本金斯丽同时出现在海报中央
791,与奥斯卡影帝本金斯利同时出现在海报中央,4,False,False,1.0,0.05263157894736842,0.0,0.20267056886775198,-0.1798095703125,0.0,0.0,0.0,0.0,0,,与奥斯卡影地本金斯利同时出现在海报中央
791,与奥斯卡影帝本金斯利同时出现在海报中央,5,False,False,0.0,0.10526315789473684,0.5,0.08121456008779952,-0.2000732421875,0.0,0.0,0.0,0.0,0,,与奥斯卡影帝本金斯丽同时出现在海豹中央
791,与奥斯卡影帝本金斯利同时出现在海报中央,6,False,False,1.0,0.10526315789473684,0.0,0.0,-0.213623046875,0.0,0.0,0.0,0.0,0,,与奥斯卡影地本金斯利同时出现在海豹中央
792,雷诺兹持枪的造型和他在冥界警局里的颇为相似,1,True,True,1.0,0.0,0.0,1.0,-0.09503173828125,0.0,0.0,0.0,0.0,0,,雷诺兹持枪的造型和他在冥界警局里的颇为相似
792,雷诺兹持枪的造型和他在冥界警局里的颇为相似,2,False,False,1.0,0.047619047619047616,0.0,0.6294173829990449,-0.11871337890625,0.0,0.0,0.0,0.0,0,,雷诺兹持枪的造型和它在冥界警局里的颇为相似
792,雷诺兹持枪的造型和他在冥界警局里的颇为相似,3,False,False,0.0,0.047619047619047616,0.25,0.282712511938873,-0.140869140625,0.0,0.0,0.0,0.0,0,,雷诺兹持枪的造型和他在明界警局里的颇为相似
792,雷诺兹持枪的造型和他在冥界警局里的颇为相似,4,False,False,0.0,0.09523809523809523,0.5,0.06303724928366762,-0.1549072265625,0.0,0.0,0.0,0.0,0,,雷诺兹持枪的造型和他在明戒警局里的颇为相似
792,雷诺兹持枪的造型和他在冥界警局里的颇为相似,5,False,False,0.0,0.09523809523809523,0.5,0.034383954154727794,-0.15673828125,0.0,0.0,0.0,0.0,0,,雷诺兹持枪的造型和他在民戒警局里的颇为相似
792,雷诺兹持枪的造型和他在冥界警局里的颇为相似,6,False,False,0.0,0.047619047619047616,0.25,0.0,-0.158935546875,0.0,0.0,0.0,0.0,0,,雷诺兹持枪的造型和他在民界警局里的颇为相似
793,那些年女神陈妍希近来瘦身有成,1,True,True,0.0,0.14285714285714285,0.6666666666666666,1.0,-0.1412353515625,0.0,0.0,0.0,0.0,0,,那些年女神陈燕西近来瘦身有成
793,那些年女神陈妍希近来瘦身有成,2,False,False,0.0,0.2857142857142857,0.6666666666666666,0.9796541200406917,-0.1436767578125,0.0,0.0,0.0,0.0,0,,那些年女神陈燕西近来寿深有成
793,那些年女神陈妍希近来瘦身有成,3,False,False,0.0,0.21428571428571427,0.6666666666666666,0.5544252288911495,-0.1947021484375,0.0,0.0,0.0,0.0,0,,那些年女神陈燕西近来寿身有成
793,那些年女神陈妍希近来瘦身有成,4,False,False,0.0,0.14285714285714285,0.6666666666666666,0.38351983723296035,-0.2152099609375,0.0,0.0,0.0,0.0,0,,那些年女神陈彦熙近来瘦身有成
793,那些年女神陈妍希近来瘦身有成,5,False,False,0.0,0.14285714285714285,0.6666666666666666,0.3641912512716175,-0.217529296875,0.0,0.0,0.0,0.0,0,,那些年女神陈艳熙近来瘦身有成
793,那些年女神陈妍希近来瘦身有成,6,False,False,0.0,0.2857142857142857,0.6666666666666666,0.30010172939979657,-0.2252197265625,0.0,0.0,0.0,0.0,0,,那些年女神陈彦熙近来寿深有成
793,那些年女神陈妍希近来瘦身有成,7,False,False,0.0,0.2857142857142857,0.6666666666666666,0.28382502543234994,-0.2271728515625,0.0,0.0,0.0,0.0,0,,那些年女神陈艳熙近来寿深有成
793,那些年女神陈妍希近来瘦身有成,8,False,False,0.0,0.21428571428571427,0.6666666666666666,0.026449643947100712,-0.258056640625,0.0,0.0,0.0,0.0,0,,那些年女神陈彦熙近来寿身有成
793,那些年女神陈妍希近来瘦身有成,9,False,False,0.0,0.2857142857142857,0.6666666666666666,0.0,-0.26123046875,0.0,0.0,0.0,0.0,0,,那些年女神陈燕西近来寿生有成
794,曝出陈妍希拍戏时突然干呕,1,True,False,0.0,0.25,0.6666666666666666,1.0,-0.07696533203125,0.0,0.0,0.0,0.0,0,,爆出陈燕西拍戏时突然干呕
794,曝出陈妍希拍戏时突然干呕,2,False,False,0.0,0.25,0.6666666666666666,0.871298739372618,-0.103759765625,0.0,0.0,0.0,0.0,0,,爆出陈彦熙拍戏时突然干呕
794,曝出陈妍希拍戏时突然干呕,3,False,True,0.0,0.16666666666666666,0.6666666666666666,0.6660803283494576,-0.146484375,0.0,0.0,0.0,0.0,0,,曝出陈燕西拍戏时突然干呕
794,曝出陈妍希拍戏时突然干呕,4,False,False,0.0,0.16666666666666666,0.6666666666666666,0.613309879800645,-0.157470703125,0.0,0.0,0.0,0.0,0,,曝出陈彦熙拍戏时突然干呕
794,曝出陈妍希拍戏时突然干呕,5,False,False,0.0,0.25,0.6666666666666666,0.4890061565523307,-0.183349609375,0.0,0.0,0.0,0.0,0,,爆出陈艳熙拍戏时突然干呕
794,曝出陈妍希拍戏时突然干呕,6,False,False,0.0,0.16666666666666666,0.6666666666666666,0.24098504837291118,-0.2349853515625,0.0,0.0,0.0,0.0,0,,曝出陈艳熙拍戏时突然干呕
794,曝出陈妍希拍戏时突然干呕,7,False,False,0.0,0.25,0.6666666666666666,0.18528290823805335,-0.24658203125,0.0,0.0,0.0,0.0,0,,爆出陈燕熙拍戏时突然干呕
794,曝出陈妍希拍戏时突然干呕,8,False,False,0.0,0.25,0.6666666666666666,0.1149223101729698,-0.26123046875,0.0,0.0,0.0,0.0,0,,爆出陈晏熙拍戏时突然干呕
794,曝出陈妍希拍戏时突然干呕,9,False,False,0.0,0.25,0.6666666666666666,0.07974201114042803,-0.2685546875,0.0,0.0,0.0,0.0,0,,报出陈燕西拍戏时突然干呕
794,曝出陈妍希拍戏时突然干呕,10,False,False,0.0,0.25,0.6666666666666666,0.043389035473468195,-0.276123046875,0.0,0.0,0.0,0.0,0,,爆出陈彦熹拍戏时突然干呕
794,曝出陈妍希拍戏时突然干呕,11,False,False,0.0,0.25,0.6666666666666666,0.0,-0.28515625,0.0,0.0,0.0,0.0,0,,报出陈彦熙拍戏时突然干呕
795,陈妍希还去医院做了检查,1,True,False,0.0,0.18181818181818182,0.6666666666666666,1.0,-0.0474853515625,0.0,0.0,0.0,0.0,0,,陈延熙还去医院做了检查
795,陈妍希还去医院做了检查,2,False,True,1.0,0.0,0.0,0.3809768637532134,-0.1944580078125,0.0,0.0,0.0,0.0,0,,陈妍希还去医院做了检查
795,陈妍希还去医院做了检查,3,False,False,0.0,0.09090909090909091,0.3333333333333333,0.33573264781491,-0.2052001953125,0.0,0.0,0.0,0.0,0,,陈妍熙还去医院做了检查
795,陈妍希还去医院做了检查,4,False,False,0.0,0.18181818181818182,0.6666666666666666,0.30077120822622105,-0.2135009765625,0.0,0.0,0.0,0.0,0,,陈彦熙还去医院做了检查
795,陈妍希还去医院做了检查,5,False,False,0.0,0.18181818181818182,0.6666666666666666,0.25038560411311056,-0.2254638671875,0.0,0.0,0.0,0.0,0,,陈岩熙还去医院做了检查
795,陈妍希还去医院做了检查,6,False,False,0.0,0.18181818181818182,0.6666666666666666,0.22724935732647814,-0.23095703125,0.0,0.0,0.0,0.0,0,,陈炎熙还去医院做了检查
795,陈妍希还去医院做了检查,7,False,False,0.0,0.18181818181818182,0.6666666666666666,0.144987146529563,-0.25048828125,0.0,0.0,0.0,0.0,0,,陈言熙还去医院做了检查
795,陈妍希还去医院做了检查,8,False,False,0.0,0.18181818181818182,0.6666666666666666,0.093573264781491,-0.2626953125,0.0,0.0,0.0,0.0,0,,陈严熙还去医院做了检查
795,陈妍希还去医院做了检查,9,False,False,0.0,0.09090909090909091,0.3333333333333333,0.08534704370179949,-0.2646484375,0.0,0.0,0.0,0.0,0,,陈延希还去医院做了检查
795,陈妍希还去医院做了检查,10,False,False,0.0,0.18181818181818182,0.6666666666666666,0.0,-0.284912109375,0.0,0.0,0.0,0.0,0,,陈岩西还去医院做了检查
796,陈妍希晒出与容祖儿合照,1,True,False,0.0,0.2727272727272727,0.6666666666666666,1.0,-0.10931396484375,0.0,0.0,0.0,0.0,0,,陈延熙晒出与荣祖儿合照
796,陈妍希晒出与容祖儿合照,2,False,False,0.0,0.2727272727272727,0.6666666666666666,0.35388544326888,-0.2174072265625,0.0,0.0,0.0,0.0,0,,陈严熙晒出与荣祖儿合照
796,陈妍希晒出与容祖儿合照,3,False,False,0.0,0.2727272727272727,0.6666666666666666,0.30062021160160524,-0.226318359375,0.0,0.0,0.0,0.0,0,,陈岩溪晒出与荣祖儿合照
796,陈妍希晒出与容祖儿合照,4,False,False,0.0,0.18181818181818182,0.6666666666666666,0.28602699744618754,-0.228759765625,0.0,0.0,0.0,0.0,0,,陈延熙晒出与容祖儿合照
796,陈妍希晒出与容祖儿合照,5,False,False,0.0,0.2727272727272727,0.6666666666666666,0.2553812477198103,-0.23388671875,0.0,0.0,0.0,0.0,0,,陈岩熙晒出与荣祖儿合照
796,陈妍希晒出与容祖儿合照,6,False,False,0.0,0.2727272727272727,0.6666666666666666,0.2517329441809559,-0.2344970703125,0.0,0.0,0.0,0.0,0,,陈岩西晒出与荣祖儿合照
796,陈妍希晒出与容祖儿合照,7,False,True,0.0,0.18181818181818182,0.3333333333333333,0.2108719445457862,-0.2413330078125,0.0,0.0,0.0,0.0,0,,陈妍熙晒出与荣祖儿合照
796,陈妍希晒出与容祖儿合照,8,False,False,0.0,0.45454545454545453,0.6666666666666666,0.20284567676030646,-0.24267578125,0.0,0.0,0.0,0.0,0,,陈延熙晒出与荣佐尔合照
796,陈妍希晒出与容祖儿合照,9,False,False,0.0,0.2727272727272727,0.6666666666666666,0.18752280189711784,-0.2452392578125,0.0,0.0,0.0,0.0,0,,陈延熙晒出与容左儿合照
796,陈妍希晒出与容祖儿合照,10,False,False,0.0,0.2727272727272727,0.6666666666666666,0.12258299890550894,-0.256103515625,0.0,0.0,0.0,0.0,0,,陈言熙晒出与荣祖儿合照
796,陈妍希晒出与容祖儿合照,11,False,False,0.0,0.2727272727272727,0.6666666666666666,0.08026267785479752,-0.26318359375,0.0,0.0,0.0,0.0,0,,陈延熙晒出与容佐儿合照
796,陈妍希晒出与容祖儿合照,12,False,False,0.0,0.2727272727272727,0.6666666666666666,0.07734403502371397,-0.263671875,0.0,0.0,0.0,0.0,0,,陈炎熙晒出与荣祖儿合照
796,陈妍希晒出与容祖儿合照,13,False,False,0.0,0.36363636363636365,0.6666666666666666,0.04669828529733674,-0.268798828125,0.0,0.0,0.0,0.0,0,,陈延熙晒出与荣佐儿合照
796,陈妍希晒出与容祖儿合照,14,False,False,0.0,0.2727272727272727,0.6666666666666666,0.0,-0.276611328125,0.0,0.0,0.0,0.0,0,,陈颜曦晒出与荣祖儿合照
797,陈晓与陈妍希承认恋情,1,True,False,0.0,0.2,0.6666666666666666,1.0,-0.0792236328125,0.0,0.0,0.0,0.0,0,,陈晓与陈延熙承认恋情
797,陈晓与陈妍希承认恋情,2,False,False,0.0,0.1,0.3333333333333333,0.6297653958944281,-0.140869140625,0.0,0.0,0.0,0.0,0,,陈晓与陈妍熙承认恋情
797,陈晓与陈妍希承认恋情,3,False,True,1.0,0.0,0.0,0.45894428152492667,-0.1693115234375,0.0,0.0,0.0,0.0,0,,陈晓与陈妍希承认恋情
797,陈晓与陈妍希承认恋情,4,False,False,0.0,0.2,0.6666666666666666,0.36950146627565983,-0.1842041015625,0.0,0.0,0.0,0.0,0,,陈晓与陈言熙承认恋情
797,陈晓与陈妍希承认恋情,5,False,False,0.0,0.2,0.6666666666666666,0.30498533724340177,-0.1949462890625,0.0,0.0,0.0,0.0,0,,陈晓与陈炎熙承认恋情
797,陈晓与陈妍希承认恋情,6,False,False,0.0,0.3,0.6666666666666666,0.2859237536656892,-0.1981201171875,0.0,0.0,0.0,0.0,0,,陈小与陈延熙承认恋情
797,陈晓与陈妍希承认恋情,7,False,False,0.0,0.2,0.6666666666666666,0.16348973607038123,-0.218505859375,0.0,0.0,0.0,0.0,0,,陈晓与陈岩熙承认恋情
797,陈晓与陈妍希承认恋情,8,False,False,0.0,0.2,0.6666666666666666,0.12463343108504399,-0.2249755859375,0.0,0.0,0.0,0.0,0,,陈晓与陈严熙承认恋情
797,陈晓与陈妍希承认恋情,9,False,False,0.0,0.1,0.3333333333333333,0.0036656891495601175,-0.2451171875,0.0,0.0,0.0,0.0,0,,陈晓与陈言希承认恋情
797,陈晓与陈妍希承认恋情,10,False,False,0.0,0.2,0.6666666666666666,0.0,-0.2457275390625,0.0,0.0,0.0,0.0,0,,陈晓与陈彦熙承认恋情
798,安良百货商场正常营业,1,True,False,0.0,0.4,0.8333333333333334,1.0,-0.1407470703125,0.0,0.0,0.0,0.0,0,,按200货商场正常营业
798,安良百货商场正常营业,2,False,True,1.0,0.0,0.0,0.9523809523809523,-0.152587890625,0.0,0.0,0.0,0.0,0,,安良百货商场正常营业
798,安良百货商场正常营业,3,False,False,0.0,0.2,0.3333333333333333,0.7795778105056456,-0.195556640625,0.0,0.0,0.0,0.0,0,,按两百货商场正常营业
798,安良百货商场正常营业,4,False,False,0.0,0.5,1.0,0.43004418262150224,-0.282470703125,0.0,0.0,0.0,0.0,0,,按200户商场正常营业
798,安良百货商场正常营业,5,False,False,0.0,0.2,0.3333333333333333,0.242513500245459,-0.3291015625,0.0,0.0,0.0,0.0,0,,按2百货商场正常营业
798,安良百货商场正常营业,6,False,False,0.0,0.1,0.16666666666666666,0.19243986254295534,-0.341552734375,0.0,0.0,0.0,0.0,0,,按良百货商场正常营业
798,安良百货商场正常营业,7,False,False,0.0,0.5,1.0,0.16887579774177713,-0.347412109375,0.0,0.0,0.0,0.0,0,,按200或商场正常营业
798,安良百货商场正常营业,8,False,False,0.0,0.1,0.16666666666666666,0.16298478154148258,-0.348876953125,0.0,0.0,0.0,0.0,0,,安两百货商场正常营业
798,安良百货商场正常营业,9,False,False,0.0,0.2,0.3333333333333333,0.0,-0.389404296875,0.0,0.0,0.0,0.0,0,,而两百货商场正常营业
799,湖北咬人电梯厂家曾为盖板支架申请专利,1,True,True,1.0,0.0,0.0,1.0,-0.042144775390625,0.0,0.0,0.0,0.0,0,,湖北咬人电梯厂家曾为盖板支架申请专利
799,湖北咬人电梯厂家曾为盖板支架申请专利,2,False,False,0.0,0.05555555555555555,0.16666666666666666,0.29974956655750334,-0.153076171875,0.0,0.0,0.0,0.0,0,,湖北咬仁电梯厂家曾为盖板支架申请专利
799,湖北咬人电梯厂家曾为盖板支架申请专利,3,False,False,1.0,0.05555555555555555,0.0,0.24349836255056828,-0.1619873046875,0.0,0.0,0.0,0.0,0,,湖北咬人电梯厂家曾为盖版支架申请专利
799,湖北咬人电梯厂家曾为盖板支架申请专利,4,False,False,0.0,0.1111111111111111,0.3333333333333333,0.20728183394336352,-0.167724609375,0.0,0.0,0.0,0.0,0,,湖北姚仁电梯厂家曾为盖板支架申请专利
799,湖北咬人电梯厂家曾为盖板支架申请专利,5,False,False,0.0,0.05555555555555555,0.16666666666666666,0.15257175881333077,-0.1763916015625,0.0,0.0,0.0,0.0,0,,湖北友人电梯厂家曾为盖板支架申请专利
799,湖北咬人电梯厂家曾为盖板支架申请专利,6,False,False,0.0,0.1111111111111111,0.3333333333333333,0.08090926603737238,-0.187744140625,0.0,0.0,0.0,0.0,0,,湖北杳仁电梯厂家曾为盖板支架申请专利
799,湖北咬人电梯厂家曾为盖板支架申请专利,7,False,False,0.0,0.05555555555555555,0.16666666666666666,0.04161047967636294,-0.1939697265625,0.0,0.0,0.0,0.0,0,,湖北鸟人电梯厂家曾为盖板支架申请专利
799,湖北咬人电梯厂家曾为盖板支架申请专利,8,False,False,1.0,0.05555555555555555,0.0,0.02388749759198613,-0.19677734375,0.0,0.0,0.0,0.0,0,,湖北咬人电梯厂家曾为钙板支架申请专利
799,湖北咬人电梯厂家曾为盖板支架申请专利,9,False,False,1.0,0.05555555555555555,0.0,0.023116933153534965,-0.1968994140625,0.0,0.0,0.0,0.0,0,,湖北咬人电梯厂家曾为丐板支架申请专利
799,湖北咬人电梯厂家曾为盖板支架申请专利,10,False,False,0.0,0.05555555555555555,0.16666666666666666,0.0,-0.2005615234375,0.0,0.0,0.0,0.0,0,,湖北邀人电梯厂家曾为盖板支架申请专利
800,湖北荆州吃人电梯盖板设计不合理供图,1,True,False,0.0,0.17647058823529413,0.5,1.0,-0.04083251953125,0.0,0.0,0.0,0.0,0,,湖北晋州吃人电梯盖板设计不合理
800,湖北荆州吃人电梯盖板设计不合理供图,2,False,False,0.0,0.11764705882352941,0.5,0.7822671156004489,-0.07635498046875,0.0,0.0,0.0,0.0,0,,湖北晋州吃人电梯盖板设计不合理共图
800,湖北荆州吃人电梯盖板设计不合理供图,3,False,False,0.0,0.17647058823529413,0.5,0.7074448185559297,-0.08856201171875,0.0,0.0,0.0,0.0,0,,湖北晋州吃人电梯盖板设计不合理共土
800,湖北荆州吃人电梯盖板设计不合理供图,4,False,False,0.0,0.11764705882352941,0.5,0.40254395809951365,-0.1383056640625,0.0,0.0,0.0,0.0,0,,湖北晋州吃人电梯盖板设计不合理供土
800,湖北荆州吃人电梯盖板设计不合理供图,5,False,False,0.0,0.11764705882352941,0.5,0.18106995884773663,-0.1744384765625,0.0,0.0,0.0,0.0,0,,湖北靖州吃人电梯盖板设计不合理共图
800,湖北荆州吃人电梯盖板设计不合理供图,6,False,False,0.0,0.11764705882352941,0.5,0.17583239805462028,-0.17529296875,0.0,0.0,0.0,0.0,0,,湖北进州吃人电梯盖板设计不合理共图
800,湖北荆州吃人电梯盖板设计不合理供图,7,False,False,0.0,0.17647058823529413,0.5,0.11522633744855967,-0.1851806640625,0.0,0.0,0.0,0.0,0,,湖北靖州吃人电梯盖板设计不合理共土
800,湖北荆州吃人电梯盖板设计不合理供图,8,False,True,0.0,0.058823529411764705,0.5,0.081556303778526,-0.190673828125,0.0,0.0,0.0,0.0,0,,湖北晋州吃人电梯盖板设计不合理供图
800,湖北荆州吃人电梯盖板设计不合理供图,9,False,False,0.0,0.17647058823529413,0.5,0.05985783763561541,-0.1942138671875,0.0,0.0,0.0,0.0,0,,湖北进州吃人电梯盖板设计不合理共土
800,湖北荆州吃人电梯盖板设计不合理供图,10,False,False,0.0,0.11764705882352941,0.5,0.032173587729143284,-0.19873046875,0.0,0.0,0.0,0.0,0,,湖北近州吃人电梯盖板设计不合理共图
800,湖北荆州吃人电梯盖板设计不合理供图,11,False,False,0.0,0.17647058823529413,0.5,0.0,-0.2039794921875,0.0,0.0,0.0,0.0,0,,湖北晋州吃人电梯盖版设计不合理共图
801,湖北省荆州市安监局召开安良百货电梯事故情报通报会,1,True,True,1.0,0.041666666666666664,0.0,1.0,-0.045318603515625,0.0,0.0,0.0,0.0,0,,湖北省荆州市安检局召开安良百货电梯事故情报通报会
801,湖北省荆州市安监局召开安良百货电梯事故情报通报会,2,False,False,0.5,0.08333333333333333,0.125,0.9498657117278424,-0.050445556640625,0.0,0.0,0.0,0.0,0,,湖北省金州市安检局召开安良百货电梯事故情报通报会
801,湖北省荆州市安监局召开安良百货电梯事故情报通报会,3,False,False,0.5,0.08333333333333333,0.125,0.9379289764249478,-0.051666259765625,0.0,0.0,0.0,0.0,0,,湖北省晋州市安检局召开安良百货电梯事故情报通报会
801,湖北省荆州市安监局召开安良百货电梯事故情报通报会,4,False,False,0.5,0.08333333333333333,0.125,0.5532676812891674,-0.09100341796875,0.0,0.0,0.0,0.0,0,,湖北省靖州市安检局召开安良百货电梯事故情报通报会
801,湖北省荆州市安监局召开安良百货电梯事故情报通报会,5,False,False,0.5,0.125,0.25,0.05132796180244703,-0.142333984375,0.0,0.0,0.0,0.0,0,,湖北省金洲市安检局召开安良百货电梯事故情报通报会
801,湖北省荆州市安监局召开安良百货电梯事故情报通报会,6,False,False,0.5,0.08333333333333333,0.125,0.0489406147418681,-0.142578125,0.0,0.0,0.0,0.0,0,,湖北省荆州市安检局召开安粮百货电梯事故情报通报会
801,湖北省荆州市安监局召开安良百货电梯事故情报通报会,7,False,False,0.0,0.125,0.25,0.023873470605789315,-0.1451416015625,0.0,0.0,0.0,0.0,0,,湖北省晋州市安检局召开安粮百货电梯事故情报通报会
801,湖北省荆州市安监局召开安良百货电梯事故情报通报会,8,False,False,0.0,0.125,0.25,0.0,-0.1475830078125,0.0,0.0,0.0,0.0,0,,湖北省金州市安检局召开安粮百货电梯事故情报通报会
802,此次事故调查组组长荆州市安监局局长陈观鑫通报称,1,True,False,0.5,0.13043478260869565,0.4,1.0,-0.06298828125,0.0,0.0,0.0,0.0,0,,此次事故调查组组长荆州市安检局局长陈冠新通报称
802,此次事故调查组组长荆州市安监局局长陈观鑫通报称,2,False,False,0.0,0.17391304347826086,0.6,0.6971947194719472,-0.08538818359375,0.0,0.0,0.0,0.0,0,,此次事故调查组组长金州市安检局局长陈冠新通报称
802,此次事故调查组组长荆州市安监局局长陈观鑫通报称,3,False,True,0.5,0.08695652173913043,0.2,0.4042904290429043,-0.1070556640625,0.0,0.0,0.0,0.0,0,,此次事故调查组组长荆州市安检局局长陈冠鑫通报称
802,此次事故调查组组长荆州市安监局局长陈观鑫通报称,4,False,False,0.5,0.13043478260869565,0.4,0.2871287128712871,-0.11572265625,0.0,0.0,0.0,0.0,0,,此次事故调查组组长荆州市安检局局长陈冠心通报称
802,此次事故调查组组长荆州市安监局局长陈观鑫通报称,5,False,False,0.0,0.13043478260869565,0.4,0.034653465346534656,-0.1343994140625,0.0,0.0,0.0,0.0,0,,此次事故调查组组长金州市安检局局长陈冠鑫通报称
802,此次事故调查组组长荆州市安监局局长陈观鑫通报称,6,False,False,0.0,0.17391304347826086,0.6,0.0,-0.136962890625,0.0,0.0,0.0,0.0,0,,此次事故调查组组长金州市安检局局长陈冠心通报称
803,湖北荆州市安良百货公司事发手扶电梯已被关闭检修,1,True,True,1.0,0.0,0.0,1.0,-0.09149169921875,0.0,0.0,0.0,0.0,0,,湖北荆州市安良百货公司事发手扶电梯已被关闭检修
803,湖北荆州市安良百货公司事发手扶电梯已被关闭检修,2,False,False,1.0,0.08695652173913043,0.0,0.955617198335645,-0.09344482421875,0.0,0.0,0.0,0.0,0,,湖北荆州市安良百货公司事发首幅电梯已被关闭检修
803,湖北荆州市安良百货公司事发手扶电梯已被关闭检修,3,False,False,0.0,0.043478260869565216,0.5,0.6990291262135923,-0.104736328125,0.0,0.0,0.0,0.0,0,,湖北金州市安良百货公司事发手扶电梯已被关闭检修
803,湖北荆州市安良百货公司事发手扶电梯已被关闭检修,4,False,False,0.0,0.13043478260869565,0.5,0.18307905686546463,-0.12744140625,0.0,0.0,0.0,0.0,0,,湖北金州市安良百货公司事发首幅电梯已被关闭检修
803,湖北荆州市安良百货公司事发手扶电梯已被关闭检修,5,False,False,0.0,0.08695652173913043,1.0,0.0,-0.135498046875,0.0,0.0,0.0,0.0,0,,湖北金舟市安良百货公司事发手扶电梯已被关闭检修
804,湖北一中学教师体罚学生致重伤被判刑三年,1,True,True,1.0,0.0,0.0,1.0,-0.0374755859375,0.0,0.0,0.0,0.0,0,,湖北一中学教师体罚学生致重伤被判刑三年
804,湖北一中学教师体罚学生致重伤被判刑三年,2,False,False,1.0,0.05263157894736842,0.0,0.3959365708622398,-0.11187744140625,0.0,0.0,0.0,0.0,0,,湖北一中学教师体罚学生致重伤被判刑3年
804,湖北一中学教师体罚学生致重伤被判刑三年,3,False,False,0.0,0.05263157894736842,0.2,0.28344895936570863,-0.125732421875,0.0,0.0,0.0,0.0,0,,湖北医中学教师体罚学生致重伤被判刑三年
804,湖北一中学教师体罚学生致重伤被判刑三年,4,False,False,1.0,0.05263157894736842,0.0,0.1823587710604559,-0.13818359375,0.0,0.0,0.0,0.0,0,,湖北一中学教师体罚学生治重伤被判刑三年
804,湖北一中学教师体罚学生致重伤被判刑三年,5,False,False,1.0,0.05263157894736842,0.0,0.17244796828543113,-0.139404296875,0.0,0.0,0.0,0.0,0,,湖北一中学教师提罚学生致重伤被判刑三年
804,湖北一中学教师体罚学生致重伤被判刑三年,6,False,False,1.0,0.05263157894736842,0.0,0.0,-0.16064453125,0.0,0.0,0.0,0.0,0,,湖北一中学教师体罚学生至重伤被判刑三年
805,用右脚踢向董某左腹部,1,True,True,0.0,0.2,1.0,1.0,-0.1534423828125,0.0,0.0,0.0,0.0,0,,用右脚踢向东北左腹部
805,用右脚踢向董某左腹部,2,False,False,0.0,0.2,1.0,0.97631426920855,-0.158447265625,0.0,0.0,0.0,0.0,0,,用右脚踢向东眉左腹部
805,用右脚踢向董某左腹部,3,False,False,0.0,0.2,1.0,0.878105141536684,-0.17919921875,0.0,0.0,0.0,0.0,0,,用右脚踢向东美左腹部
805,用右脚踢向董某左腹部,4,False,False,0.0,0.2,1.0,0.6273830155979203,-0.232177734375,0.0,0.0,0.0,0.0,0,,用右脚踢向东莓左腹部
805,用右脚踢向董某左腹部,5,False,False,0.0,0.2,1.0,0.0,-0.36474609375,0.0,0.0,0.0,0.0,0,,用右脚踢向东梅左腹部
806,董某某所受损伤程度属二重伤二级,1,True,False,1.0,0.13333333333333333,0.0,1.0,-0.1234130859375,0.0,0.0,0.0,0.0,0,,董某某所受损伤程度重伤二级
806,董某某所受损伤程度属二重伤二级,2,False,True,1.0,0.06666666666666667,0.0,0.4394057857701329,-0.2109375,0.0,0.0,0.0,0.0,0,,董某某所受损伤程度数二重伤二级
806,董某某所受损伤程度属二重伤二级,3,False,False,0.0,0.2,0.5,0.38076622361219703,-0.2200927734375,0.0,0.0,0.0,0.0,0,,冬某某所受损伤程度重伤二级
806,董某某所受损伤程度属二重伤二级,4,False,False,1.0,0.13333333333333333,0.0,0.3049257232212666,-0.23193359375,0.0,0.0,0.0,0.0,0,,董某某所受损伤程度数重伤二级
806,董某某所受损伤程度属二重伤二级,5,False,False,1.0,0.13333333333333333,0.0,0.29319781078967944,-0.2337646484375,0.0,0.0,0.0,0.0,0,,董某某所受损伤程度是重伤二级
806,董某某所受损伤程度属二重伤二级,6,False,False,1.0,0.2,0.0,0.27443315089913994,-0.2366943359375,0.0,0.0,0.0,0.0,0,,董某某所受损伤程度重伤2级
806,董某某所受损伤程度属二重伤二级,7,False,False,1.0,0.2,0.0,0.272869429241595,-0.2369384765625,0.0,0.0,0.0,0.0,0,,董某某所受损伤程度中伤二级
806,董某某所受损伤程度属二重伤二级,8,False,False,0.0,0.2,0.5,0.10320562939796717,-0.263427734375,0.0,0.0,0.0,0.0,0,,东某某所受损伤程度重伤二级
806,董某某所受损伤程度属二重伤二级,9,False,False,0.0,0.2,0.5,0.09382329945269742,-0.264892578125,0.0,0.0,0.0,0.0,0,,懂某某所受损伤程度重伤二级
806,董某某所受损伤程度属二重伤二级,10,False,False,1.0,0.13333333333333333,0.0,0.07818608287724785,-0.267333984375,0.0,0.0,0.0,0.0,0,,董某某所受损伤程度数2重伤二级
806,董某某所受损伤程度属二重伤二级,11,False,False,1.0,0.2,0.0,0.039093041438623924,-0.2734375,0.0,0.0,0.0,0.0,0,,董某某所受损伤程度数中伤二级
806,董某某所受损伤程度属二重伤二级,12,False,False,1.0,0.2,0.0,0.0,-0.279541015625,0.0,0.0,0.0,0.0,0,,董某某所受损伤程度数2重伤2级
807,湖北一中学班长失踪坠亡教学楼4小时去向成谜,1,True,False,1.0,0.09523809523809523,0.0,1.0,-0.07366943359375,0.0,0.0,0.0,0.0,0,,湖北一中学班长失踪坠亡教学楼4小时去向城迷
807,湖北一中学班长失踪坠亡教学楼4小时去向成谜,2,False,True,1.0,0.0,0.0,0.8127633955448526,-0.0926513671875,0.0,0.0,0.0,0.0,0,,湖北一中学班长失踪坠亡教学楼4小时去向成谜
807,湖北一中学班长失踪坠亡教学楼4小时去向成谜,3,False,False,1.0,0.047619047619047616,0.0,0.41300421432871764,-0.1331787109375,0.0,0.0,0.0,0.0,0,,湖北一中学班长失踪坠亡教学楼4小时去向成迷
807,湖北一中学班长失踪坠亡教学楼4小时去向成谜,4,False,False,1.0,0.14285714285714285,0.0,0.3564118001204094,-0.138916015625,0.0,0.0,0.0,0.0,0,,湖北一中学班长失踪坠网教学楼4小时去向城迷
807,湖北一中学班长失踪坠亡教学楼4小时去向成谜,5,False,False,1.0,0.047619047619047616,0.0,0.21794099939795303,-0.1529541015625,0.0,0.0,0.0,0.0,0,,湖北一中学班长失踪坠亡教学楼4小时去巷成谜
807,湖北一中学班长失踪坠亡教学楼4小时去向成谜,6,False,False,1.0,0.047619047619047616,0.0,0.19024683925346178,-0.15576171875,0.0,0.0,0.0,0.0,0,,湖北一中学班长失踪坠亡教学楼4小时去向成名
807,湖北一中学班长失踪坠亡教学楼4小时去向成谜,7,False,False,1.0,0.19047619047619047,0.0,0.15291992775436483,-0.1595458984375,0.0,0.0,0.0,0.0,0,,湖北一中学班长失踪追王教学楼4小时去向城迷
807,湖北一中学班长失踪坠亡教学楼4小时去向成谜,8,False,False,1.0,0.047619047619047616,0.0,0.1444912703190849,-0.160400390625,0.0,0.0,0.0,0.0,0,,湖北一中学班长失踪坠网教学楼4小时去向成谜
807,湖北一中学班长失踪坠亡教学楼4小时去向成谜,9,False,False,1.0,0.09523809523809523,0.0,0.0,-0.175048828125,0.0,0.0,0.0,0.0,0,,湖北一中学班长失踪追王教学楼4小时去向成谜
